{
  "data_dir": "results/qwen3_8b/layer_update_audit_64_stride384",
  "samples": 64,
  "metrics_mean": {
    "k_gap_sampled": 0.34209841256961226,
    "v_gap_sampled": 0.5750914518721402,
    "h_gap_sampled": 0.5813756552524865,
    "attn_gap_sampled": 0.7036008825525641,
    "vproj_cache_mismatch": 0.0,
    "layer0_k_gap": 0.00046182223695723223,
    "layer0_v_gap": 9.952525994094685e-05,
    "layer0_h_gap": 0.0,
    "layer0_attn_gap": 0.24226109171286225
  },
  "layer_gap_summary": [
    {
      "kind": "k",
      "layer0": 0.00046182223013602197,
      "layer1": 0.1384114772081375,
      "layer8": 0.4643663167953491,
      "layer16": 0.6288610696792603,
      "layer24": 0.6164515018463135,
      "layer35": 0.4844532907009125,
      "mean_all_layers": 0.49365234375,
      "max_layer": 20,
      "max_gap": 0.6426650881767273
    },
    {
      "kind": "v",
      "layer0": 9.952526306733489e-05,
      "layer1": 0.30582666397094727,
      "layer8": 0.5077872276306152,
      "layer16": 0.7694059610366821,
      "layer24": 0.5843735933303833,
      "layer35": 0.6504946351051331,
      "mean_all_layers": 0.5761712789535522,
      "max_layer": 18,
      "max_gap": 0.800334095954895
    },
    {
      "kind": "h",
      "layer0": 0.0,
      "layer1": 0.3048591911792755,
      "layer8": 0.48438698053359985,
      "layer16": 0.6620635986328125,
      "layer24": 0.6252704858779907,
      "layer35": 0.628024697303772,
      "mean_all_layers": 0.5513159036636353,
      "max_layer": 17,
      "max_gap": 0.6874867677688599
    },
    {
      "kind": "attn",
      "layer0": 0.2422610968351364,
      "layer1": 0.6261237859725952,
      "layer8": 0.7030871510505676,
      "layer16": 0.906273603439331,
      "layer24": 0.6985460519790649,
      "layer35": 0.7590593099594116,
      "mean_all_layers": 0.7409924268722534,
      "max_layer": 17,
      "max_gap": 0.940507709980011
    }
  ],
  "cross_layer_summary": {
    "prev_attn_to_next_h_mean": 0.2829321622848511,
    "prev_attn_to_next_h_layer0_to1": 0.3585159182548523,
    "prev_attn_to_next_h_layer15_to16": 0.2983827292919159,
    "prev_attn_to_next_h_layer34_to35": 0.32968756556510925,
    "same_layer_attn_to_h_mean": 0.0616019181907177,
    "h_to_next_h_mean": 0.8267695307731628,
    "delta_h_norm_to_delta_v_norm_corr_mean": 0.8180847648117278
  },
  "per_layer_prev_attn_to_next_h": [
    0.3585159182548523,
    0.5882516503334045,
    0.4992755651473999,
    0.5209726095199585,
    0.3740677535533905,
    0.314095139503479,
    0.23833957314491272,
    0.37618088722229004,
    0.3333576023578644,
    0.2400880753993988,
    0.2129487842321396,
    0.23734694719314575,
    0.2961801290512085,
    0.2947084307670593,
    0.2794838845729828,
    0.2983827292919159,
    0.24530081450939178,
    0.27273741364479065,
    0.31677305698394775,
    0.43505969643592834,
    0.22606980800628662,
    0.25063276290893555,
    0.2209487110376358,
    0.3002336919307709,
    0.2560582160949707,
    0.12536872923374176,
    0.1731065958738327,
    0.18295884132385254,
    0.24675768613815308,
    0.14979253709316254,
    0.2499743103981018,
    0.11887844651937485,
    0.1697283536195755,
    0.17036385834217072,
    0.32968756556510925
  ],
  "per_layer_same_attn_to_h": [
    0.0,
    0.17027315497398376,
    0.13833269476890564,
    0.15181830525398254,
    0.09615631401538849,
    0.06814564764499664,
    -0.0006963650230318308,
    0.11236461997032166,
    0.08865594863891602,
    0.026793304830789566,
    -0.0573282316327095,
    0.0015349239110946655,
    0.013336134143173695,
    0.06233636289834976,
    0.007227067369967699,
    0.05750475823879242,
    -0.0022301767021417618,
    0.05486619472503662,
    0.0972653180360794,
    0.19709640741348267,
    0.06196863204240799,
    0.07261130958795547,
    0.005101614631712437,
    0.1222744807600975,
    0.08208960294723511,
    -0.007829390466213226,
    0.05542903393507004,
    0.07045479118824005,
    0.13049602508544922,
    0.03238628804683685,
    0.15300142765045166,
    0.024933673441410065,
    0.06175897270441055,
    0.02674834243953228,
    0.05909450724720955,
    -0.016302714124321938
  ],
  "per_layer_h_to_next_h": [
    0.0,
    0.6659064292907715,
    0.7538589239120483,
    0.7714848518371582,
    0.7929903268814087,
    0.7859485745429993,
    0.7476160526275635,
    0.8177047967910767,
    0.7983809113502502,
    0.7690458297729492,
    0.7474170923233032,
    0.7839076519012451,
    0.7827033400535583,
    0.8165388107299805,
    0.8137003183364868,
    0.8221767544746399,
    0.8258779644966125,
    0.846757173538208,
    0.85220867395401,
    0.8752530217170715,
    0.9170469045639038,
    0.9129259586334229,
    0.8989870548248291,
    0.9193946719169617,
    0.928160548210144,
    0.9429775476455688,
    0.9496530294418335,
    0.9463152885437012,
    0.9446351528167725,
    0.9400274753570557,
    0.941323459148407,
    0.9542569518089294,
    0.9366215467453003,
    0.9209054708480835,
    0.8142273426055908
  ],
  "per_layer_delta_h_norm_to_delta_v_norm_corr": [
    0.0,
    0.8281272053718567,
    0.7939685583114624,
    0.6489173173904419,
    0.9179784059524536,
    0.93577641248703,
    0.7591894268989563,
    0.9165833592414856,
    0.9014332294464111,
    0.9005324244499207,
    0.9043918251991272,
    0.9005883932113647,
    0.9544624090194702,
    0.6174094676971436,
    0.8286026120185852,
    0.6739036440849304,
    0.6467655897140503,
    0.6400153040885925,
    0.619071900844574,
    0.9271177649497986,
    0.8813969492912292,
    0.8803874254226685,
    0.8939777612686157,
    0.8579110503196716,
    0.825857937335968,
    0.9082225561141968,
    0.890098512172699,
    0.9243495464324951,
    0.8991990089416504,
    0.7988530397415161,
    0.9182720184326172,
    0.8402512669563293,
    0.8464623689651489,
    0.8630671501159668,
    0.9459303021430969,
    0.9619793891906738
  ]
}
