{
  "task": "calibrated gates for functional predicted-K adapter",
  "train_dir": "MOTIVATION_EXPERIMENTS/structured_kv_adapter/results/qwen3_8b/wikitext_delta_fullprefix_alltarget_96_stride384",
  "train_count": 64,
  "train_k_predictor_mean_explained": 0.5895653486382577,
  "rank": 64,
  "alpha": 0.01,
  "scales": [
    0.0,
    0.03,
    0.1,
    0.2,
    0.3,
    0.45,
    0.6,
    0.8,
    1.0
  ],
  "calib_start": 96,
  "calib_count_requested": 32,
  "calib_processed": 32,
  "test_start": 128,
  "test_count_requested": 64,
  "test_processed": 64,
  "summary": {
    "calib": {
      "cachedK_cachedV": {
        "logit_rel_error": 0.25170773290829,
        "output_rel_error": 0.8746761366338829
      },
      "fullK_cachedV": {
        "logit_rel_error": 0.0,
        "output_rel_error": 0.5863147837046904
      },
      "cachedK_fullV": {
        "logit_rel_error": 0.25170773290829,
        "output_rel_error": 1.7257281391251826
      },
      "fullK_fullV": {
        "logit_rel_error": 0.0,
        "output_rel_error": 0.0
      },
      "predK_s0_cachedV": {
        "logit_rel_error": 0.2517074180839979,
        "output_rel_error": 0.8746750669857153
      },
      "predK_s0.03_cachedV": {
        "logit_rel_error": 0.24743033703572975,
        "output_rel_error": 0.8580113239711057
      },
      "predK_s0.1_cachedV": {
        "logit_rel_error": 0.23800715847121243,
        "output_rel_error": 0.8130937689818528
      },
      "predK_s0.2_cachedV": {
        "logit_rel_error": 0.2260551525805392,
        "output_rel_error": 0.7345325976027915
      },
      "predK_s0.3_cachedV": {
        "logit_rel_error": 0.21614161306335875,
        "output_rel_error": 0.6465588527736295
      },
      "predK_s0.45_cachedV": {
        "logit_rel_error": 0.20572247049871534,
        "output_rel_error": 0.5619167537773967
      },
      "predK_s0.6_cachedV": {
        "logit_rel_error": 0.20135153215746737,
        "output_rel_error": 0.6137109524718519
      },
      "predK_s0.8_cachedV": {
        "logit_rel_error": 0.20552284474755683,
        "output_rel_error": 0.7686844281089631
      },
      "predK_s1_cachedV": {
        "logit_rel_error": 0.2204264135367499,
        "output_rel_error": 0.9164084133539219
      }
    },
    "test": {
      "cachedK_cachedV": {
        "logit_rel_error": 0.27531668057266173,
        "output_rel_error": 0.880686124651208
      },
      "fullK_cachedV": {
        "logit_rel_error": 0.0,
        "output_rel_error": 0.5230024792307711
      },
      "cachedK_fullV": {
        "logit_rel_error": 0.27531668057266173,
        "output_rel_error": 1.7386693597847187
      },
      "fullK_fullV": {
        "logit_rel_error": 0.0,
        "output_rel_error": 0.0
      },
      "predK_s0_cachedV": {
        "logit_rel_error": 0.27531647190882536,
        "output_rel_error": 0.8806848219973206
      },
      "predK_s0.03_cachedV": {
        "logit_rel_error": 0.2709794115277533,
        "output_rel_error": 0.8647394298999469
      },
      "predK_s0.1_cachedV": {
        "logit_rel_error": 0.26140923409271755,
        "output_rel_error": 0.8215966522049398
      },
      "predK_s0.2_cachedV": {
        "logit_rel_error": 0.24921591974446194,
        "output_rel_error": 0.7455744054878196
      },
      "predK_s0.3_cachedV": {
        "logit_rel_error": 0.23899899625195078,
        "output_rel_error": 0.6596216307266051
      },
      "predK_s0.45_cachedV": {
        "logit_rel_error": 0.2279473363358969,
        "output_rel_error": 0.5738031900112316
      },
      "predK_s0.6_cachedV": {
        "logit_rel_error": 0.22267759792638317,
        "output_rel_error": 0.6172566696007744
      },
      "predK_s0.8_cachedV": {
        "logit_rel_error": 0.2252834574480123,
        "output_rel_error": 0.7615401065928312
      },
      "predK_s1_cachedV": {
        "logit_rel_error": 0.23847975807841482,
        "output_rel_error": 0.9058397863277188
      }
    },
    "test_selected": {
      "predK_global_calib_best": {
        "scale": 0.45,
        "logit_rel_error": 0.2279473363358969,
        "output_rel_error": 0.5738031900112316,
        "recovery_vs_cached_to_fullK": 0.8579730680144823
      },
      "predK_layerwise_calib_best": {
        "layer_scales": [
          0.03,
          0.6,
          0.3,
          0.3,
          0.3,
          0.45,
          0.6,
          0.8,
          0.6,
          0.6,
          0.6,
          0.6,
          0.6,
          0.6,
          0.6,
          0.45,
          0.45,
          0.45,
          0.45,
          0.6,
          0.45,
          0.45,
          0.45,
          0.45,
          0.45,
          0.6,
          0.6,
          0.45,
          0.6,
          0.45,
          0.45,
          0.45,
          0.45,
          0.45,
          0.45,
          0.6
        ],
        "logit_rel_error": 0.2249564978725943,
        "output_rel_error": 0.5711925502699685,
        "recovery_vs_cached_to_fullK": 0.8652718074863259
      }
    }
  },
  "notes": "Global/layer-wise scales are chosen only on calibration split and then evaluated on separate test split. Full K/V/hidden are teacher references only."
}
