{
  "task": "calibrated gates for functional predicted-K adapter",
  "train_dir": "MOTIVATION_EXPERIMENTS/structured_kv_adapter/results/qwen3_8b/wikitext_delta_train2k_stride384",
  "train_count": 512,
  "train_k_predictor_mean_explained": 0.5612861362943873,
  "rank": 64,
  "alpha": 0.01,
  "scales": [
    0.0,
    0.03,
    0.1,
    0.2,
    0.3,
    0.45,
    0.6,
    0.8,
    1.0
  ],
  "calib_start": 96,
  "calib_count_requested": 32,
  "calib_processed": 32,
  "test_start": 128,
  "test_count_requested": 64,
  "test_processed": 64,
  "summary": {
    "calib": {
      "cachedK_cachedV": {
        "logit_rel_error": 0.25170773290829,
        "output_rel_error": 0.8746761366338829
      },
      "fullK_cachedV": {
        "logit_rel_error": 0.0,
        "output_rel_error": 0.5863147837046904
      },
      "cachedK_fullV": {
        "logit_rel_error": 0.25170773290829,
        "output_rel_error": 1.7257281391251826
      },
      "fullK_fullV": {
        "logit_rel_error": 0.0,
        "output_rel_error": 0.0
      },
      "predK_s0_cachedV": {
        "logit_rel_error": 0.2517074180839979,
        "output_rel_error": 0.8746750669857153
      },
      "predK_s0.03_cachedV": {
        "logit_rel_error": 0.24744730020366537,
        "output_rel_error": 0.858374148849772
      },
      "predK_s0.1_cachedV": {
        "logit_rel_error": 0.23795672604710053,
        "output_rel_error": 0.8143928587727793
      },
      "predK_s0.2_cachedV": {
        "logit_rel_error": 0.22562000930573198,
        "output_rel_error": 0.7368761343625864
      },
      "predK_s0.3_cachedV": {
        "logit_rel_error": 0.21494087535030668,
        "output_rel_error": 0.6478200815774644
      },
      "predK_s0.45_cachedV": {
        "logit_rel_error": 0.20259319973432074,
        "output_rel_error": 0.55117852847098
      },
      "predK_s0.6_cachedV": {
        "logit_rel_error": 0.19537244529224665,
        "output_rel_error": 0.5818211065283686
      },
      "predK_s0.8_cachedV": {
        "logit_rel_error": 0.19465002487894792,
        "output_rel_error": 0.7303760839014051
      },
      "predK_s1_cachedV": {
        "logit_rel_error": 0.2041168694521526,
        "output_rel_error": 0.8854297481941223
      }
    },
    "test": {
      "cachedK_cachedV": {
        "logit_rel_error": 0.27531668057266173,
        "output_rel_error": 0.880686124651208
      },
      "fullK_cachedV": {
        "logit_rel_error": 0.0,
        "output_rel_error": 0.5230024792307711
      },
      "cachedK_fullV": {
        "logit_rel_error": 0.27531668057266173,
        "output_rel_error": 1.7386693597847187
      },
      "fullK_fullV": {
        "logit_rel_error": 0.0,
        "output_rel_error": 0.0
      },
      "predK_s0_cachedV": {
        "logit_rel_error": 0.27531647190882536,
        "output_rel_error": 0.8806848219973206
      },
      "predK_s0.03_cachedV": {
        "logit_rel_error": 0.2710038823091087,
        "output_rel_error": 0.8650804618222055
      },
      "predK_s0.1_cachedV": {
        "logit_rel_error": 0.2613948194449026,
        "output_rel_error": 0.8228674812703725
      },
      "predK_s0.2_cachedV": {
        "logit_rel_error": 0.24888884987972515,
        "output_rel_error": 0.7481572924921603
      },
      "predK_s0.3_cachedV": {
        "logit_rel_error": 0.2380218106520099,
        "output_rel_error": 0.6621987246298886
      },
      "predK_s0.45_cachedV": {
        "logit_rel_error": 0.2253038177157098,
        "output_rel_error": 0.5685028030313939
      },
      "predK_s0.6_cachedV": {
        "logit_rel_error": 0.21753723058021632,
        "output_rel_error": 0.5976050605834881
      },
      "predK_s0.8_cachedV": {
        "logit_rel_error": 0.2157608266640958,
        "output_rel_error": 0.7407613409269362
      },
      "predK_s1_cachedV": {
        "logit_rel_error": 0.22392919397267183,
        "output_rel_error": 0.88984324453446
      }
    },
    "test_selected": {
      "predK_global_calib_best": {
        "scale": 0.45,
        "logit_rel_error": 0.2253038177157098,
        "output_rel_error": 0.5685028030313939,
        "recovery_vs_cached_to_fullK": 0.8727917130593441
      },
      "predK_layerwise_calib_best": {
        "layer_scales": [
          0.1,
          0.6,
          0.3,
          0.3,
          0.45,
          0.45,
          0.6,
          0.8,
          0.6,
          0.6,
          0.6,
          0.6,
          0.6,
          0.8,
          0.6,
          0.6,
          0.6,
          0.6,
          0.6,
          0.6,
          0.6,
          0.45,
          0.45,
          0.45,
          0.6,
          0.6,
          0.6,
          0.45,
          0.6,
          0.45,
          0.45,
          0.6,
          0.45,
          0.45,
          0.45,
          0.6
        ],
        "logit_rel_error": 0.2189703137513421,
        "output_rel_error": 0.5653159120046187,
        "recovery_vs_cached_to_fullK": 0.8817015166457763
      }
    }
  },
  "notes": "Global/layer-wise scales are chosen only on calibration split and then evaluated on separate test split. Full K/V/hidden are teacher references only."
}
