{
  "task": "calibrated gates for functional predicted-K adapter",
  "train_dir": "MOTIVATION_EXPERIMENTS/structured_kv_adapter/results/qwen3_8b/wikitext_delta_train2k_stride384",
  "train_count": 1024,
  "train_k_predictor_mean_explained": 0.5544171576984406,
  "rank": 64,
  "alpha": 0.01,
  "scales": [
    0.0,
    0.03,
    0.1,
    0.2,
    0.3,
    0.45,
    0.6,
    0.8,
    1.0
  ],
  "calib_start": 96,
  "calib_count_requested": 32,
  "calib_processed": 32,
  "test_start": 128,
  "test_count_requested": 64,
  "test_processed": 64,
  "summary": {
    "calib": {
      "cachedK_cachedV": {
        "logit_rel_error": 0.25170773290829,
        "output_rel_error": 0.8746761366338829
      },
      "fullK_cachedV": {
        "logit_rel_error": 0.0,
        "output_rel_error": 0.5863147837046904
      },
      "cachedK_fullV": {
        "logit_rel_error": 0.25170773290829,
        "output_rel_error": 1.7257281391251826
      },
      "fullK_fullV": {
        "logit_rel_error": 0.0,
        "output_rel_error": 0.0
      },
      "predK_s0_cachedV": {
        "logit_rel_error": 0.2517074180839979,
        "output_rel_error": 0.8746750669857153
      },
      "predK_s0.03_cachedV": {
        "logit_rel_error": 0.24744123154335138,
        "output_rel_error": 0.8585308610630211
      },
      "predK_s0.1_cachedV": {
        "logit_rel_error": 0.2379426946414746,
        "output_rel_error": 0.8149950861775833
      },
      "predK_s0.2_cachedV": {
        "logit_rel_error": 0.22561152439464102,
        "output_rel_error": 0.7383098028758248
      },
      "predK_s0.3_cachedV": {
        "logit_rel_error": 0.21496075400741704,
        "output_rel_error": 0.6500337430591207
      },
      "predK_s0.45_cachedV": {
        "logit_rel_error": 0.2027041544190534,
        "output_rel_error": 0.5516511717847903
      },
      "predK_s0.6_cachedV": {
        "logit_rel_error": 0.19563542356299582,
        "output_rel_error": 0.5742553297917784
      },
      "predK_s0.8_cachedV": {
        "logit_rel_error": 0.19519718895958627,
        "output_rel_error": 0.7099832920432083
      },
      "predK_s1_cachedV": {
        "logit_rel_error": 0.20500145126786656,
        "output_rel_error": 0.8579475365640176
      }
    },
    "test": {
      "cachedK_cachedV": {
        "logit_rel_error": 0.27531668057266173,
        "output_rel_error": 0.880686124651208
      },
      "fullK_cachedV": {
        "logit_rel_error": 0.0,
        "output_rel_error": 0.5230024792307711
      },
      "cachedK_fullV": {
        "logit_rel_error": 0.27531668057266173,
        "output_rel_error": 1.7386693597847187
      },
      "fullK_fullV": {
        "logit_rel_error": 0.0,
        "output_rel_error": 0.0
      },
      "predK_s0_cachedV": {
        "logit_rel_error": 0.27531647190882536,
        "output_rel_error": 0.8806848219973206
      },
      "predK_s0.03_cachedV": {
        "logit_rel_error": 0.27099081937558145,
        "output_rel_error": 0.8651778287921099
      },
      "predK_s0.1_cachedV": {
        "logit_rel_error": 0.2613572290246133,
        "output_rel_error": 0.8232338442869561
      },
      "predK_s0.2_cachedV": {
        "logit_rel_error": 0.24883256071892523,
        "output_rel_error": 0.7489879611990659
      },
      "predK_s0.3_cachedV": {
        "logit_rel_error": 0.23796908406575698,
        "output_rel_error": 0.6634677565848422
      },
      "predK_s0.45_cachedV": {
        "logit_rel_error": 0.22530479423706007,
        "output_rel_error": 0.5693885372971792
      },
      "predK_s0.6_cachedV": {
        "logit_rel_error": 0.21765526587848935,
        "output_rel_error": 0.5953362437947141
      },
      "predK_s0.8_cachedV": {
        "logit_rel_error": 0.2161284416249611,
        "output_rel_error": 0.7349261505120632
      },
      "predK_s1_cachedV": {
        "logit_rel_error": 0.22462322417358052,
        "output_rel_error": 0.8810065347250395
      }
    },
    "test_selected": {
      "predK_global_calib_best": {
        "scale": 0.45,
        "logit_rel_error": 0.22530479423706007,
        "output_rel_error": 0.5693885372971792,
        "recovery_vs_cached_to_fullK": 0.8703154067559229
      },
      "predK_layerwise_calib_best": {
        "layer_scales": [
          0.1,
          0.6,
          0.3,
          0.3,
          0.45,
          0.45,
          0.6,
          0.8,
          0.6,
          0.6,
          0.6,
          0.6,
          0.6,
          1.0,
          0.8,
          0.6,
          0.6,
          0.6,
          0.6,
          0.6,
          0.6,
          0.45,
          0.45,
          0.45,
          0.6,
          0.6,
          0.6,
          0.45,
          0.6,
          0.45,
          0.45,
          0.45,
          0.45,
          0.45,
          0.6,
          0.6
        ],
        "logit_rel_error": 0.21886651644626248,
        "output_rel_error": 0.5737735664959479,
        "recovery_vs_cached_to_fullK": 0.8580558884499787
      }
    }
  },
  "notes": "Global/layer-wise scales are chosen only on calibration split and then evaluated on separate test split. Full K/V/hidden are teacher references only."
}
