split,val_jaccard_r0p05,val_jaccard_r0p1,val_jaccard_r0p15,val_jaccard_r0p3,val_kl,val_recall_r0p05,val_recall_r0p1,val_recall_r0p15,val_recall_r0p3
wiki,0.2995683194651923,0.3295971075427705,0.3627061147818877,0.4391702793212873,0.008075786647945643,0.45327368421052644,0.4905842105263174,0.5280105263157918,0.6076608695652128
musique,0.32853165746737284,0.290468937590091,0.29183710077684144,0.35327411746583737,0.01046181140589888,0.4737930297476418,0.4398675154132663,0.4453755436428897,0.5173838978299337
