{"example_id": 10, "sub_q_idx": 0, "method": "FusionRAG", "reprocess_method": "FusionRAG", "rate": 0.15, "system_len": 792, "passages_len": [792, 186, 203, 90, 310, 88, 123, 89, 117, 68, 231, 32], "chunk_ids": [0, 1, 2, 3, 4, 5, 6, 7, 8, 9, 10], "selected_abs": [978, 979, 981, 990, 996, 998, 1001, 1004, 1005, 1006, 1008, 1012, 1016, 1039, 1042, 1058, 1081, 1099, 1110, 1117, 1173, 1179, 1180, 1181, 1182, 1183, 1184, 1186, 1187, 1188, 1192, 1194, 1196, 1197, 1198, 1200, 1201, 1202, 1203, 1204, 1205, 1207, 1208, 1210, 1215, 1216, 1223, 1224, 1229, 1230, 1232, 1234, 1235, 1237, 1240, 1243, 1249, 1251, 1252, 1255, 1257, 1258, 1265, 1266, 1269, 1270, 1271, 1348, 1393, 1408, 1579, 1581, 1582, 1583, 1584, 1585, 1586, 1587, 1588, 1590, 1592, 1594, 1596, 1597, 1598, 1603, 1606, 1609, 1610, 1611, 1612, 1616, 1625, 1627, 1630, 1631, 1633, 1634, 1637, 1638, 1653, 1656, 1658, 1660, 1663, 1665, 1667, 1668, 1669, 1670, 1671, 1672, 1673, 1674, 1675, 1676, 1681, 1683, 1685, 1688, 1692, 1695, 1696, 1697, 1699, 1700, 1704, 1709, 1718, 1720, 1733, 1740, 1744, 1757, 1761, 1769, 1778, 1782, 1785, 1788, 1789, 1790, 1791, 1792, 1803, 1853, 1866, 1880, 1881, 1882, 1883, 1884, 1885, 1886, 1887, 1890, 1894, 1897, 1899, 1900, 1909, 1915, 1917, 1920, 1933, 1947, 1960, 1963, 1972, 1982, 1983, 1989, 1991, 1996, 1997, 1998, 1999, 2000, 2001, 2002, 2003, 2004, 2006, 2009, 2012, 2013, 2015, 2016, 2025, 2026, 2027, 2034, 2037, 2040, 2041, 2045, 2046, 2048, 2049, 2053, 2061, 2063, 2064, 2065, 2066, 2067, 2068, 2069, 2070, 2071, 2073, 2076, 2081, 2098, 2114, 2138, 2139, 2140, 2141, 2149, 2161, 2165, 2219, 2224, 2296, 2297, 2298, 2299, 2300, 2301, 2302, 2303, 2304, 2305, 2306, 2307, 2308, 2309, 2310, 2311, 2312, 2313, 2314, 2315, 2316, 2317, 2318, 2319, 2320, 2321, 2322, 2323, 2324, 2325, 2326, 2327, 2328], "selected_count": 257, "selection_time": 2.342178509104997, "selection_score_forward_time": 2.339791402220726}