{"example_id": 10, "sub_q_idx": 1, "method": "FusionRAG", "reprocess_method": "FusionRAG", "rate": 0.15, "system_len": 792, "passages_len": [792, 203, 186, 138, 99, 122, 190, 124, 117, 57, 113, 186, 203, 31], "chunk_ids": [0, 2, 1, 11, 12, 13, 14, 15, 8, 16, 17, 1, 2], "selected_abs": [978, 979, 981, 990, 995, 996, 997, 998, 999, 1000, 1004, 1007, 1008, 1011, 1014, 1023, 1024, 1046, 1047, 1052, 1082, 1158, 1179, 1180, 1181, 1182, 1183, 1184, 1185, 1186, 1190, 1191, 1216, 1217, 1232, 1234, 1235, 1241, 1259, 1266, 1301, 1310, 1314, 1317, 1318, 1319, 1320, 1321, 1322, 1323, 1324, 1325, 1326, 1327, 1328, 1331, 1332, 1335, 1336, 1338, 1339, 1342, 1344, 1349, 1363, 1375, 1384, 1388, 1392, 1393, 1395, 1402, 1405, 1412, 1416, 1417, 1418, 1419, 1420, 1444, 1538, 1539, 1540, 1541, 1542, 1543, 1544, 1545, 1546, 1549, 1553, 1554, 1556, 1559, 1578, 1585, 1586, 1592, 1616, 1617, 1623, 1624, 1681, 1690, 1704, 1719, 1728, 1729, 1730, 1731, 1732, 1733, 1734, 1735, 1736, 1737, 1741, 1745, 1747, 1748, 1749, 1752, 1755, 1762, 1768, 1776, 1777, 1782, 1795, 1810, 1815, 1823, 1847, 1852, 1853, 1854, 1855, 1856, 1857, 1858, 1859, 1860, 1862, 1863, 1865, 1867, 1870, 1872, 1873, 1888, 1893, 1936, 1945, 1955, 1962, 1964, 1969, 1970, 1971, 1972, 1973, 1974, 1975, 1976, 1977, 1978, 1979, 1980, 1981, 1982, 1983, 1984, 1986, 1987, 1988, 1989, 1990, 1991, 1992, 1993, 1994, 1997, 2001, 2003, 2004, 2007, 2008, 2009, 2010, 2012, 2014, 2015, 2018, 2019, 2021, 2026, 2027, 2028, 2029, 2030, 2031, 2032, 2033, 2034, 2035, 2036, 2039, 2050, 2061, 2064, 2082, 2087, 2089, 2095, 2101, 2103, 2109, 2114, 2125, 2137, 2139, 2140, 2141, 2142, 2143, 2144, 2145, 2146, 2150, 2153, 2154, 2157, 2160, 2169, 2170, 2192, 2193, 2198, 2228, 2304, 2325, 2326, 2327, 2328, 2329, 2330, 2334, 2339, 2345, 2347, 2350, 2357, 2365, 2407, 2430, 2459, 2466, 2522, 2528, 2529, 2530, 2531, 2532, 2533, 2534, 2535, 2536, 2537, 2538, 2539, 2540, 2541, 2542, 2543, 2544, 2545, 2546, 2547, 2548, 2549, 2550, 2551, 2552, 2553, 2554, 2555, 2556, 2557, 2558, 2559, 2560], "selected_count": 291, "selection_time": 2.2603044877760112, "selection_score_forward_time": 2.259217110928148}