group,k,mean_intersection_ratio,p50,example_id
all,2,0.8601339285714285,0.8628571428571429,0
all,4,0.806428571428571,0.8,0
related,2,0.862857142857141,0.8628571428571429,0
unrelated,2,0.8757142857142867,0.8742857142857143,0
unrelated,4,0.8285714285714263,0.8285714285714286,0
