dataset,example_idx,doc_tokens,offline_controls,online_mean,online_std,online_min,online_max,offline_mean_mean,offline_mean_std
musique-v2,0,16598,8,2.749201774597168,6.001710414886475,0.0,231.0,0.007374663397585086,0.02108468544908747
musique-v2,1,16841,8,2.1889302730560303,3.671847105026245,0.0,110.5,0.00728377110614518,0.023486557606572013
musique-v2,2,16811,8,2.093928337097168,4.776796340942383,0.0,125.0,0.007294862368926788,0.021716760681419926
musique-v2,3,17100,8,3.7874362468719482,7.355366230010986,0.0,492.0,0.007189497509229198,0.021201479620977494
musique-v2,4,17284,8,2.8696351051330566,6.304021835327148,0.0,246.0,0.007124094529416957,0.02058622129142246
