{"example_id": 156, "sub_q_idx": 0, "method": "FusionRAG", "reprocess_method": "FusionRAG", "rate": 0.15, "system_len": 792, "passages_len": [792, 51, 161, 100, 55, 95, 78, 95, 42, 127, 241, 26], "chunk_ids": [0, 1, 2, 3, 4, 5, 6, 7, 8, 9, 10], "selected_abs": [792, 793, 794, 795, 796, 797, 798, 799, 800, 801, 802, 803, 804, 805, 806, 807, 808, 814, 829, 830, 831, 832, 833, 834, 835, 836, 837, 838, 839, 840, 841, 842, 843, 844, 845, 846, 847, 848, 849, 850, 851, 852, 853, 856, 857, 858, 859, 860, 870, 879, 883, 884, 898, 918, 950, 989, 1001, 1002, 1003, 1004, 1005, 1006, 1007, 1009, 1010, 1016, 1034, 1067, 1071, 1072, 1103, 1104, 1105, 1106, 1107, 1108, 1109, 1110, 1117, 1132, 1158, 1159, 1160, 1161, 1162, 1163, 1167, 1168, 1175, 1184, 1233, 1253, 1254, 1255, 1256, 1257, 1261, 1262, 1266, 1267, 1268, 1278, 1279, 1331, 1332, 1333, 1334, 1335, 1336, 1337, 1338, 1339, 1348, 1356, 1361, 1398, 1399, 1426, 1427, 1428, 1429, 1430, 1431, 1432, 1433, 1434, 1448, 1467, 1468, 1469, 1470, 1471, 1472, 1474, 1475, 1476, 1492, 1502, 1530, 1595, 1596, 1597, 1598, 1599, 1600, 1601, 1605, 1606, 1607, 1608, 1609, 1622, 1623, 1624, 1625, 1626, 1627, 1709, 1710, 1711, 1712, 1713, 1807, 1808, 1835, 1836, 1837, 1838, 1839, 1840, 1841, 1842, 1843, 1844, 1845, 1846, 1847, 1848, 1849, 1850, 1851, 1852, 1853, 1854, 1855, 1856, 1857, 1858, 1859, 1860, 1861, 1862], "selected_count": 192, "selection_time": 0.004816633998416364, "selection_score_forward_time": 0.004378682002425194}