{"example_id": 165, "sub_q_idx": 0, "method": "FusionRAG", "reprocess_method": "FusionRAG", "rate": 0.15, "system_len": 792, "passages_len": [792, 93, 221, 77, 216, 153, 100, 188, 159, 95, 203, 93, 77, 36], "chunk_ids": [0, 1, 2, 3, 4, 5, 6, 7, 8, 9, 10, 1, 3], "selected_abs": [792, 793, 794, 795, 796, 797, 798, 799, 800, 801, 802, 803, 804, 805, 806, 807, 808, 809, 810, 811, 813, 823, 883, 884, 885, 886, 887, 888, 889, 890, 891, 892, 893, 894, 900, 901, 902, 903, 905, 914, 965, 966, 968, 996, 999, 1030, 1031, 1061, 1062, 1083, 1105, 1106, 1107, 1108, 1109, 1110, 1111, 1112, 1113, 1128, 1129, 1142, 1162, 1182, 1183, 1184, 1185, 1186, 1187, 1189, 1190, 1191, 1201, 1204, 1205, 1210, 1215, 1245, 1267, 1317, 1321, 1367, 1368, 1398, 1399, 1400, 1401, 1402, 1403, 1404, 1405, 1417, 1421, 1455, 1503, 1546, 1551, 1552, 1553, 1554, 1555, 1556, 1557, 1558, 1559, 1560, 1562, 1574, 1599, 1631, 1632, 1651, 1652, 1653, 1654, 1655, 1656, 1657, 1658, 1659, 1666, 1669, 1670, 1671, 1673, 1687, 1714, 1756, 1798, 1802, 1803, 1839, 1840, 1841, 1842, 1843, 1844, 1845, 1846, 1847, 1848, 1849, 1850, 1851, 1868, 1869, 1878, 1883, 1901, 1921, 1983, 1984, 1998, 1999, 2000, 2001, 2002, 2003, 2004, 2005, 2006, 2007, 2008, 2009, 2010, 2012, 2015, 2016, 2017, 2018, 2019, 2020, 2021, 2022, 2023, 2034, 2035, 2068, 2093, 2094, 2095, 2096, 2097, 2098, 2099, 2100, 2101, 2102, 2108, 2135, 2136, 2138, 2157, 2204, 2205, 2206, 2207, 2208, 2209, 2210, 2211, 2240, 2260, 2270, 2271, 2272, 2273, 2274, 2275, 2276, 2277, 2279, 2280, 2281, 2282, 2283, 2284, 2285, 2286, 2287, 2288, 2289, 2290, 2291, 2292, 2293, 2294, 2295, 2296, 2297, 2298, 2299, 2300, 2301, 2302, 2303, 2304, 2305, 2306, 2307, 2308, 2309, 2310, 2311, 2312, 2313, 2314, 2315, 2316, 2318, 2388, 2389, 2390, 2391, 2392, 2393, 2394, 2395, 2396, 2397, 2412, 2413, 2426, 2446, 2466, 2467, 2468, 2469, 2470, 2471, 2472, 2473, 2474, 2475, 2476, 2477, 2478, 2479, 2480, 2481, 2482, 2483, 2484, 2485, 2486, 2487, 2488, 2489, 2490, 2491, 2492, 2493, 2494, 2495, 2496, 2497, 2498, 2499, 2500, 2501, 2502], "selected_count": 301, "selection_time": 0.004918527993140742, "selection_score_forward_time": 0.004446875012945384}