{"example_id": 155, "sub_q_idx": 0, "method": "FusionRAG", "reprocess_method": "FusionRAG", "rate": 0.15, "system_len": 792, "passages_len": [792, 86, 99, 250, 150, 106, 121, 112, 172, 43, 124, 35], "chunk_ids": [0, 1, 2, 3, 4, 5, 6, 7, 8, 9, 10], "selected_abs": [792, 793, 794, 795, 796, 797, 798, 799, 800, 801, 802, 803, 804, 805, 806, 807, 809, 810, 812, 815, 816, 823, 844, 875, 876, 877, 878, 879, 880, 881, 882, 885, 886, 887, 888, 889, 890, 891, 893, 897, 898, 899, 900, 901, 902, 903, 906, 907, 939, 958, 959, 976, 977, 978, 979, 981, 982, 983, 984, 985, 987, 1045, 1099, 1128, 1161, 1210, 1211, 1226, 1227, 1228, 1229, 1230, 1231, 1237, 1238, 1242, 1317, 1342, 1343, 1376, 1377, 1378, 1379, 1380, 1381, 1382, 1383, 1384, 1385, 1386, 1387, 1388, 1389, 1390, 1392, 1395, 1396, 1397, 1398, 1399, 1400, 1401, 1402, 1403, 1416, 1424, 1482, 1483, 1484, 1485, 1486, 1489, 1490, 1498, 1527, 1587, 1603, 1604, 1605, 1607, 1608, 1609, 1610, 1611, 1613, 1614, 1630, 1631, 1715, 1716, 1717, 1718, 1719, 1720, 1721, 1722, 1723, 1733, 1753, 1771, 1781, 1832, 1833, 1887, 1888, 1889, 1890, 1891, 1892, 1893, 1894, 1896, 1897, 1906, 1928, 1929, 1930, 1931, 1932, 1933, 1934, 1935, 1936, 1937, 1953, 1964, 1988, 2012, 2054, 2055, 2056, 2057, 2058, 2059, 2060, 2061, 2062, 2063, 2064, 2065, 2066, 2067, 2068, 2069, 2070, 2071, 2072, 2073, 2074, 2075, 2076, 2077, 2078, 2079, 2080, 2081, 2082, 2083, 2084, 2085, 2086, 2087, 2088, 2089], "selected_count": 204, "selection_time": 0.004169382998952642, "selection_score_forward_time": 0.0037034900160506368}