{"example_id": 150, "sub_q_idx": 0, "method": "FusionRAG", "reprocess_method": "FusionRAG", "rate": 0.15, "system_len": 792, "passages_len": [792, 82, 81, 111, 83, 80, 80, 80, 81, 80, 82, 37], "chunk_ids": [0, 1, 2, 3, 4, 5, 6, 7, 8, 9, 10], "selected_abs": [792, 793, 794, 795, 796, 799, 801, 802, 803, 804, 805, 806, 807, 808, 809, 810, 811, 812, 873, 874, 875, 876, 877, 883, 885, 886, 948, 949, 950, 954, 955, 956, 957, 958, 959, 960, 961, 962, 963, 964, 965, 966, 973, 978, 979, 980, 981, 982, 983, 1065, 1066, 1067, 1068, 1069, 1075, 1076, 1077, 1078, 1149, 1152, 1160, 1161, 1229, 1231, 1232, 1239, 1240, 1241, 1309, 1311, 1312, 1319, 1320, 1321, 1389, 1392, 1400, 1401, 1470, 1472, 1473, 1480, 1481, 1482, 1550, 1553, 1559, 1560, 1561, 1562, 1632, 1633, 1634, 1635, 1636, 1637, 1638, 1639, 1640, 1641, 1642, 1643, 1644, 1645, 1646, 1647, 1648, 1649, 1650, 1651, 1652, 1653, 1654, 1655, 1656, 1657, 1658, 1659, 1660, 1661, 1662, 1663, 1664, 1665, 1666, 1667, 1668], "selected_count": 127, "selection_time": 2.043988660996547, "selection_score_forward_time": 2.021888218994718}