{"example_id": 150, "sub_q_idx": 1, "method": "FusionRAG", "reprocess_method": "FusionRAG", "rate": 0.15, "system_len": 792, "passages_len": [792, 172, 82, 111, 151, 175, 78, 117, 190, 317, 88, 82, 172, 28], "chunk_ids": [0, 11, 1, 3, 12, 13, 14, 15, 16, 17, 18, 1, 11], "selected_abs": [792, 793, 794, 795, 796, 797, 798, 799, 800, 801, 803, 837, 838, 839, 840, 841, 853, 859, 860, 889, 963, 964, 965, 966, 967, 968, 971, 973, 974, 975, 976, 977, 978, 979, 980, 981, 982, 983, 984, 1045, 1046, 1047, 1048, 1049, 1050, 1051, 1052, 1053, 1054, 1055, 1056, 1057, 1058, 1059, 1062, 1063, 1064, 1065, 1068, 1069, 1070, 1071, 1072, 1073, 1074, 1105, 1132, 1156, 1157, 1158, 1159, 1160, 1161, 1162, 1164, 1167, 1168, 1196, 1229, 1230, 1307, 1308, 1309, 1310, 1311, 1313, 1314, 1315, 1316, 1317, 1318, 1319, 1320, 1326, 1341, 1350, 1351, 1396, 1430, 1436, 1449, 1466, 1467, 1482, 1483, 1484, 1485, 1486, 1487, 1488, 1489, 1491, 1497, 1498, 1505, 1509, 1519, 1520, 1546, 1560, 1561, 1562, 1563, 1564, 1565, 1566, 1567, 1569, 1598, 1599, 1624, 1628, 1656, 1657, 1677, 1678, 1679, 1680, 1681, 1683, 1684, 1685, 1687, 1691, 1706, 1730, 1791, 1805, 1827, 1830, 1857, 1867, 1868, 1869, 1870, 1871, 1872, 1880, 2030, 2031, 2032, 2033, 2038, 2039, 2070, 2071, 2130, 2131, 2132, 2134, 2135, 2136, 2142, 2143, 2144, 2145, 2172, 2173, 2174, 2175, 2176, 2177, 2178, 2179, 2180, 2181, 2182, 2183, 2184, 2185, 2186, 2187, 2188, 2189, 2190, 2191, 2192, 2193, 2194, 2195, 2196, 2197, 2198, 2199, 2200, 2201, 2202, 2203, 2204, 2205, 2206, 2207, 2208, 2209, 2210, 2211, 2212, 2213, 2214, 2215, 2216, 2217, 2218, 2219, 2220, 2221, 2222, 2223, 2224, 2225, 2226, 2227, 2228, 2229, 2230, 2231, 2232, 2233, 2234, 2235, 2236, 2237, 2238, 2239, 2240, 2241, 2242, 2243, 2244, 2245, 2246, 2247, 2248, 2249, 2250, 2251, 2252, 2253, 2254, 2255, 2256, 2257, 2258, 2259, 2260, 2261, 2262, 2263, 2264, 2265, 2266, 2267, 2268, 2269, 2270, 2271, 2272, 2273, 2274, 2275, 2276, 2277, 2280, 2282, 2283, 2284, 2285, 2286, 2287, 2288, 2289, 2290, 2291, 2292, 2293, 2354, 2355, 2356, 2357, 2358, 2359, 2360, 2361, 2362, 2363, 2364, 2366, 2400, 2401, 2402, 2404, 2416, 2422, 2423, 2452, 2526, 2527, 2528, 2529, 2530, 2531, 2532, 2533, 2534, 2535, 2536, 2537, 2538, 2539, 2540, 2541, 2542, 2543, 2544, 2545, 2546, 2547, 2548, 2549, 2550, 2551, 2552, 2553, 2554], "selected_count": 344, "selection_time": 0.004946440021740273, "selection_score_forward_time": 0.004441216005943716}