{"example_id": 164, "sub_q_idx": 0, "method": "FusionRAG", "reprocess_method": "FusionRAG", "rate": 0.15, "system_len": 792, "passages_len": [792, 63, 101, 102, 216, 150, 246, 202, 235, 213, 153, 31], "chunk_ids": [0, 1, 2, 3, 4, 5, 6, 7, 8, 9, 10], "selected_abs": [792, 793, 794, 795, 796, 797, 798, 799, 800, 801, 802, 803, 804, 805, 806, 807, 808, 809, 826, 827, 828, 829, 853, 854, 855, 856, 857, 858, 859, 860, 861, 862, 863, 864, 865, 866, 867, 882, 883, 884, 885, 886, 895, 896, 897, 901, 924, 928, 954, 955, 956, 957, 958, 959, 960, 961, 962, 964, 965, 969, 1000, 1004, 1047, 1052, 1053, 1057, 1058, 1059, 1060, 1061, 1062, 1063, 1064, 1065, 1076, 1079, 1080, 1085, 1086, 1090, 1142, 1192, 1196, 1197, 1242, 1243, 1245, 1272, 1273, 1274, 1275, 1276, 1277, 1278, 1279, 1280, 1283, 1285, 1286, 1287, 1288, 1289, 1291, 1292, 1293, 1294, 1295, 1296, 1297, 1298, 1299, 1371, 1372, 1375, 1384, 1385, 1422, 1423, 1424, 1425, 1426, 1427, 1428, 1429, 1430, 1431, 1435, 1458, 1459, 1483, 1531, 1532, 1550, 1572, 1573, 1603, 1604, 1618, 1641, 1642, 1669, 1670, 1671, 1672, 1673, 1674, 1675, 1676, 1677, 1678, 1679, 1688, 1689, 1708, 1719, 1748, 1752, 1776, 1779, 1821, 1822, 1871, 1872, 1873, 1874, 1875, 1876, 1877, 1878, 1879, 1883, 1895, 1920, 1968, 1969, 2032, 2040, 2041, 2044, 2055, 2056, 2060, 2079, 2100, 2106, 2107, 2108, 2109, 2110, 2111, 2112, 2114, 2132, 2162, 2163, 2242, 2243, 2244, 2245, 2264, 2265, 2280, 2300, 2301, 2319, 2320, 2321, 2322, 2323, 2324, 2325, 2326, 2327, 2328, 2332, 2340, 2354, 2355, 2381, 2385, 2444, 2472, 2473, 2474, 2475, 2476, 2477, 2478, 2479, 2480, 2481, 2482, 2483, 2484, 2485, 2486, 2487, 2488, 2489, 2490, 2491, 2492, 2493, 2494, 2495, 2496, 2497, 2498, 2499, 2500, 2501, 2502, 2503], "selected_count": 253, "selection_time": 0.004221661976771429, "selection_score_forward_time": 0.003767221001908183}