{"example_id": 161, "sub_q_idx": 1, "method": "FusionRAG", "reprocess_method": "FusionRAG", "rate": 0.15, "system_len": 792, "passages_len": [792, 89, 114, 98, 80, 116, 238, 82, 312, 134, 175, 89, 114, 98, 80, 32], "chunk_ids": [0, 1, 2, 3, 4, 9, 11, 7, 12, 5, 6, 1, 2, 3, 4], "selected_abs": [792, 793, 794, 795, 796, 797, 798, 799, 800, 801, 802, 803, 804, 805, 806, 807, 810, 841, 845, 875, 876, 877, 878, 879, 880, 881, 882, 883, 884, 885, 886, 887, 888, 889, 890, 896, 902, 915, 916, 917, 918, 947, 994, 995, 996, 997, 998, 1002, 1003, 1004, 1010, 1016, 1029, 1060, 1092, 1093, 1094, 1095, 1096, 1100, 1101, 1102, 1108, 1114, 1127, 1159, 1173, 1174, 1175, 1176, 1177, 1178, 1179, 1180, 1181, 1183, 1186, 1187, 1207, 1229, 1261, 1267, 1288, 1289, 1290, 1291, 1292, 1293, 1294, 1295, 1296, 1298, 1299, 1300, 1301, 1352, 1353, 1412, 1425, 1450, 1526, 1527, 1528, 1529, 1530, 1531, 1532, 1533, 1534, 1535, 1539, 1540, 1541, 1543, 1544, 1545, 1546, 1547, 1548, 1549, 1550, 1551, 1552, 1564, 1571, 1608, 1609, 1610, 1611, 1612, 1613, 1614, 1615, 1616, 1617, 1618, 1619, 1620, 1621, 1622, 1623, 1887, 1888, 1889, 1890, 1891, 1892, 1893, 1901, 1902, 1903, 1904, 1905, 1906, 1907, 1908, 1909, 1910, 1911, 1912, 1913, 1914, 1915, 1916, 1917, 1918, 1919, 1920, 1921, 1922, 1923, 1924, 1928, 1930, 1931, 1932, 1933, 1934, 1944, 1966, 1967, 1990, 2017, 2054, 2055, 2056, 2057, 2058, 2059, 2060, 2061, 2062, 2079, 2092, 2093, 2097, 2130, 2215, 2216, 2228, 2229, 2230, 2231, 2232, 2233, 2234, 2235, 2236, 2237, 2238, 2239, 2240, 2241, 2242, 2243, 2244, 2245, 2248, 2279, 2283, 2313, 2314, 2315, 2316, 2317, 2318, 2319, 2320, 2321, 2322, 2323, 2324, 2325, 2326, 2327, 2328, 2334, 2340, 2353, 2354, 2355, 2356, 2385, 2432, 2433, 2434, 2435, 2436, 2440, 2441, 2442, 2448, 2454, 2467, 2498, 2530, 2531, 2532, 2533, 2534, 2538, 2539, 2540, 2546, 2552, 2565, 2597, 2611, 2612, 2613, 2614, 2615, 2616, 2617, 2618, 2619, 2620, 2621, 2622, 2623, 2624, 2625, 2626, 2627, 2628, 2629, 2630, 2631, 2632, 2633, 2634, 2635, 2636, 2637, 2638, 2639, 2640, 2641, 2642], "selected_count": 299, "selection_time": 0.004868952004471794, "selection_score_forward_time": 0.00439432097482495}