{"example_id": 173, "sub_q_idx": 0, "method": "FusionRAG", "reprocess_method": "FusionRAG", "rate": 0.15, "system_len": 792, "passages_len": [792, 89, 98, 114, 80, 82, 221, 208, 116, 312, 198, 30], "chunk_ids": [0, 1, 2, 3, 4, 5, 6, 7, 8, 9, 10], "selected_abs": [792, 793, 794, 795, 796, 797, 798, 799, 810, 845, 875, 876, 877, 878, 879, 880, 881, 882, 883, 884, 885, 886, 887, 888, 889, 890, 891, 896, 900, 901, 902, 915, 946, 978, 979, 980, 981, 982, 985, 986, 987, 988, 994, 1000, 1016, 1092, 1093, 1094, 1095, 1096, 1099, 1100, 1101, 1102, 1108, 1113, 1114, 1159, 1173, 1174, 1175, 1179, 1180, 1187, 1191, 1194, 1210, 1254, 1255, 1256, 1257, 1258, 1259, 1260, 1262, 1266, 1270, 1272, 1288, 1293, 1314, 1321, 1325, 1344, 1401, 1475, 1476, 1477, 1478, 1479, 1480, 1481, 1482, 1483, 1484, 1485, 1486, 1487, 1504, 1519, 1536, 1679, 1683, 1684, 1685, 1686, 1687, 1688, 1689, 1690, 1691, 1692, 1718, 1740, 1772, 1778, 1799, 1800, 1801, 1802, 1803, 1804, 1805, 1806, 1807, 1808, 1809, 1810, 1811, 1812, 1813, 2111, 2112, 2113, 2114, 2115, 2116, 2117, 2118, 2119, 2120, 2121, 2122, 2123, 2124, 2129, 2173, 2214, 2218, 2305, 2309, 2310, 2311, 2312, 2313, 2314, 2315, 2316, 2317, 2318, 2319, 2320, 2321, 2322, 2323, 2324, 2325, 2326, 2327, 2328, 2329, 2330, 2331, 2332, 2333, 2334, 2335, 2336, 2337, 2338, 2339], "selected_count": 181, "selection_time": 0.004300102009437978, "selection_score_forward_time": 0.0038220089918468148}