{"example_id": 162, "sub_q_idx": 0, "method": "FusionRAG", "reprocess_method": "FusionRAG", "rate": 0.15, "system_len": 792, "passages_len": [792, 115, 142, 139, 79, 37, 108, 119, 119, 167, 118, 115, 142, 33], "chunk_ids": [0, 1, 2, 3, 4, 5, 6, 7, 8, 9, 10, 1, 2], "selected_abs": [792, 793, 794, 795, 796, 797, 798, 799, 800, 801, 802, 803, 804, 805, 806, 807, 808, 810, 811, 812, 831, 906, 907, 908, 909, 910, 912, 913, 922, 923, 924, 925, 934, 938, 939, 943, 971, 1049, 1050, 1051, 1052, 1053, 1054, 1055, 1060, 1187, 1188, 1189, 1190, 1191, 1192, 1193, 1194, 1195, 1197, 1215, 1231, 1237, 1241, 1266, 1267, 1268, 1269, 1270, 1272, 1273, 1286, 1304, 1305, 1308, 1311, 1312, 1327, 1398, 1412, 1414, 1416, 1423, 1424, 1430, 1450, 1456, 1457, 1530, 1531, 1532, 1533, 1534, 1535, 1537, 1538, 1539, 1541, 1545, 1571, 1648, 1649, 1650, 1651, 1652, 1653, 1654, 1655, 1656, 1658, 1659, 1660, 1695, 1696, 1746, 1750, 1770, 1816, 1817, 1818, 1819, 1820, 1821, 1822, 1823, 1824, 1828, 1840, 1841, 1842, 1843, 1844, 1845, 1846, 1847, 1848, 1849, 1850, 1851, 1852, 1853, 1855, 1881, 1882, 1883, 1884, 1885, 1886, 1887, 1888, 1889, 1890, 1891, 1892, 1893, 1895, 1896, 1915, 1916, 1917, 1918, 1919, 1920, 1921, 1922, 1923, 1924, 1925, 1928, 1929, 1930, 1932, 1933, 1934, 1935, 1936, 1937, 1938, 1939, 1940, 1941, 1942, 1943, 1944, 1945, 1946, 1947, 1948, 1949, 1950, 1951, 1953, 1954, 1955, 1974, 2049, 2050, 2051, 2052, 2053, 2055, 2056, 2065, 2066, 2067, 2068, 2077, 2081, 2082, 2086, 2114, 2192, 2193, 2194, 2195, 2196, 2197, 2198, 2199, 2200, 2201, 2202, 2203, 2204, 2205, 2206, 2207, 2208, 2209, 2210, 2211, 2212, 2213, 2214, 2215, 2216, 2217, 2218, 2219, 2220, 2221, 2222, 2223, 2224], "selected_count": 239, "selection_time": 0.004275779007002711, "selection_score_forward_time": 0.003817966004135087}