{"example_id": 153, "sub_q_idx": 0, "method": "FusionRAG", "reprocess_method": "FusionRAG", "rate": 0.15, "system_len": 792, "passages_len": [792, 82, 112, 124, 109, 178, 221, 83, 32, 188, 126, 82, 29], "chunk_ids": [0, 1, 2, 3, 4, 5, 6, 7, 8, 9, 10, 1], "selected_abs": [792, 793, 794, 795, 796, 797, 798, 799, 800, 801, 802, 803, 804, 805, 806, 807, 808, 809, 811, 812, 813, 814, 815, 816, 817, 818, 819, 820, 821, 850, 873, 874, 875, 876, 877, 878, 879, 891, 894, 904, 905, 924, 929, 965, 966, 985, 986, 987, 988, 989, 990, 991, 992, 993, 994, 1017, 1060, 1061, 1109, 1110, 1111, 1112, 1113, 1114, 1115, 1116, 1117, 1118, 1119, 1120, 1131, 1132, 1176, 1194, 1195, 1218, 1219, 1220, 1221, 1222, 1223, 1228, 1229, 1259, 1304, 1305, 1306, 1339, 1371, 1396, 1397, 1398, 1399, 1400, 1401, 1402, 1403, 1404, 1405, 1406, 1412, 1413, 1477, 1478, 1542, 1543, 1573, 1574, 1617, 1618, 1619, 1620, 1621, 1622, 1623, 1624, 1625, 1626, 1627, 1632, 1633, 1641, 1662, 1663, 1687, 1700, 1701, 1702, 1703, 1704, 1705, 1706, 1707, 1708, 1709, 1710, 1711, 1712, 1732, 1733, 1734, 1735, 1736, 1737, 1738, 1739, 1740, 1741, 1742, 1747, 1750, 1751, 1752, 1768, 1795, 1879, 1883, 1884, 1920, 1921, 1922, 1923, 1924, 1925, 1926, 1927, 1928, 1929, 1930, 1931, 1932, 1933, 1934, 1940, 1944, 1950, 1953, 2021, 2035, 2036, 2037, 2038, 2039, 2040, 2041, 2042, 2043, 2044, 2045, 2046, 2047, 2048, 2049, 2050, 2051, 2052, 2053, 2054, 2055, 2056, 2057, 2058, 2059, 2060, 2061, 2062, 2063, 2064, 2066, 2067, 2068, 2069, 2070, 2071, 2072, 2073, 2074, 2075, 2076, 2105, 2128, 2129, 2130, 2131, 2132, 2133, 2134, 2135, 2136, 2137, 2138, 2139, 2140, 2141, 2142, 2143, 2144, 2145, 2146, 2147, 2148, 2149, 2150, 2151, 2152, 2153, 2154, 2155, 2156, 2157], "selected_count": 250, "selection_time": 0.00439094501780346, "selection_score_forward_time": 0.003924469987396151}