{"example_id": 174, "sub_q_idx": 0, "method": "FusionRAG", "reprocess_method": "FusionRAG", "rate": 0.15, "system_len": 792, "passages_len": [792, 114, 56, 42, 75, 99, 42, 265, 109, 59, 53, 26], "chunk_ids": [0, 1, 2, 3, 4, 5, 6, 7, 8, 9, 10], "selected_abs": [792, 793, 794, 795, 796, 797, 798, 799, 800, 803, 804, 805, 807, 808, 809, 812, 813, 814, 815, 816, 817, 819, 820, 821, 822, 823, 824, 825, 844, 905, 906, 907, 908, 909, 910, 911, 912, 913, 920, 959, 960, 961, 962, 963, 964, 965, 966, 967, 968, 969, 970, 971, 997, 998, 999, 1000, 1001, 1002, 1003, 1004, 1005, 1006, 1007, 1008, 1009, 1010, 1011, 1019, 1029, 1047, 1069, 1070, 1078, 1079, 1080, 1081, 1082, 1083, 1084, 1085, 1086, 1087, 1091, 1092, 1099, 1104, 1111, 1141, 1177, 1178, 1179, 1180, 1181, 1182, 1183, 1186, 1213, 1214, 1215, 1216, 1217, 1218, 1219, 1220, 1221, 1222, 1223, 1236, 1241, 1258, 1263, 1282, 1291, 1319, 1322, 1401, 1416, 1457, 1482, 1483, 1484, 1485, 1486, 1487, 1488, 1489, 1490, 1491, 1492, 1493, 1524, 1572, 1573, 1593, 1594, 1595, 1596, 1597, 1598, 1599, 1600, 1601, 1603, 1605, 1606, 1652, 1653, 1654, 1655, 1656, 1657, 1663, 1665, 1666, 1678, 1679, 1689, 1694, 1705, 1706, 1707, 1708, 1709, 1710, 1711, 1712, 1713, 1714, 1715, 1716, 1717, 1718, 1719, 1720, 1721, 1722, 1723, 1724, 1725, 1726, 1727, 1728, 1729, 1730, 1731], "selected_count": 185, "selection_time": 0.0042368209979031235, "selection_score_forward_time": 0.0037624510005116463}