split,val_jaccard_r0p05,val_jaccard_r0p1,val_jaccard_r0p15,val_jaccard_r0p3,val_kl,val_recall_r0p05,val_recall_r0p1,val_recall_r0p15,val_recall_r0p3
wiki,0.25672766067914177,0.3170094326391231,0.35815557104887574,0.4344275123974914,0.008085973840206862,0.39950526315789386,0.47517894736842264,0.5223508771929827,0.6027408695652148
musique,0.32027903827371834,0.3234290567580869,0.3332466802625452,0.39370131874963316,0.010403945965923532,0.468928195497878,0.4809559281525308,0.4945412308549059,0.5606589862373093
