label,rate,main_correct,main_total,main_acc,sub_correct,sub_total,sub_acc,avg_f1,avg_em,missing_csv,note,log_files,finished_segments,traceback,killed,n_prefill_timing,prompt_eval_mean_s,storage_time_mean_s,selection_time_mean_s
full_rate1,1.0,105,135,0.7777777777777778,215,248,0.8669354838709677,0.19339129486790876,0.008064516129032258,0,rate=1 full document-token recompute upper baseline,8,8,0,0,250,1.1682871475219727,0.0,0.0
online_qk_rate050,0.5,90,135,0.6666666666666666,199,248,0.8024193548387096,0.21521313623406194,0.016129032258064516,0,online FusionRAG-QK selector at rate=0.5,8,8,0,0,250,2.03659714426384,0.07778620615979889,0.318331510932112
online_draft_rate050,0.5,108,135,0.8,219,248,0.8830645161290323,0.20909588570214452,0.016129032258064516,0,online draft-model selector at rate=0.5,8,8,0,0,250,1.8645139393079588,0.08098514936385617,0.14114803344411483
offline_hybrid70_rate050,0.5,101,135,0.7481481481481481,208,248,0.8387096774193549,0.19501674528379695,0.020161290322580645,0,"offline fixed set, hybrid draft70/qk30 score per chunk, rate=0.5",8,8,0,0,250,1.7223023063360596,0.08001450142799876,0.0
