{
  "records": 4096,
  "queries": 10194944,
  "dependency_pairs": 12682510336,
  "dependency_covered": 988022520,
  "dependency_coverage": 0.0779043339074161,
  "effective_blocks_per_query": 8.0,
  "effective_kv_tokens_per_query": 480.5761349939735,
  "causal_kv_tokens_per_query": 9901.149859381278,
  "kv_support_fraction": 0.04853740644462932,
  "preserved_dependency_blocks_per_query": 125.54649196699854,
  "preserved_dependency_kv_tokens_per_query": 8003.55162088188,
  "preserved_dependency_support_fraction": 0.8083456704070149,
  "attention_mass_recall_mean": 0.28383773063376516
}
