{
  "records": 4096,
  "queries": 10194944,
  "dependency_pairs": 12682510336,
  "dependency_covered": 988022520,
  "dependency_coverage": 0.0779043339074161,
  "effective_blocks_per_query": 8.0,
  "effective_kv_tokens_per_query": 480.5761349939735,
  "attention_mass_recall_mean": 0.28383773080828156
}
