{
  "examples": 5,
  "dependency_coverage": {
    "mean": 0.07418942790859631,
    "median": 0.0779043339074161,
    "min": 0.06046007957526379,
    "max": 0.08337697688623005
  },
  "attention_mass_recall": {
    "mean": 0.29736804918865173,
    "median": 0.3047581590381583,
    "min": 0.2597793417582883,
    "max": 0.33045562329984435
  },
  "kv_support_fraction": {
    "mean": 0.04796743058370769,
    "median": 0.04758837476073674,
    "min": 0.045039402923681006,
    "max": 0.051203360560527336
  },
  "preserved_dependency_support_fraction": {
    "mean": 0.8089221859355523,
    "median": 0.8078793909033856,
    "min": 0.7970718426243897,
    "max": 0.8264999635445193
  },
  "effective_kv_tokens_per_query": {
    "mean": 480.53516054346375,
    "median": 480.5761349939735,
    "min": 479.8858024691358,
    "max": 481.1856690419636
  },
  "causal_kv_tokens_per_query": {
    "mean": 10034.791707041359,
    "median": 10111.412114014252,
    "min": 9392.10253411306,
    "max": 10654.79938271605
  }
}
