label,rate,main_correct,main_total,main_acc,sub_correct,sub_total,sub_acc,avg_f1,avg_em,prefill_s,storage_s,selection_s,finished,killed,traceback
hybrid70_rate005,0.05,80,135,0.5925925925925926,178,248,0.717741935483871,0.46631482826991383,0.18548387096774194,0.22693512681598077,0.038047485984221564,0.0,1,0,0
hybrid70_rate010,0.1,76,135,0.562962962962963,174,248,0.7016129032258065,0.4718972147721439,0.18548387096774194,0.2526664873441332,0.038237933764234185,0.0,1,0,0
hybrid70_rate015,0.15,88,135,0.6518518518518519,186,248,0.75,0.48716566654520554,0.1814516129032258,0.17206233184362646,0.029939389719918837,0.0,1,0,0
hybrid70_rate020,0.2,84,135,0.6222222222222222,187,248,0.7540322580645161,0.4978864883681488,0.20161290322580644,0.2832570329841692,0.03746143930440303,0.0,1,0,0
hybrid70_rate030,0.3,93,135,0.6888888888888889,196,248,0.7903225806451613,0.5127380129518552,0.20161290322580644,0.32644095347536495,0.03862065678823274,0.0,1,0,0
hybrid70_rate040,0.4,97,135,0.7185185185185186,202,248,0.8145161290322581,0.5399217553286833,0.21774193548387097,0.2654534874273231,0.03149377600348089,0.0,1,0,0
hybrid70_rate050,0.5,104,135,0.7703703703703704,211,248,0.8508064516129032,0.5475189322649195,0.2217741935483871,0.2070769782564603,0.026241378796228673,0.0,1,0,0
