label,finished,main_correct,main_total,main_acc,sub_correct,sub_total,sub_acc,avg_f1,avg_em,traceback,blend_calls
beta0_kv_0_25,True,17,21,0.8095238095238095,33,38,0.868421052631579,0.5401458600854478,0.23684210526315788,0,0
beta0p25_kv_0_25,False,1,1,1.0,1,1,1.0,0.23529411764705882,0.0,0,1
beta0p5_kv_0_25,False,1,1,1.0,1,1,1.0,0.23529411764705882,0.0,0,1
beta0p75_kv_0_25,False,1,1,1.0,1,1,1.0,0.23529411764705882,0.0,0,1
beta1p0_kv_0_25,False,1,1,1.0,1,1,1.0,0.23529411764705882,0.0,0,1
