{"example_id": 0, "sub_q_idx": 0, "method": "FusionRAG", "reprocess_method": "FusionRAG", "rate": 0.15, "system_len": 792, "passages_len": [792, 50, 92, 76, 98, 52, 214, 121, 301, 84, 83, 50, 92, 34], "chunk_ids": [0, 1, 2, 3, 4, 5, 6, 7, 8, 9, 10, 1, 2], "selected_abs": [842, 843, 844, 845, 846, 847, 860, 873, 885, 888, 889, 907, 908, 910, 914, 917, 919, 933, 934, 935, 936, 937, 938, 939, 940, 941, 942, 964, 979, 980, 981, 982, 988, 993, 994, 999, 1005, 1006, 1009, 1010, 1011, 1012, 1016, 1017, 1018, 1021, 1033, 1038, 1049, 1081, 1097, 1100, 1107, 1108, 1109, 1110, 1111, 1113, 1114, 1115, 1116, 1126, 1131, 1132, 1137, 1140, 1147, 1148, 1150, 1154, 1155, 1156, 1157, 1158, 1159, 1160, 1161, 1181, 1265, 1280, 1304, 1305, 1313, 1314, 1356, 1373, 1374, 1375, 1376, 1377, 1382, 1385, 1417, 1427, 1428, 1429, 1467, 1478, 1487, 1489, 1491, 1494, 1495, 1496, 1551, 1595, 1662, 1685, 1695, 1727, 1735, 1746, 1789, 1795, 1796, 1797, 1798, 1799, 1800, 1801, 1804, 1832, 1843, 1845, 1846, 1847, 1851, 1860, 1862, 1866, 1876, 1879, 1880, 1881, 1882, 1883, 1885, 1890, 1897, 1899, 1900, 1903, 1904, 1907, 1908, 1926, 1943, 1944, 1962, 1963, 1964, 1965, 1966, 1967, 1968, 1969, 1970, 1971, 1973, 1974, 1975, 1978, 1979, 1980, 1982, 1986, 1991, 1992, 1994, 1995, 1996, 1998, 2000, 2003, 2005, 2007, 2008, 2012, 2013, 2014, 2015, 2016, 2017, 2018, 2031, 2044, 2056, 2059, 2060, 2078, 2079, 2081, 2085, 2088, 2090, 2104, 2105, 2106, 2107, 2108, 2109, 2110, 2111, 2112, 2113, 2114, 2115, 2116, 2117, 2118, 2119, 2120, 2121, 2122, 2123, 2124, 2125, 2126, 2127, 2128, 2129, 2130, 2131, 2132, 2133, 2134, 2135, 2136, 2137, 2138], "selected_count": 230, "selection_time": 0.70056182006374, "selection_score_forward_time": 0.6779418210498989}