{"example_id": 1, "sub_q_idx": 0, "method": "FusionRAG", "reprocess_method": "FusionRAG", "rate": 0.15, "system_len": 792, "passages_len": [792, 90, 85, 130, 86, 135, 217, 56, 216, 113, 77, 90, 32], "chunk_ids": [0, 1, 2, 3, 4, 5, 6, 7, 8, 9, 10, 1], "selected_abs": [842, 843, 844, 845, 846, 847, 860, 873, 882, 883, 884, 898, 915, 922, 923, 936, 941, 953, 962, 966, 967, 968, 969, 970, 971, 977, 984, 1006, 1015, 1041, 1088, 1089, 1095, 1096, 1097, 1098, 1099, 1100, 1101, 1105, 1112, 1113, 1122, 1133, 1136, 1138, 1142, 1143, 1144, 1145, 1151, 1182, 1183, 1184, 1185, 1186, 1195, 1196, 1197, 1204, 1234, 1238, 1274, 1275, 1278, 1279, 1295, 1313, 1316, 1317, 1318, 1319, 1321, 1331, 1378, 1379, 1400, 1413, 1414, 1468, 1470, 1489, 1490, 1492, 1493, 1494, 1504, 1532, 1533, 1534, 1535, 1536, 1537, 1538, 1539, 1540, 1541, 1542, 1543, 1544, 1545, 1552, 1553, 1554, 1555, 1556, 1558, 1559, 1560, 1562, 1567, 1568, 1569, 1573, 1575, 1577, 1579, 1583, 1587, 1588, 1589, 1590, 1591, 1592, 1593, 1594, 1605, 1606, 1626, 1627, 1632, 1633, 1674, 1769, 1786, 1789, 1803, 1805, 1806, 1807, 1808, 1809, 1814, 1815, 1839, 1856, 1860, 1875, 1876, 1881, 1889, 1896, 1897, 1899, 1905, 1906, 1912, 1918, 1919, 1920, 1921, 1922, 1923, 1945, 1946, 1949, 1954, 1955, 1963, 1964, 1969, 1970, 1975, 1976, 1996, 1997, 1998, 1999, 2000, 2001, 2006, 2010, 2012, 2031, 2032, 2045, 2046, 2047, 2057, 2058, 2065, 2071, 2075, 2086, 2087, 2088, 2089, 2090, 2091, 2092, 2093, 2094, 2095, 2096, 2097, 2098, 2099, 2100, 2101, 2102, 2103, 2104, 2105, 2106, 2107, 2108, 2109, 2110, 2111, 2112, 2113, 2114, 2115, 2116, 2117, 2118], "selected_count": 226, "selection_time": 0.40744956489652395, "selection_score_forward_time": 0.40661286702379584}