run,rows,avg_f1,avg_em,delta_f1_vs_importance,delta_em_vs_importance
importance_strict_kv_rate0.15,250,0.4959501941441536,0.216,0.0,0.0
oracle_value_delta_rate0.15,250,0.45813876967305067,0.192,-0.03781142447110292,-0.023999999999999994
oracle_key_delta_rate0.15,250,0.45393950585595155,0.172,-0.042010688288202036,-0.04400000000000001
oracle_kv_delta_rate0.15,250,0.4492882955395107,0.172,-0.04666189860464287,-0.04400000000000001
true_rate0_no_doc_recompute,250,0.4509989229931988,0.16,-0.044951271150954764,-0.055999999999999994
