selector,count,em_mean,reprocess_prefill_time_mean,rouge1_mean,selected_doc_tokens_mean,selection_time_mean,storage_time_mean,ttft_mean,wall_time_mean
online_fusionrag_qk,20,0.2,0.23737016473896802,0.2434482742631629,1103.2,0.11357042731251568,0.06038677915930748,0.41132737121079116,1.569997013336979
offline_qk_freq,20,0.2,0.21525352119933813,0.24921568455181467,1098.6,0.0,0.05678724623285234,0.27204076743219047,1.9659250350901858
offline_qk_mean,20,0.2,0.21475164142902942,0.2493306270767519,1098.6,0.0,0.056950916559435426,0.2717025579884648,1.7376217833720147
offline_draft_freq,20,0.2,0.21485954739619045,0.24921568455181467,1098.6,0.0,0.05671703999396414,0.2715765873901546,1.975701812771149
offline_draft_mean,20,0.2,0.2149524430045858,0.24588235135737024,1098.6,0.0,0.057286346517503264,0.2722387895220891,1.8221420405898243
position_boundary,20,0.15,0.2151232539443299,0.18702293512888213,1098.6,0.0,0.05639569575432688,0.2715189496986568,1.8580803586868568
position_tail,20,0.2,0.216298248548992,0.2419079924206115,1098.6,0.0,0.05638621635735035,0.27268446490634235,2.002711918996647
random_chunk,20,0.2,0.2155794707359746,0.22588235159737025,1098.6,0.0,0.05671059188898653,0.27229006262496114,1.77357672767248
