split,val_jaccard_r0p05,val_jaccard_r0p1,val_jaccard_r0p15,val_jaccard_r0p3,val_kl,val_recall_r0p05,val_recall_r0p1,val_recall_r0p15,val_recall_r0p3
wiki,0.2632556539852989,0.3216346164735694,0.3679143642239728,0.428696752215186,0.008287540210038424,0.4096315789473695,0.4811789473684214,0.5326877192982457,0.5966452173913035
musique,0.2538321458770225,0.23674025943700702,0.2356885757206755,0.28817257841290045,0.010716896253998262,0.38127290227643973,0.36953787843579244,0.3732435485523549,0.4399708168417219
