{"example_id": 179, "sub_q_idx": 1, "method": "DraftModel", "reprocess_method": "DraftModel", "rate": 0.15, "system_len": 792, "passages_len": [792, 78, 34, 159, 108, 115, 59, 122, 66, 69, 113, 108, 78, 34, 30], "chunk_ids": [0, 11, 12, 3, 1, 5, 13, 14, 15, 16, 17, 1, 11, 12], "selected_abs": [792, 793, 794, 795, 796, 797, 798, 799, 800, 801, 802, 815, 816, 817, 818, 819, 820, 821, 822, 852, 853, 854, 869, 870, 871, 872, 873, 891, 900, 901, 902, 903, 904, 905, 906, 907, 925, 926, 1062, 1063, 1064, 1065, 1066, 1067, 1068, 1069, 1070, 1071, 1072, 1073, 1074, 1075, 1076, 1077, 1078, 1079, 1080, 1081, 1082, 1083, 1084, 1085, 1087, 1088, 1089, 1091, 1092, 1093, 1094, 1095, 1096, 1097, 1119, 1120, 1121, 1170, 1171, 1172, 1173, 1174, 1192, 1193, 1285, 1286, 1287, 1288, 1307, 1308, 1309, 1310, 1311, 1315, 1344, 1345, 1346, 1347, 1348, 1374, 1375, 1376, 1377, 1465, 1466, 1467, 1468, 1469, 1470, 1471, 1472, 1473, 1474, 1475, 1532, 1533, 1534, 1535, 1536, 1537, 1552, 1553, 1554, 1555, 1556, 1557, 1558, 1564, 1574, 1581, 1589, 1590, 1591, 1592, 1600, 1601, 1602, 1603, 1604, 1605, 1606, 1607, 1608, 1609, 1610, 1620, 1621, 1622, 1623, 1624, 1625, 1626, 1630, 1631, 1632, 1633, 1634, 1635, 1636, 1637, 1638, 1639, 1640, 1641, 1642, 1643, 1661, 1662, 1663, 1664, 1686, 1687, 1688, 1689, 1690, 1691, 1692, 1693, 1694, 1695, 1696, 1697, 1698, 1699, 1700, 1701, 1702, 1703, 1704, 1705, 1706, 1707, 1708, 1709, 1710, 1711, 1712, 1713, 1714, 1715, 1716, 1717, 1718, 1719, 1720, 1721, 1722, 1723, 1724, 1725, 1726, 1727, 1728, 1729, 1730, 1731, 1732, 1733, 1734, 1735, 1736, 1737, 1738, 1739, 1740, 1741, 1743, 1744, 1745, 1746, 1747, 1748, 1749, 1751, 1760, 1771, 1772, 1773, 1791, 1793, 1798, 1822, 1823, 1824, 1825, 1826, 1827, 1828, 1829, 1830, 1831, 1832, 1833, 1840, 1841, 1842, 1846, 1847, 1848, 1849, 1850, 1851, 1852, 1853, 1855, 1856, 1864, 1871, 1873, 1874, 1879, 1881, 1883, 1884, 1885, 1886, 1887, 1890, 1894, 1895, 1900, 1901, 1902, 1903, 1904, 1905, 1906, 1907, 1908, 1909, 1910, 1911, 1912, 1913, 1914, 1915, 1916, 1917, 1918, 1919, 1920, 1921, 1922, 1923, 1924, 1925, 1926, 1927, 1928, 1929, 1930, 1931, 1932, 1933, 1934, 1935, 1936, 1937, 1938, 1939, 1940, 1941, 1942, 1943, 1944, 1945, 1946, 1947, 1948, 1949, 1950, 1951, 1952, 1953, 1954, 1955, 1956, 1957, 1958, 1959, 1960, 1961, 1962, 1963, 1964], "selected_count": 343, "selection_time": 0.01829812998767011, "selection_score_forward_time": 0.01794587599579245}