{"example_id": 180, "sub_q_idx": 0, "method": "DraftModel", "reprocess_method": "DraftModel", "rate": 0.15, "system_len": 792, "passages_len": [792, 115, 159, 108, 322, 160, 114, 208, 60, 126, 178, 25], "chunk_ids": [0, 1, 2, 3, 4, 5, 6, 7, 8, 9, 10], "selected_abs": [792, 793, 794, 795, 796, 797, 798, 799, 800, 801, 802, 803, 804, 805, 806, 807, 808, 809, 810, 811, 812, 813, 814, 819, 820, 821, 822, 823, 824, 825, 826, 862, 863, 864, 906, 907, 908, 909, 913, 914, 915, 919, 928, 937, 956, 957, 958, 1003, 1021, 1061, 1065, 1066, 1067, 1068, 1069, 1070, 1071, 1081, 1173, 1174, 1175, 1176, 1177, 1178, 1179, 1180, 1274, 1275, 1457, 1458, 1494, 1495, 1496, 1497, 1498, 1499, 1500, 1501, 1502, 1504, 1508, 1509, 1510, 1512, 1513, 1514, 1515, 1637, 1638, 1655, 1656, 1657, 1658, 1659, 1670, 1671, 1672, 1673, 1674, 1675, 1676, 1677, 1678, 1768, 1769, 1770, 1771, 1772, 1773, 1774, 1775, 1776, 1777, 1778, 1779, 1780, 1781, 1805, 1807, 1846, 1858, 1977, 1978, 1979, 1980, 1981, 1982, 1983, 1984, 1985, 1986, 2007, 2008, 2032, 2037, 2038, 2039, 2040, 2042, 2046, 2047, 2048, 2055, 2057, 2065, 2094, 2098, 2134, 2140, 2155, 2160, 2162, 2163, 2164, 2165, 2166, 2167, 2169, 2170, 2171, 2172, 2173, 2174, 2175, 2176, 2189, 2192, 2200, 2205, 2210, 2211, 2216, 2221, 2223, 2227, 2236, 2239, 2240, 2245, 2247, 2255, 2256, 2265, 2266, 2270, 2274, 2275, 2276, 2278, 2279, 2282, 2287, 2288, 2289, 2300, 2303, 2307, 2311, 2312, 2314, 2315, 2316, 2318, 2324, 2326, 2327, 2331, 2332, 2333, 2334, 2335, 2336, 2337, 2338, 2339, 2340, 2341, 2342, 2343, 2344, 2345, 2346, 2347, 2348, 2349, 2350, 2351, 2352, 2353, 2354, 2355, 2356, 2357, 2358, 2359, 2360, 2361, 2362, 2363, 2364, 2365, 2366], "selected_count": 242, "selection_time": 0.019924257998354733, "selection_score_forward_time": 0.019574122998164967}