{"example_id": 183, "sub_q_idx": 0, "method": "DraftModel", "reprocess_method": "DraftModel", "rate": 0.15, "system_len": 792, "passages_len": [792, 331, 133, 162, 184, 81, 173, 127, 112, 139, 152, 27], "chunk_ids": [0, 1, 2, 3, 4, 5, 6, 7, 8, 9, 10], "selected_abs": [792, 793, 794, 795, 796, 797, 798, 799, 800, 801, 802, 803, 804, 805, 806, 807, 808, 809, 833, 834, 835, 836, 837, 838, 839, 840, 841, 850, 851, 852, 853, 877, 878, 879, 880, 961, 1006, 1007, 1063, 1122, 1123, 1124, 1125, 1126, 1130, 1131, 1132, 1133, 1134, 1136, 1165, 1181, 1182, 1183, 1231, 1255, 1256, 1257, 1258, 1259, 1260, 1261, 1262, 1263, 1264, 1416, 1417, 1418, 1419, 1420, 1421, 1422, 1423, 1424, 1601, 1602, 1603, 1604, 1605, 1606, 1607, 1608, 1609, 1613, 1614, 1615, 1616, 1617, 1618, 1619, 1620, 1621, 1622, 1627, 1628, 1629, 1657, 1662, 1678, 1679, 1680, 1681, 1682, 1683, 1684, 1685, 1686, 1687, 1688, 1689, 1693, 1694, 1695, 1725, 1855, 1856, 1857, 1858, 1859, 1860, 1861, 1862, 1863, 1870, 1871, 1872, 1909, 1917, 1949, 1971, 1977, 1982, 1983, 1984, 1985, 1986, 1987, 1989, 1990, 1991, 1992, 1993, 1995, 1997, 1998, 2007, 2008, 2009, 2010, 2011, 2013, 2020, 2031, 2057, 2058, 2059, 2061, 2069, 2071, 2078, 2094, 2095, 2096, 2097, 2098, 2099, 2102, 2119, 2120, 2121, 2123, 2172, 2215, 2233, 2234, 2235, 2236, 2237, 2238, 2239, 2240, 2243, 2244, 2251, 2252, 2253, 2254, 2255, 2267, 2269, 2275, 2280, 2283, 2284, 2285, 2286, 2287, 2288, 2289, 2310, 2314, 2323, 2324, 2328, 2329, 2335, 2340, 2342, 2344, 2348, 2351, 2352, 2353, 2354, 2356, 2357, 2362, 2363, 2366, 2367, 2369, 2371, 2375, 2376, 2377, 2378, 2379, 2380, 2381, 2382, 2383, 2384, 2385, 2386, 2387, 2388, 2389, 2390, 2391, 2392, 2393, 2394, 2395, 2396, 2397, 2398, 2399, 2400, 2401, 2402, 2403, 2404, 2405, 2406, 2407, 2408, 2409, 2410, 2411, 2412], "selected_count": 260, "selection_time": 0.019521654001437128, "selection_score_forward_time": 0.01917299098568037}