{"example_id": 179, "sub_q_idx": 0, "method": "DraftModel", "reprocess_method": "DraftModel", "rate": 0.15, "system_len": 792, "passages_len": [792, 108, 97, 159, 91, 115, 102, 42, 126, 96, 130, 28], "chunk_ids": [0, 1, 2, 3, 4, 5, 6, 7, 8, 9, 10], "selected_abs": [792, 793, 794, 795, 796, 797, 798, 799, 800, 801, 802, 803, 804, 805, 806, 807, 808, 809, 810, 811, 812, 813, 814, 816, 817, 818, 820, 821, 822, 823, 824, 825, 826, 848, 849, 850, 899, 900, 901, 902, 903, 905, 907, 908, 909, 910, 911, 912, 967, 982, 996, 997, 998, 999, 1000, 1155, 1156, 1157, 1158, 1159, 1160, 1161, 1165, 1181, 1182, 1183, 1184, 1185, 1186, 1242, 1246, 1247, 1248, 1249, 1250, 1361, 1362, 1363, 1364, 1365, 1389, 1391, 1463, 1464, 1465, 1466, 1467, 1474, 1475, 1491, 1499, 1504, 1505, 1506, 1507, 1514, 1515, 1516, 1533, 1566, 1630, 1631, 1632, 1633, 1634, 1637, 1641, 1642, 1654, 1659, 1727, 1728, 1729, 1730, 1731, 1735, 1739, 1748, 1750, 1754, 1757, 1758, 1780, 1784, 1788, 1791, 1797, 1798, 1802, 1805, 1811, 1813, 1815, 1823, 1825, 1828, 1829, 1830, 1832, 1834, 1835, 1841, 1845, 1846, 1848, 1850, 1851, 1852, 1853, 1854, 1855, 1856, 1857, 1858, 1859, 1860, 1861, 1862, 1863, 1864, 1865, 1866, 1867, 1868, 1869, 1870, 1871, 1872, 1873, 1874, 1875, 1876, 1877, 1878, 1879, 1880, 1881, 1882, 1883, 1884, 1885], "selected_count": 181, "selection_time": 0.017583493987331167, "selection_score_forward_time": 0.017279944993788376}