{"example_id": 178, "sub_q_idx": 0, "method": "DraftModel", "reprocess_method": "DraftModel", "rate": 0.15, "system_len": 792, "passages_len": [792, 41, 118, 56, 92, 178, 36, 79, 281, 52, 192, 29], "chunk_ids": [0, 1, 2, 3, 4, 5, 6, 7, 8, 9, 10], "selected_abs": [792, 793, 794, 795, 796, 797, 798, 799, 800, 802, 803, 804, 805, 806, 807, 808, 810, 811, 812, 813, 814, 815, 816, 831, 832, 833, 834, 835, 836, 837, 838, 839, 841, 896, 902, 904, 905, 950, 951, 952, 953, 954, 955, 956, 958, 971, 1006, 1007, 1008, 1009, 1010, 1012, 1016, 1018, 1098, 1099, 1100, 1101, 1102, 1104, 1106, 1107, 1108, 1109, 1110, 1111, 1112, 1186, 1206, 1222, 1223, 1224, 1276, 1277, 1278, 1279, 1280, 1311, 1312, 1313, 1314, 1315, 1316, 1320, 1377, 1391, 1392, 1393, 1394, 1395, 1401, 1526, 1535, 1536, 1633, 1672, 1673, 1674, 1675, 1676, 1677, 1678, 1679, 1680, 1681, 1704, 1705, 1724, 1725, 1726, 1727, 1728, 1729, 1730, 1731, 1732, 1733, 1750, 1766, 1776, 1785, 1786, 1787, 1805, 1812, 1815, 1816, 1821, 1822, 1824, 1826, 1844, 1849, 1862, 1869, 1875, 1879, 1884, 1885, 1888, 1889, 1890, 1891, 1892, 1893, 1894, 1895, 1896, 1897, 1898, 1899, 1900, 1903, 1904, 1905, 1907, 1908, 1909, 1914, 1915, 1916, 1917, 1918, 1919, 1920, 1921, 1922, 1923, 1924, 1925, 1926, 1927, 1928, 1929, 1930, 1931, 1932, 1933, 1934, 1935, 1936, 1937, 1938, 1939, 1940, 1941, 1942, 1943, 1944, 1945], "selected_count": 190, "selection_time": 0.018262526980834082, "selection_score_forward_time": 0.017947557993466035}