epoch,musique_val_jaccard_r0p05,musique_val_jaccard_r0p1,musique_val_jaccard_r0p15,musique_val_jaccard_r0p3,musique_val_kl,musique_val_recall_r0p05,musique_val_recall_r0p1,musique_val_recall_r0p15,musique_val_recall_r0p3,train_loss,wiki_val_jaccard_r0p05,wiki_val_jaccard_r0p1,wiki_val_jaccard_r0p15,wiki_val_jaccard_r0p3,wiki_val_kl,wiki_val_recall_r0p05,wiki_val_recall_r0p1,wiki_val_recall_r0p15,wiki_val_recall_r0p3
0,0.35130645029233565,0.3179785748912348,0.3280097384818533,0.3885866746330795,0.010117989419585596,0.4990384204129095,0.47244736912798263,0.48708330335664496,0.5543358258674445,0.0,0.43300792797560045,0.44572375764602656,0.45707865832865835,0.49355814877233606,0.007687128148972988,0.5855263157894737,0.6118421052631579,0.625,0.6597826086956522
1,0.3500490045391521,0.31899948304060566,0.32833404503847363,0.38847212800170594,0.010118191031208874,0.4981417420709756,0.4735161172270804,0.48744659760150355,0.5541754033629961,0.2859908752143383,0.4388576816701817,0.4389726434072276,0.45971657021314555,0.49355814877233606,0.007685602642595768,0.5921052631578947,0.6052631578947368,0.6271929824561403,0.6597826086956522
