{"example_id": 128, "sub_q_idx": 0, "method": "DraftModel", "reprocess_method": "DraftModel", "rate": 0.1, "system_len": 792, "passages_len": [792, 72, 123, 207, 130, 102, 252, 95, 122, 208, 163, 72, 123, 30], "chunk_ids": [0, 1, 2, 3, 4, 5, 6, 7, 8, 9, 10, 1, 2], "selected_abs": [792, 793, 794, 795, 796, 797, 798, 799, 800, 801, 802, 803, 804, 805, 806, 807, 808, 809, 810, 811, 812, 813, 814, 845, 862, 863, 864, 865, 866, 867, 868, 869, 870, 871, 873, 874, 875, 876, 877, 878, 879, 880, 882, 883, 884, 887, 904, 905, 906, 907, 908, 911, 918, 924, 925, 926, 928, 929, 959, 972, 973, 986, 987, 988, 989, 990, 994, 995, 996, 997, 1008, 1009, 1010, 1193, 1194, 1195, 1196, 1197, 1209, 1213, 1323, 1324, 1325, 1326, 1327, 1328, 1329, 1330, 1331, 1332, 1362, 1363, 1418, 1425, 1426, 1427, 1428, 1438, 1443, 1470, 1609, 1677, 1678, 1679, 1680, 1681, 1682, 1707, 1772, 1773, 1774, 1775, 1776, 1777, 1778, 1779, 1780, 1781, 1782, 1783, 1842, 1894, 1895, 1896, 1897, 1898, 1949, 2102, 2103, 2104, 2105, 2106, 2107, 2108, 2109, 2110, 2111, 2112, 2113, 2116, 2117, 2119, 2120, 2121, 2122, 2123, 2124, 2125, 2126, 2127, 2128, 2129, 2130, 2131, 2132, 2164, 2165, 2166, 2167, 2231, 2232, 2233, 2234, 2235, 2236, 2237, 2238, 2239, 2240, 2241, 2242, 2243, 2244, 2245, 2246, 2247, 2248, 2249, 2250, 2251, 2252, 2253, 2254, 2255, 2256, 2257, 2258, 2259, 2260, 2261, 2262, 2263, 2264, 2265, 2266, 2267, 2268, 2269, 2270, 2271, 2272, 2273, 2274, 2275, 2276, 2277, 2278, 2279, 2280, 2281, 2282, 2283, 2284, 2285, 2286, 2287, 2288, 2289, 2308, 2309, 2321, 2322, 2336, 2337, 2338, 2339, 2340, 2341, 2342, 2343, 2344, 2345, 2346, 2347, 2348, 2350, 2352, 2353, 2354, 2356, 2357, 2358, 2359, 2360, 2361, 2375, 2378, 2379, 2380, 2381, 2382, 2392, 2398, 2403, 2405, 2419, 2432, 2433, 2446, 2447, 2455, 2456, 2459, 2460, 2461, 2462, 2463, 2464, 2465, 2466, 2467, 2468, 2469, 2470, 2471, 2472, 2473, 2474, 2475, 2476, 2477, 2478, 2479, 2480, 2481, 2482, 2483, 2484, 2485, 2486, 2487, 2488, 2489, 2490], "selected_count": 294, "selection_time": 0.1526976370078046, "selection_score_forward_time": 0.15232244099024683}