{"example_id": 130, "sub_q_idx": 1, "method": "DraftModel", "reprocess_method": "DraftModel", "rate": 0.1, "system_len": 792, "passages_len": [792, 78, 71, 360, 66, 124, 212, 111, 107, 71, 134, 66, 78, 29], "chunk_ids": [0, 2, 11, 12, 1, 3, 13, 7, 4, 14, 15, 1, 2], "selected_abs": [792, 793, 794, 795, 796, 797, 798, 801, 802, 805, 806, 807, 808, 810, 811, 812, 813, 814, 818, 828, 855, 868, 869, 870, 871, 872, 873, 875, 876, 877, 940, 941, 942, 943, 972, 1017, 1300, 1301, 1302, 1303, 1304, 1305, 1306, 1307, 1308, 1309, 1310, 1311, 1312, 1313, 1314, 1317, 1318, 1319, 1320, 1321, 1322, 1324, 1326, 1327, 1328, 1332, 1357, 1365, 1366, 1367, 1368, 1369, 1377, 1462, 1486, 1490, 1491, 1492, 1493, 1494, 1495, 1496, 1497, 1498, 1499, 1515, 1516, 1645, 1702, 1703, 1704, 1705, 1706, 1709, 1714, 1720, 1809, 1813, 1814, 1815, 1816, 1916, 1920, 1921, 1922, 1923, 1924, 1925, 1926, 1927, 1928, 1929, 1930, 1931, 1932, 1933, 1934, 1953, 1954, 1955, 1956, 1957, 1958, 1991, 1992, 1993, 1994, 1995, 1996, 1997, 1998, 1999, 2000, 2001, 2002, 2003, 2004, 2005, 2006, 2007, 2008, 2023, 2024, 2025, 2026, 2027, 2028, 2029, 2030, 2031, 2041, 2042, 2043, 2044, 2060, 2061, 2062, 2063, 2065, 2066, 2067, 2088, 2089, 2090, 2091, 2092, 2093, 2094, 2095, 2096, 2097, 2098, 2099, 2100, 2101, 2102, 2103, 2104, 2105, 2106, 2107, 2108, 2109, 2110, 2111, 2112, 2113, 2114, 2115, 2116, 2117, 2118, 2119, 2120, 2121, 2122, 2123, 2124, 2125, 2126, 2127, 2128, 2129, 2130, 2131, 2132, 2133, 2134, 2135, 2136, 2137, 2138, 2139, 2140, 2141, 2142, 2143, 2144, 2145, 2146, 2147, 2149, 2151, 2152, 2153, 2157, 2162, 2164, 2181, 2182, 2187, 2188, 2189, 2190, 2191, 2192, 2193, 2194, 2195, 2196, 2197, 2198, 2199, 2200, 2201, 2202, 2203, 2205, 2206, 2207, 2208, 2209, 2210, 2211, 2212, 2213, 2214, 2216, 2217, 2218, 2222, 2235, 2236, 2245, 2246, 2247, 2254, 2255, 2257, 2261, 2262, 2263, 2264, 2266, 2268, 2269, 2270, 2271, 2272, 2273, 2274, 2275, 2276, 2277, 2278, 2279, 2280, 2281, 2282, 2283, 2284, 2285, 2286, 2287, 2288, 2289, 2290, 2291, 2292, 2293, 2294, 2295, 2296, 2297, 2298], "selected_count": 301, "selection_time": 0.13420353599940427, "selection_score_forward_time": 0.13383472998975776}