{"example_id": 142, "sub_q_idx": 0, "method": "DraftModel", "reprocess_method": "DraftModel", "rate": 0.1, "system_len": 792, "passages_len": [792, 263, 140, 213, 162, 72, 146, 204, 233, 202, 155, 31], "chunk_ids": [0, 1, 2, 3, 4, 5, 6, 7, 8, 9, 10], "selected_abs": [792, 793, 794, 795, 796, 797, 798, 799, 800, 801, 805, 806, 807, 808, 809, 810, 827, 828, 829, 830, 831, 832, 833, 835, 836, 837, 839, 840, 841, 843, 847, 848, 856, 862, 863, 867, 870, 893, 914, 915, 916, 917, 970, 989, 1006, 1007, 1012, 1014, 1028, 1053, 1054, 1055, 1056, 1057, 1058, 1059, 1060, 1061, 1062, 1063, 1065, 1072, 1114, 1129, 1194, 1195, 1196, 1197, 1198, 1199, 1200, 1201, 1203, 1204, 1216, 1223, 1225, 1226, 1227, 1240, 1244, 1246, 1333, 1407, 1408, 1409, 1410, 1411, 1412, 1413, 1414, 1415, 1416, 1420, 1421, 1447, 1454, 1456, 1457, 1458, 1459, 1460, 1480, 1569, 1570, 1571, 1572, 1573, 1574, 1575, 1576, 1577, 1580, 1581, 1598, 1599, 1600, 1601, 1602, 1629, 1641, 1642, 1643, 1644, 1645, 1646, 1647, 1648, 1651, 1653, 1691, 1695, 1705, 1706, 1730, 1732, 1787, 1788, 1789, 1790, 1791, 1792, 1793, 1794, 1795, 1796, 1797, 1801, 1814, 1836, 1931, 1932, 1934, 1991, 1992, 1993, 1994, 1995, 1996, 1997, 1998, 2133, 2140, 2224, 2225, 2226, 2227, 2228, 2229, 2230, 2231, 2232, 2233, 2234, 2235, 2244, 2245, 2246, 2247, 2248, 2249, 2250, 2252, 2253, 2254, 2259, 2315, 2324, 2329, 2330, 2410, 2411, 2426, 2427, 2428, 2429, 2430, 2431, 2432, 2433, 2434, 2440, 2441, 2451, 2487, 2488, 2498, 2499, 2501, 2540, 2559, 2581, 2582, 2583, 2584, 2585, 2586, 2587, 2588, 2589, 2590, 2591, 2592, 2593, 2594, 2595, 2596, 2597, 2598, 2599, 2600, 2601, 2602, 2603, 2604, 2605, 2606, 2607, 2608, 2609, 2610, 2611, 2612], "selected_count": 243, "selection_time": 0.16320720699150115, "selection_score_forward_time": 0.16279914099141024}