{"example_id": 143, "sub_q_idx": 0, "method": "DraftModel", "reprocess_method": "DraftModel", "rate": 0.1, "system_len": 792, "passages_len": [792, 209, 44, 107, 63, 159, 184, 257, 83, 94, 92, 26], "chunk_ids": [0, 1, 2, 3, 4, 5, 6, 7, 8, 9, 10], "selected_abs": [792, 793, 794, 795, 796, 797, 798, 799, 800, 801, 804, 805, 816, 817, 837, 862, 872, 895, 907, 941, 1000, 1001, 1002, 1003, 1004, 1005, 1006, 1007, 1008, 1009, 1010, 1011, 1012, 1013, 1014, 1016, 1018, 1019, 1020, 1021, 1022, 1023, 1024, 1025, 1026, 1027, 1028, 1033, 1039, 1044, 1045, 1046, 1047, 1048, 1049, 1050, 1057, 1107, 1111, 1117, 1137, 1151, 1152, 1153, 1154, 1155, 1157, 1161, 1162, 1190, 1191, 1192, 1210, 1214, 1215, 1216, 1217, 1218, 1220, 1221, 1237, 1238, 1239, 1243, 1253, 1258, 1312, 1343, 1373, 1374, 1375, 1376, 1377, 1378, 1379, 1382, 1515, 1516, 1517, 1518, 1519, 1520, 1557, 1558, 1559, 1560, 1561, 1562, 1563, 1564, 1702, 1740, 1810, 1814, 1815, 1816, 1817, 1818, 1819, 1820, 1821, 1836, 1897, 1898, 1899, 1900, 1901, 1902, 1903, 1905, 1922, 1991, 1992, 1993, 1994, 1995, 1996, 1997, 1998, 1999, 2000, 2003, 2004, 2005, 2007, 2024, 2025, 2028, 2041, 2078, 2083, 2084, 2085, 2086, 2087, 2088, 2089, 2090, 2091, 2092, 2093, 2094, 2095, 2096, 2097, 2098, 2099, 2100, 2101, 2102, 2103, 2104, 2105, 2106, 2107, 2108, 2109], "selected_count": 177, "selection_time": 0.12809924097382464, "selection_score_forward_time": 0.12765809299889952}