{"example_id": 136, "sub_q_idx": 0, "method": "DraftModel", "reprocess_method": "DraftModel", "rate": 0.1, "system_len": 792, "passages_len": [792, 88, 133, 59, 63, 37, 73, 59, 57, 51, 172, 29], "chunk_ids": [0, 1, 2, 3, 4, 5, 6, 7, 8, 9, 10], "selected_abs": [792, 793, 794, 795, 796, 797, 798, 799, 800, 801, 802, 803, 804, 805, 807, 808, 809, 810, 814, 815, 816, 817, 818, 819, 820, 821, 822, 823, 824, 825, 826, 828, 831, 832, 834, 842, 879, 880, 881, 882, 883, 887, 888, 889, 890, 892, 898, 899, 904, 1012, 1013, 1014, 1015, 1016, 1021, 1022, 1030, 1040, 1047, 1071, 1072, 1073, 1074, 1075, 1076, 1077, 1078, 1094, 1130, 1134, 1135, 1136, 1137, 1138, 1139, 1140, 1150, 1171, 1172, 1248, 1260, 1306, 1311, 1313, 1322, 1332, 1360, 1363, 1368, 1411, 1412, 1413, 1414, 1415, 1416, 1417, 1418, 1419, 1420, 1457, 1459, 1479, 1570, 1583, 1584, 1585, 1586, 1587, 1588, 1589, 1590, 1591, 1592, 1593, 1594, 1595, 1596, 1597, 1598, 1599, 1600, 1601, 1602, 1603, 1604, 1605, 1606, 1607, 1608, 1609, 1610, 1611, 1612], "selected_count": 133, "selection_time": 0.10080346898757853, "selection_score_forward_time": 0.10045049799373373}