{"example_id": 126, "sub_q_idx": 0, "method": "DraftModel", "reprocess_method": "DraftModel", "rate": 0.1, "system_len": 792, "passages_len": [792, 204, 91, 102, 305, 84, 95, 96, 80, 87, 170, 30], "chunk_ids": [0, 1, 2, 3, 4, 5, 6, 7, 8, 9, 10], "selected_abs": [792, 793, 794, 795, 796, 797, 798, 799, 800, 801, 802, 803, 804, 805, 806, 807, 808, 809, 810, 811, 812, 816, 817, 826, 829, 830, 831, 832, 833, 834, 835, 836, 837, 839, 840, 847, 848, 860, 861, 862, 864, 866, 874, 877, 888, 892, 895, 978, 994, 995, 996, 997, 998, 999, 1004, 1005, 1006, 1007, 1013, 1014, 1015, 1017, 1019, 1022, 1023, 1034, 1076, 1085, 1086, 1087, 1088, 1089, 1090, 1100, 1137, 1150, 1152, 1155, 1188, 1189, 1190, 1191, 1193, 1208, 1237, 1239, 1449, 1493, 1494, 1495, 1496, 1497, 1498, 1499, 1500, 1504, 1514, 1517, 1518, 1519, 1520, 1521, 1559, 1561, 1562, 1564, 1577, 1578, 1579, 1580, 1592, 1601, 1672, 1673, 1674, 1675, 1676, 1678, 1768, 1769, 1770, 1771, 1776, 1777, 1778, 1779, 1795, 1831, 1848, 1849, 1850, 1851, 1852, 1854, 1855, 1935, 1936, 1937, 1938, 1950, 1965, 2105, 2106, 2107, 2108, 2109, 2110, 2111, 2112, 2113, 2114, 2115, 2116, 2117, 2118, 2119, 2120, 2121, 2122, 2123, 2124, 2125, 2126, 2127, 2128, 2129, 2130, 2131, 2132, 2133, 2134, 2135], "selected_count": 172, "selection_time": 0.12904664600500837, "selection_score_forward_time": 0.1286831650068052}