{"example_id": 131, "sub_q_idx": 0, "method": "DraftModel", "reprocess_method": "DraftModel", "rate": 0.1, "system_len": 792, "passages_len": [792, 115, 62, 118, 94, 66, 125, 134, 42, 115, 104, 28], "chunk_ids": [0, 1, 2, 3, 4, 5, 6, 7, 8, 9, 10], "selected_abs": [792, 793, 794, 795, 796, 797, 798, 799, 800, 801, 802, 806, 807, 808, 809, 810, 811, 813, 814, 815, 816, 817, 818, 819, 820, 821, 822, 832, 833, 834, 835, 836, 837, 839, 840, 841, 842, 843, 848, 849, 852, 853, 854, 855, 856, 857, 883, 888, 889, 890, 905, 906, 907, 908, 909, 910, 927, 968, 969, 970, 971, 972, 973, 974, 994, 1086, 1087, 1088, 1089, 1090, 1091, 1092, 1093, 1099, 1160, 1180, 1181, 1183, 1186, 1246, 1249, 1262, 1269, 1310, 1371, 1372, 1373, 1374, 1375, 1376, 1377, 1483, 1505, 1506, 1508, 1510, 1539, 1545, 1546, 1547, 1548, 1549, 1550, 1551, 1563, 1662, 1663, 1664, 1665, 1666, 1667, 1677, 1684, 1685, 1708, 1723, 1727, 1729, 1733, 1736, 1737, 1738, 1742, 1750, 1762, 1766, 1767, 1768, 1769, 1770, 1771, 1772, 1773, 1774, 1775, 1776, 1777, 1778, 1779, 1780, 1781, 1782, 1783, 1784, 1785, 1786, 1787, 1788, 1789, 1790, 1791, 1792, 1793, 1794], "selected_count": 154, "selection_time": 0.12013142398791388, "selection_score_forward_time": 0.11965007102116942}