{"example_id": 138, "sub_q_idx": 0, "method": "DraftModel", "reprocess_method": "DraftModel", "rate": 0.1, "system_len": 792, "passages_len": [792, 83, 83, 105, 245, 134, 161, 65, 296, 307, 87, 25], "chunk_ids": [0, 1, 2, 3, 4, 5, 6, 7, 8, 9, 10], "selected_abs": [792, 793, 794, 795, 796, 797, 798, 799, 800, 801, 802, 803, 804, 805, 806, 807, 808, 809, 810, 811, 812, 813, 814, 815, 817, 818, 819, 821, 824, 825, 826, 827, 828, 835, 846, 847, 849, 850, 852, 855, 856, 860, 861, 866, 867, 868, 871, 874, 875, 876, 877, 878, 879, 880, 882, 883, 885, 888, 889, 895, 898, 899, 900, 908, 918, 919, 956, 957, 958, 959, 960, 961, 962, 963, 971, 977, 995, 1011, 1015, 1059, 1062, 1063, 1064, 1065, 1066, 1067, 1068, 1069, 1083, 1090, 1095, 1096, 1100, 1154, 1307, 1308, 1309, 1310, 1311, 1312, 1313, 1314, 1315, 1316, 1317, 1318, 1319, 1320, 1321, 1323, 1346, 1351, 1405, 1441, 1442, 1443, 1444, 1445, 1446, 1450, 1451, 1455, 1481, 1509, 1534, 1602, 1603, 1604, 1605, 1606, 1667, 1668, 1669, 1670, 1671, 1673, 1674, 1963, 1964, 1965, 1966, 1967, 1969, 1970, 1971, 1977, 1978, 1983, 2019, 2028, 2071, 2113, 2166, 2223, 2270, 2271, 2272, 2273, 2274, 2275, 2276, 2277, 2278, 2279, 2281, 2282, 2283, 2284, 2285, 2286, 2288, 2289, 2290, 2301, 2302, 2303, 2311, 2329, 2335, 2342, 2343, 2357, 2358, 2359, 2360, 2361, 2362, 2363, 2364, 2365, 2366, 2367, 2368, 2369, 2370, 2371, 2372, 2373, 2374, 2375, 2376, 2377, 2378, 2379, 2380, 2381, 2382], "selected_count": 207, "selection_time": 0.13871648299391381, "selection_score_forward_time": 0.1383025500108488}