{"example_id": 149, "sub_q_idx": 0, "method": "DraftModel", "reprocess_method": "DraftModel", "rate": 0.1, "system_len": 792, "passages_len": [792, 180, 224, 116, 83, 116, 173, 155, 123, 314, 84, 224, 32], "chunk_ids": [0, 1, 2, 3, 4, 5, 6, 7, 8, 9, 10, 2], "selected_abs": [792, 793, 794, 795, 796, 797, 798, 799, 800, 801, 802, 803, 804, 805, 806, 807, 809, 810, 811, 814, 815, 821, 822, 825, 826, 827, 832, 846, 857, 867, 868, 869, 870, 871, 872, 896, 897, 914, 921, 944, 971, 972, 973, 974, 975, 976, 977, 978, 982, 996, 1004, 1011, 1067, 1094, 1111, 1140, 1195, 1196, 1197, 1198, 1199, 1200, 1256, 1257, 1258, 1261, 1270, 1273, 1274, 1275, 1289, 1309, 1310, 1311, 1312, 1313, 1314, 1315, 1316, 1317, 1318, 1319, 1320, 1321, 1322, 1324, 1338, 1342, 1358, 1359, 1394, 1395, 1396, 1397, 1398, 1399, 1400, 1401, 1402, 1405, 1436, 1510, 1511, 1512, 1513, 1514, 1516, 1517, 1518, 1519, 1524, 1525, 1529, 1537, 1605, 1632, 1683, 1684, 1685, 1686, 1687, 1688, 1689, 1690, 1691, 1709, 1720, 1758, 1817, 1827, 1838, 1839, 1840, 1841, 1842, 1843, 1844, 1845, 1846, 1847, 1849, 1960, 1961, 1962, 1963, 1964, 1965, 1966, 1968, 1969, 1971, 1972, 1973, 1974, 1975, 1976, 1977, 1985, 2066, 2067, 2114, 2160, 2163, 2164, 2177, 2197, 2198, 2275, 2276, 2277, 2278, 2279, 2280, 2281, 2282, 2283, 2284, 2285, 2286, 2287, 2288, 2289, 2290, 2291, 2292, 2293, 2294, 2295, 2296, 2297, 2298, 2299, 2300, 2301, 2302, 2303, 2304, 2305, 2309, 2310, 2311, 2312, 2313, 2314, 2315, 2316, 2317, 2318, 2320, 2321, 2322, 2323, 2324, 2325, 2346, 2349, 2350, 2351, 2352, 2353, 2354, 2355, 2356, 2357, 2358, 2359, 2360, 2361, 2362, 2363, 2364, 2365, 2366, 2367, 2368, 2369, 2370, 2371, 2378, 2384, 2392, 2399, 2402, 2418, 2449, 2455, 2481, 2482, 2499, 2528, 2574, 2582, 2583, 2584, 2585, 2586, 2587, 2588, 2589, 2590, 2591, 2592, 2593, 2594, 2595, 2596, 2597, 2598, 2599, 2600, 2601, 2602, 2603, 2604, 2605, 2606, 2607, 2608, 2609, 2610, 2611, 2612, 2613, 2614, 2615], "selected_count": 285, "selection_time": 0.16100344798178412, "selection_score_forward_time": 0.16057977700256743}