{"example_id": 146, "sub_q_idx": 0, "method": "DraftModel", "reprocess_method": "DraftModel", "rate": 0.1, "system_len": 792, "passages_len": [792, 86, 72, 53, 33, 52, 68, 73, 240, 130, 209, 27], "chunk_ids": [0, 1, 2, 3, 4, 5, 6, 7, 8, 9, 10], "selected_abs": [792, 793, 794, 795, 796, 797, 798, 799, 800, 801, 802, 803, 804, 805, 806, 807, 808, 809, 811, 812, 813, 814, 815, 816, 817, 818, 819, 820, 823, 824, 825, 826, 829, 834, 835, 839, 843, 857, 877, 878, 879, 880, 881, 882, 883, 884, 885, 886, 887, 897, 898, 899, 949, 950, 951, 952, 953, 954, 955, 956, 962, 972, 981, 1002, 1003, 1004, 1005, 1006, 1007, 1008, 1009, 1011, 1012, 1017, 1018, 1019, 1020, 1021, 1032, 1033, 1034, 1035, 1036, 1037, 1038, 1039, 1040, 1041, 1045, 1064, 1087, 1088, 1089, 1090, 1091, 1092, 1093, 1094, 1095, 1096, 1097, 1098, 1103, 1115, 1116, 1117, 1155, 1156, 1157, 1158, 1159, 1161, 1228, 1229, 1230, 1231, 1232, 1283, 1387, 1467, 1468, 1469, 1470, 1471, 1472, 1473, 1474, 1475, 1476, 1499, 1500, 1501, 1502, 1503, 1506, 1507, 1541, 1591, 1598, 1599, 1600, 1601, 1602, 1603, 1611, 1612, 1622, 1730, 1770, 1807, 1808, 1809, 1810, 1811, 1812, 1813, 1814, 1815, 1816, 1817, 1818, 1819, 1820, 1821, 1822, 1823, 1824, 1825, 1826, 1827, 1828, 1829, 1830, 1831, 1832, 1833, 1834], "selected_count": 177, "selection_time": 0.11946568501298316, "selection_score_forward_time": 0.11905987100908533}