{"example_id": 129, "sub_q_idx": 0, "method": "DraftModel", "reprocess_method": "DraftModel", "rate": 0.1, "system_len": 792, "passages_len": [792, 109, 315, 166, 130, 231, 225, 307, 101, 157, 126, 109, 26], "chunk_ids": [0, 1, 2, 3, 4, 5, 6, 7, 8, 9, 10, 1], "selected_abs": [792, 793, 794, 795, 796, 797, 798, 799, 800, 801, 802, 803, 804, 805, 806, 807, 808, 809, 810, 811, 812, 813, 814, 815, 816, 817, 819, 820, 821, 822, 823, 824, 827, 829, 830, 834, 835, 844, 845, 853, 873, 899, 900, 901, 902, 903, 904, 905, 906, 907, 908, 911, 930, 955, 958, 961, 1031, 1050, 1085, 1149, 1214, 1215, 1216, 1217, 1218, 1219, 1220, 1221, 1222, 1223, 1224, 1225, 1226, 1227, 1228, 1229, 1238, 1239, 1240, 1241, 1242, 1243, 1244, 1245, 1246, 1293, 1308, 1315, 1381, 1382, 1383, 1384, 1385, 1386, 1387, 1388, 1389, 1390, 1391, 1392, 1400, 1403, 1407, 1408, 1409, 1460, 1511, 1512, 1513, 1514, 1515, 1516, 1517, 1518, 1519, 1520, 1548, 1572, 1699, 1742, 1743, 1744, 1745, 1746, 1747, 1748, 1749, 1750, 1806, 1807, 1808, 1967, 1968, 1969, 1970, 1971, 1972, 2113, 2135, 2175, 2274, 2275, 2276, 2277, 2278, 2279, 2280, 2281, 2287, 2290, 2291, 2292, 2293, 2294, 2295, 2296, 2297, 2298, 2338, 2375, 2376, 2377, 2378, 2379, 2380, 2381, 2382, 2383, 2384, 2385, 2470, 2532, 2533, 2534, 2535, 2536, 2537, 2538, 2539, 2540, 2541, 2542, 2543, 2544, 2545, 2546, 2547, 2548, 2549, 2550, 2551, 2552, 2553, 2554, 2555, 2556, 2557, 2558, 2559, 2560, 2561, 2562, 2572, 2584, 2585, 2587, 2588, 2589, 2590, 2608, 2610, 2611, 2612, 2633, 2634, 2635, 2636, 2637, 2638, 2639, 2640, 2641, 2642, 2643, 2644, 2645, 2646, 2647, 2649, 2650, 2651, 2652, 2653, 2654, 2655, 2656, 2657, 2658, 2659, 2660, 2661, 2662, 2663, 2664, 2665, 2666, 2667, 2668, 2669, 2670, 2671, 2672, 2673, 2674, 2675, 2676, 2677, 2678, 2679, 2680, 2681, 2682, 2683, 2684, 2685, 2686, 2687, 2688, 2689, 2690, 2691, 2692, 2693, 2694, 2695, 2696, 2697, 2699, 2701, 2702, 2704, 2705, 2707, 2708, 2709, 2710, 2711, 2712, 2719, 2720, 2723, 2740, 2743, 2744, 2745, 2747, 2748, 2753, 2754, 2755, 2756, 2758, 2759, 2760, 2761, 2766, 2767, 2768, 2769, 2770, 2771, 2772, 2773, 2774, 2775, 2776, 2777, 2778, 2779, 2780, 2781, 2782, 2783, 2784, 2785, 2786, 2787, 2788, 2789, 2790, 2791, 2792, 2793], "selected_count": 333, "selection_time": 0.1669666719972156, "selection_score_forward_time": 0.16659798001637682}