{"example_id": 135, "sub_q_idx": 0, "method": "DraftModel", "reprocess_method": "DraftModel", "rate": 0.1, "system_len": 792, "passages_len": [792, 65, 197, 80, 158, 110, 216, 112, 29, 105, 155, 26], "chunk_ids": [0, 1, 2, 3, 4, 5, 6, 7, 8, 9, 10], "selected_abs": [792, 793, 794, 795, 796, 797, 798, 799, 800, 801, 802, 803, 804, 805, 806, 807, 808, 809, 810, 811, 812, 813, 814, 815, 817, 819, 820, 827, 828, 829, 840, 852, 855, 856, 857, 858, 859, 860, 861, 862, 863, 864, 865, 866, 870, 891, 939, 1003, 1052, 1053, 1054, 1055, 1056, 1057, 1058, 1059, 1060, 1061, 1064, 1066, 1067, 1070, 1071, 1121, 1133, 1134, 1135, 1136, 1137, 1138, 1139, 1140, 1141, 1142, 1143, 1162, 1234, 1252, 1291, 1292, 1293, 1294, 1295, 1296, 1297, 1298, 1300, 1301, 1309, 1310, 1311, 1312, 1314, 1401, 1402, 1403, 1404, 1407, 1408, 1419, 1536, 1617, 1618, 1619, 1620, 1621, 1622, 1623, 1624, 1625, 1698, 1729, 1730, 1731, 1732, 1733, 1734, 1735, 1736, 1737, 1738, 1741, 1749, 1758, 1759, 1760, 1761, 1762, 1802, 1803, 1805, 1806, 1807, 1808, 1863, 1864, 1865, 1866, 1867, 1868, 1871, 1872, 1875, 1877, 1884, 1890, 1925, 1966, 2018, 2019, 2020, 2021, 2022, 2023, 2024, 2025, 2026, 2027, 2028, 2029, 2030, 2031, 2032, 2033, 2034, 2035, 2036, 2037, 2038, 2039, 2040, 2041, 2042, 2043, 2044], "selected_count": 175, "selection_time": 0.12560129398480058, "selection_score_forward_time": 0.12515901200822555}