{"example_id": 143, "sub_q_idx": 1, "method": "DraftModel", "reprocess_method": "DraftModel", "rate": 0.1, "system_len": 792, "passages_len": [792, 49, 63, 107, 168, 107, 44, 89, 98, 90, 89, 44, 107, 33], "chunk_ids": [0, 11, 12, 13, 14, 3, 2, 15, 16, 17, 18, 2, 3], "selected_abs": [792, 793, 794, 795, 796, 797, 798, 799, 810, 811, 816, 840, 841, 842, 843, 844, 845, 846, 847, 899, 903, 904, 905, 906, 907, 908, 909, 910, 911, 935, 1010, 1011, 1012, 1013, 1014, 1015, 1016, 1017, 1018, 1019, 1020, 1026, 1178, 1179, 1180, 1181, 1182, 1183, 1184, 1238, 1240, 1241, 1245, 1251, 1271, 1285, 1286, 1287, 1288, 1289, 1290, 1291, 1292, 1293, 1294, 1295, 1296, 1297, 1298, 1299, 1304, 1305, 1306, 1307, 1309, 1324, 1329, 1330, 1331, 1332, 1333, 1334, 1335, 1336, 1337, 1342, 1418, 1419, 1420, 1421, 1422, 1425, 1516, 1517, 1518, 1519, 1520, 1521, 1522, 1523, 1524, 1525, 1526, 1529, 1534, 1535, 1539, 1570, 1590, 1605, 1606, 1607, 1608, 1609, 1610, 1611, 1612, 1613, 1614, 1615, 1616, 1617, 1618, 1619, 1620, 1621, 1622, 1623, 1624, 1625, 1626, 1627, 1628, 1664, 1665, 1666, 1667, 1668, 1669, 1670, 1671, 1672, 1673, 1674, 1675, 1676, 1677, 1678, 1679, 1680, 1681, 1682, 1683, 1684, 1685, 1686, 1687, 1688, 1689, 1690, 1691, 1692, 1693, 1694, 1695, 1696, 1697, 1698, 1699, 1700, 1701, 1702, 1703, 1704, 1705, 1706, 1707, 1708, 1709, 1714, 1715, 1716, 1717, 1721, 1734, 1739, 1740, 1741, 1742, 1743, 1744, 1745, 1752, 1769, 1770, 1776, 1777, 1794, 1798, 1799, 1800, 1801, 1802, 1803, 1804, 1805, 1806, 1810, 1813, 1817, 1832, 1845, 1846, 1847, 1848, 1849, 1850, 1851, 1852, 1853, 1854, 1855, 1856, 1857, 1858, 1859, 1860, 1861, 1862, 1863, 1864, 1865, 1866, 1867, 1868, 1869, 1870, 1871, 1872, 1873, 1874, 1875, 1876, 1877, 1878, 1879], "selected_count": 246, "selection_time": 0.11877267199452035, "selection_score_forward_time": 0.11838782599079423}