{"example_id": 133, "sub_q_idx": 0, "method": "DraftModel", "reprocess_method": "DraftModel", "rate": 0.1, "system_len": 792, "passages_len": [792, 41, 34, 76, 169, 225, 74, 135, 93, 168, 189, 29], "chunk_ids": [0, 1, 2, 3, 4, 5, 6, 7, 8, 9, 10], "selected_abs": [792, 793, 794, 795, 796, 797, 798, 799, 800, 801, 802, 804, 805, 806, 807, 809, 810, 811, 812, 813, 814, 815, 816, 817, 818, 819, 820, 821, 822, 823, 824, 825, 826, 827, 828, 829, 830, 831, 832, 833, 834, 835, 836, 837, 838, 839, 840, 841, 842, 843, 844, 849, 851, 854, 856, 858, 860, 866, 867, 868, 869, 877, 881, 896, 920, 939, 940, 941, 942, 943, 944, 945, 946, 947, 948, 949, 968, 978, 984, 1111, 1112, 1113, 1114, 1115, 1116, 1117, 1118, 1259, 1260, 1261, 1262, 1266, 1312, 1335, 1336, 1337, 1338, 1339, 1340, 1341, 1342, 1343, 1344, 1345, 1347, 1348, 1351, 1352, 1382, 1406, 1410, 1411, 1412, 1413, 1414, 1415, 1416, 1418, 1419, 1482, 1541, 1545, 1546, 1547, 1548, 1549, 1550, 1551, 1552, 1553, 1554, 1555, 1556, 1564, 1571, 1610, 1611, 1612, 1613, 1634, 1638, 1639, 1640, 1641, 1642, 1643, 1644, 1645, 1718, 1806, 1807, 1808, 1809, 1811, 1812, 1815, 1816, 1817, 1819, 1820, 1824, 1832, 1853, 1856, 1862, 1916, 1930, 1948, 1958, 1968, 1973, 1994, 1995, 1996, 1997, 1998, 1999, 2000, 2001, 2002, 2003, 2004, 2005, 2006, 2007, 2008, 2009, 2010, 2011, 2012, 2013, 2014, 2015, 2016, 2017, 2018, 2019, 2020, 2021, 2022, 2023, 2024], "selected_count": 202, "selection_time": 0.12518865798483603, "selection_score_forward_time": 0.12474622900481336}