{
  "config": {
    "model": "/mnt/qjhs-sh-lab-01/models/Qwen2.5-7B-Instruct",
    "dataset": "musique",
    "topk": 10,
    "rate": 1.0,
    "max_main_questions": 8,
    "max_sub_questions": 4,
    "warmup_sub_questions": 1,
    "raw_kv_cache": "/raid/home/hming/fusionrag-reflect-full-cache/Qwen2.5-7B-Instruct/musique/kv_cache",
    "preprocess_kv_cache": "/raid/home/hming/fusionrag-reflect-full-cache/Qwen2.5-7B-Instruct/musique/preprocess_kv_cache_global_topk10_bge"
  },
  "num_measured": 3,
  "full_ttft_compute_s_mean": 0.10630400975545247,
  "full_ttft_compute_s_p50": 0.10825896263122559,
  "full_ttft_compute_s_p95": 0.11522936820983887,
  "full_ttft_wall_s_mean": 0.2772747000368933,
  "full_ttft_wall_s_p50": 0.2768742023035884,
  "full_ttft_wall_s_p95": 0.2945409547537565,
  "full_exact_cache_ttft_s_mean": 0.27601058781147003,
  "full_exact_cache_ttft_s_p50": 0.27558889519423246,
  "full_exact_cache_ttft_s_p95": 0.2935938802547753,
  "fusion_ttft_compute_s_mean": 0.2772747000368933,
  "fusion_ttft_compute_s_p50": 0.2768742023035884,
  "fusion_ttft_compute_s_p95": 0.2945409547537565,
  "fusion_ttft_wall_s_mean": 0.2772747000368933,
  "fusion_ttft_wall_s_p50": 0.2768742023035884,
  "fusion_ttft_wall_s_p95": 0.2945409547537565,
  "speedup_compute_mean": 0.38288627215768134,
  "ttft_reduction_pct_compute_mean": -161.4206888246864,
  "speedup_full_exact_over_fusion_compute_mean": 0.9953839877564672,
  "ttft_reduction_pct_full_exact_vs_fusion_compute_mean": -0.4638720280530473,
  "speedup_wall_mean": 1.0,
  "ttft_reduction_pct_wall_mean": 0.0,
  "fusion_storage_time_s_mean": 0.0,
  "fusion_selection_time_s_mean": 0.0,
  "fusion_selection_score_forward_time_s_mean": 0.0,
  "fusion_reprocess_prefill_time_s_mean": 0.2772747000368933,
  "fusion_selected_doc_tokens_mean": 1296.6666666666667,
  "fusion_reprocess_prefill_tokens_mean": 2112.6666666666665,
  "full_tokens_mean": 2112.6666666666665,
  "end_to_end_ttft_s_mean": 0.2772747000368933,
  "end_to_end_ttft_s_p50": 0.2768742023035884,
  "end_to_end_ttft_s_p95": 0.2945409547537565,
  "kv_load_copy_s_mean": 0.0,
  "selection_s_mean": 0.0,
  "online_update_query_prefill_s_mean": 0.2772747000368933,
  "extra_impl_overhead_s_mean": 0.0,
  "rate1_baseline_candidate_s_mean": 0.2772747000368933
}