method,correct,total,acc,delta_vs_online_draft_pp
Full attention r=1,636,865,0.7352601156069364,1.7341040462427681
Online QK r=0.15,609,865,0.7040462427745665,-1.387283236994219
Online Draft r=0.15,621,865,0.7179190751445087,0.0
Uniform a=0.1,671,865,0.7757225433526012,5.780346820809246
Uniform a=0.25,666,865,0.7699421965317919,5.202312138728315
Random a=0.05,671,865,0.7757225433526012,5.780346820809246
Random a=0.1,670,865,0.7745664739884393,5.664739884393056
Random a=0.25,668,865,0.7722543352601156,5.433526011560685
