method,correct,total,acc,delta_vs_corrected_full_pp,note
Full attention r=1,680,865,0.7861271676300579,0.0,corrected same-pipeline rerun
Online QK r=0.15,609,865,0.7040462427745665,-8.208092485549134,historical baseline; rerun pending
Online Draft r=0.15,621,865,0.7179190751445087,-6.820809248554916,historical baseline; rerun pending
Uniform a=0.1 r=0.15,671,865,0.7757225433526012,-1.0404624277456698,previous alpha sweep
Uniform a=0.25 r=0.15,666,865,0.7699421965317919,-1.6184971098266,previous alpha sweep
Random a=0.05 r=0.15,671,865,0.7757225433526012,-1.0404624277456698,previous alpha sweep
Random a=0.1 r=0.15,670,865,0.7745664739884393,-1.1560693641618602,previous alpha sweep
Random a=0.25 r=0.15,668,865,0.7722543352601156,-1.38728323699423,previous alpha sweep
