dataset,old_rows,new_rows,common_rows,old_only,new_only,old_correct,new_correct,old_acc,new_acc,old_true_new_false,old_false_new_true,prediction_changed_common,mean_f1_delta_common
2wikimqa,200,200,200,0,0,113,96,0.565,0.48,30,13,196,0.032082479493585836
hotpotqa,260,285,260,0,0,207,253,0.7961538461538461,0.887719298245614,12,35,252,0.30655776582687017
triviaqa,270,418,270,0,0,211,376,0.7814814814814814,0.8995215311004785,8,40,253,0.4741931730582778
musique,250,423,248,0,0,215,376,0.86,0.8888888888888888,10,19,243,0.40710377465620773
