dataset,old_csv_files,new_csv_files,old_unique_rows,new_unique_rows,common_rows,old_only_rows,new_only_rows,old_duplicate_keys_dropped,new_duplicate_keys_dropped,old_correct_common,new_correct_common,old_acc_common,new_acc_common,old_true_new_false,old_false_new_true,prediction_changed_common,prediction_changed_rate,mean_f1_delta_common
2wikimqa,8,8,200,200,200,0,0,0,0,113,96,0.565,0.48,30,13,196,0.98,0.032082479493585836
hotpotqa,11,11,260,260,260,0,0,0,25,207,230,0.7961538461538461,0.8846153846153846,12,35,252,0.9692307692307692,0.30655776582687017
triviaqa,11,11,270,270,270,0,0,0,148,211,242,0.7814814814814814,0.8962962962962963,9,40,253,0.937037037037037,0.4741931730582778
musique,8,8,248,248,248,0,0,2,175,215,224,0.8669354838709677,0.9032258064516129,11,20,243,0.9798387096774194,0.4074397961615841
