split,val_jaccard_r0p05,val_jaccard_r0p1,val_jaccard_r0p15,val_jaccard_r0p3,val_kl,val_recall_r0p05,val_recall_r0p1,val_recall_r0p15,val_recall_r0p3
wiki,0.26126302048246325,0.3196077238842272,0.36007805323980896,0.43724766178681157,0.008088568356633186,0.40484210526315806,0.47788421052631663,0.524256140350878,0.6054226086956498
musique,0.3258981257984967,0.3243965278345712,0.333942715364122,0.3925194743432892,0.010413642086251809,0.4749376163748726,0.4820525800266622,0.49530845340643254,0.5596252698052268
