epoch,musique_val_jaccard_r0p05,musique_val_jaccard_r0p1,musique_val_jaccard_r0p15,musique_val_jaccard_r0p3,musique_val_kl,musique_val_recall_r0p05,musique_val_recall_r0p1,musique_val_recall_r0p15,musique_val_recall_r0p3,train_loss,wiki_val_jaccard_r0p05,wiki_val_jaccard_r0p1,wiki_val_jaccard_r0p15,wiki_val_jaccard_r0p3,wiki_val_kl,wiki_val_recall_r0p05,wiki_val_recall_r0p1,wiki_val_recall_r0p15,wiki_val_recall_r0p3
0,0.35104741734744827,0.3279384698709709,0.3464875929588598,0.40309146478633706,0.010136713057236617,0.5026042016938592,0.4827810589271605,0.5080942921058217,0.5708381921946524,0.0,0.38676798935604956,0.39369120529781837,0.4134912210596047,0.4794139470333238,0.007770229443407858,0.548511854716663,0.558222633260466,0.5800683818171612,0.6454924295041028
1,0.34642611890841757,0.3325479981922092,0.34655000179486906,0.4038850690704056,0.010162031537918158,0.49806669513676877,0.48878569541347716,0.5080756872175806,0.5713929828167705,0.007774916661918163,0.39679053357682326,0.4022573777526697,0.42335067012435196,0.4861585274497868,0.007733643858339459,0.5590213553051945,0.5668824617454169,0.5896250210190004,0.6514793721350238
