selector,count,em_mean,reprocess_prefill_time_mean,rouge1_mean,selected_doc_tokens_mean,selection_time_mean,storage_time_mean,ttft_mean,wall_time_mean
online_fusionrag_qk,20,0.2,0.23775708936154843,0.2434482742631629,1103.2,0.11393944937735796,0.059947035671211776,0.4116435744101182,1.556822544708848
offline_chunk_qk,20,0.2,0.21496218668762596,0.24921568455181467,1098.6,0.0,0.05563571958336979,0.2705979062709957,1.9450330427149312
random_chunk,20,0.2,0.2150949307717383,0.22588235159737025,1098.6,0.0,0.055881472979672255,0.2709764037514105,1.7558591478038579
