split,val_jaccard_r0p05,val_jaccard_r0p1,val_jaccard_r0p15,val_jaccard_r0p3,val_kl,val_recall_r0p05,val_recall_r0p1,val_recall_r0p15,val_recall_r0p3
wiki,0.25774961952817266,0.31780735126399584,0.3586082134665413,0.434983567953722,0.008085232165455819,0.4007894736842096,0.47612105263158,0.5228210526315786,0.603262608695649
musique,0.3211884309370783,0.32366827362364203,0.333685839221344,0.3935073885169741,0.01040291099326454,0.46975730370433355,0.4812359769550537,0.49516615700013095,0.5605063581251051
