{"example_id": 15, "sub_q_idx": 0, "method": "DraftModel", "reprocess_method": "DraftModel", "rate": 0.15, "system_len": 792, "passages_len": [792, 89, 104, 82, 40, 110, 68, 53, 50, 33, 49, 27], "chunk_ids": [0, 1, 2, 3, 4, 5, 6, 7, 8, 9, 10], "selected_abs": [792, 793, 794, 795, 796, 797, 798, 799, 818, 819, 820, 879, 880, 881, 882, 883, 956, 957, 983, 984, 985, 986, 987, 1066, 1067, 1068, 1216, 1217, 1218, 1219, 1284, 1285, 1286, 1287, 1337, 1338, 1339, 1340, 1341, 1342, 1344, 1345, 1346, 1387, 1388, 1389, 1390, 1391, 1392, 1393, 1394, 1402, 1403, 1404, 1405, 1406, 1407, 1408, 1409, 1416, 1417, 1419, 1420, 1421, 1422, 1423, 1424, 1425, 1426, 1427, 1428, 1429, 1430, 1431, 1432, 1433, 1434, 1435, 1444, 1445, 1446, 1447, 1451, 1452, 1453, 1454, 1455, 1456, 1457, 1458, 1459, 1460, 1461, 1462, 1463, 1464, 1465, 1466, 1467, 1468, 1469, 1470, 1471, 1472, 1473, 1474, 1475, 1476, 1477, 1478, 1479, 1480, 1481, 1482, 1483, 1484, 1485, 1486, 1487, 1488, 1489, 1490, 1491, 1492, 1493, 1494, 1495, 1496], "selected_count": 128, "selection_time": 0.03375270697870292, "selection_score_forward_time": 0.0330289889825508}