{"example_id": 3, "sub_q_idx": 0, "method": "DraftModel", "reprocess_method": "DraftModel", "rate": 0.15, "system_len": 792, "passages_len": [792, 108, 92, 90, 170, 141, 200, 52, 143, 68, 90, 30], "chunk_ids": [0, 1, 2, 3, 4, 5, 6, 7, 8, 9, 10], "selected_abs": [792, 793, 794, 796, 797, 798, 799, 800, 801, 802, 803, 804, 816, 817, 818, 819, 828, 829, 830, 831, 832, 833, 844, 845, 846, 847, 885, 886, 887, 898, 899, 900, 901, 902, 912, 913, 945, 946, 947, 990, 991, 992, 993, 994, 1012, 1013, 1014, 1015, 1081, 1082, 1083, 1084, 1087, 1088, 1089, 1143, 1144, 1251, 1252, 1253, 1254, 1260, 1261, 1392, 1393, 1394, 1395, 1592, 1593, 1594, 1595, 1603, 1604, 1605, 1612, 1613, 1614, 1615, 1616, 1617, 1644, 1645, 1646, 1677, 1678, 1735, 1736, 1737, 1751, 1752, 1753, 1786, 1787, 1788, 1789, 1790, 1791, 1794, 1795, 1796, 1797, 1828, 1829, 1830, 1833, 1834, 1835, 1836, 1853, 1854, 1855, 1856, 1857, 1858, 1859, 1860, 1861, 1862, 1863, 1867, 1868, 1869, 1870, 1871, 1872, 1873, 1878, 1879, 1880, 1881, 1882, 1883, 1884, 1885, 1890, 1891, 1892, 1893, 1894, 1895, 1896, 1897, 1898, 1899, 1900, 1901, 1906, 1907, 1908, 1909, 1910, 1911, 1912, 1913, 1914, 1915, 1916, 1924, 1925, 1926, 1927, 1928, 1929, 1930, 1931, 1932, 1933, 1940, 1941, 1942, 1943, 1944, 1945, 1946, 1947, 1948, 1949, 1950, 1951, 1952, 1953, 1954, 1955, 1956, 1957, 1958, 1959, 1960, 1961, 1962, 1963, 1964, 1965, 1966, 1967, 1968, 1969, 1970, 1971, 1972, 1973, 1974, 1975], "selected_count": 203, "selection_time": 0.04515343002276495, "selection_score_forward_time": 0.04412930301623419}