{"example_id": 3, "sub_q_idx": 1, "method": "DraftModel", "reprocess_method": "DraftModel", "rate": 0.15, "system_len": 792, "passages_len": [792, 92, 108, 170, 143, 200, 89, 52, 141, 68, 90, 108, 92, 31], "chunk_ids": [0, 2, 1, 4, 8, 6, 11, 7, 5, 9, 10, 1, 2], "selected_abs": [792, 793, 794, 795, 803, 804, 805, 806, 808, 809, 810, 811, 812, 813, 814, 815, 816, 817, 818, 819, 821, 822, 823, 824, 825, 837, 838, 839, 882, 883, 884, 885, 886, 887, 888, 894, 895, 896, 978, 991, 992, 993, 994, 998, 999, 1000, 1161, 1162, 1163, 1304, 1305, 1306, 1504, 1505, 1506, 1592, 1593, 1594, 1595, 1596, 1645, 1646, 1654, 1655, 1786, 1787, 1788, 1789, 1803, 1804, 1805, 1806, 1832, 1833, 1834, 1853, 1854, 1855, 1856, 1857, 1859, 1860, 1861, 1862, 1878, 1879, 1880, 1881, 1882, 1883, 1890, 1891, 1892, 1893, 1894, 1895, 1897, 1898, 1899, 1900, 1905, 1906, 1907, 1908, 1944, 1945, 1946, 1947, 1948, 1949, 1950, 1951, 1952, 1953, 1954, 1955, 1956, 1957, 1981, 1982, 1983, 1984, 1985, 2034, 2035, 2036, 2037, 2038, 2039, 2040, 2048, 2049, 2050, 2051, 2052, 2053, 2054, 2055, 2056, 2057, 2058, 2059, 2060, 2061, 2062, 2063, 2064, 2065, 2066, 2067, 2068, 2069, 2070, 2071, 2072, 2073, 2074, 2075, 2076, 2077, 2078, 2079, 2080, 2081, 2082, 2083, 2084, 2085, 2086, 2087, 2088, 2089, 2090, 2091, 2092, 2098, 2099, 2100, 2101, 2104, 2105, 2106, 2107, 2108, 2120, 2121, 2122, 2123, 2124, 2125, 2126, 2132, 2133, 2134, 2135, 2136, 2137, 2138, 2139, 2142, 2143, 2144, 2145, 2146, 2147, 2148, 2149, 2150, 2151, 2152, 2153, 2154, 2155, 2156, 2157, 2158, 2159, 2160, 2161, 2162, 2163, 2164, 2165, 2166, 2167, 2168, 2169, 2170, 2171, 2172, 2173, 2174, 2175], "selected_count": 233, "selection_time": 0.04697014900739305, "selection_score_forward_time": 0.04585819799103774}