{"example_id": 18, "sub_q_idx": 1, "method": "DraftModel", "reprocess_method": "DraftModel", "rate": 0.15, "system_len": 792, "passages_len": [792, 86, 144, 106, 95, 51, 118, 47, 49, 80, 93, 84, 113, 93, 47, 26], "chunk_ids": [0, 11, 2, 1, 12, 13, 14, 15, 16, 17, 6, 3, 5, 6, 15], "selected_abs": [792, 793, 794, 795, 796, 797, 798, 799, 824, 825, 826, 827, 847, 848, 877, 878, 879, 880, 886, 887, 888, 889, 890, 891, 892, 893, 1020, 1021, 1022, 1023, 1024, 1025, 1026, 1049, 1050, 1051, 1052, 1126, 1127, 1128, 1129, 1130, 1222, 1223, 1224, 1225, 1228, 1229, 1230, 1233, 1234, 1235, 1272, 1273, 1274, 1275, 1276, 1279, 1280, 1281, 1282, 1391, 1392, 1393, 1394, 1395, 1396, 1397, 1398, 1399, 1400, 1401, 1435, 1436, 1437, 1438, 1439, 1440, 1441, 1453, 1454, 1455, 1469, 1470, 1471, 1472, 1486, 1487, 1488, 1489, 1490, 1567, 1568, 1569, 1570, 1576, 1577, 1578, 1587, 1588, 1589, 1590, 1660, 1661, 1662, 1669, 1670, 1685, 1686, 1688, 1689, 1744, 1745, 1746, 1747, 1753, 1754, 1755, 1765, 1766, 1767, 1768, 1774, 1775, 1776, 1777, 1778, 1779, 1780, 1794, 1795, 1796, 1797, 1798, 1856, 1857, 1858, 1859, 1860, 1865, 1866, 1867, 1868, 1869, 1949, 1950, 1951, 1952, 1953, 1954, 1955, 1956, 1957, 1958, 1959, 1960, 1961, 1962, 1963, 1964, 1965, 1966, 1967, 1981, 1982, 1983, 1984, 1985, 1986, 1987, 1988, 1989, 1990, 1991, 1992, 1993, 1994, 1995, 1996, 1997, 1998, 1999, 2000, 2001, 2002, 2003, 2004, 2005, 2006, 2007, 2008, 2009, 2010, 2011, 2012, 2013, 2014, 2015, 2016, 2017, 2018, 2019, 2020, 2021, 2022, 2023], "selected_count": 206, "selection_time": 0.04527781900833361, "selection_score_forward_time": 0.04435421200469136}