{"example_id": 15, "sub_q_idx": 1, "method": "DraftModel", "reprocess_method": "DraftModel", "rate": 0.15, "system_len": 792, "passages_len": [792, 70, 89, 89, 127, 47, 112, 70, 153, 90, 115, 89, 70, 32], "chunk_ids": [0, 11, 1, 12, 13, 14, 15, 16, 17, 18, 19, 1, 11], "selected_abs": [792, 793, 794, 795, 796, 797, 798, 799, 801, 802, 803, 804, 805, 806, 861, 862, 863, 949, 950, 951, 952, 953, 964, 965, 966, 968, 969, 1037, 1038, 1039, 1040, 1041, 1042, 1166, 1167, 1168, 1169, 1170, 1171, 1172, 1173, 1215, 1216, 1218, 1219, 1220, 1221, 1324, 1325, 1326, 1327, 1395, 1396, 1397, 1398, 1548, 1549, 1550, 1551, 1552, 1553, 1554, 1555, 1606, 1607, 1608, 1609, 1637, 1638, 1639, 1640, 1641, 1642, 1643, 1644, 1645, 1646, 1647, 1648, 1649, 1650, 1652, 1653, 1654, 1655, 1656, 1657, 1676, 1678, 1679, 1752, 1753, 1754, 1755, 1756, 1758, 1759, 1760, 1761, 1771, 1772, 1773, 1774, 1775, 1776, 1777, 1841, 1842, 1843, 1844, 1845, 1846, 1847, 1848, 1849, 1850, 1851, 1852, 1853, 1854, 1855, 1856, 1857, 1858, 1859, 1860, 1861, 1862, 1863, 1864, 1865, 1866, 1867, 1868, 1869, 1870, 1871, 1872, 1874, 1875, 1876, 1877, 1878, 1879, 1884, 1885, 1886, 1887, 1888, 1889, 1890, 1891, 1892, 1896, 1897, 1898, 1899, 1900, 1901, 1902, 1903, 1904, 1905, 1906, 1907, 1910, 1911, 1912, 1913, 1914, 1915, 1916, 1917, 1918, 1919, 1920, 1921, 1922, 1923, 1924, 1925, 1926, 1927, 1928, 1929, 1930, 1931, 1932, 1933, 1934, 1935, 1936, 1937, 1938, 1939, 1940, 1941, 1942, 1943, 1944], "selected_count": 200, "selection_time": 0.045515195990446955, "selection_score_forward_time": 0.04460955600370653}