{"example_id": 17, "sub_q_idx": 1, "method": "DraftModel", "reprocess_method": "DraftModel", "rate": 0.15, "system_len": 792, "passages_len": [792, 114, 90, 116, 285, 72, 127, 78, 65, 214, 226, 285, 78, 72, 114, 34], "chunk_ids": [0, 1, 4, 11, 2, 5, 12, 3, 8, 13, 14, 2, 3, 5, 1], "selected_abs": [792, 793, 794, 795, 796, 797, 798, 799, 800, 801, 803, 804, 805, 806, 807, 808, 809, 812, 813, 814, 815, 820, 821, 822, 827, 828, 829, 830, 831, 842, 843, 844, 854, 855, 856, 857, 905, 906, 907, 908, 928, 929, 930, 972, 973, 993, 994, 995, 996, 997, 998, 1004, 1005, 1006, 1007, 1010, 1011, 1012, 1042, 1043, 1044, 1111, 1112, 1113, 1114, 1115, 1116, 1117, 1159, 1207, 1208, 1209, 1210, 1395, 1396, 1397, 1398, 1399, 1400, 1401, 1402, 1415, 1416, 1424, 1425, 1426, 1427, 1428, 1452, 1453, 1454, 1467, 1468, 1469, 1470, 1471, 1472, 1473, 1474, 1475, 1561, 1562, 1563, 1594, 1595, 1596, 1597, 1598, 1599, 1600, 1673, 1674, 1738, 1739, 1743, 1744, 1745, 1746, 1766, 1767, 1771, 1792, 1793, 1794, 1795, 1926, 1951, 1952, 1953, 1954, 1955, 1956, 1957, 1958, 1959, 1972, 1973, 1974, 2124, 2125, 2149, 2178, 2179, 2180, 2181, 2182, 2183, 2184, 2226, 2463, 2464, 2465, 2466, 2467, 2468, 2469, 2470, 2471, 2472, 2473, 2481, 2482, 2483, 2491, 2492, 2493, 2494, 2495, 2526, 2527, 2540, 2541, 2542, 2543, 2544, 2545, 2546, 2547, 2549, 2550, 2551, 2569, 2570, 2571, 2572, 2573, 2597, 2598, 2599, 2612, 2613, 2614, 2615, 2616, 2617, 2618, 2619, 2620, 2621, 2622, 2623, 2624, 2625, 2626, 2627, 2628, 2629, 2630, 2631, 2632, 2633, 2634, 2635, 2636, 2637, 2638, 2639, 2640, 2641, 2642, 2643, 2644, 2645, 2646, 2647, 2648, 2649, 2650, 2651, 2652, 2653, 2654, 2655, 2656, 2657, 2659, 2660, 2661, 2662, 2663, 2664, 2665, 2666, 2667, 2668, 2669, 2670, 2671, 2672, 2673, 2674, 2675, 2676, 2677, 2678, 2679, 2680, 2681, 2682, 2692, 2693, 2694, 2695, 2696, 2697, 2698, 2699, 2700, 2701, 2702, 2703, 2704, 2705, 2709, 2710, 2711, 2712, 2713, 2714, 2715, 2716, 2717, 2718, 2719, 2722, 2723, 2724, 2725, 2726, 2727, 2728, 2729, 2730, 2731, 2732, 2733, 2734, 2735, 2736, 2737, 2738, 2739, 2740, 2741, 2742, 2743, 2744, 2745, 2746, 2747, 2748, 2749, 2750, 2751, 2752, 2753, 2754, 2755, 2756, 2757, 2758, 2759, 2760, 2761], "selected_count": 324, "selection_time": 0.060925444995518774, "selection_score_forward_time": 0.059428722015582025}