{"example_id": 4, "sub_q_idx": 1, "method": "DraftModel", "reprocess_method": "DraftModel", "rate": 0.15, "system_len": 792, "passages_len": [792, 148, 139, 149, 265, 228, 196, 72, 88, 86, 321, 96, 148, 139, 28], "chunk_ids": [0, 11, 12, 13, 5, 14, 15, 16, 17, 18, 19, 1, 11, 12], "selected_abs": [792, 793, 794, 795, 796, 799, 800, 801, 802, 820, 825, 826, 827, 838, 858, 859, 939, 940, 941, 942, 944, 945, 946, 980, 981, 1075, 1076, 1077, 1078, 1079, 1080, 1081, 1082, 1083, 1084, 1085, 1086, 1087, 1088, 1089, 1226, 1227, 1228, 1229, 1230, 1231, 1232, 1234, 1235, 1491, 1492, 1493, 1494, 1495, 1498, 1499, 1500, 1501, 1720, 1721, 1722, 1723, 1727, 1728, 1729, 1915, 1916, 1917, 1918, 1919, 1920, 1921, 1922, 1923, 1924, 1934, 1935, 1936, 1937, 1965, 1966, 1967, 1988, 1989, 1990, 1991, 1992, 1993, 1994, 2075, 2076, 2077, 2078, 2079, 2080, 2081, 2082, 2083, 2084, 2085, 2086, 2099, 2100, 2101, 2106, 2107, 2108, 2109, 2113, 2114, 2115, 2122, 2123, 2124, 2142, 2143, 2144, 2145, 2161, 2162, 2163, 2164, 2165, 2169, 2170, 2171, 2238, 2239, 2240, 2298, 2299, 2346, 2347, 2348, 2465, 2466, 2467, 2482, 2483, 2484, 2485, 2486, 2487, 2488, 2489, 2490, 2491, 2492, 2493, 2494, 2495, 2496, 2497, 2498, 2500, 2501, 2502, 2503, 2506, 2507, 2508, 2509, 2510, 2511, 2512, 2513, 2514, 2519, 2520, 2521, 2522, 2523, 2524, 2533, 2534, 2535, 2536, 2538, 2539, 2540, 2541, 2542, 2543, 2548, 2553, 2554, 2555, 2556, 2557, 2558, 2578, 2579, 2580, 2581, 2582, 2583, 2584, 2585, 2586, 2587, 2588, 2589, 2590, 2592, 2593, 2613, 2614, 2615, 2616, 2621, 2622, 2623, 2625, 2626, 2628, 2629, 2646, 2647, 2648, 2655, 2656, 2657, 2658, 2659, 2725, 2727, 2728, 2729, 2730, 2731, 2732, 2733, 2734, 2735, 2736, 2737, 2740, 2741, 2742, 2743, 2744, 2745, 2746, 2747, 2748, 2749, 2751, 2752, 2753, 2754, 2755, 2756, 2757, 2758, 2759, 2760, 2761, 2762, 2763, 2764, 2767, 2768, 2769, 2772, 2773, 2774, 2775, 2776, 2777, 2778, 2790, 2791, 2792, 2807, 2808, 2809, 2810, 2813, 2814, 2815, 2816, 2817, 2818, 2819, 2820, 2821, 2825, 2826, 2827, 2828, 2846, 2847, 2848, 2849, 2850, 2851, 2852, 2853, 2854, 2855, 2856, 2857, 2858, 2859, 2860, 2861, 2862, 2863, 2864, 2865, 2866, 2867, 2868, 2869, 2870, 2871, 2872, 2873, 2874, 2875, 2876, 2877, 2878, 2879, 2880, 2881, 2882, 2883, 2884, 2885, 2886, 2887, 2888, 2889, 2890, 2891, 2892, 2893, 2894], "selected_count": 339, "selection_time": 0.06378824598505162, "selection_score_forward_time": 0.06203383201500401}