{"example_id": 19, "sub_q_idx": 1, "method": "DraftModel", "reprocess_method": "DraftModel", "rate": 0.15, "system_len": 792, "passages_len": [792, 131, 37, 46, 137, 340, 82, 49, 125, 124, 341, 37, 131, 31], "chunk_ids": [0, 3, 2, 4, 11, 12, 7, 13, 14, 15, 16, 2, 3], "selected_abs": [792, 793, 794, 795, 796, 797, 799, 800, 801, 802, 803, 804, 806, 807, 816, 817, 818, 870, 871, 921, 922, 923, 924, 925, 926, 927, 928, 929, 938, 939, 940, 941, 942, 943, 944, 954, 955, 956, 957, 958, 959, 960, 961, 962, 977, 978, 979, 987, 988, 989, 1004, 1005, 1006, 1007, 1008, 1010, 1011, 1012, 1047, 1048, 1111, 1142, 1143, 1144, 1145, 1166, 1167, 1168, 1169, 1240, 1241, 1242, 1481, 1482, 1483, 1484, 1485, 1486, 1487, 1488, 1489, 1517, 1518, 1564, 1565, 1566, 1567, 1569, 1570, 1600, 1601, 1602, 1603, 1604, 1613, 1614, 1615, 1616, 1617, 1618, 1619, 1620, 1654, 1655, 1656, 1657, 1663, 1664, 1665, 1666, 1738, 1739, 1740, 1741, 1742, 1744, 1745, 1746, 1747, 1748, 1749, 1750, 1756, 1757, 1758, 1759, 1760, 1769, 1770, 1782, 1783, 1847, 1848, 1849, 1850, 1851, 1862, 1863, 1864, 1865, 1866, 1867, 1868, 1869, 1870, 1871, 2202, 2203, 2204, 2205, 2206, 2207, 2208, 2209, 2210, 2218, 2219, 2220, 2221, 2222, 2223, 2224, 2225, 2226, 2227, 2228, 2229, 2230, 2231, 2232, 2233, 2234, 2235, 2236, 2237, 2238, 2239, 2240, 2241, 2242, 2243, 2244, 2245, 2246, 2247, 2248, 2249, 2250, 2251, 2252, 2253, 2254, 2255, 2256, 2257, 2258, 2259, 2260, 2261, 2262, 2263, 2264, 2265, 2266, 2267, 2268, 2269, 2270, 2271, 2272, 2307, 2308, 2309, 2310, 2311, 2318, 2319, 2320, 2321, 2322, 2355, 2356, 2357, 2358, 2359, 2360, 2361, 2362, 2363, 2364, 2365, 2366, 2367, 2368, 2369, 2370, 2371, 2372, 2373, 2374, 2375, 2376, 2377, 2378, 2379, 2380, 2381, 2382, 2383, 2384, 2385, 2386, 2387, 2388, 2389, 2390, 2391, 2392, 2393, 2394, 2395, 2396, 2397, 2398, 2399, 2400, 2401, 2402], "selected_count": 268, "selection_time": 0.05021601001499221, "selection_score_forward_time": 0.04907267101225443}