source,kind,relative_l2,diff_norm,full_norm,source_norm,cosine_source_full,num_examples,num_chunks,num_tokens
raw,hidden_layer_input,0.7385146393368827,1596385.4464982164,2161616.522499299,2359769.577664829,0.7540459986351821,10,226,170270
preprocess,hidden_layer_input,0.7021039910280277,1517679.5875188843,2161616.522499299,2160249.0846156944,0.7533691796638786,10,226,170270
