method,n,avg_recall_default,median_recall_default,avg_jaccard,avg_chunk_recall,avg_chunk_jaccard,avg_freq_residual_recall,avg_selection_time,avg_score_forward_time
default,32,1.0,1.0,1.0,1.0,1.0,1.0,0.14653303369232162,0.14524746065399086
layer0,32,0.3713526095439408,0.3828660507553701,0.23132866048478268,0.643364448051948,0.643364448051948,0.5329949626971273,0.010181078157074808,0.009174958248877374
layer1,32,0.4418247474542925,0.45126120822389276,0.28791454619224677,0.7983906718281718,0.7983906718281718,0.5611489335350944,0.013619430065773486,0.012652296501073579
layer2,32,0.4607519809620707,0.46865949043599475,0.30350915567326464,0.9526275807525808,0.9526275807525808,0.5475040197837101,0.01735916347206512,0.016207176997340866
layer4,32,0.6214926354054567,0.6258825378403211,0.4563099545367447,0.9951923076923077,0.9951923076923077,0.5752876991924032,0.02479383453101036,0.023619140219125256
