method,selected_count,intersection_with_default,recall_default,precision_vs_default,jaccard_vs_default,selection_time,score_forward_time,correct,pred
default,227,227,1.0,1.0,1.0,0.22971500499988906,0.22859614799381234,True,<think>  </think>  National Cycle Network
layer0,227,118,0.5198237885462555,0.5198237885462555,0.35119047619047616,0.11815586299053393,0.1170461930159945,True,<think>  </think>  Answer: The National Cycle Network
layer1,227,133,0.5859030837004405,0.5859030837004405,0.4143302180685358,0.1148062810243573,0.11367827499634586,True,<think>  </think>  Answer: The National Cycle Network
layer2,227,139,0.6123348017621145,0.6123348017621145,0.44126984126984126,0.12121406799997203,0.1200317130133044,True,<think>  </think>  Answer: The National Cycle Network
layer4,227,176,0.775330396475771,0.775330396475771,0.6330935251798561,0.12711441001738422,0.1260049499978777,True,<think>  </think>  National Cycle Network
