{"example_id": 152, "sub_q_idx": 0, "method": "DraftModel", "reprocess_method": "DraftModel", "rate": 0.1, "system_len": 792, "passages_len": [792, 71, 123, 155, 342, 194, 156, 314, 71, 160, 109, 34], "chunk_ids": [0, 1, 2, 3, 4, 5, 6, 7, 8, 9, 10], "selected_abs": [792, 793, 794, 795, 796, 797, 798, 799, 800, 801, 802, 803, 804, 805, 806, 807, 808, 809, 810, 811, 812, 813, 814, 815, 817, 818, 819, 820, 821, 822, 823, 824, 825, 826, 827, 831, 834, 843, 855, 856, 862, 863, 864, 865, 866, 867, 868, 870, 871, 902, 938, 943, 980, 981, 984, 985, 986, 987, 988, 989, 990, 1011, 1022, 1041, 1060, 1065, 1119, 1140, 1141, 1142, 1143, 1144, 1145, 1146, 1147, 1148, 1149, 1203, 1204, 1223, 1299, 1482, 1483, 1484, 1485, 1486, 1487, 1488, 1489, 1491, 1497, 1502, 1522, 1555, 1584, 1649, 1676, 1677, 1678, 1679, 1680, 1682, 1683, 1685, 1686, 1688, 1689, 1692, 1832, 1833, 1834, 1835, 1836, 1840, 1845, 1856, 1937, 1961, 1985, 2069, 2146, 2147, 2148, 2149, 2150, 2151, 2152, 2156, 2159, 2165, 2168, 2175, 2190, 2207, 2216, 2217, 2218, 2219, 2220, 2221, 2222, 2223, 2224, 2225, 2226, 2227, 2230, 2231, 2238, 2253, 2368, 2372, 2376, 2377, 2378, 2379, 2380, 2381, 2382, 2383, 2384, 2385, 2386, 2387, 2388, 2389, 2390, 2391, 2392, 2394, 2395, 2396, 2400, 2406, 2407, 2411, 2414, 2415, 2421, 2426, 2435, 2455, 2462, 2463, 2471, 2474, 2477, 2486, 2487, 2488, 2489, 2490, 2491, 2492, 2493, 2494, 2495, 2496, 2497, 2498, 2499, 2500, 2501, 2502, 2503, 2504, 2505, 2506, 2507, 2508, 2509, 2510, 2511, 2512, 2513, 2514, 2515, 2516, 2517, 2518, 2519, 2520], "selected_count": 222, "selection_time": 0.15269422400160693, "selection_score_forward_time": 0.1523284489812795}