{"example_id": 173, "sub_q_idx": 0, "method": "DraftModel", "reprocess_method": "DraftModel", "rate": 0.1, "system_len": 792, "passages_len": [792, 89, 98, 114, 80, 82, 221, 208, 116, 312, 198, 30], "chunk_ids": [0, 1, 2, 3, 4, 5, 6, 7, 8, 9, 10], "selected_abs": [792, 793, 794, 795, 796, 797, 798, 799, 805, 806, 812, 813, 830, 831, 838, 841, 845, 847, 848, 875, 876, 877, 878, 879, 880, 881, 882, 883, 884, 885, 886, 887, 888, 889, 890, 891, 892, 893, 894, 895, 896, 897, 898, 899, 900, 901, 902, 903, 904, 905, 907, 913, 914, 915, 916, 918, 921, 946, 978, 979, 980, 981, 982, 983, 984, 985, 986, 987, 988, 989, 990, 991, 994, 1002, 1092, 1093, 1094, 1095, 1096, 1098, 1099, 1100, 1105, 1172, 1173, 1175, 1181, 1187, 1194, 1216, 1217, 1228, 1254, 1255, 1256, 1257, 1258, 1259, 1260, 1371, 1475, 1476, 1477, 1478, 1479, 1480, 1481, 1482, 1483, 1484, 1485, 1679, 1683, 1684, 1685, 1686, 1687, 1688, 1689, 1690, 1691, 1692, 1718, 1778, 1799, 1800, 1801, 1802, 1803, 1804, 1810, 2111, 2112, 2113, 2114, 2115, 2116, 2117, 2118, 2119, 2120, 2121, 2122, 2123, 2129, 2136, 2173, 2214, 2279, 2305, 2309, 2310, 2311, 2312, 2313, 2314, 2315, 2316, 2317, 2318, 2319, 2320, 2321, 2322, 2323, 2324, 2325, 2326, 2327, 2328, 2329, 2330, 2331, 2332, 2333, 2334, 2335, 2336, 2337, 2338, 2339], "selected_count": 181, "selection_time": 0.1369021040154621, "selection_score_forward_time": 0.13654755102470517}