{"example_id": 161, "sub_q_idx": 0, "method": "DraftModel", "reprocess_method": "DraftModel", "rate": 0.1, "system_len": 792, "passages_len": [792, 89, 114, 98, 80, 134, 175, 82, 163, 116, 105, 27], "chunk_ids": [0, 1, 2, 3, 4, 5, 6, 7, 8, 9, 10], "selected_abs": [792, 793, 794, 795, 796, 797, 798, 799, 800, 801, 802, 803, 804, 805, 806, 807, 809, 810, 811, 813, 830, 831, 832, 834, 838, 841, 845, 847, 848, 849, 875, 876, 877, 878, 879, 880, 881, 882, 883, 884, 885, 886, 887, 888, 889, 890, 891, 892, 893, 894, 915, 917, 918, 992, 994, 995, 996, 997, 998, 1005, 1006, 1027, 1092, 1093, 1094, 1095, 1096, 1103, 1108, 1173, 1176, 1180, 1183, 1196, 1211, 1306, 1307, 1308, 1309, 1310, 1311, 1312, 1313, 1314, 1480, 1481, 1482, 1483, 1484, 1485, 1486, 1487, 1488, 1489, 1490, 1494, 1495, 1496, 1498, 1499, 1500, 1501, 1502, 1503, 1504, 1505, 1506, 1507, 1525, 1526, 1537, 1563, 1564, 1565, 1566, 1567, 1568, 1572, 1631, 1649, 1679, 1726, 1727, 1728, 1729, 1730, 1731, 1732, 1733, 1734, 1735, 1759, 1761, 1815, 1821, 1842, 1843, 1844, 1845, 1846, 1847, 1848, 1849, 1850, 1851, 1852, 1853, 1854, 1855, 1856, 1858, 1859, 1860, 1861, 1862, 1863, 1864, 1895, 1896, 1897, 1898, 1899, 1913, 1915, 1924, 1925, 1926, 1927, 1930, 1932, 1933, 1936, 1939, 1947, 1948, 1949, 1950, 1951, 1952, 1953, 1954, 1955, 1956, 1957, 1958, 1959, 1960, 1961, 1962, 1963, 1964, 1965, 1966, 1967, 1968, 1969, 1970, 1971, 1972, 1973, 1974], "selected_count": 201, "selection_time": 0.12400844201329164, "selection_score_forward_time": 0.1236837110191118}