{"example_id": 155, "sub_q_idx": 0, "method": "DraftModel", "reprocess_method": "DraftModel", "rate": 0.1, "system_len": 792, "passages_len": [792, 86, 99, 250, 150, 106, 121, 112, 172, 43, 124, 35], "chunk_ids": [0, 1, 2, 3, 4, 5, 6, 7, 8, 9, 10], "selected_abs": [792, 793, 794, 795, 796, 797, 798, 799, 800, 801, 802, 803, 804, 805, 806, 807, 809, 810, 811, 812, 814, 815, 816, 823, 824, 840, 844, 875, 876, 877, 878, 879, 880, 881, 882, 885, 886, 887, 888, 893, 897, 898, 899, 900, 901, 902, 903, 905, 906, 913, 976, 977, 978, 979, 982, 983, 1226, 1227, 1228, 1229, 1230, 1234, 1337, 1352, 1358, 1376, 1377, 1378, 1379, 1380, 1381, 1382, 1383, 1384, 1385, 1386, 1387, 1395, 1396, 1397, 1398, 1399, 1400, 1401, 1402, 1403, 1408, 1412, 1414, 1415, 1416, 1482, 1483, 1484, 1485, 1486, 1537, 1583, 1603, 1604, 1605, 1606, 1607, 1608, 1609, 1610, 1611, 1613, 1651, 1659, 1715, 1716, 1717, 1718, 1719, 1720, 1721, 1722, 1723, 1887, 1888, 1889, 1890, 1891, 1892, 1893, 1894, 1895, 1897, 1913, 1917, 1918, 1928, 1929, 1930, 1931, 1932, 1933, 1934, 1935, 1936, 1937, 1943, 1953, 1957, 1960, 1963, 1964, 1965, 1984, 2016, 2017, 2019, 2021, 2022, 2023, 2024, 2025, 2027, 2028, 2029, 2030, 2031, 2032, 2033, 2035, 2036, 2038, 2054, 2055, 2056, 2057, 2058, 2059, 2060, 2061, 2062, 2063, 2064, 2065, 2066, 2067, 2068, 2069, 2070, 2071, 2072, 2073, 2074, 2075, 2076, 2077, 2078, 2079, 2080, 2081, 2082, 2083, 2084, 2085, 2086, 2087, 2088, 2089], "selected_count": 204, "selection_time": 0.12783145598950796, "selection_score_forward_time": 0.12735731599968858}