{"example_id": 158, "sub_q_idx": 0, "method": "DraftModel", "reprocess_method": "DraftModel", "rate": 0.1, "system_len": 792, "passages_len": [792, 127, 122, 146, 43, 245, 129, 126, 129, 123, 209, 30], "chunk_ids": [0, 1, 2, 3, 4, 5, 6, 7, 8, 9, 10], "selected_abs": [792, 793, 794, 795, 796, 797, 798, 799, 800, 801, 802, 803, 804, 805, 806, 807, 809, 810, 811, 812, 813, 814, 815, 819, 823, 824, 831, 833, 839, 855, 856, 857, 863, 872, 873, 874, 875, 876, 884, 889, 891, 892, 893, 896, 917, 918, 919, 920, 921, 922, 923, 924, 925, 929, 934, 944, 961, 1040, 1041, 1042, 1043, 1044, 1045, 1046, 1051, 1063, 1066, 1098, 1130, 1170, 1186, 1187, 1188, 1189, 1190, 1191, 1192, 1193, 1194, 1195, 1201, 1212, 1229, 1230, 1231, 1232, 1234, 1235, 1267, 1403, 1437, 1474, 1475, 1476, 1477, 1478, 1479, 1480, 1603, 1604, 1605, 1606, 1607, 1608, 1609, 1610, 1615, 1630, 1685, 1729, 1730, 1731, 1732, 1735, 1858, 1859, 1860, 1861, 1862, 1863, 1864, 1865, 1866, 1869, 1871, 1888, 1889, 1942, 1945, 1951, 1981, 1982, 1983, 1984, 1985, 1986, 1987, 1988, 1991, 1993, 1995, 1996, 2099, 2107, 2167, 2178, 2190, 2191, 2192, 2193, 2194, 2195, 2196, 2197, 2198, 2199, 2200, 2201, 2202, 2203, 2204, 2205, 2206, 2207, 2208, 2209, 2210, 2211, 2212, 2213, 2214, 2215, 2216, 2217, 2218, 2219, 2220], "selected_count": 177, "selection_time": 0.13338056599604897, "selection_score_forward_time": 0.13300600100774318}