{"example_id": 155, "sub_q_idx": 1, "method": "DraftModel", "reprocess_method": "DraftModel", "rate": 0.1, "system_len": 792, "passages_len": [792, 122, 86, 254, 62, 130, 151, 141, 72, 169, 140, 86, 122, 26], "chunk_ids": [0, 11, 1, 12, 13, 14, 15, 16, 17, 18, 19, 1, 11], "selected_abs": [792, 793, 794, 795, 796, 797, 798, 799, 800, 801, 802, 803, 804, 805, 807, 808, 809, 810, 811, 812, 813, 814, 815, 816, 817, 818, 819, 820, 822, 823, 827, 850, 851, 912, 913, 914, 915, 916, 917, 918, 919, 920, 921, 922, 923, 924, 925, 926, 927, 928, 929, 931, 932, 933, 934, 935, 936, 937, 962, 997, 998, 999, 1000, 1001, 1002, 1003, 1004, 1005, 1111, 1253, 1254, 1255, 1256, 1257, 1279, 1314, 1315, 1316, 1317, 1318, 1319, 1320, 1326, 1327, 1328, 1364, 1445, 1446, 1447, 1448, 1449, 1450, 1451, 1452, 1528, 1596, 1597, 1598, 1599, 1600, 1601, 1602, 1603, 1604, 1612, 1613, 1614, 1615, 1616, 1617, 1618, 1619, 1620, 1621, 1622, 1623, 1733, 1737, 1738, 1739, 1740, 1741, 1742, 1743, 1744, 1745, 1746, 1747, 1749, 1750, 1751, 1809, 1810, 1811, 1812, 1813, 1814, 1815, 1816, 1817, 1828, 1851, 1863, 1953, 1978, 1979, 1980, 1981, 1982, 1983, 1984, 1985, 1986, 1987, 1988, 1989, 1990, 2024, 2025, 2026, 2027, 2032, 2033, 2035, 2037, 2070, 2071, 2072, 2073, 2074, 2075, 2076, 2077, 2080, 2089, 2090, 2091, 2092, 2093, 2094, 2095, 2096, 2097, 2098, 2099, 2100, 2101, 2102, 2103, 2104, 2105, 2106, 2107, 2108, 2109, 2110, 2111, 2112, 2113, 2114, 2115, 2116, 2117, 2118, 2119, 2120, 2121, 2122, 2123, 2124, 2125, 2126, 2127, 2128, 2129, 2130, 2131, 2132, 2133, 2134, 2136, 2137, 2138, 2139, 2140, 2141, 2142, 2149, 2167, 2202, 2203, 2204, 2205, 2206, 2207, 2208, 2209, 2210, 2211, 2212, 2213, 2214, 2215, 2216, 2217, 2218, 2219, 2220, 2221, 2222, 2223, 2224, 2225, 2226, 2227, 2228, 2229, 2230, 2231, 2232, 2233, 2234, 2235, 2236, 2237, 2238, 2240, 2241, 2244, 2250, 2258, 2261, 2263, 2264, 2267, 2280, 2297, 2320, 2325, 2326, 2327, 2328, 2329, 2330, 2331, 2332, 2333, 2334, 2335, 2336, 2337, 2338, 2339, 2340, 2341, 2342, 2343, 2344, 2345, 2346, 2347, 2348, 2349, 2350, 2351, 2352], "selected_count": 306, "selection_time": 0.1381714339950122, "selection_score_forward_time": 0.13779277499997988}