source,kind,relative_l2,diff_norm,full_norm,source_norm,cosine_source_full,num_examples,num_chunks,num_tokens
raw,hidden_layer_input,0.731637360339786,2437876.8777725184,3332083.6385942935,3622552.527505724,0.7573091600865127,25,622,410955
preprocess,hidden_layer_input,0.7036126434181948,2344496.177041848,3332083.6385942935,3326375.094196521,0.7520412914194522,25,622,410955
