{
  "config": {
    "model": "/mnt/qjhs-sh-lab-01/models/Qwen2.5-7B-Instruct",
    "dataset": "musique",
    "topk": 10,
    "rate": 1.0,
    "max_main_questions": 120,
    "max_sub_questions": 120,
    "warmup_sub_questions": 8,
    "raw_kv_cache": "/raid/home/hming/fusionrag-reflect-full-cache/Qwen2.5-7B-Instruct/musique/kv_cache",
    "preprocess_kv_cache": "/raid/home/hming/fusionrag-reflect-full-cache/Qwen2.5-7B-Instruct/musique/preprocess_kv_cache_global_topk10_bge"
  },
  "num_measured": 112,
  "full_ttft_compute_s_mean": 0.11159537519727435,
  "full_ttft_compute_s_p50": 0.11351776123046875,
  "full_ttft_compute_s_p95": 0.15172410011291504,
  "full_ttft_wall_s_mean": 0.29957589734112844,
  "full_ttft_wall_s_p50": 0.29160254797898233,
  "full_ttft_wall_s_p95": 0.38889283081516623,
  "full_exact_cache_ttft_s_mean": 0.298444002746172,
  "full_exact_cache_ttft_s_p50": 0.2904428648762405,
  "full_exact_cache_ttft_s_p95": 0.3864855603314936,
  "fusion_ttft_compute_s_mean": 0.29957589734112844,
  "fusion_ttft_compute_s_p50": 0.29160254797898233,
  "fusion_ttft_compute_s_p95": 0.38889283081516623,
  "fusion_ttft_wall_s_mean": 0.29957589734112844,
  "fusion_ttft_wall_s_p50": 0.29160254797898233,
  "fusion_ttft_wall_s_p95": 0.38889283081516623,
  "speedup_compute_mean": 0.37180267103445364,
  "ttft_reduction_pct_compute_mean": -169.2788733951489,
  "speedup_full_exact_over_fusion_compute_mean": 0.9961554374353918,
  "ttft_reduction_pct_full_exact_vs_fusion_compute_mean": -0.38842073517728937,
  "speedup_wall_mean": 1.0,
  "ttft_reduction_pct_wall_mean": 0.0,
  "fusion_storage_time_s_mean": 0.0,
  "fusion_selection_time_s_mean": 0.0,
  "fusion_selection_score_forward_time_s_mean": 0.0,
  "fusion_reprocess_prefill_time_s_mean": 0.29957589734112844,
  "fusion_selected_doc_tokens_mean": 1447.919642857143,
  "fusion_reprocess_prefill_tokens_mean": 2267.1160714285716,
  "full_tokens_mean": 2267.1160714285716,
  "end_to_end_ttft_s_mean": 0.29957589734112844,
  "end_to_end_ttft_s_p50": 0.29160254797898233,
  "end_to_end_ttft_s_p95": 0.38889283081516623,
  "kv_load_copy_s_mean": 0.0,
  "selection_s_mean": 0.0,
  "online_update_query_prefill_s_mean": 0.29957589734112844,
  "extra_impl_overhead_s_mean": 0.0,
  "rate1_baseline_candidate_s_mean": 0.29957589734112844
}