split,val_jaccard_r0p05,val_jaccard_r0p1,val_jaccard_r0p15,val_jaccard_r0p3,val_kl,val_recall_r0p05,val_recall_r0p1,val_recall_r0p15,val_recall_r0p3
wiki,0.24105841206439094,0.3004123299093228,0.3702679507731085,0.4642656598656721,0.008178340271115303,0.381578947368421,0.4572368421052631,0.5372807017543859,0.6315217391304347
musique,0.2709415584415584,0.2212729978354978,0.19079831932773106,0.22009555134128908,0.01197326835244894,0.3958333333333333,0.3565283400809717,0.31914235190097257,0.35700565855071853
