base_method,n,avg_residual_size,avg_num_chunks,avg_nonempty_chunks,median_nonempty_chunks,avg_nonempty_chunk_frac,avg_top1_chunk_frac,avg_top2_chunk_frac,avg_top3_chunk_frac,avg_entropy_norm,avg_chunks_for_50pct,avg_chunks_for_70pct,avg_chunks_for_80pct,avg_chunks_for_90pct,median_chunks_for_90pct
freq,250,117.388,12.256,8.028,8.0,0.6635708957708958,0.352704493950449,0.5924955811168884,0.7538581290001385,0.6644496780454769,2.168,3.224,4.044,5.252,5.0
mean,250,127.82,12.256,9.92,10.0,0.8182903762903763,0.3214352142387537,0.547785992200491,0.7061384707849324,0.7270490505593623,2.324,3.608,4.536,6.04,6.0
