{
  "config": {
    "model": "/mnt/qjhs-sh-lab-01/models/Qwen2.5-7B-Instruct",
    "dataset": "musique",
    "topk": 10,
    "rate": 0.15,
    "max_main_questions": 8,
    "max_sub_questions": 8,
    "warmup_sub_questions": 2,
    "raw_kv_cache": "/raid/home/hming/fusionrag-reflect-full-cache/Qwen2.5-7B-Instruct/musique/kv_cache",
    "preprocess_kv_cache": "/raid/home/hming/fusionrag-reflect-full-cache/Qwen2.5-7B-Instruct/musique/preprocess_kv_cache_global_topk10_bge"
  },
  "num_measured": 6,
  "full_ttft_compute_s_mean": 0.11250452200571696,
  "full_ttft_compute_s_p50": 0.10750079154968262,
  "full_ttft_compute_s_p95": 0.15294122695922852,
  "full_ttft_wall_s_mean": 0.2966663569677621,
  "full_ttft_wall_s_p50": 0.28748706821352243,
  "full_ttft_wall_s_p95": 0.3899734662845731,
  "fusion_ttft_compute_s_mean": 0.23012696548054615,
  "fusion_ttft_compute_s_p50": 0.22537394310347736,
  "fusion_ttft_compute_s_p95": 0.25525527633726597,
  "fusion_ttft_wall_s_mean": 0.29321396894132096,
  "fusion_ttft_wall_s_p50": 0.2856905651278794,
  "fusion_ttft_wall_s_p95": 0.33824386075139046,
  "speedup_compute_mean": 0.4865151847422205,
  "ttft_reduction_pct_compute_mean": -108.46054196936988,
  "speedup_wall_mean": 1.007429305349,
  "ttft_reduction_pct_wall_mean": 0.1797092813376279,
  "fusion_storage_time_s_mean": 0.025635246963550646,
  "fusion_selection_time_s_mean": 0.10372597600022952,
  "fusion_selection_score_forward_time_s_mean": 0.1029849029922237,
  "fusion_reprocess_prefill_time_s_mean": 0.100765742516766,
  "fusion_selected_doc_tokens_mean": 216.83333333333334,
  "fusion_reprocess_prefill_tokens_mean": 242.0,
  "full_tokens_mean": 2265.6666666666665
}