{
  "n": 250,
  "missing": 0,
  "offline10_count_mean": 148.036,
  "online_draft10_count_mean": 249.52,
  "intersection_mean": 148.036,
  "jaccard_mean": 0.573146205582042,
  "offline10_recall_of_online10_mean": 0.573146205582042,
  "offline10_precision_vs_online10_mean": 1.0,
  "online10_missing_by_offline10_mean": 0.42685379441795757,
  "jaccard_p10_p50_p90": [
    0.4562541806020067,
    0.594532320338772,
    0.6755213764337853
  ],
  "recall_p10_p50_p90": [
    0.4562541806020067,
    0.594532320338772,
    0.6755213764337853
  ]
}