{
  "n": 250,
  "offline10_count_mean": 137.668,
  "full_draft15_count_mean": 244.16,
  "offline10_cover_full_draft15_mean": 0.33524504292221297,
  "offline10_precision_vs_full_draft15_mean": 0.5993473504629906,
  "full_draft15_remaining_after_offline10_mean": 161.756,
  "remaining_frac_of_full_draft15_mean": 0.6647549570777873,
  "residual5_budget_est_mean": 68.864,
  "ideal_residual5_cover_remaining_mean": 0.42324878282147715,
  "ideal_final15_cover_full_draft15_mean": 0.614929672577088,
  "offline10_cover_full_draft15_p10_p50_p90": [
    0.2820399864452728,
    0.33790040040040037,
    0.3926758686339838
  ],
  "ideal_final15_cover_full_draft15_p10_p50_p90": [
    0.55252488337597,
    0.6193714821763603,
    0.6748667730982842
  ]
}