{
  "n": 250,
  "missing": 0,
  "offline10_count_mean": 148.036,
  "pure_online_draft10_count_mean": 142.18,
  "intersection_mean": 74.748,
  "jaccard_mean": 0.3831642382755801,
  "offline10_cover_online_draft10_mean": 0.5327646873689722,
  "online_draft10_cover_offline10_mean": 0.5743157298620541,
  "online_draft10_missing_by_offline10_mean": 0.4672353126310279,
  "jaccard_p10_p50_p90": [
    0.1905054254711593,
    0.3846583652618135,
    0.5882352941176471
  ],
  "offline10_cover_online_draft10_p10_p50_p90": [
    0.33713323190610733,
    0.5410255289386257,
    0.7009467566554181
  ],
  "online_draft10_cover_offline10_p10_p50_p90": [
    0.27473149442531286,
    0.575140252454418,
    0.9002439024390244
  ]
}