label,rate,main_correct,main_total,main_acc,sub_correct,sub_total,sub_acc,avg_f1,avg_em,n_timing,prompt_eval_mean_s,storage_time_mean_s,selection_time_mean_s,terminated_count,finished_segments,selector_kv,selector_method,runtime_kv,fixed_set_key,finished,kv_mode,killed
online_qk_rate015,0.15,84,135,0.6222222222222222,187,248,0.7540322580645161,0.48972942891317506,0.21370967741935484,250,0.23114286382682622,0.024921747168526052,0.10323252451978623,0,1,online_preprocess,online_qk,preprocess,N/A,True,,
offline_qk_frequency,0.15,79,135,0.5851851851851851,179,248,0.7217741935483871,0.4695720630750484,0.1975806451612903,251,0.13628025516771167,0.02524981480683126,0.0,1,1,preprocess,frequency,preprocess,qk_frequency_per_chunk,True,,
offline_qk_mean,0.15,76,135,0.562962962962963,176,248,0.7096774193548387,0.4766138070873063,0.20161290322580644,251,0.13116114144120736,0.025184265251034902,0.0,1,1,preprocess,mean_score,preprocess,qk_mean_score_per_chunk,True,,
raw_offline_qk_frequency,0.15,67,135,0.4962962962962963,168,248,0.6774193548387096,0.45254212309183417,0.17338709677419356,250,0.13196492994064465,0.026516255984606687,0.0,,,preprocess,frequency,raw,qk_frequency_per_chunk,True,raw,0
raw_offline_qk_mean,0.15,70,135,0.5185185185185185,170,248,0.6854838709677419,0.45186889092371235,0.17338709677419356,250,0.13177485479204915,0.026063990036025643,0.0,,,preprocess,mean_score,raw,qk_mean_score_per_chunk,True,raw,0
rawqk_freq_preprocess_runtime,0.15,79,135,0.5851851851851851,179,248,0.7217741935483871,0.4867493898074079,0.1975806451612903,250,0.12824729237191787,0.02425830100387975,0.0,0,,raw,frequency,preprocess,qk_frequency_per_chunk,True,,
rawqk_mean_preprocess_runtime,0.15,83,135,0.6148148148148148,183,248,0.7379032258064516,0.48116290309094617,0.1935483870967742,250,0.12817708998415037,0.02441508357609564,0.0,0,,raw,mean_score,preprocess,qk_mean_score_per_chunk,True,,
rawqk_freq_raw_runtime,0.15,68,135,0.5037037037037037,166,248,0.6693548387096774,0.4490637932994073,0.16532258064516128,250,0.12941729890009446,0.025171525851998014,0.0,0,,raw,frequency,raw,qk_frequency_per_chunk,True,,
rawqk_mean_raw_runtime,0.15,74,135,0.5481481481481482,173,248,0.6975806451612904,0.47346765623788595,0.1774193548387097,250,0.13028204786813877,0.02585013734799577,0.0,0,,raw,mean_score,raw,qk_mean_score_per_chunk,True,,
