split,val_jaccard_r0p05,val_jaccard_r0p1,val_jaccard_r0p15,val_jaccard_r0p3,val_kl,val_recall_r0p05,val_recall_r0p1,val_recall_r0p15,val_recall_r0p3
wiki,0.2637941430829157,0.319680000630318,0.36722067786439677,0.43253566465531723,0.008321524012833833,0.40994736842105267,0.4790263157894744,0.5323684210526316,0.6006260869565291
musique,0.25082269998612233,0.2350588158158229,0.23393314851071573,0.2860545361703075,0.01072227585054662,0.37771100351392406,0.367005215048115,0.37080286673621216,0.4371980567633031
