method,segments,status,main_correct,main_total,main_acc,sub_correct,sub_total,sub_acc,avg_f1,avg_em,csv_count
draft_smart_freq_boundary0p02_global,8,complete,97,135,0.7185185185185186,203,250,0.812,0.19865529724859973,0.012,8
draft_smart_mean_boundary0p02_global,8,complete,96,135,0.7111111111111111,202,250,0.808,0.18642112166142755,0.012,8
draft_smart_freq_boundary0p03_global,8,complete,95,135,0.7037037037037037,199,250,0.796,0.1994180702157591,0.012,8
draft_smart_mean_boundary0p03_global,8,complete,96,135,0.7111111111111111,200,250,0.8,0.20681664167610805,0.012,8
draft_smart_freq_boundary0p05_global,8,complete,94,135,0.6962962962962963,199,250,0.796,0.1968845157225838,0.012,8
draft_smart_mean_boundary0p05_global,8,complete,94,135,0.6962962962962963,200,250,0.8,0.20535156524028425,0.024,8
