method,segments,main_correct,main_total,main_acc,sub_correct,sub_total,sub_acc,f1,em
baseline_freq_0_100,4,50,73,0.684931506849315,111,138,0.8043478260869565,0.17195855288118395,0.021739130434782608
baseline_mean_0_100,4,49,73,0.6712328767123288,111,138,0.8043478260869565,0.18114942020772107,0.007246376811594203
boundary_freq_0p02_0_100,4,50,73,0.684931506849315,108,138,0.782608695652174,0.15937224071219838,0.014492753623188406
boundary_mean_0p02_0_100,4,28,37,0.7567567567567568,54,65,0.8307692307692308,0.16311035043130534,0.0
