{"example_id": 66, "sub_q_idx": 0, "method": "DraftModel", "reprocess_method": "DraftModel", "rate": 0.1, "system_len": 792, "passages_len": [792, 126, 147, 173, 111, 70, 122, 161, 177, 114, 107, 147, 111, 35], "chunk_ids": [0, 1, 2, 3, 4, 5, 6, 7, 8, 9, 10, 2, 4], "selected_abs": [792, 793, 794, 795, 796, 797, 798, 799, 800, 801, 802, 803, 804, 805, 806, 807, 808, 809, 810, 811, 812, 813, 852, 897, 916, 917, 918, 919, 920, 921, 922, 924, 929, 1064, 1065, 1066, 1067, 1069, 1070, 1073, 1127, 1231, 1237, 1238, 1239, 1240, 1241, 1245, 1275, 1317, 1348, 1349, 1350, 1351, 1352, 1418, 1419, 1420, 1421, 1422, 1423, 1424, 1447, 1540, 1541, 1542, 1543, 1552, 1701, 1702, 1703, 1704, 1705, 1706, 1707, 1708, 1709, 1878, 1879, 1880, 1881, 1882, 1883, 1884, 1885, 1886, 1887, 1934, 1935, 1942, 1992, 1993, 1994, 1995, 1996, 1997, 1998, 1999, 2000, 2001, 2002, 2003, 2004, 2005, 2006, 2007, 2008, 2009, 2010, 2011, 2012, 2013, 2014, 2015, 2016, 2018, 2023, 2044, 2045, 2046, 2047, 2048, 2049, 2050, 2051, 2052, 2069, 2070, 2071, 2072, 2073, 2082, 2085, 2086, 2087, 2088, 2089, 2090, 2091, 2092, 2093, 2094, 2095, 2096, 2097, 2098, 2099, 2100, 2101, 2102, 2103, 2104, 2105, 2106, 2107, 2108, 2109, 2110, 2111, 2112, 2148, 2200, 2227, 2246, 2247, 2248, 2249, 2250, 2253, 2254, 2267, 2269, 2280, 2281, 2282, 2283, 2284, 2285, 2287, 2296, 2300, 2301, 2302, 2304, 2305, 2307, 2308, 2312, 2313, 2316, 2319, 2326, 2327, 2328, 2329, 2330, 2331, 2336, 2337, 2338, 2339, 2340, 2341, 2342, 2343, 2344, 2345, 2346, 2347, 2348, 2349, 2350, 2351, 2352, 2353, 2354, 2355, 2356, 2357, 2358, 2359, 2360, 2361, 2362, 2363, 2364, 2365, 2366, 2367, 2368, 2369, 2370, 2371, 2372, 2373, 2374, 2375, 2376, 2377, 2378, 2379, 2380, 2381, 2382, 2383, 2384, 2385, 2386, 2387, 2388, 2389, 2390, 2391, 2392], "selected_count": 254, "selection_time": 0.049515660997712985, "selection_score_forward_time": 0.04912460400373675}