{"example_id": 52, "sub_q_idx": 2, "method": "DraftModel", "reprocess_method": "DraftModel", "rate": 0.1, "system_len": 792, "passages_len": [792, 71, 133, 208, 122, 190, 125, 84, 150, 95, 94, 83, 94, 71, 208, 37], "chunk_ids": [0, 12, 19, 13, 20, 21, 22, 23, 24, 25, 2, 1, 2, 12, 13], "selected_abs": [792, 793, 794, 795, 796, 797, 798, 799, 808, 810, 815, 842, 862, 863, 864, 865, 866, 867, 873, 995, 996, 997, 998, 1002, 1041, 1203, 1204, 1205, 1206, 1207, 1208, 1209, 1212, 1263, 1325, 1326, 1327, 1328, 1329, 1330, 1331, 1332, 1333, 1334, 1335, 1336, 1344, 1347, 1515, 1516, 1517, 1518, 1519, 1520, 1521, 1522, 1523, 1528, 1565, 1640, 1641, 1642, 1643, 1644, 1645, 1648, 1649, 1650, 1651, 1652, 1666, 1724, 1725, 1726, 1727, 1728, 1729, 1730, 1731, 1732, 1733, 1735, 1736, 1737, 1738, 1748, 1749, 1750, 1751, 1752, 1753, 1754, 1755, 1756, 1774, 1784, 1792, 1793, 1794, 1795, 1796, 1797, 1821, 1873, 1874, 1875, 1876, 1877, 1878, 1879, 1880, 1881, 1882, 1883, 1884, 1885, 1886, 1887, 1888, 1889, 1890, 1891, 1892, 1893, 1894, 1895, 1896, 1897, 1898, 1899, 1900, 1901, 1902, 1903, 1904, 1905, 1906, 1907, 1908, 1909, 1910, 1911, 1943, 1944, 1945, 1946, 1947, 1948, 1949, 1950, 1951, 1952, 1953, 1954, 1955, 1956, 1957, 1958, 1959, 1960, 1961, 1962, 1963, 1964, 1965, 1966, 1967, 1968, 1969, 1970, 1971, 1972, 1973, 1976, 1979, 1980, 1986, 2009, 2038, 2039, 2061, 2063, 2064, 2065, 2066, 2067, 2068, 2069, 2070, 2071, 2072, 2073, 2074, 2075, 2079, 2080, 2081, 2082, 2083, 2084, 2085, 2086, 2091, 2092, 2093, 2094, 2095, 2096, 2097, 2098, 2145, 2146, 2147, 2148, 2149, 2150, 2156, 2157, 2238, 2240, 2241, 2242, 2243, 2244, 2245, 2246, 2247, 2248, 2256, 2257, 2258, 2259, 2264, 2274, 2291, 2311, 2312, 2313, 2314, 2315, 2316, 2317, 2318, 2319, 2320, 2323, 2330, 2331, 2332, 2336, 2357, 2391, 2412, 2413, 2422, 2424, 2432, 2443, 2456, 2466, 2467, 2471, 2480, 2484, 2486, 2488, 2489, 2490, 2491, 2492, 2494, 2499, 2503, 2504, 2505, 2506, 2507, 2508, 2509, 2510, 2511, 2512, 2513, 2514, 2515, 2516, 2517, 2518, 2519, 2520, 2521, 2522, 2523, 2524, 2525, 2526, 2527, 2528, 2529, 2530, 2531, 2532, 2533, 2534, 2535, 2536, 2537, 2538, 2539, 2540, 2541, 2542, 2543, 2544, 2545, 2546, 2547, 2548, 2549, 2550, 2551, 2552, 2553, 2554, 2555, 2556], "selected_count": 326, "selection_time": 0.054469469003379345, "selection_score_forward_time": 0.05408722397987731}