{"example_id": 55, "sub_q_idx": 0, "method": "DraftModel", "reprocess_method": "DraftModel", "rate": 0.1, "system_len": 792, "passages_len": [792, 128, 121, 147, 76, 51, 158, 95, 135, 127, 328, 128, 37], "chunk_ids": [0, 1, 2, 3, 4, 5, 6, 7, 8, 9, 10, 1], "selected_abs": [792, 793, 794, 795, 796, 797, 798, 799, 800, 801, 802, 803, 804, 805, 806, 807, 808, 809, 810, 811, 867, 868, 869, 871, 872, 873, 874, 877, 879, 906, 907, 908, 909, 910, 912, 913, 915, 916, 917, 918, 919, 920, 921, 922, 923, 926, 928, 939, 944, 986, 1034, 1035, 1036, 1037, 1038, 1039, 1040, 1041, 1042, 1043, 1044, 1075, 1088, 1089, 1090, 1145, 1158, 1187, 1188, 1189, 1190, 1263, 1264, 1265, 1266, 1267, 1271, 1314, 1315, 1316, 1317, 1472, 1473, 1474, 1475, 1476, 1477, 1478, 1479, 1480, 1484, 1495, 1503, 1513, 1520, 1555, 1566, 1567, 1568, 1569, 1570, 1571, 1577, 1580, 1628, 1641, 1702, 1703, 1704, 1705, 1706, 1707, 1708, 1709, 1746, 1829, 1830, 1831, 1832, 1833, 1834, 1835, 1836, 1837, 1838, 1839, 1840, 1841, 1842, 1843, 1844, 1845, 1846, 1868, 1876, 1887, 1907, 1965, 1966, 2018, 2083, 2086, 2118, 2119, 2120, 2121, 2122, 2123, 2124, 2125, 2126, 2127, 2128, 2129, 2130, 2143, 2144, 2145, 2146, 2147, 2148, 2149, 2150, 2151, 2152, 2153, 2154, 2155, 2156, 2157, 2158, 2159, 2160, 2161, 2162, 2163, 2164, 2165, 2166, 2167, 2168, 2169, 2170, 2171, 2172, 2173, 2174, 2175, 2176, 2177, 2190, 2195, 2199, 2202, 2206, 2208, 2215, 2221, 2226, 2233, 2234, 2235, 2236, 2237, 2238, 2239, 2240, 2241, 2242, 2243, 2244, 2245, 2246, 2247, 2248, 2249, 2251, 2252, 2254, 2255, 2256, 2257, 2258, 2260, 2261, 2262, 2263, 2264, 2265, 2266, 2267, 2268, 2269, 2270, 2271, 2272, 2273, 2274, 2275, 2276, 2277, 2278, 2279, 2280, 2281, 2282, 2283, 2284, 2285, 2286, 2287, 2288, 2289, 2290, 2291, 2292, 2293, 2294, 2295, 2296, 2297, 2298, 2299, 2300, 2301, 2302, 2303, 2304, 2305, 2306, 2307, 2308, 2309, 2310, 2311, 2312, 2313, 2314, 2315, 2316, 2317, 2318, 2319, 2320, 2321, 2322], "selected_count": 286, "selection_time": 0.048894466017372906, "selection_score_forward_time": 0.04852985200705007}