{"example_id": 50, "sub_q_idx": 1, "method": "DraftModel", "reprocess_method": "DraftModel", "rate": 0.1, "system_len": 792, "passages_len": [792, 189, 160, 265, 321, 212, 57, 139, 196, 228, 154, 27], "chunk_ids": [0, 3, 11, 1, 2, 4, 6, 7, 12, 13, 10], "selected_abs": [792, 793, 794, 795, 796, 797, 798, 811, 825, 826, 828, 829, 842, 863, 882, 980, 981, 982, 983, 984, 985, 986, 987, 988, 989, 990, 1023, 1140, 1141, 1142, 1143, 1144, 1145, 1146, 1147, 1148, 1149, 1150, 1151, 1152, 1153, 1154, 1155, 1185, 1186, 1187, 1188, 1228, 1229, 1230, 1231, 1232, 1233, 1234, 1235, 1236, 1242, 1243, 1404, 1405, 1406, 1407, 1408, 1409, 1410, 1412, 1413, 1414, 1415, 1416, 1482, 1542, 1590, 1726, 1727, 1728, 1729, 1730, 1731, 1732, 1733, 1734, 1735, 1736, 1745, 1817, 1938, 1939, 1940, 1941, 1942, 1943, 1944, 1956, 1969, 1975, 1976, 1977, 1978, 1979, 1995, 1996, 1997, 1998, 1999, 2002, 2003, 2004, 2049, 2092, 2134, 2135, 2136, 2137, 2138, 2139, 2140, 2141, 2142, 2143, 2144, 2173, 2291, 2330, 2331, 2332, 2333, 2334, 2335, 2336, 2337, 2338, 2339, 2340, 2342, 2343, 2388, 2404, 2406, 2460, 2461, 2462, 2463, 2464, 2465, 2490, 2491, 2492, 2493, 2494, 2495, 2496, 2497, 2498, 2499, 2500, 2513, 2514, 2515, 2516, 2517, 2519, 2520, 2521, 2522, 2523, 2524, 2525, 2526, 2527, 2528, 2529, 2530, 2531, 2532, 2533, 2534, 2535, 2536, 2537, 2538, 2539, 2540, 2541, 2542, 2543, 2544, 2545, 2546, 2547, 2548, 2549, 2550, 2551, 2552, 2553, 2554, 2555, 2556, 2557, 2558, 2559, 2560, 2561, 2562, 2563, 2564, 2565, 2566, 2567, 2568, 2569, 2571, 2572, 2582, 2593, 2595, 2596, 2599, 2604, 2606, 2613, 2615, 2616, 2617, 2618, 2620, 2621, 2622, 2624, 2628, 2629, 2630, 2638, 2640, 2643, 2646, 2649, 2654, 2655, 2656, 2657, 2660, 2661, 2663, 2667, 2668, 2669, 2671, 2673, 2674, 2675, 2676, 2678, 2679, 2681, 2682, 2683, 2688, 2689, 2690, 2691, 2692, 2693, 2694, 2695, 2696, 2697, 2698, 2699, 2700, 2701, 2702, 2703, 2704, 2705, 2706, 2707, 2708, 2709, 2710, 2711, 2712, 2713, 2714, 2715, 2716, 2717, 2718, 2719, 2720, 2721, 2722, 2723, 2724, 2725, 2726, 2727, 2728, 2729, 2730, 2731, 2732, 2733, 2734, 2735, 2736, 2737, 2738, 2739], "selected_count": 310, "selection_time": 0.05861708297743462, "selection_score_forward_time": 0.05824476000270806}