{"example_id": 52, "sub_q_idx": 1, "method": "DraftModel", "reprocess_method": "DraftModel", "rate": 0.1, "system_len": 792, "passages_len": [792, 94, 110, 71, 208, 147, 83, 308, 116, 130, 71, 35], "chunk_ids": [0, 2, 11, 12, 13, 14, 1, 15, 16, 17, 18], "selected_abs": [792, 793, 794, 795, 798, 799, 801, 802, 808, 831, 834, 836, 883, 885, 886, 887, 888, 889, 995, 996, 997, 998, 999, 1000, 1001, 1002, 1003, 1066, 1067, 1068, 1069, 1274, 1275, 1276, 1277, 1278, 1279, 1280, 1281, 1421, 1422, 1423, 1424, 1425, 1426, 1427, 1428, 1429, 1430, 1431, 1432, 1433, 1437, 1438, 1439, 1440, 1441, 1442, 1443, 1444, 1449, 1450, 1451, 1452, 1453, 1454, 1455, 1456, 1503, 1504, 1505, 1506, 1507, 1508, 1509, 1510, 1511, 1512, 1513, 1556, 1557, 1812, 1813, 1814, 1815, 1816, 1817, 1818, 1819, 1820, 1821, 1822, 1829, 1928, 1929, 1930, 1931, 1932, 1933, 1936, 1937, 1938, 1941, 1967, 2042, 2043, 2058, 2059, 2060, 2061, 2062, 2063, 2064, 2065, 2066, 2074, 2075, 2076, 2077, 2078, 2079, 2080, 2081, 2082, 2084, 2085, 2087, 2091, 2092, 2093, 2094, 2095, 2096, 2097, 2098, 2099, 2101, 2102, 2103, 2104, 2105, 2109, 2110, 2113, 2114, 2115, 2116, 2117, 2118, 2119, 2120, 2121, 2122, 2123, 2124, 2125, 2126, 2127, 2128, 2129, 2130, 2131, 2132, 2133, 2134, 2135, 2136, 2137, 2138, 2139, 2140, 2141, 2142, 2143, 2144, 2145, 2146, 2147, 2148, 2149, 2150, 2151, 2152, 2153, 2154, 2155, 2156, 2157, 2158, 2159, 2160, 2161, 2162, 2163, 2164], "selected_count": 195, "selection_time": 0.04673162000835873, "selection_score_forward_time": 0.04620870901271701}