{"example_id": 72, "sub_q_idx": 0, "method": "DraftModel", "reprocess_method": "DraftModel", "rate": 0.1, "system_len": 792, "passages_len": [792, 58, 190, 153, 170, 137, 102, 192, 134, 140, 322, 26], "chunk_ids": [0, 1, 2, 3, 4, 5, 6, 7, 8, 9, 10], "selected_abs": [792, 793, 794, 795, 796, 797, 798, 799, 800, 801, 802, 803, 804, 805, 806, 807, 808, 809, 810, 820, 824, 848, 849, 850, 851, 852, 853, 854, 855, 856, 857, 858, 859, 860, 861, 862, 863, 864, 974, 1039, 1040, 1041, 1042, 1043, 1185, 1192, 1193, 1194, 1195, 1196, 1197, 1198, 1199, 1200, 1201, 1202, 1203, 1204, 1214, 1231, 1248, 1362, 1363, 1364, 1365, 1366, 1367, 1388, 1499, 1500, 1501, 1502, 1503, 1504, 1505, 1506, 1513, 1524, 1525, 1532, 1600, 1601, 1602, 1603, 1604, 1605, 1606, 1607, 1608, 1609, 1627, 1653, 1654, 1662, 1739, 1793, 1794, 1795, 1796, 1797, 1798, 1803, 1832, 1927, 1928, 1929, 1930, 1931, 1934, 1952, 1977, 2067, 2068, 2069, 2070, 2071, 2072, 2073, 2077, 2086, 2087, 2125, 2130, 2143, 2169, 2190, 2211, 2271, 2278, 2279, 2293, 2299, 2318, 2320, 2326, 2335, 2341, 2342, 2343, 2345, 2350, 2352, 2356, 2357, 2358, 2359, 2360, 2361, 2362, 2363, 2364, 2365, 2366, 2367, 2368, 2369, 2370, 2371, 2372, 2373, 2374, 2375, 2376, 2377, 2378, 2379, 2380, 2381, 2382, 2383, 2384, 2385, 2386, 2387, 2388, 2389, 2390, 2391, 2392, 2393, 2394, 2395, 2396, 2397, 2398, 2399, 2400, 2401, 2402, 2403, 2404, 2405, 2406, 2407, 2408, 2409, 2410, 2411, 2412, 2413, 2414, 2415], "selected_count": 202, "selection_time": 0.048255091009195894, "selection_score_forward_time": 0.0478908049990423}