{"example_id": 71, "sub_q_idx": 0, "method": "DraftModel", "reprocess_method": "DraftModel", "rate": 0.1, "system_len": 792, "passages_len": [792, 153, 268, 165, 249, 138, 176, 55, 176, 70, 170, 29], "chunk_ids": [0, 1, 2, 3, 4, 5, 6, 7, 8, 9, 10], "selected_abs": [792, 793, 794, 795, 796, 797, 798, 799, 800, 801, 802, 803, 804, 827, 944, 945, 946, 947, 948, 1154, 1155, 1212, 1213, 1214, 1215, 1216, 1217, 1221, 1222, 1224, 1226, 1227, 1228, 1229, 1233, 1281, 1282, 1377, 1378, 1379, 1380, 1381, 1401, 1626, 1627, 1628, 1629, 1630, 1631, 1632, 1633, 1655, 1759, 1764, 1765, 1766, 1767, 1768, 1769, 1770, 1771, 1940, 1941, 1942, 1943, 1976, 1995, 1996, 1997, 1998, 1999, 2048, 2103, 2171, 2172, 2173, 2174, 2175, 2179, 2184, 2185, 2191, 2192, 2212, 2241, 2242, 2243, 2244, 2245, 2246, 2247, 2248, 2249, 2250, 2253, 2258, 2262, 2265, 2272, 2283, 2284, 2288, 2291, 2302, 2306, 2308, 2312, 2316, 2317, 2321, 2323, 2324, 2333, 2337, 2338, 2343, 2345, 2346, 2348, 2349, 2355, 2356, 2359, 2360, 2367, 2368, 2369, 2370, 2371, 2372, 2373, 2375, 2376, 2378, 2380, 2383, 2384, 2385, 2386, 2387, 2392, 2393, 2394, 2395, 2396, 2397, 2398, 2399, 2400, 2401, 2402, 2403, 2404, 2405, 2406, 2407, 2408, 2409, 2410, 2411, 2412, 2413, 2414, 2415, 2416, 2417, 2418, 2419, 2420, 2421, 2422, 2423, 2424, 2425, 2426, 2427, 2428, 2429, 2430, 2431, 2432, 2433, 2434, 2435, 2436, 2437, 2438, 2439, 2440], "selected_count": 189, "selection_time": 0.05312727901036851, "selection_score_forward_time": 0.052730055002029985}