{"example_id": 56, "sub_q_idx": 0, "method": "DraftModel", "reprocess_method": "DraftModel", "rate": 0.1, "system_len": 792, "passages_len": [792, 40, 89, 89, 200, 149, 156, 123, 219, 49, 137, 40, 26], "chunk_ids": [0, 1, 2, 3, 4, 5, 6, 7, 8, 9, 10, 1], "selected_abs": [792, 793, 794, 795, 796, 797, 798, 799, 800, 801, 802, 803, 804, 805, 806, 807, 808, 817, 818, 829, 830, 831, 832, 833, 834, 835, 836, 837, 838, 839, 858, 920, 921, 922, 926, 937, 945, 953, 981, 1009, 1010, 1011, 1012, 1013, 1014, 1032, 1068, 1157, 1158, 1209, 1210, 1211, 1212, 1213, 1214, 1215, 1216, 1224, 1235, 1358, 1359, 1360, 1361, 1362, 1363, 1364, 1365, 1366, 1514, 1515, 1516, 1517, 1518, 1519, 1520, 1521, 1537, 1561, 1575, 1629, 1637, 1638, 1639, 1640, 1641, 1642, 1643, 1644, 1666, 1679, 1721, 1776, 1780, 1823, 1824, 1825, 1856, 1857, 1858, 1859, 1860, 1861, 1862, 1863, 1866, 1867, 1869, 1879, 1900, 1904, 1905, 1906, 1907, 1908, 1909, 1910, 1911, 1912, 1913, 1914, 1915, 1916, 1917, 1918, 1919, 1931, 1933, 1934, 1936, 1951, 1978, 1980, 1981, 1982, 1983, 1984, 1985, 1986, 1987, 1988, 1989, 1990, 1995, 2001, 2002, 2003, 2005, 2006, 2016, 2018, 2019, 2022, 2023, 2024, 2025, 2026, 2027, 2028, 2029, 2030, 2031, 2032, 2033, 2034, 2035, 2036, 2037, 2038, 2039, 2040, 2041, 2042, 2043, 2044, 2045, 2046, 2047, 2048, 2049, 2050, 2051, 2052, 2053, 2054, 2055, 2056, 2057, 2058, 2059, 2060, 2062, 2063, 2064, 2065, 2066, 2067, 2068, 2069, 2070, 2071, 2072, 2073, 2074, 2075, 2076, 2077, 2078, 2079, 2080, 2081, 2082, 2083, 2084, 2085, 2086, 2087, 2088, 2089, 2090, 2091, 2092, 2093, 2094, 2095, 2096, 2097, 2098, 2099, 2100, 2101, 2102, 2103, 2104, 2105, 2106, 2107, 2108], "selected_count": 237, "selection_time": 0.04564573598327115, "selection_score_forward_time": 0.045278122008312494}