{"example_id": 54, "sub_q_idx": 0, "method": "DraftModel", "reprocess_method": "DraftModel", "rate": 0.1, "system_len": 792, "passages_len": [792, 83, 94, 162, 95, 106, 109, 110, 78, 62, 78, 34], "chunk_ids": [0, 1, 2, 3, 4, 5, 6, 7, 8, 9, 10], "selected_abs": [792, 793, 794, 795, 796, 797, 798, 799, 800, 801, 819, 820, 822, 823, 824, 825, 826, 827, 849, 873, 874, 875, 876, 877, 878, 968, 969, 970, 971, 972, 1130, 1131, 1132, 1133, 1134, 1225, 1226, 1227, 1228, 1229, 1230, 1231, 1300, 1331, 1332, 1333, 1334, 1335, 1336, 1337, 1440, 1441, 1442, 1443, 1550, 1552, 1553, 1556, 1557, 1558, 1559, 1560, 1561, 1627, 1628, 1629, 1630, 1631, 1632, 1633, 1641, 1644, 1653, 1656, 1662, 1663, 1690, 1691, 1692, 1693, 1694, 1695, 1696, 1697, 1698, 1699, 1700, 1701, 1705, 1706, 1707, 1714, 1715, 1720, 1721, 1722, 1723, 1724, 1729, 1730, 1731, 1732, 1733, 1734, 1735, 1736, 1740, 1743, 1744, 1751, 1752, 1753, 1754, 1757, 1758, 1759, 1760, 1761, 1762, 1763, 1764, 1765, 1766, 1767, 1768, 1769, 1770, 1771, 1772, 1773, 1774, 1775, 1776, 1777, 1778, 1779, 1780, 1781, 1782, 1783, 1784, 1785, 1786, 1787, 1788, 1789, 1790, 1791, 1792, 1793, 1794, 1795, 1796, 1797, 1798, 1799, 1800, 1801, 1802], "selected_count": 159, "selection_time": 0.04270073797670193, "selection_score_forward_time": 0.04237422900041565}