{"example_id": 81, "sub_q_idx": 0, "method": "DraftModel", "reprocess_method": "DraftModel", "rate": 0.15, "system_len": 792, "passages_len": [792, 41, 147, 150, 138, 186, 170, 122, 141, 131, 105, 34], "chunk_ids": [0, 1, 2, 3, 4, 5, 6, 7, 8, 9, 10], "selected_abs": [792, 793, 794, 795, 796, 797, 798, 799, 800, 801, 802, 803, 804, 805, 806, 807, 808, 809, 810, 811, 812, 813, 814, 815, 816, 817, 818, 819, 820, 821, 822, 823, 824, 825, 826, 827, 828, 829, 830, 831, 832, 833, 834, 835, 836, 837, 838, 839, 840, 841, 842, 843, 844, 845, 846, 857, 858, 974, 975, 976, 977, 978, 979, 980, 981, 982, 983, 984, 985, 986, 987, 988, 989, 990, 991, 999, 1000, 1001, 1002, 1003, 1004, 1129, 1130, 1131, 1132, 1133, 1134, 1135, 1136, 1141, 1142, 1143, 1144, 1145, 1146, 1147, 1151, 1152, 1153, 1154, 1155, 1156, 1157, 1158, 1159, 1160, 1199, 1267, 1268, 1269, 1270, 1271, 1272, 1273, 1274, 1275, 1278, 1279, 1281, 1282, 1283, 1453, 1454, 1455, 1456, 1457, 1458, 1459, 1460, 1471, 1472, 1473, 1474, 1475, 1476, 1477, 1478, 1623, 1624, 1625, 1626, 1627, 1628, 1629, 1630, 1631, 1632, 1643, 1644, 1645, 1646, 1745, 1746, 1747, 1748, 1749, 1886, 1887, 1888, 1889, 1890, 1891, 1892, 1893, 1907, 1908, 1909, 1910, 2000, 2001, 2002, 2003, 2004, 2017, 2018, 2019, 2020, 2021, 2022, 2023, 2024, 2025, 2026, 2063, 2064, 2065, 2066, 2067, 2068, 2069, 2070, 2071, 2108, 2109, 2110, 2111, 2112, 2121, 2122, 2123, 2124, 2125, 2126, 2127, 2128, 2129, 2130, 2131, 2132, 2133, 2134, 2135, 2136, 2137, 2138, 2139, 2140, 2141, 2142, 2143, 2144, 2145, 2146, 2147, 2148, 2149, 2150, 2151, 2152, 2153, 2154, 2155, 2156], "selected_count": 233, "selection_time": 0.1314062620003824, "selection_score_forward_time": 0.1302783439969062}