{"example_id": 126, "sub_q_idx": 0, "method": "DraftModel", "reprocess_method": "DraftModel", "rate": 0.15, "system_len": 792, "passages_len": [792, 204, 91, 102, 305, 84, 95, 96, 80, 87, 170, 30], "chunk_ids": [0, 1, 2, 3, 4, 5, 6, 7, 8, 9, 10], "selected_abs": [792, 793, 794, 795, 796, 797, 798, 799, 800, 801, 802, 803, 804, 805, 806, 807, 808, 809, 810, 811, 812, 813, 814, 815, 816, 817, 818, 819, 820, 821, 825, 826, 827, 828, 829, 830, 831, 832, 833, 834, 835, 836, 837, 838, 839, 840, 846, 847, 848, 849, 858, 859, 860, 861, 862, 863, 864, 865, 866, 867, 868, 869, 870, 871, 876, 877, 878, 879, 895, 977, 978, 979, 994, 995, 996, 997, 998, 999, 1003, 1004, 1005, 1006, 1007, 1008, 1009, 1012, 1013, 1014, 1015, 1016, 1017, 1018, 1019, 1020, 1021, 1022, 1023, 1024, 1085, 1086, 1087, 1088, 1089, 1090, 1098, 1099, 1100, 1101, 1137, 1149, 1150, 1151, 1152, 1153, 1154, 1155, 1156, 1188, 1189, 1190, 1191, 1192, 1193, 1194, 1236, 1237, 1238, 1239, 1240, 1241, 1242, 1243, 1493, 1494, 1495, 1496, 1497, 1498, 1499, 1517, 1518, 1519, 1520, 1521, 1527, 1528, 1529, 1530, 1558, 1559, 1560, 1561, 1562, 1563, 1564, 1565, 1577, 1578, 1579, 1580, 1581, 1582, 1672, 1673, 1674, 1675, 1676, 1768, 1769, 1770, 1771, 1772, 1775, 1776, 1777, 1778, 1779, 1780, 1795, 1848, 1849, 1850, 1851, 1852, 1853, 1854, 1855, 1856, 1857, 1935, 1936, 1937, 1938, 1939, 1965, 2104, 2105, 2106, 2107, 2108, 2109, 2110, 2111, 2112, 2113, 2114, 2115, 2116, 2117, 2118, 2119, 2120, 2121, 2122, 2123, 2124, 2125, 2126, 2127, 2128, 2129, 2130, 2131, 2132, 2133, 2134, 2135], "selected_count": 227, "selection_time": 0.12882404099946143, "selection_score_forward_time": 0.12790314800076885}