{"example_id": 156, "sub_q_idx": 0, "method": "DraftModel", "reprocess_method": "DraftModel", "rate": 0.15, "system_len": 792, "passages_len": [792, 51, 161, 100, 55, 95, 78, 95, 42, 127, 241, 26], "chunk_ids": [0, 1, 2, 3, 4, 5, 6, 7, 8, 9, 10], "selected_abs": [792, 793, 794, 795, 796, 797, 798, 799, 800, 801, 802, 803, 804, 805, 806, 807, 808, 809, 810, 811, 812, 813, 814, 815, 816, 817, 818, 819, 829, 830, 831, 832, 833, 834, 835, 836, 837, 838, 839, 840, 841, 842, 843, 844, 845, 846, 847, 848, 849, 850, 851, 852, 853, 854, 855, 856, 857, 858, 859, 860, 861, 895, 896, 897, 898, 899, 918, 919, 921, 922, 923, 924, 925, 926, 927, 1001, 1003, 1004, 1005, 1006, 1007, 1008, 1009, 1010, 1011, 1103, 1104, 1105, 1106, 1107, 1108, 1109, 1110, 1158, 1159, 1160, 1161, 1162, 1163, 1253, 1254, 1255, 1256, 1257, 1258, 1259, 1260, 1331, 1332, 1333, 1334, 1335, 1336, 1337, 1338, 1339, 1340, 1426, 1427, 1428, 1429, 1430, 1431, 1432, 1433, 1434, 1435, 1468, 1469, 1470, 1471, 1472, 1473, 1474, 1475, 1595, 1596, 1597, 1598, 1599, 1600, 1601, 1623, 1624, 1625, 1626, 1627, 1744, 1745, 1746, 1747, 1807, 1808, 1834, 1835, 1836, 1837, 1838, 1839, 1840, 1841, 1842, 1843, 1844, 1845, 1846, 1847, 1848, 1849, 1850, 1851, 1852, 1853, 1854, 1855, 1856, 1857, 1858, 1859, 1860, 1861, 1862], "selected_count": 182, "selection_time": 0.12000876499951119, "selection_score_forward_time": 0.11905146000208333}