{"example_id": 58, "sub_q_idx": 1, "method": "DraftModel", "reprocess_method": "DraftModel", "rate": 0.15, "system_len": 792, "passages_len": [792, 66, 87, 178, 82, 141, 61, 53, 88, 217, 56, 87, 66, 29], "chunk_ids": [0, 11, 1, 12, 13, 14, 15, 16, 17, 18, 19, 1, 11], "selected_abs": [792, 793, 794, 795, 796, 797, 798, 799, 800, 801, 802, 803, 804, 805, 806, 807, 808, 809, 810, 811, 812, 813, 814, 815, 816, 817, 818, 819, 820, 831, 832, 835, 836, 837, 838, 856, 857, 858, 859, 860, 861, 862, 863, 869, 870, 871, 872, 873, 874, 875, 944, 945, 946, 950, 951, 952, 953, 1122, 1123, 1124, 1125, 1126, 1127, 1128, 1129, 1204, 1205, 1206, 1207, 1208, 1209, 1210, 1281, 1345, 1346, 1347, 1348, 1418, 1419, 1459, 1460, 1461, 1462, 1549, 1550, 1551, 1552, 1764, 1765, 1766, 1767, 1768, 1769, 1770, 1780, 1781, 1782, 1783, 1820, 1821, 1822, 1823, 1824, 1825, 1826, 1827, 1828, 1830, 1831, 1832, 1833, 1834, 1835, 1836, 1837, 1838, 1839, 1840, 1841, 1842, 1843, 1867, 1906, 1907, 1908, 1909, 1910, 1911, 1912, 1913, 1914, 1915, 1916, 1917, 1918, 1919, 1920, 1921, 1922, 1923, 1924, 1925, 1926, 1927, 1928, 1929, 1930, 1931, 1932, 1933, 1934, 1935, 1936, 1950, 1951, 1952, 1953, 1954, 1955, 1956, 1957, 1958, 1959, 1960, 1961, 1962, 1963, 1964, 1965, 1966, 1967, 1968, 1969, 1970, 1971, 1972, 1973, 1974, 1975, 1976, 1977, 1978, 1979, 1980, 1981, 1982, 1983, 1984, 1985, 1986, 1987, 1988, 1989, 1990, 1991, 1992, 1993, 1994, 1995, 1996, 1997, 1998, 1999, 2000, 2001, 2002], "selected_count": 206, "selection_time": 0.12647008600470144, "selection_score_forward_time": 0.12544041200453648}