{"example_id": 126, "sub_q_idx": 1, "method": "DraftModel", "reprocess_method": "DraftModel", "rate": 0.15, "system_len": 792, "passages_len": [792, 95, 61, 96, 170, 93, 204, 91, 80, 116, 59, 204, 95, 61, 93, 30], "chunk_ids": [0, 6, 11, 7, 10, 12, 1, 2, 8, 13, 14, 1, 6, 11, 12], "selected_abs": [792, 793, 794, 795, 796, 797, 798, 799, 800, 801, 802, 803, 804, 805, 806, 807, 808, 809, 810, 811, 814, 815, 816, 817, 818, 819, 820, 821, 822, 823, 824, 825, 826, 827, 828, 829, 830, 831, 832, 833, 834, 835, 836, 837, 838, 839, 840, 841, 842, 843, 844, 845, 846, 847, 848, 849, 850, 851, 885, 886, 887, 888, 889, 890, 891, 892, 947, 948, 949, 950, 951, 1002, 1003, 1004, 1005, 1043, 1044, 1045, 1046, 1047, 1048, 1073, 1095, 1096, 1097, 1098, 1099, 1100, 1101, 1102, 1103, 1213, 1214, 1215, 1216, 1217, 1218, 1219, 1282, 1283, 1284, 1285, 1286, 1306, 1307, 1308, 1309, 1310, 1509, 1510, 1511, 1512, 1513, 1514, 1600, 1601, 1602, 1603, 1604, 1605, 1628, 1681, 1682, 1797, 1798, 1799, 1800, 1801, 1855, 1856, 1857, 1858, 1859, 1860, 1891, 1987, 2059, 2060, 2061, 2062, 2063, 2064, 2065, 2066, 2067, 2069, 2070, 2074, 2075, 2076, 2077, 2089, 2090, 2091, 2092, 2093, 2094, 2095, 2096, 2097, 2098, 2099, 2100, 2101, 2102, 2103, 2104, 2105, 2106, 2107, 2108, 2109, 2110, 2111, 2112, 2113, 2114, 2115, 2116, 2117, 2118, 2119, 2120, 2121, 2123, 2124, 2125, 2126, 2127, 2151, 2152, 2153, 2154, 2155, 2156, 2157, 2158, 2159, 2160, 2161, 2208, 2209, 2210, 2211, 2212, 2215, 2216, 2217, 2218, 2219, 2220, 2221, 2222, 2223, 2265, 2266, 2267, 2280, 2281, 2282, 2283, 2284, 2285, 2286, 2287, 2308, 2309, 2310, 2311, 2312, 2313, 2314, 2315, 2316, 2317, 2318, 2319, 2320, 2321, 2322, 2323, 2324, 2325, 2326, 2327, 2328, 2329, 2330, 2331, 2332, 2333, 2334, 2335, 2336, 2337, 2338, 2339], "selected_count": 257, "selection_time": 0.13938270200014813, "selection_score_forward_time": 0.13789406200521626}