{"example_id": 40, "sub_q_idx": 1, "method": "DraftModel", "reprocess_method": "DraftModel", "rate": 0.15, "system_len": 792, "passages_len": [792, 114, 76, 121, 274, 141, 191, 132, 112, 39, 80, 121, 114, 31], "chunk_ids": [0, 1, 11, 2, 12, 13, 14, 15, 16, 6, 9, 2, 1], "selected_abs": [792, 793, 794, 795, 796, 797, 798, 799, 800, 801, 802, 803, 804, 805, 806, 807, 808, 809, 810, 811, 812, 813, 814, 815, 816, 817, 818, 820, 821, 822, 823, 824, 825, 826, 827, 828, 829, 830, 831, 832, 833, 834, 897, 898, 899, 900, 901, 902, 903, 904, 905, 906, 907, 908, 909, 910, 911, 912, 913, 981, 982, 983, 984, 1047, 1048, 1049, 1050, 1051, 1052, 1053, 1054, 1078, 1102, 1103, 1104, 1105, 1106, 1107, 1108, 1109, 1110, 1376, 1377, 1378, 1379, 1380, 1482, 1517, 1518, 1519, 1520, 1708, 1709, 1710, 1711, 1712, 1840, 1841, 1842, 1843, 1952, 1953, 1954, 1955, 1956, 1957, 1958, 1959, 1960, 1961, 1971, 1972, 1973, 1974, 1975, 1976, 1991, 1992, 1993, 1994, 1995, 1996, 1997, 2071, 2072, 2073, 2074, 2075, 2076, 2077, 2078, 2087, 2088, 2136, 2137, 2138, 2139, 2140, 2141, 2142, 2143, 2144, 2168, 2192, 2193, 2194, 2195, 2196, 2197, 2198, 2199, 2200, 2201, 2202, 2203, 2204, 2205, 2206, 2207, 2208, 2209, 2210, 2211, 2212, 2213, 2214, 2215, 2216, 2217, 2218, 2219, 2220, 2221, 2222, 2223, 2224, 2225, 2226, 2227, 2228, 2229, 2230, 2231, 2232, 2233, 2234, 2235, 2236, 2237, 2238, 2239, 2240, 2241, 2242, 2271, 2272, 2273, 2274, 2275, 2276, 2280, 2281, 2282, 2283, 2284, 2285, 2286, 2287, 2288, 2289, 2290, 2291, 2292, 2293, 2294, 2295, 2296, 2297, 2298, 2299, 2300, 2301, 2302, 2303, 2304, 2305, 2306, 2307, 2308, 2309, 2310, 2311, 2312, 2313, 2314, 2315, 2316, 2317, 2318, 2319, 2320, 2321, 2322, 2323, 2324, 2325, 2326, 2327, 2328, 2329, 2330, 2331, 2332, 2333, 2334, 2335, 2336, 2337], "selected_count": 258, "selection_time": 0.13782868099951884, "selection_score_forward_time": 0.1367427349978243}