{"example_id": 24, "sub_q_idx": 1, "method": "DraftModel", "reprocess_method": "DraftModel", "rate": 0.15, "system_len": 792, "passages_len": [792, 256, 242, 147, 116, 122, 208, 76, 112, 109, 111, 256, 242, 29], "chunk_ids": [0, 1, 2, 11, 12, 13, 14, 15, 16, 17, 18, 1, 2], "selected_abs": [792, 793, 794, 795, 797, 798, 799, 800, 801, 803, 804, 805, 806, 807, 817, 818, 819, 820, 821, 822, 823, 861, 862, 863, 864, 865, 866, 867, 868, 869, 871, 872, 873, 874, 875, 879, 880, 881, 882, 883, 890, 891, 892, 893, 910, 911, 912, 913, 914, 1047, 1048, 1049, 1050, 1051, 1052, 1064, 1065, 1074, 1075, 1076, 1077, 1078, 1079, 1104, 1105, 1133, 1134, 1136, 1159, 1160, 1161, 1162, 1163, 1282, 1288, 1289, 1290, 1291, 1292, 1293, 1300, 1301, 1302, 1303, 1304, 1305, 1306, 1307, 1310, 1311, 1312, 1313, 1314, 1315, 1316, 1317, 1325, 1326, 1327, 1328, 1329, 1434, 1435, 1436, 1437, 1438, 1439, 1440, 1441, 1442, 1443, 1444, 1445, 1551, 1552, 1553, 1554, 1555, 1556, 1557, 1558, 1559, 1560, 1561, 1655, 1674, 1675, 1676, 1677, 1678, 1679, 1681, 1682, 1683, 1684, 1685, 1686, 1698, 1699, 1700, 1701, 1702, 1882, 1883, 1884, 1885, 1886, 1887, 1888, 1889, 1890, 1891, 1892, 1893, 1894, 1895, 1957, 1958, 1959, 1960, 1961, 1962, 1963, 1964, 1965, 1966, 2070, 2071, 2072, 2073, 2074, 2075, 2076, 2078, 2079, 2080, 2081, 2083, 2084, 2085, 2086, 2087, 2179, 2180, 2181, 2182, 2183, 2184, 2185, 2186, 2187, 2188, 2189, 2190, 2191, 2192, 2193, 2194, 2195, 2201, 2202, 2203, 2204, 2205, 2290, 2291, 2292, 2293, 2294, 2295, 2296, 2297, 2298, 2299, 2300, 2301, 2302, 2303, 2304, 2305, 2306, 2307, 2308, 2309, 2315, 2316, 2317, 2318, 2319, 2320, 2321, 2322, 2347, 2348, 2363, 2364, 2365, 2366, 2367, 2369, 2370, 2371, 2372, 2373, 2374, 2389, 2390, 2391, 2409, 2410, 2411, 2412, 2413, 2415, 2416, 2417, 2418, 2419, 2420, 2421, 2523, 2524, 2538, 2539, 2545, 2546, 2547, 2548, 2549, 2550, 2570, 2571, 2573, 2574, 2575, 2576, 2577, 2578, 2603, 2604, 2632, 2633, 2658, 2659, 2660, 2661, 2662, 2671, 2672, 2673, 2724, 2765, 2766, 2767, 2780, 2781, 2782, 2787, 2788, 2789, 2790, 2791, 2792, 2793, 2794, 2795, 2796, 2797, 2798, 2799, 2800, 2801, 2802, 2803, 2804, 2805, 2806, 2807, 2808, 2809, 2810, 2811, 2812, 2813, 2814, 2815, 2816, 2817], "selected_count": 328, "selection_time": 0.17299805900256615, "selection_score_forward_time": 0.17143959699751576}