{"example_id": 43, "sub_q_idx": 0, "method": "DraftModel", "reprocess_method": "DraftModel", "rate": 0.15, "system_len": 792, "passages_len": [792, 40, 89, 52, 75, 49, 64, 68, 180, 62, 159, 25], "chunk_ids": [0, 1, 2, 3, 4, 5, 6, 7, 8, 9, 10], "selected_abs": [792, 793, 794, 795, 796, 797, 798, 799, 800, 801, 802, 803, 804, 805, 806, 807, 808, 809, 810, 811, 812, 813, 814, 815, 816, 817, 818, 819, 820, 821, 822, 830, 831, 832, 833, 834, 835, 836, 837, 838, 839, 842, 843, 844, 845, 856, 857, 858, 859, 860, 919, 920, 921, 922, 923, 924, 925, 926, 927, 928, 929, 930, 954, 955, 971, 972, 973, 974, 975, 976, 977, 978, 1029, 1030, 1046, 1047, 1048, 1049, 1050, 1051, 1052, 1053, 1054, 1055, 1095, 1096, 1097, 1098, 1099, 1100, 1160, 1161, 1162, 1163, 1164, 1228, 1229, 1230, 1231, 1232, 1233, 1234, 1383, 1408, 1409, 1410, 1411, 1412, 1413, 1414, 1415, 1416, 1417, 1469, 1470, 1471, 1472, 1473, 1474, 1475, 1476, 1477, 1478, 1599, 1629, 1630, 1631, 1632, 1633, 1634, 1635, 1636, 1637, 1638, 1639, 1640, 1641, 1642, 1643, 1644, 1645, 1646, 1647, 1648, 1649, 1650, 1651, 1652, 1653, 1654], "selected_count": 150, "selection_time": 0.10147803900326835, "selection_score_forward_time": 0.10076005700102542}