{"example_id": 147, "sub_q_idx": 1, "method": "DraftModel", "reprocess_method": "DraftModel", "rate": 0.15, "system_len": 792, "passages_len": [792, 132, 169, 222, 155, 165, 154, 73, 156, 387, 141, 129, 132, 36], "chunk_ids": [0, 11, 12, 13, 14, 15, 16, 17, 18, 19, 20, 1, 11], "selected_abs": [792, 793, 794, 795, 796, 797, 798, 799, 800, 801, 802, 803, 804, 806, 807, 808, 810, 811, 812, 813, 814, 815, 816, 817, 818, 820, 821, 822, 823, 824, 825, 826, 827, 828, 829, 830, 840, 841, 842, 843, 856, 857, 858, 859, 860, 861, 862, 879, 880, 881, 882, 884, 885, 886, 887, 893, 894, 895, 896, 897, 898, 899, 900, 901, 902, 903, 904, 905, 906, 907, 908, 909, 910, 911, 912, 913, 914, 916, 917, 918, 919, 921, 922, 923, 924, 925, 926, 927, 928, 929, 930, 931, 932, 933, 934, 935, 963, 964, 965, 975, 976, 977, 978, 979, 1092, 1093, 1094, 1095, 1096, 1144, 1145, 1146, 1283, 1314, 1315, 1316, 1317, 1318, 1469, 1470, 1471, 1478, 1479, 1480, 1486, 1487, 1634, 1635, 1636, 1642, 1643, 1644, 1646, 1647, 1648, 1649, 1788, 1789, 1790, 1791, 1792, 1793, 1794, 1795, 1796, 1797, 1798, 1861, 1862, 1863, 1864, 1865, 2017, 2018, 2019, 2020, 2021, 2022, 2023, 2024, 2025, 2026, 2160, 2404, 2405, 2406, 2407, 2408, 2411, 2412, 2413, 2414, 2415, 2416, 2495, 2496, 2497, 2544, 2545, 2546, 2547, 2548, 2549, 2550, 2551, 2552, 2582, 2583, 2584, 2674, 2675, 2676, 2677, 2678, 2679, 2680, 2681, 2682, 2683, 2684, 2685, 2686, 2687, 2688, 2689, 2690, 2691, 2692, 2693, 2694, 2695, 2696, 2697, 2698, 2699, 2700, 2701, 2702, 2703, 2704, 2705, 2706, 2707, 2708, 2709, 2710, 2711, 2712, 2713, 2722, 2723, 2724, 2725, 2726, 2727, 2728, 2729, 2730, 2731, 2732, 2733, 2734, 2735, 2736, 2738, 2739, 2740, 2741, 2742, 2743, 2744, 2745, 2746, 2747, 2748, 2749, 2761, 2762, 2763, 2764, 2765, 2766, 2767, 2768, 2769, 2770, 2771, 2772, 2773, 2774, 2775, 2776, 2777, 2778, 2779, 2780, 2781, 2782, 2783, 2784, 2785, 2786, 2787, 2788, 2789, 2790, 2791, 2792, 2793, 2794, 2795, 2796, 2797, 2798, 2799, 2800, 2801, 2802, 2803, 2804, 2805, 2806, 2807, 2808, 2809, 2810, 2811, 2812, 2813, 2814, 2815, 2816, 2817, 2818, 2819, 2820, 2821, 2822, 2823, 2824, 2825, 2826, 2827, 2828, 2829, 2830, 2831, 2832, 2833, 2834, 2835, 2836, 2837, 2838, 2839, 2840, 2841, 2842], "selected_count": 338, "selection_time": 0.17377821000263793, "selection_score_forward_time": 0.17221308900479926}