{"example_id": 114, "sub_q_idx": 0, "method": "DraftModel", "reprocess_method": "DraftModel", "rate": 0.15, "system_len": 792, "passages_len": [792, 340, 149, 184, 170, 180, 95, 109, 170, 136, 192, 28], "chunk_ids": [0, 1, 2, 3, 4, 5, 6, 7, 8, 9, 10], "selected_abs": [792, 793, 794, 795, 796, 797, 798, 799, 800, 801, 825, 879, 880, 881, 882, 883, 1028, 1029, 1030, 1130, 1131, 1132, 1133, 1134, 1135, 1136, 1137, 1138, 1140, 1141, 1142, 1143, 1182, 1183, 1184, 1185, 1186, 1187, 1263, 1264, 1265, 1266, 1277, 1278, 1279, 1280, 1281, 1282, 1283, 1284, 1285, 1286, 1287, 1288, 1334, 1463, 1464, 1465, 1466, 1522, 1634, 1635, 1636, 1637, 1638, 1639, 1640, 1641, 1642, 1643, 1644, 1645, 1646, 1647, 1648, 1649, 1650, 1651, 1652, 1653, 1659, 1660, 1661, 1662, 1663, 1664, 1665, 1666, 1667, 1668, 1669, 1670, 1685, 1686, 1687, 1688, 1689, 1700, 1701, 1702, 1703, 1704, 1705, 1706, 1707, 1708, 1709, 1710, 1720, 1721, 1722, 1739, 1740, 1741, 1742, 1743, 1744, 1747, 1748, 1749, 1814, 1815, 1816, 1817, 1818, 1819, 1820, 1821, 1822, 1823, 1824, 1825, 1826, 1827, 1828, 1829, 1830, 1834, 1835, 1836, 1845, 1846, 1847, 1848, 1849, 1850, 1851, 1852, 1853, 1854, 1855, 1856, 1857, 1858, 1859, 1860, 1861, 1862, 1909, 1910, 1911, 1912, 1913, 1914, 1915, 1916, 1917, 1918, 1919, 1920, 1921, 1922, 1936, 1937, 1938, 1939, 1940, 1941, 1942, 1943, 1944, 1945, 1946, 1947, 1984, 1985, 2018, 2019, 2020, 2021, 2022, 2023, 2024, 2025, 2026, 2027, 2069, 2070, 2071, 2072, 2073, 2084, 2085, 2134, 2188, 2189, 2190, 2191, 2192, 2193, 2194, 2195, 2196, 2197, 2198, 2199, 2200, 2201, 2202, 2203, 2323, 2324, 2325, 2326, 2327, 2328, 2329, 2330, 2331, 2332, 2333, 2335, 2336, 2338, 2339, 2340, 2344, 2345, 2346, 2347, 2348, 2349, 2350, 2351, 2468, 2469, 2470, 2471, 2483, 2484, 2485, 2486, 2487, 2488, 2497, 2498, 2515, 2516, 2517, 2518, 2519, 2520, 2521, 2522, 2523, 2524, 2525, 2526, 2527, 2528, 2529, 2530, 2531, 2532, 2533, 2534, 2535, 2536, 2537, 2538, 2539, 2540, 2541, 2542, 2543, 2544], "selected_count": 286, "selection_time": 0.15993440799502423, "selection_score_forward_time": 0.15861091900296742}