{"example_id": 72, "sub_q_idx": 1, "method": "DraftModel", "reprocess_method": "DraftModel", "rate": 0.15, "system_len": 792, "passages_len": [792, 93, 58, 107, 113, 51, 170, 75, 113, 67, 179, 58, 93, 32], "chunk_ids": [0, 11, 1, 12, 13, 14, 15, 16, 17, 18, 19, 1, 11], "selected_abs": [792, 793, 794, 795, 796, 797, 798, 799, 800, 801, 802, 803, 804, 805, 806, 807, 808, 809, 810, 811, 812, 813, 814, 815, 816, 817, 818, 819, 820, 821, 822, 823, 824, 825, 884, 885, 886, 887, 888, 890, 891, 892, 893, 894, 895, 896, 897, 898, 899, 900, 901, 902, 942, 943, 944, 1049, 1050, 1051, 1052, 1081, 1082, 1162, 1163, 1164, 1165, 1166, 1167, 1318, 1383, 1384, 1385, 1386, 1387, 1458, 1459, 1460, 1461, 1462, 1571, 1572, 1573, 1574, 1575, 1576, 1637, 1638, 1639, 1640, 1641, 1642, 1645, 1646, 1647, 1648, 1649, 1650, 1651, 1799, 1817, 1818, 1819, 1820, 1821, 1822, 1823, 1824, 1825, 1826, 1827, 1828, 1829, 1830, 1831, 1832, 1833, 1834, 1835, 1836, 1837, 1838, 1839, 1840, 1841, 1842, 1870, 1871, 1874, 1875, 1876, 1877, 1878, 1879, 1880, 1881, 1882, 1883, 1884, 1885, 1886, 1887, 1888, 1889, 1890, 1891, 1892, 1893, 1894, 1895, 1896, 1897, 1898, 1899, 1900, 1901, 1902, 1903, 1904, 1905, 1906, 1907, 1908, 1909, 1910, 1934, 1935, 1936, 1937, 1938, 1939, 1940, 1941, 1961, 1962, 1966, 1967, 1968, 1969, 1970, 1971, 1972, 1973, 1974, 1975, 1976, 1977, 1978, 1979, 1980, 1981, 1982, 1983, 1984, 1985, 1986, 1987, 1988, 1989, 1990, 1991, 1992, 1993, 1994, 1995, 1996, 1997, 1998, 1999, 2000], "selected_count": 208, "selection_time": 0.1261541700005182, "selection_score_forward_time": 0.1252531420032028}