{"example_id": 188, "sub_q_idx": 1, "method": "DraftModel", "reprocess_method": "DraftModel", "rate": 0.15, "system_len": 792, "passages_len": [792, 96, 219, 69, 96, 76, 80, 90, 100, 93, 102, 69, 96, 33], "chunk_ids": [0, 11, 2, 1, 12, 13, 14, 15, 16, 17, 18, 1, 11], "selected_abs": [792, 793, 794, 795, 796, 797, 798, 799, 800, 801, 802, 803, 804, 805, 806, 807, 808, 812, 813, 814, 815, 816, 817, 818, 819, 820, 821, 822, 823, 824, 825, 826, 827, 887, 888, 889, 890, 891, 1106, 1107, 1108, 1109, 1110, 1111, 1112, 1113, 1114, 1115, 1116, 1117, 1118, 1119, 1120, 1121, 1122, 1123, 1124, 1127, 1128, 1129, 1130, 1131, 1132, 1138, 1139, 1140, 1141, 1142, 1174, 1175, 1176, 1177, 1178, 1179, 1271, 1272, 1273, 1274, 1275, 1276, 1277, 1278, 1279, 1325, 1347, 1348, 1349, 1350, 1351, 1352, 1353, 1433, 1434, 1435, 1436, 1437, 1517, 1518, 1519, 1520, 1521, 1522, 1710, 1711, 1712, 1713, 1714, 1715, 1716, 1717, 1718, 1744, 1745, 1746, 1747, 1748, 1812, 1813, 1814, 1815, 1816, 1817, 1818, 1819, 1820, 1821, 1822, 1823, 1824, 1825, 1826, 1827, 1828, 1829, 1830, 1831, 1832, 1833, 1834, 1835, 1836, 1837, 1838, 1843, 1844, 1845, 1846, 1847, 1848, 1880, 1881, 1882, 1883, 1884, 1885, 1886, 1887, 1888, 1889, 1890, 1891, 1892, 1893, 1894, 1895, 1896, 1897, 1904, 1905, 1906, 1907, 1908, 1909, 1944, 1945, 1976, 1977, 1978, 1979, 1980, 1981, 1982, 1983, 1984, 1985, 1986, 1987, 1988, 1989, 1990, 1991, 1992, 1993, 1994, 1995, 1996, 1997, 1998, 1999, 2000, 2001, 2002, 2003, 2004, 2005, 2006, 2007, 2008, 2009, 2010], "selected_count": 210, "selection_time": 0.12527853099891217, "selection_score_forward_time": 0.12432189699757146}