{"example_id": 149, "sub_q_idx": 0, "method": "DraftModel", "reprocess_method": "DraftModel", "rate": 0.15, "system_len": 792, "passages_len": [792, 180, 224, 116, 83, 116, 173, 155, 123, 314, 84, 224, 32], "chunk_ids": [0, 1, 2, 3, 4, 5, 6, 7, 8, 9, 10, 2], "selected_abs": [792, 793, 794, 795, 796, 797, 798, 799, 800, 801, 802, 803, 804, 805, 806, 807, 808, 809, 810, 811, 812, 813, 814, 815, 816, 820, 821, 822, 823, 824, 825, 826, 827, 828, 855, 856, 857, 858, 866, 867, 868, 869, 870, 871, 872, 873, 895, 896, 897, 898, 914, 915, 920, 921, 971, 972, 973, 974, 975, 976, 977, 978, 979, 995, 996, 1004, 1111, 1194, 1195, 1196, 1197, 1198, 1199, 1200, 1254, 1255, 1256, 1257, 1258, 1259, 1272, 1273, 1274, 1275, 1310, 1311, 1312, 1313, 1314, 1315, 1316, 1317, 1318, 1319, 1320, 1321, 1322, 1323, 1324, 1325, 1326, 1327, 1328, 1357, 1358, 1359, 1360, 1393, 1394, 1395, 1396, 1397, 1398, 1399, 1400, 1401, 1402, 1403, 1404, 1405, 1406, 1435, 1436, 1437, 1510, 1511, 1512, 1513, 1514, 1515, 1516, 1517, 1518, 1519, 1520, 1523, 1524, 1525, 1526, 1527, 1604, 1605, 1606, 1683, 1684, 1685, 1686, 1687, 1688, 1689, 1690, 1691, 1758, 1817, 1837, 1838, 1839, 1840, 1841, 1842, 1843, 1844, 1845, 1846, 1847, 1848, 1849, 1850, 1960, 1961, 1962, 1963, 1964, 1965, 1966, 1968, 1969, 1970, 1972, 1973, 1974, 1975, 1976, 1977, 2065, 2066, 2067, 2068, 2162, 2163, 2164, 2165, 2196, 2197, 2198, 2199, 2275, 2276, 2277, 2278, 2279, 2280, 2281, 2282, 2283, 2284, 2285, 2286, 2287, 2289, 2290, 2291, 2292, 2293, 2294, 2295, 2296, 2303, 2304, 2305, 2306, 2310, 2311, 2312, 2313, 2314, 2315, 2316, 2317, 2320, 2321, 2322, 2323, 2345, 2346, 2358, 2359, 2360, 2361, 2362, 2363, 2364, 2365, 2366, 2367, 2368, 2369, 2370, 2371, 2372, 2382, 2383, 2384, 2385, 2417, 2418, 2455, 2481, 2482, 2499, 2572, 2573, 2574, 2575, 2576, 2581, 2582, 2583, 2584, 2585, 2586, 2587, 2588, 2589, 2590, 2591, 2592, 2593, 2594, 2595, 2596, 2597, 2598, 2599, 2600, 2601, 2602, 2603, 2604, 2605, 2606, 2607, 2608, 2609, 2610, 2611, 2612, 2613, 2614, 2615], "selected_count": 300, "selection_time": 0.16178530499746557, "selection_score_forward_time": 0.16029085999616655}