{"example_id": 52, "sub_q_idx": 2, "method": "DraftModel", "reprocess_method": "DraftModel", "rate": 0.15, "system_len": 792, "passages_len": [792, 71, 133, 208, 122, 190, 125, 84, 150, 95, 94, 83, 94, 71, 208, 37], "chunk_ids": [0, 12, 19, 13, 20, 21, 22, 23, 24, 25, 2, 1, 2, 12, 13], "selected_abs": [792, 793, 794, 795, 796, 797, 798, 799, 800, 801, 802, 803, 804, 805, 806, 807, 808, 809, 810, 811, 812, 813, 814, 815, 816, 817, 818, 824, 825, 826, 827, 828, 829, 847, 848, 849, 850, 851, 861, 862, 863, 864, 865, 866, 867, 871, 872, 873, 874, 995, 996, 997, 998, 999, 1000, 1001, 1002, 1003, 1004, 1005, 1095, 1096, 1097, 1098, 1099, 1100, 1106, 1107, 1108, 1109, 1126, 1127, 1128, 1129, 1130, 1131, 1132, 1133, 1139, 1140, 1141, 1142, 1144, 1145, 1146, 1147, 1191, 1192, 1193, 1203, 1204, 1205, 1206, 1207, 1208, 1210, 1211, 1212, 1213, 1325, 1326, 1327, 1328, 1329, 1333, 1334, 1335, 1336, 1337, 1338, 1339, 1340, 1341, 1515, 1516, 1517, 1518, 1519, 1520, 1521, 1522, 1523, 1524, 1724, 1725, 1726, 1727, 1728, 1729, 1730, 1731, 1732, 1794, 1795, 1796, 1797, 1874, 1875, 1876, 1877, 1878, 1879, 1880, 1881, 1882, 1883, 1884, 2074, 2132, 2144, 2145, 2146, 2147, 2148, 2149, 2150, 2225, 2226, 2240, 2241, 2242, 2243, 2244, 2245, 2246, 2247, 2248, 2249, 2250, 2251, 2252, 2253, 2254, 2255, 2256, 2257, 2258, 2259, 2260, 2261, 2262, 2263, 2264, 2265, 2266, 2270, 2271, 2272, 2273, 2274, 2275, 2276, 2277, 2303, 2304, 2306, 2307, 2308, 2309, 2310, 2311, 2312, 2313, 2314, 2315, 2316, 2317, 2318, 2319, 2320, 2321, 2322, 2364, 2365, 2366, 2375, 2376, 2377, 2378, 2410, 2411, 2412, 2413, 2414, 2415, 2416, 2423, 2424, 2425, 2426, 2427, 2428, 2442, 2443, 2444, 2445, 2446, 2447, 2448, 2449, 2453, 2454, 2455, 2456, 2457, 2458, 2459, 2461, 2462, 2463, 2464, 2465, 2466, 2467, 2502, 2503, 2504, 2518, 2519, 2520, 2521, 2522, 2523, 2524, 2525, 2526, 2527, 2528, 2529, 2530, 2531, 2532, 2533, 2534, 2535, 2536, 2537, 2538, 2539, 2540, 2541, 2542, 2543, 2544, 2545, 2546, 2547, 2548, 2549, 2550, 2551, 2552, 2553, 2554, 2555, 2556], "selected_count": 296, "selection_time": 0.15522682599839754, "selection_score_forward_time": 0.15390607000153977}