{"example_id": 156, "sub_q_idx": 1, "method": "DraftModel", "reprocess_method": "DraftModel", "rate": 0.15, "system_len": 792, "passages_len": [792, 51, 161, 61, 78, 135, 120, 219, 108, 93, 274, 51, 161, 27], "chunk_ids": [0, 1, 2, 11, 6, 12, 13, 14, 15, 16, 17, 1, 2], "selected_abs": [792, 793, 794, 795, 796, 797, 798, 799, 800, 801, 802, 803, 804, 805, 806, 807, 808, 809, 810, 811, 826, 827, 828, 829, 830, 831, 832, 833, 834, 835, 836, 837, 839, 840, 841, 842, 843, 844, 845, 846, 847, 848, 849, 850, 851, 852, 853, 854, 855, 856, 857, 858, 859, 860, 861, 896, 897, 898, 899, 900, 915, 916, 917, 918, 919, 923, 924, 925, 926, 927, 1001, 1003, 1004, 1005, 1006, 1007, 1064, 1065, 1066, 1067, 1068, 1142, 1143, 1144, 1145, 1146, 1277, 1278, 1279, 1280, 1281, 1397, 1398, 1399, 1400, 1616, 1617, 1618, 1619, 1620, 1621, 1622, 1623, 1624, 1724, 1725, 1726, 1727, 1728, 1729, 1730, 1731, 1732, 1817, 1818, 1819, 1820, 1821, 1822, 1823, 1824, 1825, 1826, 2091, 2092, 2093, 2094, 2095, 2096, 2097, 2098, 2099, 2100, 2101, 2102, 2103, 2104, 2105, 2106, 2107, 2108, 2109, 2110, 2125, 2126, 2127, 2128, 2129, 2130, 2131, 2132, 2133, 2134, 2135, 2136, 2137, 2138, 2139, 2140, 2141, 2142, 2143, 2144, 2145, 2146, 2147, 2148, 2149, 2150, 2151, 2152, 2153, 2154, 2155, 2156, 2157, 2158, 2159, 2160, 2178, 2179, 2199, 2200, 2201, 2202, 2203, 2204, 2205, 2206, 2207, 2208, 2209, 2210, 2211, 2212, 2214, 2215, 2216, 2217, 2218, 2219, 2220, 2221, 2222, 2223, 2224, 2225, 2226, 2227, 2228, 2288, 2289, 2290, 2291, 2292, 2293, 2294, 2295, 2296, 2297, 2298, 2299, 2300, 2301, 2302, 2303, 2304, 2305, 2306, 2307, 2308, 2309, 2310, 2311, 2312, 2313, 2314, 2315, 2316, 2317, 2318, 2319, 2320, 2321, 2322, 2323, 2324, 2325, 2326, 2327, 2328, 2329, 2330], "selected_count": 253, "selection_time": 0.13883099400118226, "selection_score_forward_time": 0.13760220400581602}