{"example_id": 178, "sub_q_idx": 1, "method": "DraftModel", "reprocess_method": "DraftModel", "rate": 0.15, "system_len": 792, "passages_len": [792, 56, 41, 112, 64, 109, 161, 80, 72, 74, 76, 41, 56, 27], "chunk_ids": [0, 3, 1, 11, 12, 13, 14, 15, 16, 17, 18, 1, 3], "selected_abs": [792, 793, 794, 795, 796, 797, 798, 799, 800, 801, 802, 803, 804, 805, 806, 807, 809, 810, 811, 812, 813, 814, 815, 846, 847, 848, 849, 850, 1000, 1001, 1002, 1003, 1025, 1064, 1065, 1066, 1067, 1068, 1069, 1334, 1335, 1336, 1337, 1338, 1339, 1414, 1415, 1416, 1417, 1418, 1419, 1420, 1421, 1422, 1423, 1424, 1425, 1486, 1487, 1488, 1489, 1490, 1560, 1561, 1562, 1563, 1564, 1565, 1636, 1637, 1638, 1639, 1640, 1641, 1642, 1643, 1644, 1656, 1657, 1658, 1659, 1660, 1661, 1676, 1677, 1678, 1679, 1680, 1681, 1682, 1683, 1684, 1685, 1686, 1687, 1688, 1689, 1690, 1691, 1692, 1693, 1694, 1695, 1696, 1697, 1698, 1699, 1700, 1701, 1702, 1703, 1704, 1705, 1706, 1707, 1708, 1709, 1710, 1711, 1712, 1713, 1714, 1715, 1716, 1717, 1718, 1719, 1720, 1721, 1722, 1723, 1724, 1725, 1726, 1727, 1728, 1729, 1730, 1731, 1732, 1733, 1734, 1735, 1736, 1737, 1738, 1739, 1740, 1741, 1742, 1743, 1744, 1745, 1746, 1747, 1748, 1749, 1750, 1751, 1752, 1753, 1754, 1755, 1756, 1757, 1758, 1759, 1760], "selected_count": 168, "selection_time": 0.1066369059990393, "selection_score_forward_time": 0.10571740799787221}