{"example_id": 160, "sub_q_idx": 1, "method": "DraftModel", "reprocess_method": "DraftModel", "rate": 0.15, "system_len": 792, "passages_len": [792, 127, 317, 119, 128, 142, 58, 164, 166, 151, 68, 42, 317, 119, 58, 34], "chunk_ids": [0, 11, 12, 2, 13, 14, 15, 16, 17, 18, 19, 1, 12, 2, 15], "selected_abs": [792, 793, 794, 795, 796, 797, 798, 799, 800, 801, 802, 803, 812, 813, 814, 815, 816, 818, 819, 820, 821, 822, 823, 824, 825, 837, 838, 839, 840, 841, 842, 843, 844, 856, 857, 858, 903, 904, 905, 917, 918, 919, 920, 921, 922, 923, 924, 925, 926, 927, 928, 929, 1002, 1003, 1032, 1235, 1236, 1237, 1238, 1239, 1240, 1241, 1242, 1321, 1322, 1327, 1328, 1329, 1330, 1331, 1353, 1354, 1355, 1356, 1357, 1358, 1360, 1361, 1362, 1363, 1364, 1365, 1366, 1367, 1368, 1369, 1370, 1470, 1471, 1472, 1473, 1474, 1475, 1476, 1477, 1478, 1479, 1480, 1481, 1482, 1483, 1484, 1485, 1486, 1487, 1488, 1489, 1491, 1492, 1493, 1494, 1624, 1625, 1626, 1627, 1628, 1631, 1632, 1633, 1634, 1640, 1641, 1643, 1644, 1661, 1662, 1663, 1664, 1665, 1681, 1682, 1683, 1692, 1693, 1694, 1695, 1713, 1714, 1752, 1753, 1754, 1755, 1845, 1846, 1847, 1848, 1849, 1850, 1851, 1852, 1853, 2009, 2010, 2011, 2012, 2013, 2014, 2015, 2016, 2017, 2018, 2019, 2020, 2021, 2024, 2025, 2026, 2028, 2029, 2035, 2036, 2044, 2045, 2046, 2047, 2052, 2053, 2054, 2055, 2056, 2057, 2086, 2087, 2088, 2089, 2162, 2163, 2164, 2165, 2166, 2167, 2168, 2185, 2186, 2187, 2204, 2205, 2230, 2231, 2232, 2233, 2234, 2235, 2249, 2250, 2251, 2252, 2253, 2254, 2272, 2273, 2274, 2275, 2276, 2277, 2278, 2279, 2280, 2281, 2282, 2283, 2284, 2285, 2298, 2299, 2300, 2302, 2303, 2357, 2358, 2386, 2387, 2426, 2427, 2491, 2492, 2538, 2589, 2590, 2591, 2592, 2593, 2594, 2595, 2596, 2597, 2598, 2599, 2600, 2601, 2602, 2603, 2604, 2605, 2621, 2622, 2623, 2675, 2676, 2677, 2708, 2709, 2710, 2711, 2712, 2713, 2714, 2716, 2717, 2718, 2719, 2720, 2725, 2726, 2728, 2729, 2730, 2731, 2732, 2733, 2734, 2735, 2736, 2737, 2746, 2747, 2748, 2749, 2750, 2751, 2752, 2753, 2754, 2765, 2766, 2767, 2768, 2769, 2770, 2771, 2772, 2773, 2774, 2775, 2776, 2777, 2778, 2779, 2780, 2781, 2782, 2783, 2784, 2785, 2786, 2787, 2788, 2789, 2790, 2791, 2792, 2793, 2794, 2795, 2796, 2797, 2798, 2799, 2800, 2801], "selected_count": 330, "selection_time": 0.16795000700221863, "selection_score_forward_time": 0.16638423100084765}