{"example_id": 163, "sub_q_idx": 1, "method": "DraftModel", "reprocess_method": "DraftModel", "rate": 0.15, "system_len": 792, "passages_len": [792, 170, 113, 226, 151, 322, 83, 105, 160, 122, 159, 170, 113, 32], "chunk_ids": [0, 1, 2, 11, 12, 13, 14, 15, 16, 17, 18, 1, 2], "selected_abs": [792, 793, 794, 795, 796, 797, 798, 799, 800, 801, 802, 803, 804, 805, 806, 807, 808, 809, 810, 811, 812, 813, 814, 815, 816, 817, 818, 819, 820, 821, 822, 823, 824, 825, 826, 827, 828, 916, 917, 961, 962, 963, 964, 965, 966, 967, 968, 969, 972, 973, 974, 979, 980, 981, 982, 983, 984, 985, 986, 999, 1000, 1001, 1002, 1003, 1004, 1005, 1006, 1007, 1008, 1073, 1074, 1075, 1076, 1300, 1301, 1302, 1303, 1304, 1307, 1308, 1309, 1310, 1384, 1385, 1389, 1390, 1451, 1452, 1453, 1454, 1455, 1456, 1457, 1460, 1461, 1462, 1463, 1467, 1468, 1469, 1470, 1471, 1472, 1552, 1553, 1735, 1736, 1772, 1773, 1774, 1775, 1776, 1777, 1820, 1856, 1857, 1858, 1859, 1961, 1962, 1963, 1964, 1965, 2103, 2104, 2121, 2122, 2123, 2124, 2125, 2126, 2127, 2128, 2129, 2130, 2131, 2133, 2134, 2135, 2136, 2149, 2150, 2156, 2157, 2158, 2159, 2160, 2161, 2162, 2215, 2216, 2230, 2231, 2232, 2238, 2239, 2240, 2241, 2242, 2243, 2244, 2245, 2246, 2247, 2398, 2402, 2403, 2404, 2405, 2406, 2407, 2408, 2409, 2410, 2411, 2412, 2413, 2414, 2415, 2416, 2417, 2418, 2419, 2420, 2421, 2422, 2423, 2424, 2425, 2426, 2427, 2428, 2429, 2430, 2431, 2432, 2433, 2434, 2435, 2436, 2437, 2438, 2439, 2440, 2460, 2461, 2462, 2463, 2506, 2507, 2526, 2527, 2528, 2538, 2539, 2540, 2541, 2542, 2570, 2571, 2572, 2573, 2574, 2575, 2576, 2577, 2578, 2579, 2580, 2581, 2582, 2583, 2584, 2585, 2586, 2587, 2588, 2589, 2590, 2591, 2592, 2593, 2594, 2595, 2596, 2597, 2598, 2599, 2600, 2603, 2604, 2605, 2606, 2607, 2608, 2609, 2610, 2611, 2612, 2613, 2614, 2615, 2616, 2617, 2618, 2619, 2620, 2621, 2622, 2660, 2661, 2673, 2674, 2675, 2676, 2677, 2678, 2679, 2680, 2681, 2682, 2683, 2684, 2685, 2686, 2687, 2688, 2689, 2690, 2691, 2692, 2693, 2694, 2695, 2696, 2697, 2698, 2699, 2700, 2701, 2702, 2703, 2704, 2705, 2706, 2707, 2708, 2709, 2710, 2711, 2712, 2713, 2714, 2715, 2716, 2717], "selected_count": 316, "selection_time": 0.16627844200411346, "selection_score_forward_time": 0.16488216099969577}