{"example_id": 162, "sub_q_idx": 0, "method": "DraftModel", "reprocess_method": "DraftModel", "rate": 0.15, "system_len": 792, "passages_len": [792, 115, 142, 139, 79, 37, 108, 119, 119, 167, 118, 115, 142, 33], "chunk_ids": [0, 1, 2, 3, 4, 5, 6, 7, 8, 9, 10, 1, 2], "selected_abs": [792, 793, 794, 795, 796, 797, 798, 799, 800, 801, 802, 803, 804, 805, 806, 807, 808, 809, 810, 811, 812, 813, 814, 821, 822, 823, 824, 830, 831, 832, 845, 846, 847, 906, 907, 908, 909, 910, 924, 925, 926, 927, 928, 929, 930, 931, 932, 933, 934, 935, 936, 937, 938, 939, 940, 1048, 1049, 1050, 1051, 1052, 1053, 1187, 1188, 1189, 1190, 1191, 1237, 1266, 1267, 1268, 1269, 1270, 1271, 1272, 1273, 1274, 1275, 1303, 1304, 1305, 1306, 1327, 1337, 1410, 1411, 1412, 1413, 1414, 1415, 1529, 1530, 1531, 1532, 1533, 1534, 1648, 1649, 1650, 1651, 1652, 1653, 1654, 1655, 1656, 1816, 1817, 1818, 1819, 1820, 1838, 1844, 1845, 1846, 1934, 1935, 1936, 1937, 1938, 1939, 1940, 1941, 1942, 1943, 1944, 1945, 1946, 1947, 1948, 1949, 1950, 1951, 1952, 1953, 1954, 1955, 1956, 1957, 1958, 1964, 1965, 1966, 1967, 1968, 1969, 1972, 1973, 1974, 1995, 1996, 1997, 1998, 1999, 2000, 2001, 2002, 2008, 2009, 2010, 2011, 2012, 2013, 2015, 2016, 2017, 2018, 2019, 2040, 2041, 2042, 2043, 2048, 2049, 2050, 2051, 2052, 2053, 2054, 2055, 2067, 2068, 2069, 2070, 2071, 2072, 2073, 2074, 2075, 2076, 2077, 2078, 2079, 2080, 2081, 2082, 2083, 2096, 2097, 2098, 2110, 2111, 2112, 2113, 2114, 2126, 2152, 2153, 2154, 2155, 2190, 2191, 2192, 2193, 2194, 2195, 2196, 2197, 2198, 2199, 2200, 2201, 2202, 2203, 2204, 2205, 2206, 2207, 2208, 2209, 2210, 2211, 2212, 2213, 2214, 2215, 2216, 2217, 2218, 2219, 2220, 2221, 2222, 2223, 2224], "selected_count": 243, "selection_time": 0.1344618939983775, "selection_score_forward_time": 0.1334300929956953}