{"example_id": 102, "sub_q_idx": 1, "method": "DraftModel", "reprocess_method": "DraftModel", "rate": 0.15, "system_len": 792, "passages_len": [792, 73, 124, 121, 165, 151, 144, 103, 153, 260, 196, 124, 73, 24], "chunk_ids": [0, 11, 1, 12, 13, 14, 15, 16, 17, 18, 19, 1, 11], "selected_abs": [792, 793, 794, 795, 796, 797, 798, 799, 800, 801, 802, 804, 805, 806, 807, 808, 809, 810, 811, 812, 813, 814, 815, 816, 817, 818, 819, 820, 821, 822, 823, 824, 825, 826, 827, 828, 829, 830, 831, 832, 833, 834, 835, 836, 837, 838, 845, 846, 850, 851, 855, 856, 857, 858, 860, 861, 862, 863, 864, 865, 866, 867, 868, 869, 873, 874, 875, 876, 926, 927, 946, 947, 948, 949, 961, 962, 963, 988, 989, 990, 991, 1108, 1109, 1110, 1111, 1112, 1113, 1124, 1125, 1126, 1132, 1133, 1134, 1172, 1274, 1275, 1276, 1277, 1278, 1421, 1425, 1426, 1427, 1428, 1569, 1570, 1571, 1572, 1573, 1574, 1575, 1576, 1577, 1578, 1579, 1672, 1673, 1674, 1675, 1676, 1677, 1678, 1824, 1825, 1826, 1827, 1828, 1829, 1830, 1831, 1832, 1901, 1902, 1903, 2016, 2085, 2086, 2087, 2088, 2089, 2090, 2091, 2092, 2093, 2094, 2095, 2096, 2097, 2098, 2099, 2100, 2101, 2281, 2282, 2283, 2284, 2285, 2286, 2287, 2288, 2289, 2290, 2291, 2292, 2293, 2294, 2295, 2296, 2338, 2341, 2342, 2343, 2344, 2349, 2350, 2351, 2352, 2362, 2363, 2364, 2365, 2366, 2367, 2404, 2405, 2406, 2407, 2408, 2409, 2410, 2411, 2412, 2413, 2414, 2415, 2416, 2417, 2418, 2419, 2420, 2421, 2422, 2423, 2424, 2425, 2426, 2427, 2428, 2429, 2430, 2431, 2432, 2433, 2434, 2435, 2436, 2437, 2438, 2439, 2440, 2441, 2442, 2443, 2444, 2445, 2446, 2447, 2448, 2449, 2450, 2451, 2452, 2453, 2456, 2457, 2458, 2459, 2460, 2461, 2464, 2465, 2467, 2468, 2469, 2470, 2471, 2472, 2473, 2474, 2475, 2476, 2477, 2478, 2479, 2480, 2481, 2482, 2483, 2484, 2485, 2486, 2487, 2488, 2489, 2490, 2491, 2492, 2493, 2494, 2495, 2496, 2497, 2498, 2499, 2500, 2501, 2502], "selected_count": 277, "selection_time": 0.1533415599988075, "selection_score_forward_time": 0.1519792309991317}