{"example_id": 60, "sub_q_idx": 1, "method": "DraftModel", "reprocess_method": "DraftModel", "rate": 0.15, "system_len": 792, "passages_len": [792, 140, 154, 148, 148, 170, 114, 92, 253, 118, 184, 140, 154, 148, 33], "chunk_ids": [0, 1, 4, 2, 3, 5, 11, 9, 12, 13, 14, 1, 4, 3], "selected_abs": [792, 793, 794, 795, 796, 797, 798, 799, 800, 801, 802, 803, 804, 805, 806, 807, 808, 809, 810, 811, 812, 813, 814, 815, 816, 817, 818, 819, 820, 821, 822, 823, 824, 828, 829, 830, 831, 837, 838, 839, 842, 843, 844, 845, 863, 864, 865, 866, 867, 868, 871, 872, 873, 874, 875, 905, 906, 907, 908, 909, 910, 911, 912, 913, 914, 915, 930, 931, 932, 933, 934, 935, 936, 937, 938, 939, 940, 941, 964, 965, 977, 978, 979, 980, 981, 982, 983, 1084, 1085, 1086, 1087, 1088, 1089, 1090, 1091, 1092, 1093, 1094, 1095, 1096, 1097, 1098, 1108, 1109, 1110, 1111, 1112, 1113, 1114, 1115, 1233, 1234, 1235, 1236, 1237, 1238, 1239, 1240, 1241, 1242, 1243, 1266, 1277, 1278, 1279, 1280, 1281, 1282, 1283, 1354, 1380, 1381, 1382, 1383, 1384, 1385, 1550, 1551, 1552, 1553, 1554, 1555, 1556, 1557, 1558, 1574, 1665, 1666, 1667, 1668, 1669, 1756, 1757, 1758, 1759, 1760, 1761, 2010, 2011, 2012, 2013, 2014, 2015, 2016, 2017, 2128, 2129, 2130, 2131, 2132, 2312, 2313, 2314, 2315, 2316, 2317, 2318, 2319, 2320, 2321, 2322, 2323, 2325, 2326, 2327, 2328, 2329, 2330, 2331, 2332, 2333, 2334, 2335, 2336, 2337, 2338, 2339, 2340, 2341, 2342, 2343, 2344, 2345, 2352, 2353, 2354, 2359, 2360, 2362, 2363, 2364, 2365, 2366, 2367, 2411, 2412, 2413, 2427, 2428, 2429, 2430, 2431, 2432, 2433, 2434, 2435, 2442, 2443, 2444, 2445, 2446, 2447, 2448, 2449, 2450, 2451, 2452, 2453, 2454, 2455, 2456, 2457, 2493, 2494, 2495, 2496, 2497, 2498, 2499, 2500, 2501, 2502, 2503, 2514, 2515, 2605, 2606, 2607, 2608, 2609, 2610, 2611, 2618, 2619, 2620, 2621, 2638, 2639, 2645, 2646, 2647, 2648, 2649, 2650, 2651, 2652, 2653, 2654, 2655, 2656, 2660, 2661, 2673, 2674, 2683, 2684, 2685, 2689, 2690, 2691, 2692, 2752, 2753, 2754, 2755, 2756, 2757, 2758, 2759, 2760, 2761, 2762, 2763, 2764, 2765, 2766, 2767, 2768, 2769, 2770, 2771, 2772, 2773, 2774, 2775, 2776, 2777, 2778, 2779, 2780, 2781, 2782, 2783, 2784, 2785, 2786, 2787], "selected_count": 327, "selection_time": 0.16955701199913165, "selection_score_forward_time": 0.16796864599746186}