{"example_id": 54, "sub_q_idx": 1, "method": "DraftModel", "reprocess_method": "DraftModel", "rate": 0.15, "system_len": 792, "passages_len": [792, 94, 110, 71, 208, 147, 83, 308, 116, 130, 71, 83, 94, 71, 208, 36], "chunk_ids": [0, 2, 11, 12, 13, 14, 1, 15, 16, 17, 18, 1, 2, 12, 13], "selected_abs": [792, 793, 794, 795, 796, 797, 798, 799, 800, 801, 802, 803, 804, 805, 806, 830, 831, 832, 833, 834, 835, 836, 837, 838, 839, 840, 841, 842, 843, 844, 845, 846, 847, 848, 849, 884, 885, 886, 887, 888, 889, 890, 891, 892, 893, 991, 995, 996, 997, 998, 999, 1000, 1001, 1002, 1003, 1004, 1011, 1012, 1013, 1014, 1015, 1016, 1017, 1018, 1019, 1020, 1066, 1067, 1068, 1069, 1070, 1071, 1072, 1073, 1074, 1075, 1166, 1167, 1168, 1274, 1275, 1276, 1277, 1278, 1279, 1280, 1281, 1421, 1422, 1423, 1424, 1425, 1426, 1427, 1428, 1429, 1430, 1449, 1450, 1451, 1452, 1453, 1454, 1455, 1456, 1457, 1503, 1504, 1505, 1506, 1507, 1508, 1509, 1510, 1511, 1512, 1556, 1557, 1812, 1813, 1814, 1815, 1816, 1817, 1818, 1819, 1820, 1821, 1822, 1823, 1824, 1928, 1929, 1930, 1931, 1932, 1933, 1935, 1936, 1937, 1938, 1939, 1940, 1941, 1942, 1950, 1951, 1952, 1953, 1954, 2058, 2059, 2060, 2061, 2062, 2063, 2064, 2065, 2066, 2067, 2071, 2072, 2075, 2076, 2077, 2078, 2079, 2080, 2081, 2082, 2084, 2085, 2092, 2093, 2094, 2095, 2096, 2097, 2098, 2100, 2101, 2102, 2103, 2128, 2129, 2130, 2131, 2132, 2133, 2134, 2135, 2136, 2137, 2138, 2156, 2157, 2158, 2159, 2160, 2161, 2162, 2163, 2164, 2165, 2166, 2167, 2210, 2211, 2212, 2213, 2214, 2215, 2216, 2217, 2218, 2219, 2220, 2223, 2287, 2291, 2292, 2304, 2305, 2306, 2307, 2308, 2309, 2310, 2311, 2312, 2313, 2314, 2315, 2316, 2317, 2318, 2319, 2320, 2321, 2322, 2323, 2324, 2325, 2326, 2327, 2328, 2329, 2330, 2331, 2332, 2376, 2377, 2378, 2379, 2380, 2381, 2382, 2383, 2384, 2385, 2386, 2387, 2430, 2431, 2432, 2493, 2494, 2584, 2585, 2586, 2587, 2588, 2589, 2590, 2591, 2592, 2593, 2594, 2595, 2596, 2597, 2598, 2599, 2600, 2601, 2602, 2603, 2604, 2605, 2606, 2607, 2608, 2609, 2610, 2611, 2612, 2613, 2614, 2615, 2616, 2617, 2618, 2619, 2620, 2621], "selected_count": 305, "selection_time": 0.16401021600177046, "selection_score_forward_time": 0.16263824299676344}