{"example_id": 119, "sub_q_idx": 0, "method": "DraftModel", "reprocess_method": "DraftModel", "rate": 0.15, "system_len": 792, "passages_len": [792, 68, 138, 186, 170, 141, 89, 203, 72, 227, 117, 37], "chunk_ids": [0, 1, 2, 3, 4, 5, 6, 7, 8, 9, 10], "selected_abs": [792, 793, 794, 795, 796, 797, 798, 799, 800, 801, 802, 803, 804, 805, 806, 807, 808, 809, 810, 811, 812, 813, 814, 815, 816, 817, 818, 819, 820, 821, 828, 829, 830, 831, 832, 833, 834, 835, 836, 837, 838, 839, 840, 841, 842, 843, 844, 856, 857, 858, 859, 860, 861, 862, 863, 864, 865, 866, 868, 869, 871, 872, 873, 874, 875, 876, 880, 881, 882, 883, 884, 886, 887, 888, 909, 910, 997, 998, 999, 1000, 1001, 1002, 1003, 1004, 1005, 1011, 1012, 1013, 1183, 1184, 1185, 1186, 1187, 1188, 1189, 1190, 1191, 1349, 1353, 1354, 1355, 1356, 1357, 1358, 1359, 1360, 1361, 1369, 1370, 1371, 1372, 1373, 1494, 1495, 1496, 1497, 1498, 1499, 1500, 1501, 1502, 1503, 1504, 1505, 1556, 1557, 1583, 1584, 1585, 1586, 1587, 1606, 1607, 1608, 1609, 1610, 1611, 1612, 1786, 1787, 1788, 1789, 1790, 1791, 1792, 1793, 1794, 1798, 1799, 1800, 1801, 1802, 1803, 1804, 1805, 1806, 1807, 1858, 1859, 1860, 1861, 1862, 1863, 1864, 1865, 2085, 2086, 2087, 2088, 2089, 2090, 2091, 2092, 2093, 2094, 2095, 2096, 2097, 2098, 2107, 2108, 2109, 2110, 2111, 2112, 2113, 2114, 2115, 2116, 2117, 2118, 2119, 2120, 2127, 2128, 2129, 2130, 2131, 2132, 2137, 2138, 2139, 2140, 2141, 2142, 2143, 2144, 2145, 2155, 2201, 2202, 2203, 2204, 2205, 2206, 2207, 2208, 2209, 2210, 2211, 2212, 2213, 2214, 2215, 2216, 2217, 2218, 2219, 2220, 2221, 2222, 2223, 2224, 2225, 2226, 2227, 2228, 2229, 2230, 2231, 2232, 2233, 2234, 2235, 2236, 2237, 2238, 2239], "selected_count": 248, "selection_time": 0.13315638200583635, "selection_score_forward_time": 0.1319839830030105}