{"example_id": 37, "sub_q_idx": 1, "method": "DraftModel", "reprocess_method": "DraftModel", "rate": 0.15, "system_len": 792, "passages_len": [792, 109, 100, 59, 54, 106, 90, 98, 129, 95, 242, 109, 100, 54], "chunk_ids": [0, 1, 2, 5, 3, 4, 6, 8, 11, 12, 7, 1, 2], "selected_abs": [792, 793, 794, 795, 796, 797, 798, 799, 800, 801, 802, 819, 820, 821, 822, 823, 824, 825, 826, 827, 828, 829, 830, 831, 832, 833, 834, 835, 836, 837, 838, 839, 840, 841, 842, 843, 844, 845, 846, 847, 848, 849, 850, 851, 852, 853, 854, 859, 860, 861, 882, 883, 884, 885, 899, 900, 901, 902, 903, 904, 946, 947, 949, 950, 951, 953, 954, 955, 1414, 1415, 1416, 1638, 1639, 1640, 1641, 1642, 1643, 1645, 1646, 1647, 1648, 1649, 1663, 1664, 1665, 1666, 1667, 1873, 1874, 1875, 1876, 1877, 1878, 1879, 1880, 1881, 1882, 1883, 1884, 1887, 1888, 1889, 1890, 1891, 1892, 1901, 1902, 1903, 1904, 1905, 1906, 1907, 1909, 1910, 1911, 1912, 1913, 1914, 1915, 1916, 1917, 1918, 1919, 1920, 1921, 1922, 1923, 1924, 1925, 1926, 1927, 1928, 1929, 1930, 1931, 1932, 1933, 1934, 1935, 1936, 1940, 1941, 1942, 1943, 1946, 1947, 1948, 1949, 1950, 1951, 1956, 1957, 1958, 1959, 1960, 1961, 1962, 1963, 1964, 1965, 1966, 1980, 1981, 1982, 1983, 1984, 1985, 1986, 1987, 1988, 1989, 1990, 1991, 2013, 2014, 2015, 2016, 2017, 2018, 2027, 2028, 2029, 2030, 2031, 2032, 2033, 2034, 2035, 2036, 2037, 2080, 2081, 2082, 2083, 2084, 2085, 2086, 2087, 2088, 2089, 2090, 2091, 2092, 2093, 2094, 2095, 2096, 2097, 2098, 2099, 2100, 2101, 2102, 2103, 2104, 2105, 2106, 2107, 2108, 2109, 2110, 2111, 2112, 2113, 2114, 2115, 2116, 2117, 2118, 2119, 2120, 2121, 2122, 2123, 2124, 2125, 2126, 2127, 2128, 2129, 2130, 2131, 2132, 2133, 2134, 2135, 2136], "selected_count": 247, "selection_time": 0.13024168600531993, "selection_score_forward_time": 0.1292455790025997}