{"example_id": 167, "sub_q_idx": 1, "method": "DraftModel", "reprocess_method": "DraftModel", "rate": 0.15, "system_len": 792, "passages_len": [792, 102, 51, 72, 98, 113, 109, 283, 40, 157, 99, 72, 51, 26], "chunk_ids": [0, 11, 12, 1, 13, 14, 15, 16, 17, 18, 19, 1, 12], "selected_abs": [792, 793, 794, 795, 796, 797, 798, 799, 800, 801, 802, 893, 894, 895, 896, 897, 898, 899, 900, 901, 944, 945, 946, 947, 948, 953, 954, 955, 956, 957, 958, 959, 960, 961, 962, 963, 1016, 1017, 1018, 1019, 1020, 1022, 1023, 1024, 1025, 1026, 1027, 1056, 1057, 1058, 1113, 1114, 1115, 1116, 1117, 1118, 1119, 1120, 1121, 1124, 1125, 1126, 1169, 1170, 1171, 1172, 1173, 1174, 1175, 1187, 1199, 1200, 1201, 1202, 1203, 1221, 1222, 1223, 1224, 1225, 1226, 1227, 1228, 1229, 1230, 1231, 1232, 1233, 1234, 1235, 1336, 1337, 1338, 1339, 1340, 1434, 1435, 1619, 1620, 1621, 1622, 1623, 1658, 1659, 1660, 1661, 1662, 1816, 1817, 1818, 1819, 1820, 1836, 1837, 1915, 1916, 1917, 1918, 1919, 1920, 1921, 1922, 1923, 1924, 1925, 1926, 1927, 1928, 1929, 1930, 1931, 1932, 1933, 1934, 1938, 1939, 1940, 1941, 1942, 1943, 1957, 1958, 1959, 1960, 1972, 1973, 1974, 1975, 1976, 1977, 1978, 1985, 1986, 1987, 1988, 1989, 1990, 1991, 1992, 1993, 1994, 1995, 1996, 1997, 1998, 1999, 2000, 2001, 2002, 2003, 2004, 2005, 2006, 2007, 2008, 2009, 2010, 2011, 2012, 2013, 2014, 2032, 2033, 2035, 2036, 2037, 2038, 2039, 2040, 2041, 2042, 2043, 2044, 2045, 2046, 2047, 2048, 2049, 2050, 2051, 2052, 2053, 2054, 2055, 2056, 2057, 2058, 2059, 2060, 2061, 2062, 2063, 2064], "selected_count": 213, "selection_time": 0.12824853000347503, "selection_score_forward_time": 0.1272907020029379}