{"example_id": 138, "sub_q_idx": 1, "method": "DraftModel", "reprocess_method": "DraftModel", "rate": 0.15, "system_len": 792, "passages_len": [792, 87, 83, 161, 166, 123, 270, 146, 339, 118, 122, 83, 87, 83, 87, 28], "chunk_ids": [0, 11, 1, 6, 12, 13, 14, 15, 16, 17, 18, 1, 11, 1, 11], "selected_abs": [792, 793, 794, 795, 796, 797, 798, 799, 801, 802, 803, 804, 805, 806, 807, 808, 809, 810, 811, 823, 824, 831, 832, 833, 834, 835, 836, 837, 838, 839, 840, 841, 842, 843, 877, 878, 879, 880, 881, 882, 883, 884, 885, 886, 892, 893, 894, 895, 896, 897, 898, 899, 900, 901, 953, 954, 955, 956, 957, 958, 959, 960, 961, 962, 963, 964, 965, 966, 967, 969, 970, 971, 972, 1027, 1028, 1029, 1122, 1123, 1124, 1125, 1126, 1127, 1128, 1166, 1288, 1289, 1290, 1291, 1292, 1293, 1294, 1295, 1410, 1411, 1412, 1413, 1414, 1415, 1416, 1681, 1682, 1683, 1684, 1685, 1686, 1687, 1688, 1826, 1827, 1828, 1829, 1830, 1831, 1832, 1833, 1912, 1942, 2166, 2167, 2168, 2169, 2170, 2171, 2172, 2173, 2174, 2284, 2285, 2286, 2287, 2288, 2293, 2294, 2297, 2298, 2299, 2300, 2301, 2360, 2406, 2407, 2408, 2409, 2410, 2411, 2412, 2413, 2414, 2415, 2416, 2420, 2421, 2422, 2423, 2424, 2425, 2426, 2427, 2428, 2429, 2431, 2432, 2433, 2434, 2435, 2439, 2440, 2441, 2442, 2463, 2464, 2465, 2466, 2471, 2472, 2473, 2474, 2475, 2476, 2479, 2480, 2481, 2482, 2483, 2484, 2485, 2486, 2487, 2488, 2489, 2490, 2491, 2492, 2493, 2494, 2495, 2496, 2497, 2498, 2499, 2500, 2501, 2502, 2503, 2504, 2511, 2512, 2513, 2514, 2520, 2521, 2522, 2528, 2529, 2530, 2531, 2532, 2533, 2534, 2535, 2536, 2537, 2538, 2539, 2540, 2541, 2542, 2551, 2552, 2553, 2554, 2555, 2575, 2576, 2577, 2578, 2579, 2580, 2581, 2582, 2592, 2593, 2594, 2595, 2596, 2597, 2598, 2633, 2634, 2635, 2636, 2641, 2642, 2643, 2644, 2645, 2650, 2651, 2652, 2653, 2654, 2655, 2656, 2657, 2658, 2659, 2660, 2661, 2662, 2663, 2664, 2665, 2666, 2667, 2668, 2690, 2691, 2698, 2699, 2700, 2701, 2704, 2705, 2706, 2707, 2708, 2709, 2710, 2711, 2712, 2744, 2745, 2746, 2747, 2748, 2749, 2750, 2751, 2752, 2753, 2754, 2755, 2756, 2757, 2758, 2759, 2760, 2761, 2762, 2763, 2764, 2765, 2766, 2767, 2768, 2769, 2770, 2771, 2772, 2773, 2774], "selected_count": 321, "selection_time": 0.16884178899636026, "selection_score_forward_time": 0.1672051779969479}