{"example_id": 173, "sub_q_idx": 0, "method": "DraftModel", "reprocess_method": "DraftModel", "rate": 0.15, "system_len": 792, "passages_len": [792, 89, 98, 114, 80, 82, 221, 208, 116, 312, 198, 30], "chunk_ids": [0, 1, 2, 3, 4, 5, 6, 7, 8, 9, 10], "selected_abs": [792, 793, 794, 795, 796, 797, 798, 799, 800, 801, 802, 803, 805, 806, 807, 808, 809, 810, 811, 812, 813, 814, 829, 830, 831, 832, 833, 834, 835, 836, 837, 838, 839, 841, 842, 843, 844, 845, 846, 847, 848, 849, 874, 875, 876, 877, 878, 879, 880, 881, 882, 883, 884, 885, 886, 887, 888, 889, 890, 891, 892, 893, 894, 895, 896, 897, 898, 899, 900, 901, 902, 903, 904, 905, 906, 907, 908, 912, 913, 914, 915, 916, 917, 918, 920, 921, 922, 923, 944, 945, 946, 947, 948, 949, 978, 979, 980, 981, 982, 983, 984, 985, 986, 987, 988, 989, 990, 991, 992, 993, 994, 995, 999, 1000, 1001, 1002, 1003, 1089, 1090, 1091, 1092, 1093, 1094, 1095, 1096, 1097, 1098, 1099, 1100, 1101, 1102, 1103, 1104, 1105, 1106, 1172, 1173, 1174, 1175, 1176, 1177, 1185, 1186, 1187, 1215, 1216, 1217, 1218, 1227, 1228, 1254, 1255, 1256, 1257, 1258, 1265, 1266, 1267, 1268, 1269, 1270, 1271, 1475, 1476, 1477, 1478, 1479, 1480, 1481, 1482, 1483, 1484, 1683, 1684, 1685, 1686, 1687, 1688, 1689, 1690, 1691, 1692, 1778, 1799, 1800, 1801, 1802, 1803, 1804, 1805, 1806, 1808, 1809, 1810, 1811, 2111, 2112, 2113, 2114, 2115, 2116, 2117, 2118, 2119, 2120, 2121, 2122, 2123, 2124, 2125, 2126, 2127, 2128, 2129, 2130, 2131, 2132, 2136, 2137, 2138, 2139, 2140, 2141, 2279, 2305, 2308, 2309, 2310, 2311, 2312, 2313, 2314, 2315, 2316, 2317, 2318, 2319, 2320, 2321, 2322, 2323, 2324, 2325, 2326, 2327, 2328, 2329, 2330, 2331, 2332, 2333, 2334, 2335, 2336, 2337, 2338, 2339], "selected_count": 257, "selection_time": 0.1385190099972533, "selection_score_forward_time": 0.13741599200147903}