{"example_id": 165, "sub_q_idx": 0, "method": "DraftModel", "reprocess_method": "DraftModel", "rate": 0.15, "system_len": 792, "passages_len": [792, 93, 221, 77, 216, 153, 100, 188, 159, 95, 203, 93, 77, 36], "chunk_ids": [0, 1, 2, 3, 4, 5, 6, 7, 8, 9, 10, 1, 3], "selected_abs": [792, 793, 794, 795, 796, 797, 798, 799, 800, 801, 802, 803, 804, 805, 806, 807, 808, 809, 810, 811, 812, 813, 814, 815, 816, 817, 818, 819, 820, 821, 822, 823, 824, 825, 831, 832, 833, 834, 883, 884, 885, 886, 887, 888, 889, 890, 891, 892, 893, 894, 895, 896, 904, 905, 906, 907, 1105, 1106, 1107, 1108, 1109, 1110, 1115, 1116, 1117, 1118, 1119, 1120, 1121, 1126, 1127, 1128, 1129, 1130, 1131, 1162, 1163, 1164, 1165, 1182, 1183, 1184, 1185, 1186, 1187, 1188, 1189, 1190, 1317, 1398, 1399, 1400, 1401, 1551, 1552, 1553, 1554, 1555, 1556, 1561, 1562, 1563, 1573, 1574, 1575, 1651, 1652, 1653, 1654, 1655, 1798, 1839, 1840, 1841, 1842, 1843, 1844, 1845, 1846, 1847, 1848, 1998, 1999, 2000, 2001, 2002, 2003, 2004, 2005, 2006, 2007, 2008, 2009, 2093, 2094, 2095, 2096, 2097, 2098, 2099, 2100, 2149, 2150, 2151, 2296, 2297, 2298, 2299, 2300, 2301, 2302, 2303, 2304, 2305, 2306, 2307, 2308, 2309, 2310, 2311, 2312, 2313, 2314, 2315, 2316, 2317, 2318, 2319, 2320, 2321, 2322, 2323, 2324, 2325, 2326, 2327, 2328, 2329, 2330, 2335, 2336, 2337, 2338, 2339, 2340, 2360, 2361, 2362, 2363, 2364, 2367, 2368, 2369, 2377, 2378, 2379, 2380, 2381, 2382, 2383, 2384, 2387, 2388, 2389, 2390, 2391, 2392, 2393, 2394, 2395, 2396, 2397, 2398, 2399, 2400, 2401, 2402, 2403, 2404, 2405, 2406, 2407, 2408, 2409, 2410, 2411, 2412, 2413, 2414, 2415, 2417, 2418, 2419, 2420, 2421, 2422, 2423, 2424, 2425, 2445, 2446, 2447, 2448, 2449, 2450, 2451, 2462, 2463, 2464, 2465, 2466, 2467, 2468, 2469, 2470, 2471, 2472, 2473, 2474, 2475, 2476, 2477, 2478, 2479, 2480, 2481, 2482, 2483, 2484, 2485, 2486, 2487, 2488, 2489, 2490, 2491, 2492, 2493, 2494, 2495, 2496, 2497, 2498, 2499, 2500, 2501, 2502], "selected_count": 287, "selection_time": 0.15324882499407977, "selection_score_forward_time": 0.15197531000012532}