{"example_id": 178, "sub_q_idx": 0, "method": "DraftModel", "reprocess_method": "DraftModel", "rate": 0.15, "system_len": 792, "passages_len": [792, 41, 118, 56, 92, 178, 36, 79, 281, 52, 192, 29], "chunk_ids": [0, 1, 2, 3, 4, 5, 6, 7, 8, 9, 10], "selected_abs": [792, 793, 794, 795, 796, 797, 798, 799, 800, 801, 802, 803, 804, 805, 806, 807, 808, 809, 810, 811, 812, 813, 814, 815, 816, 817, 818, 819, 820, 821, 822, 823, 824, 825, 826, 827, 828, 829, 830, 831, 832, 833, 834, 835, 836, 837, 838, 904, 905, 907, 908, 909, 950, 951, 952, 953, 954, 955, 956, 957, 958, 962, 963, 964, 965, 1006, 1007, 1008, 1009, 1010, 1011, 1012, 1013, 1014, 1015, 1016, 1017, 1018, 1019, 1020, 1098, 1099, 1100, 1101, 1102, 1106, 1107, 1108, 1109, 1110, 1111, 1112, 1185, 1186, 1222, 1223, 1224, 1276, 1277, 1278, 1279, 1280, 1281, 1282, 1283, 1284, 1311, 1312, 1313, 1314, 1315, 1316, 1317, 1318, 1391, 1392, 1393, 1394, 1395, 1398, 1399, 1400, 1401, 1672, 1673, 1674, 1675, 1676, 1677, 1678, 1679, 1680, 1681, 1682, 1688, 1689, 1690, 1691, 1692, 1703, 1704, 1705, 1706, 1707, 1708, 1724, 1725, 1726, 1727, 1728, 1729, 1730, 1731, 1732, 1733, 1734, 1735, 1741, 1742, 1743, 1745, 1749, 1750, 1751, 1765, 1766, 1915, 1916, 1917, 1918, 1919, 1920, 1921, 1922, 1923, 1924, 1925, 1926, 1927, 1928, 1929, 1930, 1931, 1932, 1933, 1934, 1935, 1936, 1937, 1938, 1939, 1940, 1941, 1942, 1943, 1944, 1945], "selected_count": 197, "selection_time": 0.12344209200091427, "selection_score_forward_time": 0.12252532000275096}