{"example_id": 173, "sub_q_idx": 1, "method": "DraftModel", "reprocess_method": "DraftModel", "rate": 0.15, "system_len": 792, "passages_len": [792, 89, 80, 98, 114, 116, 82, 175, 74, 121, 312, 98, 89, 34], "chunk_ids": [0, 1, 4, 2, 3, 8, 5, 11, 12, 13, 9, 2, 1], "selected_abs": [792, 793, 794, 795, 796, 797, 798, 799, 800, 801, 802, 803, 804, 805, 806, 807, 808, 809, 810, 811, 812, 813, 814, 815, 816, 829, 830, 831, 832, 833, 834, 835, 836, 837, 838, 839, 841, 844, 845, 846, 847, 848, 849, 850, 874, 875, 876, 877, 878, 879, 880, 881, 882, 883, 884, 885, 886, 887, 888, 889, 890, 891, 892, 893, 894, 912, 913, 914, 915, 916, 960, 961, 962, 964, 970, 971, 972, 1170, 1171, 1172, 1173, 1175, 1176, 1177, 1178, 1179, 1180, 1181, 1288, 1289, 1290, 1291, 1292, 1545, 1546, 1547, 1548, 1549, 1550, 1551, 1552, 1619, 1620, 1621, 1622, 1623, 1624, 1625, 1626, 1627, 1628, 1629, 1630, 1631, 1632, 1633, 1740, 1741, 1742, 1743, 1744, 1745, 1746, 1747, 2052, 2053, 2054, 2055, 2056, 2057, 2058, 2059, 2060, 2061, 2062, 2063, 2064, 2065, 2066, 2076, 2077, 2079, 2080, 2081, 2082, 2083, 2084, 2085, 2086, 2087, 2088, 2148, 2149, 2150, 2151, 2152, 2153, 2154, 2155, 2156, 2157, 2158, 2159, 2160, 2161, 2162, 2163, 2164, 2165, 2166, 2167, 2168, 2169, 2170, 2171, 2172, 2173, 2174, 2175, 2187, 2188, 2189, 2190, 2191, 2192, 2193, 2194, 2195, 2196, 2197, 2198, 2199, 2200, 2202, 2203, 2204, 2205, 2206, 2207, 2208, 2209, 2210, 2211, 2212, 2213, 2228, 2229, 2230, 2231, 2232, 2233, 2234, 2235, 2236, 2237, 2238, 2239, 2240, 2241, 2242, 2243, 2244, 2245, 2246, 2247, 2248, 2249, 2250, 2251, 2252, 2253, 2254, 2255, 2256, 2257, 2258, 2259, 2260, 2261, 2262, 2263, 2264, 2265, 2266, 2267, 2268, 2269, 2270, 2271, 2272, 2273], "selected_count": 251, "selection_time": 0.13364538599853404, "selection_score_forward_time": 0.13246777699532686}