{"example_id": 95, "sub_q_idx": 0, "method": "DraftModel", "reprocess_method": "DraftModel", "rate": 0.15, "system_len": 792, "passages_len": [792, 91, 147, 58, 54, 69, 61, 106, 103, 133, 53, 91, 91, 27], "chunk_ids": [0, 1, 2, 3, 4, 5, 6, 7, 8, 9, 10, 1, 1], "selected_abs": [792, 793, 794, 795, 796, 797, 798, 799, 823, 824, 825, 826, 827, 833, 834, 835, 836, 837, 838, 839, 840, 847, 848, 882, 883, 884, 885, 886, 887, 888, 1028, 1029, 1030, 1031, 1032, 1033, 1034, 1035, 1087, 1088, 1089, 1090, 1091, 1092, 1093, 1094, 1095, 1141, 1142, 1143, 1144, 1145, 1210, 1211, 1212, 1213, 1214, 1215, 1216, 1217, 1218, 1219, 1220, 1271, 1272, 1273, 1274, 1275, 1276, 1277, 1278, 1279, 1280, 1281, 1480, 1481, 1482, 1483, 1484, 1485, 1486, 1487, 1613, 1614, 1615, 1616, 1617, 1618, 1619, 1620, 1666, 1667, 1668, 1669, 1670, 1671, 1672, 1673, 1674, 1675, 1676, 1677, 1678, 1679, 1680, 1681, 1682, 1683, 1684, 1685, 1698, 1699, 1700, 1701, 1702, 1703, 1704, 1705, 1708, 1709, 1710, 1711, 1712, 1713, 1714, 1715, 1722, 1723, 1733, 1734, 1735, 1736, 1737, 1756, 1757, 1758, 1759, 1760, 1761, 1762, 1763, 1764, 1765, 1801, 1802, 1803, 1804, 1805, 1806, 1813, 1814, 1842, 1843, 1844, 1845, 1846, 1847, 1848, 1849, 1850, 1851, 1852, 1853, 1854, 1855, 1856, 1857, 1858, 1859, 1860, 1861, 1862, 1863, 1864, 1865, 1866, 1867, 1868, 1869, 1870, 1871, 1872, 1873, 1874, 1875], "selected_count": 185, "selection_time": 0.12010365699825343, "selection_score_forward_time": 0.1191166369972052}