{"example_id": 79, "sub_q_idx": 1, "method": "DraftModel", "reprocess_method": "DraftModel", "rate": 0.15, "system_len": 792, "passages_len": [792, 128, 147, 51, 121, 95, 76, 328, 92, 396, 135, 38], "chunk_ids": [0, 6, 11, 12, 13, 14, 5, 15, 16, 17, 4], "selected_abs": [792, 793, 794, 795, 796, 797, 798, 799, 800, 801, 802, 803, 804, 805, 806, 807, 808, 809, 810, 811, 812, 816, 817, 818, 819, 820, 867, 868, 869, 870, 871, 872, 873, 874, 875, 876, 877, 878, 879, 880, 881, 882, 883, 908, 909, 910, 911, 912, 913, 914, 915, 916, 917, 918, 919, 920, 921, 922, 923, 924, 928, 929, 930, 944, 945, 946, 947, 948, 949, 956, 957, 958, 959, 960, 961, 966, 967, 968, 969, 970, 971, 972, 973, 1066, 1067, 1068, 1069, 1070, 1071, 1077, 1078, 1079, 1106, 1107, 1108, 1109, 1110, 1111, 1112, 1116, 1117, 1118, 1119, 1120, 1121, 1228, 1230, 1231, 1232, 1233, 1234, 1235, 1236, 1237, 1238, 1239, 1240, 1241, 1242, 1243, 1244, 1245, 1246, 1247, 1254, 1255, 1256, 1275, 1276, 1277, 1278, 1279, 1333, 1334, 1335, 1336, 1337, 1384, 1385, 1386, 1387, 1388, 1406, 1407, 1408, 1409, 1410, 1411, 1412, 1413, 1460, 1737, 1738, 1739, 1740, 1741, 1788, 1789, 1790, 1791, 1829, 1830, 1831, 1832, 1910, 1911, 2224, 2225, 2226, 2227, 2228, 2229, 2230, 2231, 2234, 2235, 2236, 2237, 2238, 2239, 2240, 2241, 2242, 2243, 2244, 2245, 2247, 2248, 2249, 2250, 2251, 2252, 2253, 2254, 2255, 2256, 2257, 2258, 2259, 2286, 2287, 2288, 2293, 2294, 2295, 2296, 2297, 2298, 2299, 2300, 2301, 2302, 2303, 2304, 2320, 2331, 2332, 2333, 2334, 2340, 2341, 2342, 2343, 2344, 2345, 2346, 2347, 2348, 2354, 2355, 2356, 2357, 2358, 2359, 2360, 2361, 2362, 2363, 2364, 2365, 2366, 2367, 2368, 2369, 2370, 2371, 2372, 2373, 2374, 2375, 2376, 2377, 2378, 2379, 2380, 2381, 2382, 2383, 2384, 2385, 2386, 2387, 2388, 2389, 2390, 2391, 2392, 2393, 2394, 2395, 2396, 2397, 2398], "selected_count": 273, "selection_time": 0.14090599100018153, "selection_score_forward_time": 0.13971419299923582}