{"example_id": 46, "sub_q_idx": 0, "method": "DraftModel", "reprocess_method": "DraftModel", "rate": 0.15, "system_len": 792, "passages_len": [792, 127, 285, 114, 78, 90, 72, 221, 232, 170, 131, 32], "chunk_ids": [0, 1, 2, 3, 4, 5, 6, 7, 8, 9, 10], "selected_abs": [792, 793, 794, 795, 796, 797, 798, 799, 800, 803, 804, 805, 806, 807, 808, 809, 834, 835, 836, 837, 838, 852, 918, 919, 920, 921, 922, 923, 924, 925, 1011, 1012, 1013, 1014, 1015, 1016, 1082, 1083, 1085, 1086, 1087, 1092, 1093, 1094, 1095, 1096, 1097, 1098, 1099, 1203, 1204, 1205, 1206, 1207, 1208, 1209, 1210, 1211, 1239, 1240, 1241, 1242, 1243, 1314, 1315, 1316, 1317, 1318, 1319, 1320, 1321, 1322, 1323, 1324, 1328, 1329, 1330, 1331, 1332, 1333, 1334, 1335, 1336, 1337, 1338, 1339, 1340, 1341, 1342, 1343, 1344, 1345, 1346, 1347, 1348, 1349, 1350, 1351, 1352, 1353, 1363, 1364, 1365, 1366, 1367, 1368, 1369, 1370, 1371, 1375, 1376, 1377, 1378, 1379, 1380, 1381, 1394, 1395, 1396, 1397, 1398, 1399, 1414, 1415, 1416, 1483, 1484, 1485, 1486, 1487, 1488, 1489, 1490, 1491, 1500, 1501, 1502, 1507, 1508, 1509, 1510, 1511, 1512, 1513, 1514, 1518, 1519, 1520, 1521, 1556, 1557, 1558, 1559, 1560, 1561, 1778, 1779, 1780, 1781, 1782, 1785, 1786, 1787, 1788, 1789, 1790, 2009, 2010, 2011, 2012, 2013, 2014, 2015, 2016, 2017, 2018, 2019, 2020, 2021, 2061, 2062, 2063, 2064, 2077, 2078, 2079, 2080, 2093, 2094, 2095, 2096, 2109, 2180, 2181, 2182, 2183, 2184, 2185, 2186, 2187, 2188, 2189, 2190, 2191, 2192, 2193, 2194, 2195, 2196, 2199, 2200, 2201, 2202, 2210, 2211, 2212, 2274, 2275, 2276, 2302, 2303, 2305, 2306, 2307, 2308, 2309, 2310, 2311, 2312, 2313, 2314, 2315, 2316, 2317, 2318, 2319, 2320, 2321, 2322, 2323, 2324, 2325, 2326, 2327, 2328, 2329, 2330, 2331, 2332, 2333, 2334, 2335, 2336, 2337, 2338, 2339, 2340, 2341, 2342, 2343], "selected_count": 260, "selection_time": 0.13738547499815468, "selection_score_forward_time": 0.13613047899707453}