{"example_id": 35, "sub_q_idx": 1, "method": "DraftModel", "reprocess_method": "DraftModel", "rate": 0.15, "system_len": 792, "passages_len": [792, 70, 45, 93, 125, 142, 138, 83, 119, 184, 101, 45, 70, 26], "chunk_ids": [0, 2, 1, 11, 8, 12, 13, 14, 15, 16, 17, 1, 2], "selected_abs": [792, 793, 794, 795, 796, 797, 798, 799, 800, 801, 802, 803, 804, 805, 806, 807, 808, 809, 810, 811, 812, 813, 814, 815, 816, 817, 818, 819, 846, 847, 848, 849, 850, 860, 861, 862, 863, 864, 865, 874, 875, 876, 877, 878, 879, 880, 906, 907, 908, 939, 999, 1000, 1001, 1124, 1125, 1126, 1127, 1266, 1267, 1268, 1269, 1270, 1400, 1404, 1405, 1406, 1407, 1408, 1487, 1488, 1489, 1490, 1491, 1492, 1493, 1606, 1607, 1608, 1609, 1610, 1790, 1791, 1792, 1793, 1794, 1795, 1891, 1892, 1893, 1894, 1895, 1896, 1897, 1898, 1899, 1900, 1901, 1903, 1904, 1905, 1906, 1907, 1908, 1909, 1910, 1911, 1912, 1913, 1914, 1915, 1916, 1917, 1918, 1919, 1920, 1921, 1922, 1923, 1924, 1925, 1926, 1927, 1928, 1934, 1935, 1936, 1937, 1938, 1939, 1940, 1941, 1942, 1943, 1944, 1945, 1946, 1947, 1948, 1949, 1950, 1951, 1952, 1953, 1954, 1955, 1956, 1957, 1958, 1959, 1960, 1961, 1962, 1963, 1964, 1965, 1976, 1977, 1978, 1979, 1980, 1981, 1982, 1983, 1984, 1985, 1986, 1987, 1989, 1990, 1991, 1992, 1993, 1994, 1995, 1996, 2000, 2001, 2002, 2003, 2004, 2005, 2006, 2007, 2008, 2009, 2010, 2011, 2012, 2013, 2014, 2015, 2016, 2017, 2018, 2019, 2020, 2021, 2022, 2023, 2024, 2025, 2026, 2027, 2028, 2029, 2030, 2031, 2032], "selected_count": 208, "selection_time": 0.1252595339974505, "selection_score_forward_time": 0.1243866570002865}