{"example_id": 180, "sub_q_idx": 1, "method": "DraftModel", "reprocess_method": "DraftModel", "rate": 0.15, "system_len": 792, "passages_len": [792, 78, 34, 159, 108, 115, 122, 84, 113, 43, 94, 115, 159, 78, 34, 34], "chunk_ids": [0, 11, 12, 2, 3, 1, 13, 14, 15, 16, 17, 1, 2, 11, 12], "selected_abs": [792, 793, 794, 795, 796, 797, 798, 799, 800, 801, 802, 816, 817, 818, 819, 820, 821, 822, 823, 852, 853, 854, 855, 856, 857, 858, 868, 869, 870, 871, 872, 873, 874, 890, 891, 892, 893, 894, 895, 896, 898, 899, 900, 901, 902, 903, 904, 905, 906, 907, 919, 920, 921, 922, 923, 924, 925, 926, 927, 928, 929, 930, 932, 933, 934, 935, 936, 1082, 1083, 1084, 1085, 1086, 1087, 1191, 1192, 1193, 1194, 1195, 1299, 1300, 1314, 1315, 1316, 1317, 1491, 1492, 1493, 1494, 1495, 1604, 1605, 1606, 1607, 1741, 1742, 1743, 1744, 1745, 1758, 1759, 1760, 1761, 1762, 1763, 1764, 1765, 1766, 1767, 1770, 1771, 1772, 1773, 1876, 1877, 1878, 1879, 1880, 1881, 1882, 2011, 2015, 2016, 2017, 2018, 2019, 2020, 2021, 2022, 2023, 2024, 2025, 2026, 2042, 2043, 2044, 2045, 2046, 2047, 2048, 2049, 2050, 2051, 2053, 2054, 2055, 2056, 2057, 2058, 2059, 2064, 2065, 2066, 2067, 2068, 2069, 2070, 2071, 2076, 2077, 2078, 2079, 2080, 2090, 2091, 2092, 2093, 2094, 2095, 2096, 2097, 2098, 2099, 2100, 2101, 2102, 2103, 2104, 2105, 2106, 2107, 2108, 2109, 2110, 2111, 2112, 2113, 2114, 2115, 2116, 2117, 2118, 2119, 2120, 2121, 2122, 2123, 2124, 2125, 2126, 2127, 2128, 2129, 2130, 2131, 2132, 2133, 2134, 2135, 2136, 2137, 2138, 2139, 2140, 2141, 2142, 2143, 2144, 2145, 2146, 2147, 2148, 2149, 2150, 2151, 2152, 2153, 2154, 2155, 2156, 2157, 2158, 2159, 2160, 2161], "selected_count": 234, "selection_time": 0.1295622019970324, "selection_score_forward_time": 0.12856559400097467}