{"example_id": 142, "sub_q_idx": 0, "method": "DraftModel", "reprocess_method": "DraftModel", "rate": 0.15, "system_len": 792, "passages_len": [792, 263, 140, 213, 162, 72, 146, 204, 233, 202, 155, 31], "chunk_ids": [0, 1, 2, 3, 4, 5, 6, 7, 8, 9, 10], "selected_abs": [792, 793, 794, 795, 796, 797, 798, 804, 805, 806, 808, 809, 810, 811, 827, 828, 829, 830, 831, 832, 833, 834, 835, 836, 837, 838, 839, 840, 841, 842, 843, 844, 846, 847, 848, 849, 861, 862, 863, 864, 866, 867, 869, 870, 871, 914, 915, 916, 917, 970, 971, 1006, 1007, 1008, 1011, 1012, 1013, 1014, 1015, 1053, 1054, 1055, 1056, 1057, 1058, 1059, 1060, 1061, 1062, 1063, 1064, 1065, 1066, 1067, 1068, 1071, 1072, 1073, 1128, 1129, 1130, 1193, 1194, 1195, 1196, 1197, 1198, 1199, 1200, 1201, 1202, 1203, 1204, 1205, 1206, 1207, 1222, 1223, 1224, 1225, 1226, 1227, 1228, 1240, 1241, 1243, 1244, 1245, 1246, 1247, 1407, 1408, 1409, 1410, 1411, 1412, 1413, 1414, 1415, 1416, 1418, 1419, 1420, 1421, 1422, 1453, 1454, 1455, 1456, 1457, 1458, 1459, 1460, 1461, 1466, 1467, 1468, 1469, 1480, 1481, 1569, 1570, 1571, 1572, 1573, 1574, 1575, 1576, 1577, 1578, 1579, 1580, 1581, 1582, 1597, 1598, 1599, 1600, 1601, 1602, 1603, 1640, 1641, 1642, 1643, 1644, 1645, 1646, 1647, 1648, 1649, 1650, 1651, 1652, 1653, 1654, 1704, 1705, 1706, 1707, 1728, 1729, 1730, 1731, 1732, 1733, 1786, 1787, 1788, 1789, 1790, 1791, 1792, 1793, 1794, 1795, 1796, 1797, 1931, 1932, 1933, 1991, 1992, 1993, 1994, 1995, 1996, 1997, 1998, 1999, 2133, 2224, 2225, 2226, 2227, 2228, 2229, 2230, 2231, 2232, 2233, 2234, 2235, 2236, 2237, 2252, 2253, 2254, 2315, 2316, 2317, 2324, 2325, 2326, 2327, 2328, 2329, 2330, 2331, 2409, 2410, 2411, 2412, 2426, 2427, 2428, 2429, 2430, 2431, 2432, 2433, 2434, 2439, 2440, 2441, 2486, 2487, 2488, 2489, 2497, 2498, 2499, 2500, 2501, 2540, 2541, 2580, 2581, 2582, 2583, 2584, 2585, 2586, 2587, 2588, 2589, 2590, 2591, 2592, 2593, 2594, 2595, 2596, 2597, 2598, 2599, 2600, 2601, 2602, 2603, 2604, 2605, 2606, 2607, 2608, 2609, 2610, 2611, 2612], "selected_count": 299, "selection_time": 0.16376031300023897, "selection_score_forward_time": 0.16243917000247166}