{"example_id": 179, "sub_q_idx": 0, "method": "DraftModel", "reprocess_method": "DraftModel", "rate": 0.15, "system_len": 792, "passages_len": [792, 108, 97, 159, 91, 115, 102, 42, 126, 96, 130, 28], "chunk_ids": [0, 1, 2, 3, 4, 5, 6, 7, 8, 9, 10], "selected_abs": [792, 793, 794, 795, 796, 797, 798, 799, 800, 801, 802, 803, 804, 805, 806, 807, 808, 809, 810, 811, 812, 813, 814, 815, 816, 817, 818, 819, 821, 822, 823, 824, 825, 826, 899, 900, 901, 902, 903, 904, 905, 906, 907, 908, 909, 910, 911, 912, 913, 914, 915, 916, 917, 918, 919, 920, 996, 997, 998, 999, 1000, 1001, 1155, 1156, 1157, 1158, 1159, 1160, 1161, 1162, 1163, 1246, 1247, 1248, 1249, 1250, 1361, 1362, 1363, 1364, 1365, 1463, 1464, 1465, 1466, 1467, 1468, 1469, 1470, 1481, 1482, 1483, 1484, 1485, 1486, 1504, 1505, 1506, 1507, 1508, 1630, 1631, 1632, 1633, 1634, 1635, 1636, 1637, 1638, 1640, 1641, 1642, 1643, 1644, 1647, 1648, 1649, 1650, 1651, 1652, 1653, 1654, 1655, 1656, 1657, 1658, 1659, 1660, 1661, 1662, 1663, 1664, 1665, 1666, 1671, 1672, 1673, 1674, 1678, 1679, 1680, 1681, 1682, 1727, 1728, 1729, 1730, 1731, 1732, 1733, 1734, 1735, 1736, 1790, 1791, 1792, 1794, 1856, 1857, 1858, 1859, 1860, 1861, 1862, 1863, 1864, 1865, 1866, 1867, 1868, 1869, 1870, 1871, 1872, 1873, 1874, 1875, 1876, 1877, 1878, 1879, 1880, 1881, 1882, 1883, 1884, 1885], "selected_count": 187, "selection_time": 0.11984479700186057, "selection_score_forward_time": 0.11901627999759512}