{"example_id": 44, "sub_q_idx": 2, "method": "DraftModel", "reprocess_method": "DraftModel", "rate": 0.15, "system_len": 792, "passages_len": [792, 77, 62, 172, 220, 86, 242, 80, 219, 212, 94, 77, 62, 27], "chunk_ids": [0, 1, 11, 14, 16, 17, 6, 18, 19, 20, 13, 1, 11], "selected_abs": [792, 793, 794, 795, 796, 797, 798, 799, 800, 801, 802, 803, 805, 806, 807, 808, 809, 810, 811, 812, 813, 814, 815, 821, 822, 823, 824, 825, 826, 833, 834, 835, 836, 837, 868, 869, 870, 871, 872, 873, 874, 875, 876, 877, 878, 880, 881, 882, 883, 884, 886, 887, 888, 889, 890, 891, 892, 894, 895, 896, 897, 898, 899, 900, 901, 930, 931, 932, 933, 934, 935, 936, 1102, 1103, 1104, 1105, 1106, 1322, 1323, 1324, 1325, 1326, 1328, 1329, 1330, 1335, 1336, 1337, 1338, 1339, 1340, 1341, 1342, 1408, 1409, 1410, 1411, 1412, 1413, 1414, 1415, 1416, 1417, 1418, 1650, 1651, 1652, 1653, 1654, 1655, 1656, 1657, 1658, 1730, 1731, 1732, 1733, 1734, 1735, 1736, 1737, 1738, 1739, 1740, 1949, 1950, 1951, 1952, 1953, 2120, 2160, 2161, 2162, 2163, 2164, 2165, 2166, 2167, 2168, 2169, 2170, 2171, 2176, 2177, 2178, 2180, 2255, 2256, 2257, 2258, 2259, 2260, 2261, 2262, 2263, 2264, 2265, 2266, 2267, 2269, 2270, 2271, 2272, 2273, 2274, 2275, 2276, 2277, 2278, 2279, 2280, 2282, 2283, 2284, 2285, 2286, 2287, 2288, 2289, 2290, 2291, 2292, 2293, 2294, 2295, 2296, 2297, 2298, 2299, 2300, 2301, 2302, 2303, 2331, 2332, 2333, 2334, 2335, 2336, 2337, 2338, 2339, 2340, 2341, 2342, 2343, 2344, 2345, 2346, 2347, 2348, 2349, 2350, 2351, 2352, 2353, 2354, 2355, 2356, 2357, 2358, 2359, 2360, 2361, 2362, 2363, 2364, 2365, 2369, 2370, 2371, 2372, 2373, 2374, 2389, 2390, 2391, 2392, 2393, 2394, 2395, 2396, 2397, 2398, 2399, 2400, 2401, 2402, 2403, 2404, 2405, 2406, 2407, 2408, 2409, 2410, 2411, 2412, 2413, 2414, 2415, 2416, 2417, 2418, 2419, 2420, 2421], "selected_count": 267, "selection_time": 0.13854910399822984, "selection_score_forward_time": 0.13731316500343382}