{"example_id": 100, "sub_q_idx": 1, "method": "DraftModel", "reprocess_method": "DraftModel", "rate": 0.15, "system_len": 792, "passages_len": [792, 55, 57, 108, 77, 143, 134, 97, 93, 120, 142, 57, 108, 143, 55, 25], "chunk_ids": [0, 5, 1, 2, 11, 3, 12, 13, 14, 15, 16, 1, 2, 3, 5], "selected_abs": [792, 793, 794, 795, 796, 797, 798, 799, 800, 801, 802, 803, 804, 805, 806, 807, 808, 809, 810, 811, 812, 813, 814, 815, 816, 817, 818, 819, 827, 828, 829, 830, 831, 832, 833, 834, 835, 836, 837, 838, 841, 842, 843, 845, 846, 847, 848, 849, 850, 851, 852, 853, 854, 855, 856, 857, 903, 904, 905, 906, 922, 923, 924, 1011, 1012, 1013, 1014, 1015, 1016, 1017, 1088, 1089, 1090, 1141, 1166, 1231, 1232, 1233, 1234, 1235, 1266, 1267, 1268, 1269, 1365, 1366, 1367, 1368, 1369, 1370, 1371, 1372, 1373, 1383, 1384, 1385, 1386, 1387, 1461, 1462, 1463, 1464, 1465, 1466, 1467, 1555, 1556, 1557, 1558, 1559, 1561, 1562, 1563, 1564, 1675, 1676, 1677, 1678, 1679, 1680, 1816, 1817, 1818, 1819, 1820, 1821, 1822, 1823, 1824, 1825, 1826, 1827, 1873, 1874, 1875, 1876, 1877, 1878, 1967, 1968, 1982, 1983, 1984, 1985, 1986, 1987, 2034, 2035, 2042, 2106, 2107, 2124, 2125, 2126, 2127, 2128, 2129, 2130, 2131, 2132, 2133, 2134, 2135, 2136, 2137, 2138, 2139, 2140, 2141, 2142, 2143, 2144, 2145, 2146, 2147, 2148, 2149, 2150, 2151, 2152, 2153, 2154, 2155, 2156, 2157, 2158, 2159, 2160, 2161, 2162, 2163, 2164, 2165, 2166, 2167, 2168, 2169, 2170, 2171, 2172, 2173, 2174, 2175, 2176, 2177, 2178, 2179, 2180, 2181, 2182, 2183, 2184, 2185, 2186, 2187, 2188, 2189, 2190, 2191, 2192, 2193, 2194, 2195, 2196, 2197, 2198, 2199, 2200, 2201, 2202, 2203, 2204, 2205], "selected_count": 233, "selection_time": 0.13401750800403534, "selection_score_forward_time": 0.13251622000097996}