{"example_id": 86, "sub_q_idx": 0, "method": "DraftModel", "reprocess_method": "DraftModel", "rate": 0.15, "system_len": 792, "passages_len": [792, 67, 36, 125, 111, 95, 53, 73, 93, 110, 85, 30], "chunk_ids": [0, 1, 2, 3, 4, 5, 6, 7, 8, 9, 10], "selected_abs": [792, 793, 794, 795, 796, 797, 798, 799, 800, 801, 802, 803, 804, 805, 806, 807, 808, 809, 810, 811, 812, 813, 814, 832, 833, 834, 836, 837, 857, 858, 859, 860, 861, 862, 863, 864, 865, 866, 867, 868, 869, 870, 871, 872, 894, 895, 896, 897, 898, 899, 900, 901, 902, 1019, 1020, 1021, 1022, 1023, 1024, 1025, 1026, 1027, 1028, 1029, 1130, 1131, 1132, 1133, 1134, 1135, 1136, 1137, 1138, 1139, 1225, 1226, 1227, 1228, 1229, 1230, 1231, 1278, 1279, 1280, 1281, 1282, 1283, 1284, 1285, 1286, 1351, 1352, 1353, 1354, 1355, 1356, 1444, 1445, 1446, 1447, 1448, 1449, 1450, 1451, 1452, 1453, 1554, 1555, 1556, 1557, 1558, 1559, 1560, 1561, 1562, 1563, 1564, 1565, 1566, 1567, 1568, 1569, 1570, 1571, 1572, 1573, 1574, 1640, 1641, 1642, 1643, 1644, 1645, 1646, 1647, 1648, 1649, 1650, 1651, 1652, 1653, 1654, 1655, 1656, 1657, 1658, 1659, 1660, 1661, 1662, 1663, 1664, 1665, 1666, 1667, 1668, 1669], "selected_count": 157, "selection_time": 0.10465532999660354, "selection_score_forward_time": 0.10391775200696429}