{"example_id": 12, "sub_q_idx": 0, "method": "DraftModel", "reprocess_method": "DraftModel", "rate": 0.15, "system_len": 792, "passages_len": [792, 138, 225, 198, 183, 148, 75, 195, 243, 336, 270, 36], "chunk_ids": [0, 1, 2, 3, 4, 5, 6, 7, 8, 9, 10], "selected_abs": [792, 793, 794, 795, 796, 797, 798, 799, 800, 801, 802, 803, 804, 805, 806, 807, 808, 809, 810, 811, 812, 813, 814, 815, 816, 817, 818, 819, 820, 821, 822, 824, 825, 826, 827, 828, 829, 830, 831, 832, 833, 834, 835, 836, 837, 838, 839, 840, 841, 842, 843, 844, 845, 846, 847, 848, 849, 850, 851, 852, 853, 854, 855, 856, 857, 858, 859, 860, 861, 862, 863, 864, 865, 866, 867, 868, 869, 870, 872, 873, 874, 875, 876, 877, 881, 882, 883, 884, 885, 886, 897, 898, 899, 928, 929, 930, 931, 932, 933, 934, 935, 936, 937, 938, 939, 940, 941, 948, 949, 950, 951, 952, 977, 978, 979, 1007, 1008, 1009, 1010, 1011, 1012, 1013, 1048, 1049, 1050, 1051, 1075, 1076, 1077, 1078, 1079, 1080, 1081, 1082, 1083, 1084, 1085, 1086, 1087, 1088, 1089, 1090, 1092, 1093, 1094, 1095, 1153, 1154, 1155, 1156, 1157, 1158, 1159, 1160, 1161, 1162, 1163, 1165, 1169, 1170, 1171, 1197, 1198, 1199, 1222, 1223, 1224, 1225, 1226, 1227, 1231, 1232, 1233, 1238, 1239, 1240, 1297, 1352, 1353, 1354, 1355, 1356, 1357, 1358, 1359, 1360, 1361, 1362, 1520, 1535, 1536, 1537, 1538, 1539, 1540, 1541, 1542, 1543, 1544, 1545, 1546, 1547, 1548, 1549, 1550, 1551, 1683, 1684, 1685, 1686, 1687, 1688, 1689, 1690, 1691, 1692, 1693, 1694, 1695, 1696, 1697, 1698, 1699, 1700, 1758, 1759, 1760, 1761, 1762, 1763, 1764, 1777, 1778, 1779, 1780, 1892, 1893, 1894, 1895, 1896, 1953, 1954, 1955, 1956, 1957, 1958, 1959, 1960, 2032, 2033, 2092, 2196, 2197, 2198, 2199, 2200, 2201, 2202, 2203, 2204, 2205, 2206, 2207, 2208, 2209, 2222, 2223, 2224, 2225, 2226, 2227, 2245, 2518, 2532, 2533, 2534, 2535, 2536, 2537, 2538, 2539, 2540, 2541, 2542, 2543, 2577, 2578, 2579, 2580, 2581, 2582, 2677, 2714, 2715, 2792, 2793, 2794, 2795, 2796, 2801, 2802, 2803, 2804, 2805, 2806, 2807, 2808, 2809, 2810, 2811, 2812, 2813, 2814, 2815, 2816, 2817, 2818, 2819, 2820, 2821, 2822, 2823, 2824, 2825, 2826, 2827, 2828, 2829, 2830, 2831, 2832, 2833, 2834, 2835, 2836, 2837, 2838], "selected_count": 337, "selection_time": 0.17499258200405166, "selection_score_forward_time": 0.17343673700088402}