{"example_id": 174, "sub_q_idx": 1, "method": "DraftModel", "reprocess_method": "DraftModel", "rate": 0.15, "system_len": 792, "passages_len": [792, 79, 114, 134, 47, 78, 63, 194, 129, 51, 146, 114, 79, 29], "chunk_ids": [0, 11, 1, 12, 13, 14, 15, 16, 17, 18, 19, 1, 11], "selected_abs": [792, 793, 794, 795, 796, 797, 798, 799, 800, 801, 802, 803, 804, 805, 806, 807, 808, 809, 810, 811, 812, 813, 814, 823, 824, 869, 870, 871, 872, 873, 874, 875, 876, 877, 878, 879, 887, 888, 889, 890, 891, 892, 893, 894, 984, 985, 986, 987, 988, 1118, 1119, 1120, 1121, 1122, 1123, 1124, 1125, 1126, 1131, 1132, 1133, 1134, 1165, 1166, 1167, 1168, 1243, 1244, 1245, 1246, 1247, 1306, 1307, 1308, 1309, 1500, 1501, 1502, 1503, 1504, 1629, 1630, 1631, 1632, 1680, 1681, 1682, 1683, 1684, 1685, 1686, 1826, 1827, 1828, 1829, 1830, 1831, 1832, 1833, 1834, 1835, 1838, 1839, 1840, 1842, 1843, 1844, 1845, 1846, 1847, 1848, 1849, 1850, 1851, 1852, 1853, 1854, 1855, 1856, 1857, 1858, 1939, 1940, 1941, 1942, 1943, 1944, 1945, 1946, 1947, 1948, 1949, 1950, 1951, 1952, 1953, 1954, 1955, 1956, 1957, 1958, 1959, 1960, 1961, 1962, 1963, 1964, 1965, 1966, 1967, 1968, 1969, 1972, 1973, 1981, 1982, 1983, 1984, 1985, 1986, 1987, 1988, 1989, 1990, 1991, 1992, 1997, 1998, 1999, 2003, 2004, 2005, 2006, 2007, 2008, 2009, 2010, 2011, 2012, 2013, 2014, 2017, 2018, 2019, 2020, 2021, 2022, 2023, 2024, 2025, 2026, 2027, 2028, 2029, 2030, 2031, 2032, 2033, 2034, 2035, 2036, 2037, 2038, 2039, 2040, 2041, 2042, 2043, 2044, 2045, 2046, 2047, 2048], "selected_count": 213, "selection_time": 0.12795327499770792, "selection_score_forward_time": 0.12699370000336785}