{"example_id": 72, "sub_q_idx": 0, "method": "DraftModel", "reprocess_method": "DraftModel", "rate": 0.15, "system_len": 792, "passages_len": [792, 58, 190, 153, 170, 137, 102, 192, 134, 140, 322, 26], "chunk_ids": [0, 1, 2, 3, 4, 5, 6, 7, 8, 9, 10], "selected_abs": [792, 793, 794, 795, 796, 797, 798, 799, 800, 801, 802, 803, 804, 805, 806, 807, 808, 809, 810, 811, 812, 813, 814, 815, 816, 817, 818, 819, 820, 821, 822, 823, 824, 825, 826, 827, 828, 829, 830, 831, 832, 833, 842, 843, 844, 845, 846, 847, 848, 849, 850, 851, 852, 853, 854, 855, 856, 857, 858, 859, 860, 861, 862, 863, 864, 865, 869, 870, 871, 923, 962, 1039, 1040, 1041, 1042, 1043, 1044, 1045, 1046, 1047, 1048, 1049, 1050, 1068, 1069, 1070, 1071, 1072, 1073, 1074, 1075, 1076, 1083, 1084, 1085, 1086, 1092, 1093, 1094, 1192, 1193, 1194, 1195, 1196, 1197, 1198, 1199, 1200, 1201, 1202, 1203, 1204, 1207, 1208, 1209, 1210, 1211, 1225, 1226, 1227, 1228, 1320, 1353, 1362, 1363, 1364, 1365, 1366, 1367, 1368, 1369, 1376, 1377, 1378, 1379, 1499, 1500, 1501, 1502, 1503, 1504, 1505, 1506, 1507, 1517, 1518, 1519, 1520, 1523, 1524, 1525, 1526, 1527, 1547, 1548, 1566, 1567, 1570, 1571, 1600, 1601, 1602, 1603, 1604, 1605, 1606, 1607, 1608, 1609, 1610, 1611, 1612, 1618, 1619, 1620, 1621, 1626, 1627, 1628, 1632, 1633, 1662, 1663, 1664, 1665, 1778, 1779, 1788, 1789, 1792, 1793, 1794, 1795, 1796, 1797, 1798, 1801, 1802, 1803, 1804, 1812, 1813, 1814, 1815, 1816, 1926, 1927, 1928, 1929, 1930, 1931, 2067, 2068, 2069, 2070, 2071, 2072, 2073, 2074, 2085, 2086, 2087, 2088, 2136, 2137, 2138, 2148, 2149, 2168, 2169, 2350, 2351, 2352, 2356, 2357, 2358, 2359, 2388, 2389, 2390, 2391, 2392, 2393, 2394, 2395, 2396, 2397, 2398, 2399, 2400, 2401, 2402, 2403, 2404, 2405, 2406, 2407, 2408, 2409, 2410, 2411, 2412, 2413, 2414, 2415], "selected_count": 265, "selection_time": 0.13963986900489544, "selection_score_forward_time": 0.13824335599929327}