{"example_id": 191, "sub_q_idx": 1, "method": "DraftModel", "reprocess_method": "DraftModel", "rate": 0.15, "system_len": 792, "passages_len": [792, 133, 102, 131, 45, 274, 141, 84, 168, 121, 135, 68, 131, 28], "chunk_ids": [0, 4, 11, 12, 13, 14, 15, 16, 17, 18, 19, 1, 12], "selected_abs": [792, 793, 794, 795, 796, 798, 799, 800, 801, 802, 803, 848, 849, 850, 851, 852, 924, 925, 926, 927, 928, 1026, 1027, 1028, 1029, 1030, 1031, 1032, 1033, 1034, 1038, 1039, 1040, 1043, 1044, 1045, 1046, 1047, 1048, 1049, 1050, 1051, 1052, 1053, 1098, 1099, 1100, 1101, 1102, 1103, 1104, 1105, 1106, 1141, 1142, 1143, 1144, 1145, 1153, 1157, 1158, 1159, 1160, 1163, 1164, 1165, 1166, 1167, 1172, 1173, 1174, 1175, 1176, 1177, 1617, 1618, 1619, 1620, 1621, 1622, 1623, 1624, 1625, 1701, 1702, 1703, 1704, 1705, 1732, 1869, 1870, 1871, 1872, 1904, 1905, 1906, 1907, 1908, 1990, 1991, 1992, 1993, 1994, 1995, 1996, 1997, 1998, 1999, 2000, 2001, 2002, 2003, 2004, 2005, 2006, 2124, 2125, 2126, 2127, 2128, 2129, 2130, 2131, 2132, 2139, 2140, 2141, 2142, 2143, 2144, 2146, 2147, 2148, 2149, 2150, 2151, 2193, 2194, 2195, 2196, 2197, 2198, 2199, 2200, 2201, 2202, 2205, 2206, 2207, 2208, 2209, 2210, 2211, 2212, 2213, 2214, 2215, 2216, 2217, 2218, 2219, 2220, 2221, 2236, 2237, 2238, 2239, 2261, 2262, 2263, 2264, 2265, 2266, 2267, 2268, 2269, 2270, 2271, 2272, 2273, 2274, 2275, 2276, 2277, 2278, 2279, 2280, 2281, 2282, 2283, 2284, 2285, 2286, 2287, 2288, 2289, 2290, 2292, 2293, 2294, 2295, 2296, 2297, 2298, 2299, 2300, 2301, 2302, 2303, 2304, 2305, 2306, 2307, 2308, 2309, 2310, 2311, 2312, 2313, 2314, 2315, 2316, 2317, 2318, 2319, 2320, 2322, 2323, 2324, 2325, 2326, 2327, 2328, 2329, 2330, 2331, 2332, 2333, 2334, 2335, 2336, 2337, 2338, 2339, 2340, 2341, 2342, 2343, 2344, 2345, 2346, 2347, 2348, 2349, 2350, 2351, 2352], "selected_count": 257, "selection_time": 0.1389534010013449, "selection_score_forward_time": 0.13785671000368893}