{"example_id": 20, "sub_q_idx": 0, "method": "DraftModel", "reprocess_method": "DraftModel", "rate": 0.15, "system_len": 792, "passages_len": [792, 256, 242, 123, 92, 89, 180, 165, 136, 138, 98, 30], "chunk_ids": [0, 1, 2, 3, 4, 5, 6, 7, 8, 9, 10], "selected_abs": [792, 793, 794, 795, 796, 797, 798, 799, 800, 801, 802, 803, 804, 805, 806, 807, 808, 811, 812, 813, 814, 815, 816, 817, 818, 819, 820, 821, 822, 823, 824, 825, 826, 827, 834, 835, 836, 837, 838, 839, 840, 841, 842, 843, 844, 845, 848, 849, 850, 867, 868, 869, 890, 891, 892, 908, 909, 910, 911, 912, 913, 1024, 1025, 1047, 1048, 1049, 1050, 1051, 1052, 1053, 1054, 1055, 1056, 1057, 1058, 1059, 1060, 1061, 1062, 1063, 1064, 1065, 1072, 1073, 1074, 1075, 1076, 1077, 1078, 1079, 1080, 1081, 1082, 1104, 1105, 1133, 1134, 1136, 1282, 1288, 1289, 1290, 1291, 1292, 1293, 1294, 1295, 1296, 1297, 1298, 1299, 1300, 1301, 1302, 1303, 1304, 1305, 1306, 1307, 1308, 1318, 1319, 1320, 1343, 1344, 1411, 1412, 1413, 1414, 1415, 1416, 1417, 1418, 1419, 1420, 1421, 1422, 1504, 1505, 1506, 1507, 1508, 1593, 1594, 1595, 1596, 1597, 1598, 1599, 1600, 1601, 1602, 1603, 1604, 1750, 1773, 1774, 1775, 1776, 1777, 1778, 1781, 1782, 1783, 1784, 1785, 1938, 1939, 1940, 1941, 1942, 1943, 1945, 1946, 1947, 1948, 2074, 2075, 2076, 2077, 2078, 2079, 2080, 2081, 2082, 2083, 2084, 2085, 2086, 2087, 2098, 2099, 2100, 2101, 2102, 2211, 2212, 2213, 2214, 2215, 2216, 2217, 2218, 2219, 2220, 2221, 2222, 2223, 2224, 2225, 2263, 2264, 2265, 2268, 2269, 2270, 2271, 2272, 2286, 2287, 2288, 2289, 2306, 2307, 2308, 2309, 2310, 2311, 2312, 2313, 2314, 2315, 2316, 2317, 2318, 2319, 2320, 2321, 2322, 2323, 2324, 2325, 2326, 2327, 2328, 2329, 2330, 2331, 2332, 2333, 2334, 2335, 2336, 2337, 2338, 2339, 2340], "selected_count": 257, "selection_time": 0.13984573500056285, "selection_score_forward_time": 0.13874396699975478}