{"example_id": 97, "sub_q_idx": 1, "method": "DraftModel", "reprocess_method": "DraftModel", "rate": 0.15, "system_len": 792, "passages_len": [792, 91, 30, 118, 119, 67, 154, 80, 164, 97, 93, 80, 91, 31], "chunk_ids": [0, 2, 11, 12, 13, 14, 15, 1, 16, 17, 18, 1, 2], "selected_abs": [792, 793, 794, 795, 796, 797, 798, 799, 801, 802, 803, 804, 848, 849, 850, 851, 852, 853, 857, 858, 859, 860, 861, 862, 863, 864, 865, 866, 867, 868, 882, 883, 884, 885, 886, 888, 889, 890, 891, 892, 893, 897, 898, 899, 900, 901, 902, 903, 904, 905, 906, 912, 913, 914, 915, 1030, 1031, 1032, 1033, 1034, 1035, 1036, 1149, 1150, 1151, 1152, 1153, 1155, 1156, 1157, 1158, 1159, 1160, 1214, 1215, 1216, 1217, 1218, 1219, 1220, 1370, 1371, 1372, 1373, 1374, 1375, 1377, 1378, 1379, 1380, 1407, 1408, 1409, 1410, 1411, 1450, 1451, 1452, 1453, 1454, 1614, 1615, 1616, 1617, 1711, 1712, 1713, 1714, 1715, 1804, 1805, 1806, 1807, 1808, 1809, 1810, 1811, 1812, 1813, 1814, 1821, 1822, 1823, 1824, 1825, 1826, 1839, 1840, 1841, 1842, 1843, 1844, 1845, 1846, 1847, 1848, 1883, 1884, 1885, 1886, 1887, 1888, 1889, 1890, 1891, 1892, 1893, 1941, 1942, 1943, 1944, 1945, 1946, 1947, 1948, 1949, 1950, 1951, 1952, 1953, 1954, 1955, 1956, 1957, 1958, 1959, 1960, 1961, 1962, 1963, 1964, 1965, 1966, 1972, 1973, 1974, 1975, 1976, 1977, 1978, 1979, 1980, 1981, 1982, 1983, 1984, 1985, 1986, 1987, 1988, 1989, 1990, 1991, 1992, 1993, 1994, 1995, 1996, 1997, 1998, 1999, 2000, 2001, 2002, 2003, 2004, 2005, 2006], "selected_count": 208, "selection_time": 0.12619140699825948, "selection_score_forward_time": 0.1251555630005896}