{"example_id": 74, "sub_q_idx": 0, "method": "DraftModel", "reprocess_method": "DraftModel", "rate": 0.15, "system_len": 792, "passages_len": [792, 71, 158, 76, 161, 191, 47, 200, 51, 147, 149, 28], "chunk_ids": [0, 1, 2, 3, 4, 5, 6, 7, 8, 9, 10], "selected_abs": [792, 793, 794, 795, 796, 797, 798, 799, 800, 801, 802, 803, 804, 805, 806, 807, 808, 809, 810, 811, 812, 813, 814, 815, 816, 817, 818, 819, 820, 821, 822, 823, 824, 825, 826, 827, 828, 829, 830, 831, 832, 833, 834, 835, 836, 837, 838, 839, 840, 841, 842, 843, 844, 845, 857, 858, 861, 862, 863, 864, 865, 866, 867, 868, 869, 889, 890, 891, 892, 893, 894, 895, 919, 920, 921, 922, 923, 924, 925, 978, 979, 1020, 1021, 1022, 1023, 1060, 1061, 1062, 1063, 1071, 1072, 1073, 1074, 1075, 1096, 1097, 1098, 1099, 1103, 1104, 1105, 1106, 1107, 1108, 1109, 1188, 1224, 1256, 1257, 1258, 1259, 1260, 1271, 1272, 1273, 1274, 1275, 1371, 1372, 1373, 1374, 1413, 1414, 1448, 1449, 1450, 1451, 1452, 1453, 1454, 1455, 1456, 1457, 1458, 1459, 1460, 1461, 1473, 1474, 1476, 1477, 1478, 1479, 1480, 1481, 1482, 1483, 1484, 1485, 1486, 1494, 1495, 1496, 1497, 1498, 1499, 1500, 1501, 1502, 1503, 1504, 1505, 1682, 1695, 1696, 1697, 1698, 1699, 1746, 1747, 1748, 1749, 1750, 1893, 1894, 1895, 1896, 1897, 1898, 1910, 1911, 1912, 1913, 1914, 2040, 2041, 2042, 2043, 2044, 2045, 2046, 2047, 2048, 2049, 2050, 2051, 2052, 2053, 2054, 2055, 2056, 2057, 2058, 2059, 2060, 2061, 2062, 2063, 2064, 2065, 2066, 2067, 2068, 2069, 2070], "selected_count": 215, "selection_time": 0.1293599320051726, "selection_score_forward_time": 0.12842386300326325}