{"example_id": 79, "sub_q_idx": 0, "method": "DraftModel", "reprocess_method": "DraftModel", "rate": 0.15, "system_len": 792, "passages_len": [792, 158, 118, 89, 135, 76, 128, 101, 191, 127, 140, 32], "chunk_ids": [0, 1, 2, 3, 4, 5, 6, 7, 8, 9, 10], "selected_abs": [792, 793, 794, 795, 796, 797, 798, 799, 800, 801, 802, 803, 804, 805, 806, 807, 808, 809, 810, 811, 812, 813, 814, 815, 816, 817, 818, 819, 820, 821, 822, 823, 824, 825, 833, 834, 835, 836, 837, 838, 839, 843, 844, 845, 846, 847, 848, 849, 850, 851, 852, 853, 854, 855, 885, 886, 887, 888, 906, 907, 908, 934, 935, 936, 937, 947, 948, 949, 950, 951, 952, 953, 954, 955, 1067, 1068, 1069, 1070, 1071, 1072, 1076, 1077, 1078, 1079, 1080, 1081, 1128, 1129, 1156, 1157, 1158, 1159, 1160, 1238, 1291, 1292, 1293, 1294, 1295, 1367, 1368, 1369, 1370, 1371, 1488, 1489, 1494, 1495, 1496, 1497, 1498, 1499, 1501, 1502, 1503, 1504, 1505, 1506, 1507, 1508, 1509, 1510, 1596, 1597, 1598, 1599, 1600, 1601, 1602, 1752, 1753, 1787, 1788, 1789, 1790, 1791, 1792, 1793, 1798, 1799, 1800, 1801, 1802, 1803, 1804, 1810, 1811, 1812, 1813, 1819, 1820, 1821, 1822, 1823, 1824, 1825, 1826, 1827, 1828, 1829, 1914, 1915, 1916, 1917, 1918, 1919, 1920, 1921, 1922, 1923, 1924, 1925, 1926, 1927, 1928, 1929, 1930, 1931, 1932, 1933, 1934, 1935, 1936, 1937, 2036, 2037, 2038, 2053, 2054, 2055, 2056, 2057, 2058, 2059, 2060, 2061, 2062, 2063, 2064, 2065, 2066, 2067, 2068, 2069, 2070, 2071, 2072, 2073, 2074, 2075, 2076, 2077, 2078, 2079, 2080, 2081, 2082, 2083, 2084, 2085, 2086], "selected_count": 221, "selection_time": 0.13188052400073502, "selection_score_forward_time": 0.13069036699744174}