{"example_id": 121, "sub_q_idx": 1, "method": "DraftModel", "reprocess_method": "DraftModel", "rate": 0.15, "system_len": 792, "passages_len": [792, 164, 156, 110, 155, 129, 188, 325, 75, 149, 164, 100, 164, 34], "chunk_ids": [0, 11, 12, 13, 14, 15, 16, 2, 17, 18, 19, 1, 11], "selected_abs": [792, 793, 794, 795, 796, 797, 798, 799, 800, 801, 802, 803, 804, 805, 806, 807, 808, 809, 810, 811, 812, 813, 814, 815, 816, 817, 818, 819, 820, 821, 822, 823, 824, 825, 826, 827, 828, 829, 830, 831, 832, 857, 858, 937, 938, 939, 940, 941, 942, 943, 944, 945, 946, 947, 948, 949, 950, 951, 952, 953, 954, 955, 956, 957, 958, 959, 960, 961, 962, 963, 964, 965, 966, 967, 978, 979, 980, 981, 982, 983, 987, 988, 989, 1106, 1107, 1108, 1109, 1110, 1111, 1112, 1113, 1114, 1115, 1116, 1117, 1118, 1119, 1120, 1121, 1122, 1123, 1128, 1129, 1130, 1131, 1132, 1164, 1220, 1221, 1222, 1223, 1224, 1225, 1226, 1227, 1228, 1347, 1348, 1376, 1377, 1378, 1379, 1380, 1505, 1506, 1507, 1508, 1509, 1510, 1511, 1512, 1513, 1514, 1545, 1546, 1649, 1693, 1694, 1695, 1696, 1697, 1880, 1918, 2018, 2019, 2020, 2021, 2022, 2023, 2024, 2025, 2026, 2051, 2052, 2053, 2054, 2092, 2093, 2094, 2095, 2096, 2097, 2098, 2099, 2101, 2102, 2103, 2148, 2149, 2158, 2159, 2190, 2191, 2199, 2200, 2201, 2240, 2241, 2242, 2243, 2244, 2245, 2246, 2247, 2248, 2303, 2378, 2379, 2405, 2406, 2407, 2408, 2409, 2410, 2411, 2412, 2505, 2506, 2507, 2508, 2509, 2510, 2511, 2512, 2513, 2514, 2515, 2516, 2517, 2518, 2519, 2520, 2521, 2522, 2523, 2524, 2525, 2526, 2527, 2528, 2529, 2530, 2531, 2532, 2533, 2534, 2535, 2536, 2537, 2538, 2539, 2540, 2541, 2542, 2543, 2544, 2545, 2546, 2547, 2548, 2549, 2550, 2551, 2552, 2553, 2569, 2570, 2571, 2572, 2573, 2579, 2580, 2587, 2588, 2607, 2608, 2609, 2629, 2630, 2631, 2641, 2651, 2652, 2653, 2654, 2655, 2656, 2657, 2658, 2659, 2660, 2661, 2662, 2663, 2664, 2665, 2666, 2667, 2668, 2669, 2670, 2671, 2672, 2673, 2674, 2675, 2676, 2677, 2678, 2679, 2680, 2681, 2682, 2683, 2684, 2685, 2686, 2687, 2688, 2689, 2690, 2691, 2692, 2693, 2694, 2695, 2696, 2697, 2698, 2699, 2700, 2701, 2702, 2703, 2704], "selected_count": 315, "selection_time": 0.1679137639948749, "selection_score_forward_time": 0.1665824759984389}