{"example_id": 123, "sub_q_idx": 3, "method": "DraftModel", "reprocess_method": "DraftModel", "rate": 0.15, "system_len": 792, "passages_len": [792, 105, 85, 135, 87, 157, 137, 352, 110, 195, 107, 105, 105, 33], "chunk_ids": [0, 1, 13, 12, 4, 14, 17, 15, 18, 16, 11, 1, 1], "selected_abs": [792, 793, 794, 795, 796, 797, 798, 799, 800, 801, 802, 803, 804, 805, 806, 807, 808, 809, 810, 811, 812, 813, 814, 815, 816, 817, 818, 819, 820, 821, 822, 823, 824, 825, 838, 839, 840, 845, 846, 847, 848, 849, 856, 857, 858, 859, 896, 897, 898, 899, 900, 901, 902, 903, 914, 915, 916, 917, 918, 919, 920, 921, 922, 923, 981, 982, 983, 984, 985, 1116, 1117, 1118, 1119, 1120, 1121, 1122, 1123, 1124, 1137, 1138, 1139, 1140, 1141, 1142, 1143, 1144, 1171, 1203, 1204, 1205, 1206, 1207, 1208, 1209, 1210, 1359, 1360, 1361, 1362, 1603, 1604, 1849, 1850, 1851, 1852, 1853, 1854, 1855, 1856, 1857, 1858, 1913, 1959, 1960, 1961, 1962, 1963, 1964, 1965, 1966, 1967, 1968, 1986, 2075, 2150, 2154, 2155, 2156, 2157, 2158, 2159, 2160, 2161, 2162, 2163, 2164, 2165, 2166, 2167, 2168, 2169, 2170, 2171, 2172, 2173, 2174, 2175, 2176, 2177, 2178, 2179, 2180, 2181, 2261, 2262, 2263, 2264, 2265, 2266, 2267, 2268, 2269, 2270, 2271, 2272, 2274, 2275, 2276, 2277, 2278, 2279, 2280, 2281, 2282, 2283, 2284, 2285, 2286, 2287, 2288, 2289, 2290, 2291, 2292, 2293, 2294, 2295, 2296, 2305, 2306, 2307, 2308, 2309, 2310, 2315, 2316, 2317, 2318, 2319, 2320, 2321, 2322, 2323, 2324, 2325, 2338, 2339, 2340, 2341, 2360, 2361, 2362, 2363, 2364, 2365, 2366, 2367, 2368, 2369, 2370, 2371, 2372, 2373, 2374, 2375, 2376, 2377, 2382, 2383, 2384, 2385, 2386, 2387, 2388, 2389, 2390, 2391, 2392, 2393, 2394, 2395, 2396, 2403, 2407, 2408, 2465, 2466, 2467, 2468, 2469, 2470, 2471, 2472, 2473, 2474, 2475, 2476, 2477, 2478, 2479, 2480, 2481, 2482, 2483, 2484, 2485, 2486, 2487, 2488, 2489, 2490, 2491, 2492, 2493, 2494, 2495, 2496, 2497, 2498, 2499, 2500, 2501, 2502, 2503, 2504], "selected_count": 285, "selection_time": 0.15436629699979676, "selection_score_forward_time": 0.15295664499717532}