{"example_id": 1, "sub_q_idx": 0, "method": "DraftModel", "reprocess_method": "DraftModel", "rate": 0.15, "system_len": 792, "passages_len": [792, 90, 85, 130, 86, 135, 217, 56, 216, 113, 77, 90, 29], "chunk_ids": [0, 1, 2, 3, 4, 5, 6, 7, 8, 9, 10, 1], "selected_abs": [792, 793, 794, 795, 796, 797, 798, 799, 800, 801, 802, 803, 804, 805, 806, 807, 808, 809, 810, 811, 812, 813, 814, 815, 816, 840, 841, 842, 843, 880, 881, 882, 883, 884, 885, 886, 887, 888, 889, 890, 891, 892, 947, 948, 949, 950, 951, 952, 965, 966, 967, 968, 969, 970, 971, 1096, 1097, 1098, 1099, 1100, 1112, 1113, 1182, 1183, 1184, 1185, 1186, 1187, 1188, 1189, 1190, 1191, 1279, 1311, 1312, 1313, 1314, 1315, 1316, 1317, 1318, 1319, 1320, 1321, 1322, 1336, 1337, 1338, 1339, 1534, 1535, 1536, 1537, 1538, 1539, 1540, 1541, 1542, 1553, 1554, 1589, 1590, 1591, 1592, 1593, 1594, 1595, 1596, 1597, 1598, 1599, 1600, 1601, 1602, 1618, 1619, 1620, 1621, 1633, 1806, 1807, 1808, 1809, 1810, 1811, 1812, 1813, 1919, 1920, 1921, 1922, 1923, 1924, 1925, 1926, 1927, 1928, 1929, 1930, 1931, 1932, 1933, 1934, 1935, 1936, 1937, 1938, 1939, 1940, 1976, 1977, 1995, 1996, 1997, 1998, 1999, 2000, 2001, 2002, 2003, 2004, 2005, 2006, 2007, 2008, 2009, 2010, 2011, 2012, 2013, 2014, 2015, 2016, 2017, 2018, 2019, 2020, 2021, 2045, 2046, 2047, 2048, 2057, 2058, 2059, 2060, 2061, 2063, 2064, 2065, 2066, 2084, 2085, 2086, 2087, 2088, 2089, 2090, 2091, 2092, 2093, 2094, 2095, 2096, 2097, 2098, 2099, 2100, 2101, 2102, 2103, 2104, 2105, 2106, 2107, 2108, 2109, 2110, 2111, 2112, 2113, 2114, 2115], "selected_count": 223, "selection_time": 0.12999202300125035, "selection_score_forward_time": 0.1290953029965749}