{"example_id": 91, "sub_q_idx": 0, "method": "DraftModel", "reprocess_method": "DraftModel", "rate": 0.15, "system_len": 792, "passages_len": [792, 95, 65, 71, 175, 88, 86, 99, 115, 71, 119, 30], "chunk_ids": [0, 1, 2, 3, 4, 5, 6, 7, 8, 9, 10], "selected_abs": [792, 793, 794, 795, 796, 797, 798, 799, 800, 801, 802, 803, 804, 805, 806, 807, 808, 809, 810, 811, 812, 818, 819, 820, 821, 822, 823, 824, 825, 826, 827, 828, 829, 830, 831, 832, 833, 834, 835, 886, 887, 888, 889, 890, 891, 892, 893, 894, 895, 947, 948, 949, 950, 951, 952, 953, 954, 955, 956, 957, 958, 959, 964, 965, 966, 967, 968, 969, 970, 971, 972, 1022, 1023, 1024, 1025, 1026, 1027, 1028, 1110, 1111, 1197, 1198, 1199, 1200, 1201, 1202, 1203, 1204, 1291, 1292, 1293, 1294, 1295, 1296, 1297, 1298, 1371, 1372, 1373, 1374, 1376, 1377, 1383, 1384, 1385, 1386, 1387, 1470, 1471, 1472, 1473, 1474, 1475, 1476, 1477, 1585, 1586, 1587, 1588, 1590, 1591, 1592, 1593, 1594, 1656, 1657, 1658, 1659, 1660, 1661, 1662, 1663, 1664, 1665, 1666, 1707, 1708, 1709, 1710, 1711, 1712, 1713, 1714, 1715, 1716, 1774, 1775, 1776, 1777, 1778, 1779, 1780, 1781, 1782, 1783, 1784, 1785, 1786, 1787, 1788, 1789, 1790, 1791, 1792, 1793, 1794, 1795, 1796, 1797, 1798, 1799, 1800, 1801, 1802, 1803, 1804, 1805], "selected_count": 177, "selection_time": 0.11887461700098356, "selection_score_forward_time": 0.11792552500264719}