{"example_id": 55, "sub_q_idx": 0, "method": "DraftModel", "reprocess_method": "DraftModel", "rate": 0.15, "system_len": 792, "passages_len": [792, 128, 121, 147, 76, 51, 158, 95, 135, 127, 328, 128, 37], "chunk_ids": [0, 1, 2, 3, 4, 5, 6, 7, 8, 9, 10, 1], "selected_abs": [792, 793, 794, 795, 796, 797, 798, 799, 800, 801, 802, 803, 804, 805, 806, 808, 809, 810, 811, 867, 868, 869, 870, 871, 872, 873, 874, 875, 876, 877, 878, 879, 880, 881, 882, 883, 911, 912, 913, 914, 917, 918, 919, 920, 921, 922, 923, 1033, 1034, 1035, 1036, 1037, 1038, 1039, 1040, 1041, 1042, 1043, 1044, 1045, 1077, 1078, 1079, 1080, 1081, 1082, 1085, 1086, 1087, 1088, 1089, 1090, 1091, 1092, 1093, 1094, 1187, 1188, 1189, 1190, 1191, 1208, 1209, 1238, 1239, 1240, 1241, 1242, 1243, 1262, 1263, 1264, 1265, 1266, 1267, 1268, 1303, 1304, 1305, 1306, 1307, 1308, 1309, 1313, 1314, 1315, 1316, 1317, 1318, 1343, 1344, 1345, 1346, 1347, 1430, 1431, 1471, 1472, 1473, 1474, 1475, 1476, 1508, 1509, 1510, 1511, 1512, 1567, 1568, 1569, 1570, 1571, 1572, 1579, 1580, 1581, 1582, 1583, 1590, 1591, 1592, 1593, 1594, 1595, 1598, 1599, 1649, 1702, 1703, 1704, 1705, 1706, 1707, 1708, 1829, 1830, 1831, 1832, 1833, 1837, 1838, 1839, 1840, 1880, 1928, 2077, 2153, 2157, 2158, 2159, 2160, 2161, 2162, 2163, 2164, 2165, 2166, 2167, 2168, 2169, 2170, 2171, 2172, 2173, 2174, 2175, 2176, 2177, 2182, 2183, 2184, 2185, 2233, 2234, 2235, 2236, 2237, 2238, 2239, 2240, 2241, 2242, 2243, 2244, 2245, 2246, 2247, 2248, 2249, 2270, 2271, 2272, 2273, 2274, 2275, 2277, 2278, 2279, 2280, 2281, 2282, 2283, 2284, 2285, 2286, 2287, 2288, 2289, 2290, 2291, 2292, 2293, 2294, 2295, 2296, 2297, 2298, 2299, 2300, 2301, 2302, 2303, 2304, 2305, 2306, 2307, 2308, 2309, 2310, 2311, 2312, 2313, 2314, 2315, 2316, 2317, 2318, 2319, 2320, 2321, 2322], "selected_count": 261, "selection_time": 0.13981080800294876, "selection_score_forward_time": 0.13859666699863737}