{"example_id": 154, "sub_q_idx": 0, "method": "DraftModel", "reprocess_method": "DraftModel", "rate": 0.15, "system_len": 792, "passages_len": [792, 111, 190, 94, 77, 114, 140, 257, 53, 135, 204, 111, 28], "chunk_ids": [0, 1, 2, 3, 4, 5, 6, 7, 8, 9, 10, 1], "selected_abs": [792, 793, 794, 795, 796, 797, 798, 799, 800, 801, 802, 803, 804, 805, 806, 807, 808, 809, 810, 811, 812, 813, 814, 815, 816, 817, 818, 819, 820, 821, 822, 823, 824, 825, 826, 827, 828, 829, 830, 831, 832, 833, 834, 835, 836, 837, 838, 839, 840, 841, 842, 843, 844, 845, 847, 848, 849, 850, 851, 852, 902, 903, 904, 905, 906, 908, 909, 910, 940, 941, 942, 943, 944, 945, 946, 1055, 1091, 1092, 1093, 1094, 1095, 1096, 1097, 1098, 1099, 1186, 1187, 1188, 1189, 1190, 1191, 1239, 1249, 1263, 1264, 1265, 1266, 1267, 1377, 1378, 1379, 1380, 1381, 1382, 1383, 1384, 1385, 1513, 1517, 1518, 1519, 1520, 1521, 1774, 1775, 1776, 1777, 1778, 1779, 1780, 1781, 1782, 1827, 1828, 1829, 1830, 1831, 1962, 1963, 1964, 1965, 1966, 1967, 1968, 1969, 1970, 1971, 1976, 1977, 1978, 1979, 2005, 2006, 2008, 2009, 2010, 2166, 2167, 2168, 2169, 2170, 2171, 2172, 2173, 2174, 2175, 2176, 2177, 2178, 2179, 2180, 2181, 2182, 2183, 2184, 2185, 2186, 2187, 2188, 2189, 2190, 2191, 2192, 2193, 2194, 2195, 2196, 2197, 2198, 2199, 2200, 2201, 2202, 2203, 2204, 2205, 2206, 2207, 2208, 2209, 2210, 2211, 2212, 2213, 2214, 2215, 2216, 2217, 2218, 2219, 2220, 2221, 2222, 2223, 2224, 2225, 2226, 2227, 2228, 2229, 2252, 2253, 2254, 2255, 2256, 2257, 2258, 2259, 2260, 2261, 2276, 2277, 2278, 2279, 2280, 2281, 2282, 2283, 2284, 2285, 2286, 2287, 2288, 2289, 2290, 2291, 2292, 2293, 2294, 2295, 2296, 2297, 2298, 2299, 2300, 2301, 2302, 2303, 2304, 2305], "selected_count": 250, "selection_time": 0.1372124920017086, "selection_score_forward_time": 0.13605055700463708}