{"example_id": 17, "sub_q_idx": 1, "method": "DraftModel", "reprocess_method": "DraftModel", "rate": 0.15, "system_len": 792, "passages_len": [792, 114, 90, 116, 285, 72, 127, 78, 65, 214, 226, 285, 78, 72, 114, 34], "chunk_ids": [0, 1, 4, 11, 2, 5, 12, 3, 8, 13, 14, 2, 3, 5, 1], "selected_abs": [792, 793, 794, 795, 796, 797, 798, 799, 800, 801, 802, 803, 804, 805, 806, 807, 808, 809, 810, 811, 812, 813, 814, 815, 820, 821, 822, 823, 824, 825, 826, 827, 828, 829, 830, 831, 832, 840, 841, 842, 843, 844, 851, 852, 853, 854, 855, 856, 857, 904, 905, 906, 907, 908, 909, 911, 912, 913, 914, 915, 923, 924, 994, 995, 996, 997, 998, 999, 1003, 1004, 1005, 1006, 1007, 1008, 1009, 1010, 1011, 1012, 1013, 1014, 1039, 1040, 1041, 1042, 1043, 1044, 1045, 1111, 1112, 1113, 1114, 1115, 1116, 1117, 1118, 1204, 1205, 1287, 1288, 1396, 1397, 1398, 1399, 1400, 1401, 1402, 1403, 1411, 1412, 1413, 1420, 1421, 1422, 1467, 1468, 1469, 1470, 1471, 1472, 1473, 1474, 1475, 1476, 1477, 1478, 1561, 1562, 1563, 1573, 1574, 1578, 1579, 1580, 1581, 1594, 1595, 1596, 1597, 1598, 1599, 1600, 1601, 1610, 1611, 1612, 1619, 1620, 1653, 1654, 1655, 1672, 1673, 1674, 1675, 1740, 1741, 1742, 1743, 1744, 1745, 1746, 1747, 1922, 1928, 1929, 1951, 1952, 1953, 1954, 1955, 1956, 1957, 1958, 1959, 1960, 2024, 2151, 2178, 2179, 2180, 2181, 2182, 2183, 2184, 2185, 2186, 2271, 2272, 2354, 2355, 2462, 2463, 2464, 2465, 2466, 2467, 2468, 2469, 2487, 2488, 2512, 2513, 2540, 2541, 2542, 2543, 2544, 2545, 2546, 2556, 2557, 2565, 2566, 2575, 2587, 2590, 2591, 2612, 2613, 2614, 2615, 2616, 2617, 2618, 2619, 2620, 2621, 2622, 2623, 2624, 2625, 2626, 2627, 2628, 2629, 2630, 2631, 2632, 2633, 2634, 2635, 2636, 2638, 2639, 2640, 2641, 2642, 2643, 2644, 2645, 2646, 2647, 2648, 2649, 2650, 2651, 2652, 2653, 2654, 2655, 2656, 2657, 2658, 2659, 2660, 2661, 2662, 2663, 2664, 2665, 2666, 2667, 2668, 2669, 2670, 2671, 2672, 2673, 2674, 2675, 2676, 2677, 2678, 2721, 2722, 2723, 2724, 2725, 2726, 2727, 2728, 2729, 2730, 2731, 2732, 2733, 2734, 2735, 2736, 2737, 2738, 2739, 2740, 2741, 2742, 2743, 2744, 2745, 2746, 2747, 2748, 2749, 2750, 2751, 2752, 2753, 2754, 2755, 2756, 2757, 2758, 2759, 2760, 2761], "selected_count": 324, "selection_time": 0.16871590899972944, "selection_score_forward_time": 0.1673433620017022}