{"example_id": 141, "sub_q_idx": 0, "method": "DraftModel", "reprocess_method": "DraftModel", "rate": 0.15, "system_len": 792, "passages_len": [792, 139, 42, 67, 99, 92, 79, 115, 92, 100, 123, 32], "chunk_ids": [0, 1, 2, 3, 4, 5, 6, 7, 8, 9, 10], "selected_abs": [792, 793, 794, 795, 796, 797, 798, 799, 800, 801, 802, 803, 804, 805, 806, 807, 808, 809, 810, 811, 812, 813, 814, 815, 816, 817, 818, 819, 820, 821, 822, 823, 824, 825, 826, 827, 828, 829, 830, 831, 832, 833, 834, 836, 837, 838, 839, 840, 841, 842, 843, 844, 845, 920, 921, 930, 931, 932, 933, 934, 935, 936, 937, 938, 972, 973, 974, 975, 976, 1039, 1040, 1041, 1042, 1043, 1131, 1132, 1133, 1134, 1135, 1136, 1137, 1138, 1139, 1140, 1141, 1142, 1395, 1424, 1425, 1426, 1427, 1428, 1429, 1516, 1517, 1518, 1519, 1520, 1616, 1617, 1618, 1619, 1620, 1621, 1622, 1623, 1630, 1631, 1632, 1633, 1634, 1635, 1636, 1637, 1638, 1639, 1640, 1641, 1642, 1643, 1644, 1645, 1646, 1647, 1654, 1655, 1656, 1657, 1658, 1659, 1660, 1665, 1666, 1667, 1668, 1733, 1734, 1735, 1736, 1737, 1738, 1739, 1740, 1741, 1742, 1743, 1744, 1745, 1746, 1747, 1748, 1749, 1750, 1751, 1752, 1753, 1754, 1755, 1756, 1757, 1758, 1759, 1760, 1761, 1762, 1763, 1764, 1765, 1766, 1767, 1768, 1769, 1770, 1771], "selected_count": 174, "selection_time": 0.10466694900242146, "selection_score_forward_time": 0.10390072800510097}