{"example_id": 89, "sub_q_idx": 0, "method": "DraftModel", "reprocess_method": "DraftModel", "rate": 0.15, "system_len": 792, "passages_len": [792, 107, 138, 187, 106, 147, 110, 218, 91, 70, 126, 29], "chunk_ids": [0, 1, 2, 3, 4, 5, 6, 7, 8, 9, 10], "selected_abs": [792, 793, 794, 795, 796, 797, 798, 799, 800, 801, 802, 803, 804, 805, 806, 807, 808, 809, 810, 811, 812, 813, 814, 815, 820, 821, 822, 823, 843, 844, 845, 846, 847, 897, 898, 899, 900, 901, 902, 903, 904, 905, 906, 907, 908, 909, 910, 911, 912, 913, 914, 915, 916, 917, 1029, 1030, 1031, 1032, 1035, 1036, 1037, 1038, 1039, 1040, 1046, 1047, 1048, 1049, 1223, 1224, 1225, 1320, 1321, 1322, 1323, 1328, 1329, 1330, 1331, 1332, 1333, 1334, 1335, 1336, 1355, 1476, 1477, 1478, 1496, 1524, 1601, 1602, 1603, 1604, 1804, 1805, 1806, 1807, 1808, 1809, 1810, 1811, 1812, 1813, 1817, 1818, 1819, 1820, 1830, 1832, 1833, 1834, 1835, 1836, 1837, 1838, 1839, 1840, 1841, 1842, 1843, 1844, 1845, 1852, 1853, 1854, 1855, 1856, 1857, 1858, 1859, 1860, 1861, 1862, 1863, 1894, 1895, 1896, 1897, 1898, 1899, 1900, 1901, 1902, 1903, 1908, 1909, 1919, 1936, 1937, 1938, 1939, 1940, 1950, 1951, 1952, 1957, 1958, 1959, 1960, 1963, 1964, 1965, 1966, 1967, 1968, 1969, 1970, 1971, 1972, 1973, 1974, 1975, 1976, 1977, 1978, 1979, 1980, 1981, 1982, 1983, 1984, 1985, 1986, 1987, 1988, 2072, 2073, 2075, 2086, 2087, 2088, 2089, 2090, 2091, 2092, 2093, 2094, 2095, 2096, 2097, 2098, 2099, 2100, 2101, 2102, 2103, 2104, 2105, 2106, 2107, 2108, 2109, 2110, 2111, 2112, 2113, 2114, 2115, 2116, 2117, 2118, 2119, 2120], "selected_count": 224, "selection_time": 0.13054438300605398, "selection_score_forward_time": 0.1295325809987844}