{"example_id": 21, "sub_q_idx": 0, "method": "DraftModel", "reprocess_method": "DraftModel", "rate": 0.15, "system_len": 792, "passages_len": [792, 75, 120, 212, 139, 152, 205, 148, 321, 149, 228, 31], "chunk_ids": [0, 1, 2, 3, 4, 5, 6, 7, 8, 9, 10], "selected_abs": [792, 793, 794, 795, 796, 797, 798, 799, 800, 801, 802, 803, 804, 805, 806, 807, 808, 809, 810, 811, 812, 813, 814, 815, 816, 817, 818, 819, 820, 821, 822, 823, 824, 825, 826, 827, 828, 829, 830, 831, 832, 833, 834, 835, 836, 837, 838, 839, 840, 841, 842, 843, 844, 845, 846, 847, 848, 866, 867, 868, 869, 870, 871, 872, 873, 874, 875, 876, 877, 878, 879, 880, 881, 882, 883, 884, 895, 896, 898, 899, 925, 926, 927, 928, 930, 931, 932, 933, 950, 951, 952, 985, 986, 987, 988, 989, 990, 991, 992, 993, 994, 995, 996, 997, 1004, 1005, 1006, 1025, 1026, 1027, 1028, 1076, 1077, 1078, 1085, 1086, 1087, 1098, 1198, 1199, 1200, 1201, 1202, 1203, 1204, 1205, 1316, 1317, 1335, 1336, 1337, 1338, 1339, 1340, 1341, 1342, 1343, 1344, 1345, 1346, 1351, 1352, 1353, 1354, 1355, 1356, 1357, 1358, 1359, 1413, 1414, 1451, 1452, 1489, 1490, 1491, 1492, 1493, 1494, 1500, 1501, 1502, 1538, 1539, 1540, 1668, 1669, 1670, 1674, 1675, 1694, 1695, 1696, 1697, 1698, 1699, 1700, 1743, 1744, 1747, 1748, 1798, 1842, 1843, 1844, 1845, 1846, 1847, 1848, 1849, 1850, 1851, 1852, 1853, 2112, 2113, 2114, 2115, 2116, 2162, 2163, 2164, 2165, 2166, 2167, 2168, 2169, 2170, 2171, 2172, 2173, 2174, 2195, 2196, 2197, 2218, 2219, 2228, 2229, 2257, 2258, 2259, 2311, 2312, 2313, 2314, 2315, 2316, 2317, 2318, 2319, 2320, 2321, 2322, 2323, 2340, 2341, 2342, 2343, 2344, 2345, 2346, 2348, 2349, 2350, 2369, 2370, 2371, 2372, 2443, 2444, 2445, 2446, 2475, 2476, 2477, 2478, 2479, 2496, 2530, 2539, 2540, 2541, 2542, 2543, 2544, 2545, 2546, 2547, 2548, 2549, 2550, 2551, 2552, 2553, 2554, 2555, 2556, 2557, 2558, 2559, 2560, 2561, 2562, 2563, 2564, 2565, 2566, 2567, 2568, 2569, 2570, 2571], "selected_count": 293, "selection_time": 0.16271089999645483, "selection_score_forward_time": 0.16139780700177653}