{"example_id": 82, "sub_q_idx": 1, "method": "DraftModel", "reprocess_method": "DraftModel", "rate": 0.15, "system_len": 792, "passages_len": [792, 229, 103, 101, 79, 206, 77, 86, 109, 118, 202, 103, 229, 37], "chunk_ids": [0, 6, 2, 5, 10, 1, 11, 12, 13, 14, 9, 2, 6], "selected_abs": [792, 793, 794, 795, 796, 797, 798, 799, 800, 801, 802, 803, 879, 880, 881, 940, 941, 942, 943, 944, 945, 946, 947, 948, 949, 950, 951, 955, 956, 957, 958, 971, 972, 993, 994, 995, 996, 997, 1019, 1020, 1021, 1022, 1023, 1024, 1025, 1026, 1027, 1028, 1029, 1030, 1031, 1032, 1033, 1034, 1035, 1036, 1037, 1038, 1039, 1040, 1094, 1095, 1096, 1097, 1098, 1099, 1123, 1124, 1125, 1208, 1209, 1210, 1211, 1212, 1213, 1224, 1225, 1226, 1227, 1228, 1229, 1230, 1231, 1250, 1262, 1263, 1264, 1265, 1266, 1267, 1302, 1303, 1304, 1305, 1306, 1307, 1402, 1515, 1516, 1517, 1518, 1519, 1520, 1521, 1522, 1523, 1525, 1526, 1527, 1528, 1529, 1530, 1531, 1532, 1586, 1587, 1588, 1589, 1590, 1591, 1592, 1593, 1594, 1624, 1790, 1791, 1792, 1793, 1794, 1899, 1900, 1901, 1935, 1936, 2101, 2102, 2103, 2104, 2109, 2110, 2111, 2112, 2113, 2114, 2115, 2116, 2117, 2118, 2119, 2135, 2136, 2137, 2138, 2203, 2204, 2205, 2206, 2207, 2208, 2209, 2210, 2211, 2212, 2213, 2214, 2215, 2224, 2225, 2226, 2227, 2228, 2317, 2343, 2344, 2345, 2346, 2347, 2348, 2349, 2350, 2351, 2352, 2353, 2354, 2355, 2356, 2357, 2358, 2359, 2360, 2361, 2362, 2363, 2364, 2365, 2366, 2367, 2368, 2369, 2370, 2371, 2372, 2373, 2381, 2382, 2383, 2384, 2385, 2386, 2387, 2388, 2389, 2390, 2391, 2392, 2397, 2398, 2399, 2400, 2401, 2405, 2406, 2407, 2408, 2409, 2410, 2411, 2413, 2414, 2415, 2416, 2417, 2418, 2419, 2420, 2422, 2423, 2424, 2426, 2427, 2428, 2429, 2430, 2431, 2432, 2433, 2434, 2435, 2436, 2437, 2438, 2439, 2440, 2441, 2442, 2443, 2444, 2445, 2446, 2447, 2448, 2449, 2450, 2451, 2452, 2453, 2454, 2455, 2456, 2457, 2458, 2459, 2460, 2461, 2462, 2463, 2464, 2465, 2466, 2467, 2468, 2469, 2470], "selected_count": 283, "selection_time": 0.15412779899634188, "selection_score_forward_time": 0.15291076299763517}