{"example_id": 179, "sub_q_idx": 1, "method": "DraftModel", "reprocess_method": "DraftModel", "rate": 0.15, "system_len": 792, "passages_len": [792, 78, 34, 159, 108, 115, 59, 122, 66, 69, 113, 108, 78, 34, 30], "chunk_ids": [0, 11, 12, 3, 1, 5, 13, 14, 15, 16, 17, 1, 11, 12], "selected_abs": [792, 793, 794, 795, 796, 797, 798, 799, 800, 801, 802, 815, 816, 817, 818, 819, 820, 821, 822, 823, 825, 826, 827, 852, 853, 854, 855, 856, 868, 869, 870, 871, 872, 873, 874, 890, 891, 892, 893, 894, 895, 896, 897, 898, 899, 900, 901, 902, 903, 904, 905, 906, 925, 926, 927, 928, 929, 1194, 1195, 1344, 1345, 1346, 1347, 1348, 1532, 1533, 1534, 1535, 1601, 1602, 1603, 1604, 1605, 1606, 1607, 1608, 1609, 1714, 1715, 1716, 1717, 1718, 1735, 1736, 1737, 1738, 1739, 1740, 1822, 1823, 1824, 1825, 1826, 1827, 1828, 1829, 1830, 1831, 1832, 1833, 1847, 1848, 1849, 1850, 1851, 1852, 1853, 1854, 1855, 1856, 1857, 1858, 1860, 1861, 1862, 1863, 1864, 1865, 1871, 1872, 1873, 1874, 1875, 1876, 1877, 1878, 1883, 1884, 1885, 1886, 1887, 1888, 1896, 1897, 1898, 1899, 1900, 1901, 1902, 1903, 1904, 1905, 1906, 1907, 1908, 1909, 1910, 1911, 1912, 1913, 1914, 1915, 1916, 1917, 1918, 1919, 1920, 1921, 1922, 1923, 1924, 1925, 1926, 1927, 1928, 1929, 1930, 1931, 1932, 1933, 1934, 1935, 1936, 1937, 1938, 1939, 1940, 1941, 1942, 1943, 1944, 1945, 1946, 1947, 1948, 1949, 1950, 1951, 1952, 1953, 1954, 1955, 1956, 1957, 1958, 1959, 1960, 1961, 1962, 1963, 1964], "selected_count": 201, "selection_time": 0.1252220070018666, "selection_score_forward_time": 0.12428724400524516}