{"example_id": 125, "sub_q_idx": 0, "method": "DraftModel", "reprocess_method": "DraftModel", "rate": 0.15, "system_len": 792, "passages_len": [792, 263, 162, 213, 140, 72, 233, 202, 201, 132, 112, 263, 162, 31], "chunk_ids": [0, 1, 2, 3, 4, 5, 6, 7, 8, 9, 10, 1, 2], "selected_abs": [792, 793, 794, 795, 796, 797, 798, 799, 804, 805, 806, 807, 808, 809, 810, 811, 812, 827, 828, 829, 830, 831, 832, 833, 834, 835, 836, 837, 838, 839, 840, 841, 842, 843, 844, 845, 846, 847, 848, 849, 855, 856, 857, 860, 861, 862, 863, 864, 866, 867, 869, 870, 871, 872, 914, 915, 916, 917, 970, 971, 1006, 1007, 1008, 1013, 1014, 1015, 1053, 1054, 1055, 1056, 1057, 1058, 1059, 1060, 1061, 1062, 1063, 1066, 1067, 1068, 1103, 1104, 1105, 1106, 1216, 1217, 1218, 1219, 1220, 1221, 1224, 1225, 1226, 1227, 1237, 1238, 1239, 1246, 1247, 1248, 1249, 1250, 1429, 1430, 1431, 1432, 1433, 1434, 1435, 1436, 1437, 1438, 1439, 1569, 1570, 1571, 1572, 1573, 1574, 1575, 1576, 1577, 1578, 1579, 1580, 1581, 1582, 1599, 1600, 1601, 1602, 1603, 1640, 1641, 1642, 1643, 1644, 1645, 1646, 1647, 1648, 1783, 1874, 1875, 1876, 1877, 1878, 1879, 1881, 1882, 1883, 1884, 1885, 1886, 1902, 1903, 1904, 2076, 2077, 2078, 2079, 2080, 2081, 2082, 2083, 2084, 2085, 2091, 2092, 2093, 2277, 2278, 2279, 2280, 2281, 2282, 2283, 2284, 2285, 2287, 2288, 2289, 2290, 2310, 2311, 2312, 2409, 2410, 2411, 2412, 2413, 2414, 2415, 2416, 2417, 2418, 2431, 2432, 2435, 2436, 2437, 2438, 2439, 2440, 2447, 2448, 2488, 2521, 2522, 2523, 2524, 2525, 2526, 2527, 2538, 2539, 2540, 2541, 2542, 2543, 2556, 2557, 2558, 2559, 2560, 2561, 2562, 2563, 2564, 2565, 2566, 2567, 2568, 2569, 2570, 2571, 2572, 2573, 2574, 2575, 2576, 2577, 2578, 2579, 2583, 2584, 2585, 2586, 2587, 2588, 2589, 2590, 2591, 2592, 2593, 2594, 2595, 2596, 2597, 2599, 2600, 2601, 2602, 2613, 2642, 2643, 2644, 2645, 2646, 2647, 2697, 2736, 2737, 2738, 2739, 2740, 2741, 2742, 2743, 2744, 2745, 2767, 2768, 2769, 2770, 2782, 2783, 2784, 2785, 2786, 2787, 2788, 2789, 2790, 2791, 2792, 2793, 2794, 2795, 2796, 2797, 2798, 2807, 2832, 2833, 2834, 2835, 2836, 2837, 2855, 2856, 2930, 2931, 2932, 2933, 2934, 2935, 2936, 2937, 2943, 2944, 2945, 2946, 2947, 2948, 2949, 2950, 2951, 2952, 2953, 2954, 2955, 2956, 2957, 2958, 2959, 2960, 2961, 2962, 2963, 2964, 2965, 2966, 2967, 2968, 2969, 2970, 2971, 2972, 2973, 2974, 2975, 2976, 2977], "selected_count": 354, "selection_time": 0.2930542009999044, "selection_score_forward_time": 0.2911777279950911}