{"example_id": 152, "sub_q_idx": 1, "method": "DraftModel", "reprocess_method": "DraftModel", "rate": 0.15, "system_len": 792, "passages_len": [792, 180, 224, 155, 71, 71, 314, 116, 123, 91, 84, 71, 224, 30], "chunk_ids": [0, 11, 12, 3, 8, 1, 7, 13, 2, 14, 15, 1, 12], "selected_abs": [792, 793, 794, 795, 796, 797, 798, 799, 800, 801, 802, 803, 804, 805, 806, 807, 808, 809, 810, 811, 812, 820, 821, 822, 823, 824, 825, 826, 827, 828, 864, 865, 866, 867, 868, 869, 870, 871, 872, 873, 895, 896, 897, 898, 914, 915, 920, 921, 971, 972, 973, 974, 975, 976, 977, 978, 979, 981, 982, 983, 984, 985, 995, 996, 997, 1004, 1094, 1111, 1185, 1186, 1187, 1188, 1195, 1196, 1197, 1198, 1199, 1200, 1201, 1202, 1203, 1204, 1329, 1349, 1350, 1351, 1352, 1353, 1354, 1355, 1356, 1357, 1420, 1421, 1422, 1423, 1424, 1425, 1426, 1427, 1428, 1429, 1430, 1431, 1432, 1433, 1434, 1441, 1442, 1443, 1444, 1445, 1446, 1447, 1448, 1449, 1450, 1451, 1492, 1493, 1494, 1495, 1496, 1497, 1499, 1500, 1501, 1596, 1597, 1598, 1599, 1806, 1807, 1808, 1809, 1810, 1811, 1812, 1865, 1866, 1867, 1868, 1869, 1870, 1884, 1885, 1886, 1887, 1921, 1922, 1923, 1924, 1925, 1926, 1927, 1928, 1929, 1930, 1931, 1932, 1933, 1934, 1935, 1958, 1959, 1960, 1961, 1962, 1963, 2044, 2045, 2046, 2047, 2048, 2049, 2057, 2058, 2059, 2060, 2136, 2137, 2138, 2139, 2140, 2141, 2142, 2143, 2144, 2165, 2166, 2174, 2175, 2176, 2177, 2206, 2207, 2219, 2220, 2221, 2222, 2223, 2224, 2225, 2226, 2227, 2228, 2229, 2230, 2231, 2232, 2233, 2240, 2241, 2242, 2243, 2244, 2245, 2246, 2247, 2248, 2249, 2250, 2290, 2291, 2292, 2293, 2294, 2295, 2296, 2297, 2298, 2299, 2300, 2301, 2302, 2303, 2304, 2314, 2315, 2316, 2350, 2413, 2414, 2431, 2459, 2460, 2461, 2477, 2478, 2504, 2505, 2506, 2507, 2508, 2509, 2513, 2514, 2515, 2516, 2517, 2518, 2519, 2520, 2521, 2522, 2523, 2524, 2525, 2526, 2527, 2528, 2529, 2530, 2531, 2532, 2533, 2534, 2535, 2536, 2537, 2538, 2539, 2540, 2541, 2542, 2543, 2544, 2545], "selected_count": 288, "selection_time": 0.15348441700189142, "selection_score_forward_time": 0.152180473000044}