{"example_id": 59, "sub_q_idx": 1, "method": "DraftModel", "reprocess_method": "DraftModel", "rate": 0.15, "system_len": 792, "passages_len": [792, 56, 127, 128, 60, 90, 120, 130, 102, 51, 47, 56, 90, 47], "chunk_ids": [0, 1, 11, 12, 13, 14, 2, 15, 16, 17, 18, 1, 14], "selected_abs": [792, 793, 794, 795, 796, 797, 798, 799, 800, 801, 802, 803, 804, 816, 817, 818, 819, 820, 821, 822, 823, 824, 825, 826, 827, 828, 829, 830, 831, 832, 833, 847, 848, 849, 850, 851, 974, 975, 976, 1102, 1103, 1104, 1105, 1106, 1186, 1187, 1188, 1189, 1190, 1191, 1252, 1253, 1254, 1255, 1502, 1503, 1504, 1505, 1604, 1605, 1606, 1607, 1608, 1609, 1655, 1656, 1657, 1658, 1659, 1660, 1661, 1662, 1663, 1664, 1666, 1701, 1702, 1703, 1704, 1705, 1706, 1707, 1708, 1709, 1710, 1711, 1712, 1713, 1714, 1715, 1722, 1723, 1724, 1725, 1726, 1727, 1728, 1729, 1730, 1731, 1732, 1733, 1734, 1735, 1736, 1737, 1738, 1739, 1740, 1741, 1742, 1743, 1744, 1745, 1746, 1756, 1757, 1758, 1759, 1760, 1761, 1762, 1763, 1764, 1765, 1766, 1767, 1768, 1769, 1770, 1771, 1772, 1773, 1774, 1775, 1776, 1777, 1778, 1779, 1780, 1781, 1782, 1783, 1784, 1785, 1786, 1787, 1788, 1790, 1791, 1792, 1793, 1794, 1795, 1796, 1797, 1847, 1848, 1849, 1850, 1851, 1852, 1853, 1854, 1855, 1856, 1857, 1858, 1859, 1860, 1861, 1862, 1863, 1864, 1865, 1866, 1867, 1868, 1869, 1870, 1871, 1872, 1873, 1874, 1875, 1876, 1877, 1878, 1879, 1880, 1881, 1882, 1883, 1884, 1885, 1886, 1887, 1888, 1889, 1890, 1891, 1892, 1893, 1894, 1895], "selected_count": 205, "selection_time": 0.1206467740048538, "selection_score_forward_time": 0.11985611799900653}