{"example_id": 38, "sub_q_idx": 1, "method": "DraftModel", "reprocess_method": "DraftModel", "rate": 0.15, "system_len": 792, "passages_len": [792, 96, 43, 76, 80, 53, 100, 48, 219, 48, 90, 43, 96, 30], "chunk_ids": [0, 2, 1, 11, 12, 13, 14, 15, 16, 17, 18, 1, 2], "selected_abs": [792, 793, 794, 795, 796, 797, 798, 799, 800, 801, 802, 803, 804, 805, 806, 807, 808, 809, 810, 811, 812, 813, 814, 815, 816, 817, 887, 888, 889, 890, 897, 898, 899, 900, 901, 902, 903, 984, 1086, 1087, 1088, 1089, 1090, 1289, 1290, 1291, 1292, 1293, 1294, 1295, 1296, 1506, 1507, 1508, 1509, 1510, 1511, 1512, 1513, 1514, 1554, 1555, 1556, 1557, 1558, 1644, 1645, 1646, 1647, 1648, 1649, 1650, 1651, 1652, 1653, 1654, 1655, 1656, 1657, 1658, 1659, 1660, 1661, 1662, 1684, 1685, 1686, 1687, 1688, 1689, 1690, 1691, 1692, 1693, 1694, 1695, 1696, 1697, 1698, 1699, 1700, 1701, 1702, 1703, 1704, 1705, 1706, 1707, 1708, 1709, 1710, 1711, 1712, 1713, 1715, 1716, 1717, 1718, 1719, 1720, 1721, 1722, 1723, 1736, 1740, 1741, 1742, 1743, 1744, 1745, 1746, 1747, 1748, 1749, 1750, 1751, 1767, 1768, 1769, 1770, 1771, 1772, 1773, 1774, 1775, 1781, 1782, 1783, 1784, 1785, 1786, 1787, 1788, 1789, 1790, 1791, 1792, 1793, 1794, 1795, 1796, 1797, 1798, 1799, 1800, 1801, 1802, 1803, 1804, 1805, 1806, 1807, 1808, 1809, 1810, 1811, 1812, 1813], "selected_count": 178, "selection_time": 0.11809940400416963, "selection_score_forward_time": 0.11730714900477324}