{"example_id": 143, "sub_q_idx": 1, "method": "DraftModel", "reprocess_method": "DraftModel", "rate": 0.15, "system_len": 792, "passages_len": [792, 49, 63, 107, 168, 107, 44, 89, 98, 90, 89, 44, 107, 33], "chunk_ids": [0, 11, 12, 13, 14, 3, 2, 15, 16, 17, 18, 2, 3], "selected_abs": [792, 793, 794, 795, 796, 797, 798, 799, 801, 802, 803, 804, 809, 810, 811, 812, 813, 814, 815, 816, 817, 839, 840, 841, 842, 843, 844, 845, 846, 847, 902, 903, 904, 905, 906, 1010, 1011, 1012, 1013, 1014, 1015, 1016, 1017, 1018, 1019, 1020, 1178, 1179, 1180, 1181, 1182, 1183, 1236, 1237, 1238, 1239, 1240, 1241, 1242, 1243, 1244, 1245, 1246, 1248, 1249, 1250, 1251, 1252, 1253, 1285, 1286, 1287, 1288, 1289, 1290, 1291, 1292, 1303, 1304, 1305, 1306, 1307, 1308, 1309, 1310, 1329, 1330, 1331, 1332, 1333, 1418, 1419, 1420, 1421, 1422, 1516, 1517, 1518, 1519, 1520, 1605, 1606, 1607, 1608, 1609, 1610, 1611, 1612, 1613, 1695, 1696, 1697, 1698, 1699, 1700, 1701, 1702, 1713, 1714, 1715, 1716, 1717, 1718, 1721, 1722, 1734, 1738, 1739, 1740, 1741, 1742, 1743, 1744, 1769, 1770, 1792, 1793, 1794, 1795, 1796, 1797, 1798, 1799, 1800, 1801, 1802, 1803, 1804, 1805, 1806, 1807, 1808, 1809, 1810, 1811, 1844, 1845, 1846, 1847, 1848, 1849, 1850, 1851, 1852, 1853, 1854, 1855, 1856, 1857, 1858, 1859, 1860, 1861, 1862, 1863, 1864, 1865, 1866, 1867, 1868, 1869, 1870, 1871, 1872, 1873, 1874, 1875, 1876, 1877, 1878, 1879], "selected_count": 191, "selection_time": 0.11902590300451266, "selection_score_forward_time": 0.1181817120013875}