{"example_id": 133, "sub_q_idx": 1, "method": "DraftModel", "reprocess_method": "DraftModel", "rate": 0.15, "system_len": 792, "passages_len": [792, 34, 41, 76, 168, 225, 161, 93, 131, 135, 172, 41, 34, 31], "chunk_ids": [0, 2, 1, 3, 9, 5, 11, 8, 12, 7, 13, 1, 2], "selected_abs": [792, 793, 794, 795, 796, 797, 798, 799, 800, 801, 802, 803, 804, 805, 806, 812, 813, 814, 815, 816, 817, 818, 819, 820, 824, 825, 826, 827, 828, 829, 840, 841, 850, 851, 852, 853, 854, 855, 856, 857, 858, 859, 864, 865, 866, 867, 868, 869, 920, 939, 940, 941, 942, 943, 944, 945, 946, 1110, 1111, 1112, 1113, 1114, 1115, 1116, 1117, 1265, 1335, 1336, 1337, 1338, 1339, 1340, 1341, 1342, 1343, 1344, 1345, 1346, 1496, 1497, 1498, 1499, 1500, 1504, 1505, 1506, 1507, 1561, 1562, 1563, 1584, 1585, 1589, 1590, 1591, 1592, 1593, 1594, 1719, 1720, 1721, 1722, 1723, 1724, 1725, 1726, 1727, 1728, 1729, 1730, 1731, 1732, 1733, 1792, 1855, 1856, 1857, 1858, 1859, 1860, 1861, 1862, 1863, 1864, 1865, 1866, 1867, 1884, 2027, 2028, 2029, 2030, 2031, 2032, 2033, 2034, 2035, 2036, 2037, 2038, 2041, 2042, 2043, 2050, 2051, 2052, 2053, 2054, 2055, 2056, 2057, 2058, 2059, 2060, 2061, 2062, 2063, 2064, 2065, 2066, 2067, 2068, 2069, 2070, 2071, 2072, 2073, 2074, 2075, 2076, 2077, 2078, 2079, 2080, 2081, 2082, 2083, 2084, 2085, 2086, 2087, 2088, 2089, 2090, 2091, 2092, 2093, 2094, 2095, 2096, 2097, 2098, 2099, 2100, 2101, 2102, 2103, 2104, 2105, 2106, 2107, 2108, 2109, 2110, 2111, 2112, 2113, 2114, 2115, 2116, 2117, 2118, 2119, 2120, 2121, 2122, 2123, 2124, 2125, 2126, 2127, 2128, 2129, 2130, 2131, 2132, 2133], "selected_count": 227, "selection_time": 0.1285476060002111, "selection_score_forward_time": 0.1275381040031789}