{"example_id": 16, "sub_q_idx": 0, "method": "DraftModel", "reprocess_method": "DraftModel", "rate": 0.15, "system_len": 792, "passages_len": [792, 225, 138, 198, 183, 148, 75, 195, 80, 162, 111, 32], "chunk_ids": [0, 1, 2, 3, 4, 5, 6, 7, 8, 9, 10], "selected_abs": [792, 793, 794, 795, 796, 797, 798, 799, 800, 801, 802, 803, 839, 840, 841, 842, 843, 856, 857, 858, 859, 860, 861, 862, 863, 864, 865, 866, 867, 868, 869, 870, 871, 872, 873, 874, 875, 910, 911, 912, 937, 938, 939, 940, 941, 942, 943, 944, 945, 946, 947, 948, 949, 950, 951, 952, 953, 954, 955, 956, 957, 958, 1016, 1017, 1018, 1019, 1020, 1022, 1023, 1024, 1025, 1026, 1031, 1032, 1033, 1034, 1035, 1036, 1037, 1050, 1052, 1053, 1054, 1055, 1056, 1062, 1064, 1065, 1066, 1067, 1073, 1074, 1075, 1076, 1077, 1078, 1079, 1081, 1082, 1083, 1084, 1085, 1087, 1088, 1089, 1090, 1091, 1092, 1154, 1155, 1156, 1157, 1158, 1159, 1160, 1161, 1162, 1163, 1164, 1165, 1166, 1167, 1168, 1169, 1170, 1171, 1197, 1198, 1199, 1222, 1223, 1224, 1225, 1226, 1227, 1228, 1229, 1230, 1231, 1232, 1233, 1234, 1235, 1236, 1237, 1238, 1239, 1240, 1241, 1314, 1315, 1316, 1317, 1318, 1319, 1352, 1353, 1354, 1355, 1356, 1357, 1358, 1359, 1360, 1361, 1535, 1536, 1537, 1538, 1539, 1540, 1541, 1542, 1683, 1684, 1685, 1686, 1687, 1688, 1697, 1698, 1699, 1700, 1893, 1894, 1895, 1896, 1953, 1954, 1955, 1956, 2033, 2034, 2035, 2036, 2037, 2195, 2196, 2197, 2198, 2199, 2200, 2201, 2202, 2203, 2204, 2205, 2206, 2207, 2208, 2209, 2210, 2211, 2212, 2213, 2214, 2215, 2226, 2227, 2228, 2229, 2301, 2302, 2303, 2304, 2305, 2306, 2307, 2308, 2309, 2310, 2311, 2312, 2313, 2314, 2315, 2316, 2317, 2318, 2319, 2320, 2321, 2322, 2323, 2324, 2325, 2326, 2327, 2328, 2329, 2330, 2331, 2332, 2333, 2334, 2335, 2336, 2337, 2338], "selected_count": 259, "selection_time": 0.13998588300455594, "selection_score_forward_time": 0.13876136900216807}