{"example_id": 35, "sub_q_idx": 0, "method": "DraftModel", "reprocess_method": "DraftModel", "rate": 0.15, "system_len": 792, "passages_len": [792, 45, 70, 113, 119, 173, 117, 126, 125, 136, 150, 29], "chunk_ids": [0, 1, 2, 3, 4, 5, 6, 7, 8, 9, 10], "selected_abs": [792, 793, 794, 795, 796, 797, 798, 799, 800, 801, 802, 803, 804, 805, 806, 807, 808, 809, 810, 811, 812, 813, 814, 815, 816, 817, 818, 819, 820, 821, 822, 823, 824, 825, 826, 827, 835, 836, 837, 838, 839, 840, 841, 842, 845, 846, 847, 856, 859, 860, 861, 862, 863, 864, 905, 906, 907, 908, 909, 910, 911, 912, 913, 914, 915, 916, 917, 918, 919, 920, 921, 922, 1019, 1020, 1021, 1022, 1023, 1030, 1031, 1032, 1033, 1137, 1138, 1139, 1140, 1141, 1142, 1143, 1311, 1312, 1313, 1314, 1315, 1316, 1317, 1318, 1319, 1320, 1321, 1324, 1325, 1326, 1327, 1328, 1329, 1330, 1428, 1429, 1430, 1431, 1432, 1433, 1457, 1554, 1555, 1556, 1557, 1558, 1559, 1560, 1561, 1562, 1563, 1564, 1565, 1588, 1589, 1590, 1591, 1592, 1679, 1680, 1681, 1682, 1683, 1684, 1739, 1740, 1815, 1816, 1817, 1818, 1819, 1820, 1821, 1822, 1823, 1824, 1825, 1826, 1827, 1828, 1829, 1830, 1831, 1832, 1843, 1844, 1845, 1846, 1847, 1848, 1863, 1864, 1865, 1866, 1895, 1896, 1897, 1930, 1931, 1932, 1933, 1947, 1964, 1965, 1966, 1967, 1968, 1969, 1970, 1971, 1972, 1973, 1974, 1975, 1976, 1977, 1978, 1979, 1980, 1981, 1982, 1983, 1984, 1985, 1986, 1987, 1988, 1989, 1990, 1991, 1992, 1993, 1994], "selected_count": 205, "selection_time": 0.12525595700572012, "selection_score_forward_time": 0.12423500300064916}