{"example_id": 127, "sub_q_idx": 0, "method": "DraftModel", "reprocess_method": "DraftModel", "rate": 0.15, "system_len": 792, "passages_len": [792, 67, 58, 130, 112, 111, 149, 94, 76, 49, 116, 67, 25], "chunk_ids": [0, 1, 2, 3, 4, 5, 6, 7, 8, 9, 10, 1], "selected_abs": [792, 793, 794, 795, 796, 797, 798, 799, 800, 801, 802, 803, 804, 805, 806, 807, 814, 815, 816, 817, 827, 828, 829, 830, 831, 832, 833, 834, 835, 836, 837, 838, 839, 840, 841, 842, 843, 858, 859, 860, 861, 862, 863, 864, 916, 917, 918, 919, 920, 921, 922, 1046, 1047, 1048, 1049, 1050, 1051, 1052, 1053, 1054, 1055, 1056, 1157, 1158, 1159, 1160, 1161, 1162, 1193, 1269, 1270, 1271, 1272, 1418, 1419, 1420, 1421, 1422, 1423, 1424, 1425, 1426, 1427, 1512, 1513, 1514, 1515, 1516, 1517, 1588, 1589, 1590, 1591, 1592, 1637, 1638, 1639, 1640, 1641, 1642, 1722, 1753, 1754, 1755, 1756, 1757, 1758, 1759, 1760, 1761, 1762, 1763, 1764, 1765, 1766, 1767, 1768, 1769, 1770, 1771, 1772, 1773, 1774, 1776, 1777, 1778, 1779, 1780, 1781, 1782, 1783, 1788, 1789, 1790, 1791, 1792, 1793, 1794, 1795, 1796, 1797, 1798, 1799, 1800, 1801, 1802, 1803, 1804, 1805, 1806, 1807, 1818, 1819, 1820, 1821, 1822, 1823, 1824, 1825, 1826, 1827, 1828, 1829, 1830, 1831, 1832, 1833, 1834, 1835, 1836, 1837, 1838, 1839, 1840, 1841, 1842, 1843, 1844, 1845], "selected_count": 179, "selection_time": 0.11836920399946393, "selection_score_forward_time": 0.11756075300218072}