{"example_id": 80, "sub_q_idx": 0, "method": "DraftModel", "reprocess_method": "DraftModel", "rate": 0.15, "system_len": 792, "passages_len": [792, 51, 91, 107, 147, 130, 77, 297, 78, 95, 115, 51, 91, 27], "chunk_ids": [0, 1, 2, 3, 4, 5, 6, 7, 8, 9, 10, 1, 2], "selected_abs": [792, 793, 794, 795, 796, 797, 798, 799, 800, 801, 802, 803, 804, 805, 806, 807, 808, 809, 810, 811, 812, 813, 818, 819, 820, 821, 822, 823, 824, 825, 826, 827, 828, 829, 830, 831, 832, 833, 834, 841, 842, 843, 844, 845, 846, 868, 879, 880, 881, 882, 883, 884, 885, 886, 887, 888, 889, 933, 934, 935, 936, 937, 938, 939, 940, 951, 952, 953, 954, 955, 956, 1040, 1041, 1042, 1043, 1044, 1187, 1188, 1189, 1190, 1191, 1225, 1226, 1227, 1228, 1252, 1316, 1317, 1318, 1319, 1320, 1321, 1394, 1395, 1396, 1397, 1398, 1691, 1692, 1693, 1694, 1695, 1696, 1697, 1698, 1769, 1770, 1771, 1772, 1773, 1864, 1865, 1866, 1867, 1868, 1869, 1917, 1978, 1979, 1980, 1981, 1982, 1983, 1984, 1985, 1986, 1987, 1988, 1989, 1990, 1991, 1992, 1993, 1994, 1995, 1996, 1997, 1998, 1999, 2000, 2001, 2002, 2003, 2004, 2005, 2006, 2007, 2008, 2009, 2010, 2011, 2012, 2013, 2014, 2015, 2016, 2017, 2018, 2019, 2020, 2021, 2022, 2023, 2024, 2025, 2026, 2028, 2029, 2030, 2031, 2032, 2033, 2034, 2035, 2036, 2037, 2038, 2039, 2055, 2056, 2065, 2066, 2067, 2068, 2069, 2070, 2071, 2072, 2073, 2074, 2075, 2076, 2077, 2078, 2079, 2080, 2119, 2120, 2121, 2122, 2123, 2124, 2125, 2126, 2127, 2128, 2129, 2130, 2131, 2132, 2133, 2134, 2135, 2136, 2137, 2138, 2139, 2140, 2141, 2142, 2143, 2144, 2145, 2146, 2147, 2148], "selected_count": 226, "selection_time": 0.130881399003556, "selection_score_forward_time": 0.12989885700517334}