{"example_id": 88, "sub_q_idx": 2, "method": "DraftModel", "reprocess_method": "DraftModel", "rate": 0.15, "system_len": 792, "passages_len": [792, 50, 244, 28, 137, 81, 184, 83, 51, 90, 62, 28, 50, 31], "chunk_ids": [0, 3, 17, 2, 18, 19, 20, 21, 22, 23, 24, 2, 3], "selected_abs": [792, 793, 794, 795, 796, 797, 798, 799, 800, 801, 802, 803, 804, 805, 806, 807, 808, 809, 810, 811, 812, 813, 814, 815, 841, 842, 843, 844, 1085, 1086, 1087, 1088, 1106, 1107, 1108, 1109, 1110, 1111, 1112, 1113, 1114, 1115, 1116, 1117, 1250, 1251, 1252, 1253, 1254, 1331, 1332, 1333, 1334, 1515, 1516, 1517, 1518, 1519, 1520, 1521, 1522, 1523, 1524, 1525, 1526, 1527, 1528, 1529, 1531, 1532, 1533, 1552, 1553, 1554, 1555, 1556, 1557, 1558, 1559, 1560, 1561, 1562, 1598, 1599, 1600, 1601, 1602, 1649, 1650, 1651, 1652, 1653, 1654, 1655, 1739, 1740, 1741, 1742, 1743, 1744, 1745, 1801, 1802, 1803, 1804, 1805, 1806, 1807, 1808, 1813, 1814, 1815, 1816, 1817, 1818, 1819, 1820, 1821, 1822, 1823, 1824, 1825, 1826, 1827, 1828, 1829, 1830, 1831, 1832, 1833, 1834, 1835, 1836, 1837, 1838, 1839, 1840, 1841, 1842, 1843, 1844, 1845, 1846, 1847, 1848, 1849, 1850, 1851, 1852, 1853, 1854, 1855, 1856, 1858, 1859, 1860, 1861, 1862, 1863, 1864, 1877, 1878, 1879, 1880, 1881, 1882, 1883, 1884, 1885, 1886, 1887, 1888, 1889, 1890, 1891, 1892, 1893, 1894, 1895, 1896, 1897, 1898, 1899, 1900, 1901, 1902, 1903, 1904, 1905, 1906, 1907, 1908, 1909, 1910], "selected_count": 194, "selection_time": 0.12128314599976875, "selection_score_forward_time": 0.12038262400164967}