{"example_id": 51, "sub_q_idx": 1, "method": "DraftModel", "reprocess_method": "DraftModel", "rate": 0.15, "system_len": 792, "passages_len": [792, 94, 83, 71, 208, 162, 116, 130, 95, 71, 47, 83, 94, 71, 208, 35], "chunk_ids": [0, 2, 1, 11, 12, 3, 13, 14, 6, 15, 16, 1, 2, 11, 12], "selected_abs": [792, 793, 794, 795, 796, 797, 798, 799, 800, 801, 802, 803, 804, 805, 806, 830, 831, 832, 833, 834, 835, 836, 837, 838, 839, 883, 884, 885, 886, 887, 888, 889, 890, 914, 916, 917, 918, 953, 954, 966, 968, 969, 970, 971, 972, 973, 974, 975, 976, 977, 987, 988, 989, 990, 991, 992, 993, 1039, 1040, 1041, 1042, 1043, 1044, 1247, 1248, 1249, 1250, 1251, 1252, 1253, 1254, 1308, 1309, 1310, 1311, 1312, 1313, 1314, 1408, 1409, 1410, 1411, 1412, 1413, 1414, 1415, 1416, 1417, 1418, 1419, 1420, 1421, 1525, 1526, 1527, 1528, 1529, 1532, 1533, 1534, 1535, 1536, 1548, 1549, 1550, 1655, 1656, 1657, 1658, 1659, 1660, 1661, 1662, 1663, 1664, 1750, 1751, 1752, 1753, 1754, 1763, 1764, 1770, 1771, 1772, 1773, 1774, 1821, 1822, 1823, 1824, 1825, 1826, 1827, 1828, 1829, 1830, 1831, 1832, 1833, 1834, 1835, 1836, 1867, 1868, 1869, 1870, 1871, 1872, 1873, 1874, 1875, 1876, 1877, 1878, 1879, 1880, 1881, 1882, 1883, 1884, 1885, 1886, 1887, 1888, 1889, 1895, 1896, 1897, 1898, 1899, 1900, 1901, 1902, 1903, 1904, 1905, 1906, 1949, 1950, 1951, 1952, 1953, 1954, 1955, 1956, 1957, 1958, 1959, 2044, 2045, 2046, 2047, 2048, 2049, 2050, 2051, 2052, 2053, 2054, 2060, 2061, 2062, 2063, 2064, 2065, 2066, 2067, 2068, 2069, 2070, 2115, 2116, 2117, 2118, 2119, 2120, 2121, 2122, 2123, 2124, 2125, 2126, 2169, 2170, 2171, 2233, 2323, 2324, 2325, 2326, 2327, 2328, 2329, 2330, 2331, 2332, 2333, 2334, 2335, 2336, 2337, 2338, 2339, 2340, 2341, 2342, 2343, 2344, 2345, 2346, 2347, 2348, 2349, 2350, 2351, 2352, 2353, 2354, 2355, 2356, 2357, 2358, 2359], "selected_count": 264, "selection_time": 0.13817287799611222, "selection_score_forward_time": 0.13703699900361244}