{"example_id": 145, "sub_q_idx": 1, "method": "DraftModel", "reprocess_method": "DraftModel", "rate": 0.15, "system_len": 792, "passages_len": [792, 150, 109, 310, 84, 66, 124, 60, 78, 75, 86, 109, 150, 29], "chunk_ids": [0, 2, 1, 11, 12, 13, 14, 15, 16, 17, 18, 1, 2], "selected_abs": [792, 793, 794, 795, 796, 797, 798, 799, 800, 801, 802, 803, 804, 805, 806, 807, 808, 809, 810, 811, 812, 813, 814, 815, 816, 818, 819, 821, 822, 823, 824, 940, 941, 942, 943, 944, 945, 946, 947, 948, 949, 950, 951, 954, 955, 956, 957, 958, 959, 960, 961, 962, 963, 1050, 1051, 1052, 1053, 1054, 1055, 1056, 1061, 1062, 1134, 1160, 1359, 1360, 1361, 1362, 1363, 1364, 1365, 1366, 1367, 1368, 1444, 1445, 1446, 1447, 1448, 1449, 1450, 1451, 1452, 1453, 1454, 1455, 1458, 1459, 1460, 1461, 1462, 1463, 1464, 1465, 1466, 1467, 1468, 1469, 1509, 1510, 1511, 1512, 1513, 1514, 1523, 1524, 1525, 1526, 1527, 1528, 1529, 1530, 1531, 1532, 1552, 1553, 1634, 1635, 1636, 1637, 1638, 1639, 1694, 1695, 1696, 1697, 1698, 1772, 1773, 1774, 1775, 1776, 1777, 1778, 1779, 1785, 1786, 1787, 1795, 1847, 1848, 1849, 1850, 1851, 1933, 1934, 1935, 1936, 1937, 1938, 1939, 1940, 1941, 1942, 1943, 1944, 1945, 1946, 1947, 1948, 1949, 1950, 1951, 1952, 1953, 1954, 1955, 1956, 1957, 1958, 1959, 1960, 1961, 1962, 2001, 2041, 2042, 2043, 2044, 2045, 2046, 2047, 2048, 2049, 2050, 2051, 2052, 2053, 2054, 2056, 2057, 2058, 2059, 2060, 2061, 2062, 2063, 2064, 2065, 2066, 2067, 2068, 2069, 2070, 2071, 2072, 2073, 2190, 2191, 2192, 2193, 2194, 2195, 2196, 2197, 2198, 2199, 2200, 2201, 2202, 2203, 2204, 2205, 2206, 2207, 2208, 2209, 2210, 2211, 2212, 2213, 2214, 2215, 2216, 2217, 2218, 2219, 2220, 2221], "selected_count": 239, "selection_time": 0.1325204590029898, "selection_score_forward_time": 0.13146655899618054}