{"example_id": 84, "sub_q_idx": 0, "method": "DraftModel", "reprocess_method": "DraftModel", "rate": 0.15, "system_len": 792, "passages_len": [792, 50, 103, 254, 107, 160, 71, 69, 144, 154, 163, 32], "chunk_ids": [0, 1, 2, 3, 4, 5, 6, 7, 8, 9, 10], "selected_abs": [792, 793, 794, 795, 796, 797, 798, 799, 800, 801, 802, 803, 804, 805, 806, 807, 808, 809, 810, 811, 812, 813, 814, 815, 816, 817, 818, 819, 820, 821, 822, 823, 824, 825, 826, 827, 828, 829, 830, 831, 832, 833, 834, 836, 837, 838, 839, 840, 841, 842, 843, 844, 845, 846, 847, 848, 849, 850, 853, 854, 866, 867, 868, 869, 870, 871, 872, 873, 874, 944, 945, 946, 947, 948, 951, 952, 953, 954, 1056, 1198, 1199, 1200, 1201, 1202, 1203, 1204, 1205, 1206, 1255, 1305, 1306, 1307, 1308, 1309, 1310, 1311, 1312, 1372, 1465, 1466, 1467, 1468, 1469, 1470, 1471, 1472, 1473, 1474, 1475, 1476, 1477, 1478, 1482, 1483, 1484, 1485, 1486, 1487, 1488, 1489, 1493, 1494, 1495, 1497, 1498, 1499, 1535, 1536, 1537, 1538, 1539, 1540, 1541, 1542, 1543, 1605, 1606, 1607, 1608, 1609, 1610, 1611, 1612, 1613, 1614, 1749, 1750, 1751, 1752, 1753, 1754, 1755, 1756, 1771, 1772, 1773, 1774, 1775, 1776, 1789, 1790, 1791, 1792, 1793, 1903, 1904, 1905, 1906, 1907, 1908, 1909, 1910, 1911, 1912, 1913, 1914, 1945, 1946, 1947, 1948, 1949, 2006, 2007, 2008, 2009, 2010, 2011, 2012, 2013, 2065, 2066, 2067, 2068, 2069, 2070, 2071, 2072, 2073, 2074, 2075, 2076, 2077, 2078, 2079, 2080, 2081, 2082, 2083, 2084, 2085, 2086, 2087, 2088, 2089, 2090, 2091, 2092, 2093, 2094, 2095, 2096, 2097, 2098], "selected_count": 223, "selection_time": 0.13070066899672383, "selection_score_forward_time": 0.12963457200385164}