{"example_id": 60, "sub_q_idx": 0, "method": "DraftModel", "reprocess_method": "DraftModel", "rate": 0.15, "system_len": 792, "passages_len": [792, 140, 148, 148, 154, 170, 108, 62, 54, 92, 156, 32], "chunk_ids": [0, 1, 2, 3, 4, 5, 6, 7, 8, 9, 10], "selected_abs": [792, 793, 794, 795, 796, 797, 798, 799, 800, 801, 802, 803, 804, 805, 806, 807, 808, 809, 810, 811, 812, 813, 814, 815, 816, 817, 818, 819, 820, 821, 822, 838, 839, 842, 843, 844, 845, 862, 863, 864, 865, 866, 867, 868, 869, 894, 895, 896, 897, 930, 931, 932, 933, 934, 935, 936, 937, 938, 939, 940, 941, 942, 943, 944, 953, 954, 955, 956, 957, 958, 959, 960, 1079, 1080, 1081, 1082, 1083, 1084, 1085, 1086, 1087, 1088, 1089, 1102, 1112, 1184, 1185, 1186, 1187, 1199, 1200, 1226, 1227, 1228, 1229, 1230, 1231, 1232, 1233, 1234, 1235, 1236, 1237, 1313, 1380, 1381, 1382, 1383, 1384, 1385, 1386, 1387, 1388, 1389, 1390, 1391, 1392, 1551, 1552, 1553, 1554, 1555, 1556, 1557, 1558, 1559, 1560, 1659, 1660, 1661, 1662, 1663, 1664, 1665, 1666, 1667, 1668, 1669, 1670, 1721, 1722, 1723, 1724, 1725, 1726, 1727, 1728, 1742, 1743, 1744, 1745, 1746, 1747, 1759, 1760, 1761, 1774, 1775, 1776, 1777, 1778, 1779, 1780, 1781, 1782, 1783, 1867, 1868, 1869, 1870, 1871, 1872, 1873, 1874, 1875, 1876, 1877, 1878, 1879, 1880, 1881, 1882, 2022, 2023, 2024, 2025, 2026, 2027, 2028, 2029, 2030, 2031, 2032, 2033, 2034, 2035, 2036, 2037, 2038, 2039, 2040, 2041, 2042, 2043, 2044, 2045, 2046, 2047, 2048, 2049, 2050, 2051, 2052, 2053, 2054, 2055], "selected_count": 216, "selection_time": 0.12793206499918597, "selection_score_forward_time": 0.12698653600091347}