{"example_id": 161, "sub_q_idx": 1, "method": "DraftModel", "reprocess_method": "DraftModel", "rate": 0.15, "system_len": 792, "passages_len": [792, 89, 114, 98, 80, 116, 238, 82, 312, 134, 175, 89, 114, 98, 80, 32], "chunk_ids": [0, 1, 2, 3, 4, 9, 11, 7, 12, 5, 6, 1, 2, 3, 4], "selected_abs": [792, 793, 794, 795, 796, 797, 798, 799, 800, 801, 802, 803, 804, 805, 806, 807, 808, 809, 810, 811, 812, 813, 814, 815, 823, 824, 825, 826, 827, 828, 829, 830, 831, 832, 833, 834, 835, 836, 837, 838, 839, 841, 844, 845, 846, 847, 848, 849, 850, 851, 852, 869, 870, 871, 872, 873, 874, 875, 876, 877, 878, 879, 880, 881, 882, 883, 884, 885, 886, 887, 888, 889, 890, 891, 892, 893, 894, 914, 915, 916, 917, 918, 919, 991, 992, 993, 994, 995, 996, 1005, 1006, 1007, 1108, 1172, 1173, 1174, 1175, 1176, 1177, 1178, 1179, 1180, 1181, 1182, 1267, 1288, 1289, 1290, 1291, 1292, 1293, 1526, 1527, 1528, 1529, 1530, 1531, 1546, 1547, 1548, 1549, 1550, 1551, 1569, 1570, 1571, 1572, 1582, 1608, 1609, 1610, 1611, 1612, 1613, 1614, 1920, 1921, 1922, 1923, 1924, 1925, 2054, 2055, 2056, 2057, 2058, 2059, 2060, 2061, 2062, 2215, 2216, 2217, 2218, 2219, 2228, 2229, 2230, 2231, 2232, 2233, 2234, 2235, 2236, 2237, 2238, 2239, 2240, 2241, 2242, 2243, 2244, 2245, 2246, 2247, 2248, 2249, 2250, 2251, 2252, 2253, 2254, 2259, 2260, 2261, 2262, 2263, 2264, 2265, 2266, 2267, 2268, 2269, 2270, 2271, 2272, 2273, 2274, 2275, 2276, 2277, 2278, 2279, 2281, 2282, 2283, 2284, 2285, 2286, 2287, 2288, 2289, 2290, 2291, 2292, 2293, 2307, 2308, 2309, 2310, 2311, 2312, 2313, 2314, 2315, 2316, 2317, 2318, 2319, 2320, 2321, 2322, 2323, 2324, 2325, 2326, 2327, 2328, 2329, 2330, 2331, 2352, 2353, 2354, 2355, 2356, 2429, 2430, 2431, 2432, 2433, 2434, 2435, 2436, 2437, 2443, 2444, 2448, 2528, 2530, 2531, 2532, 2533, 2534, 2535, 2540, 2541, 2542, 2546, 2608, 2609, 2610, 2611, 2612, 2613, 2614, 2615, 2616, 2617, 2618, 2619, 2620, 2621, 2622, 2623, 2624, 2625, 2626, 2627, 2628, 2629, 2630, 2631, 2632, 2633, 2634, 2635, 2636, 2637, 2638, 2639, 2640, 2641, 2642], "selected_count": 304, "selection_time": 0.1641441070023575, "selection_score_forward_time": 0.1625971870016656}