{"example_id": 143, "sub_q_idx": 0, "method": "DraftModel", "reprocess_method": "DraftModel", "rate": 0.15, "system_len": 792, "passages_len": [792, 209, 44, 107, 63, 159, 184, 257, 83, 94, 92, 26], "chunk_ids": [0, 1, 2, 3, 4, 5, 6, 7, 8, 9, 10], "selected_abs": [792, 793, 794, 795, 796, 797, 798, 799, 800, 801, 802, 803, 804, 805, 806, 812, 813, 814, 815, 816, 817, 818, 861, 862, 863, 867, 868, 869, 870, 871, 872, 873, 906, 907, 941, 999, 1000, 1001, 1002, 1003, 1004, 1005, 1006, 1007, 1008, 1009, 1010, 1011, 1012, 1013, 1014, 1015, 1016, 1017, 1018, 1019, 1020, 1021, 1022, 1023, 1024, 1025, 1026, 1027, 1028, 1029, 1031, 1032, 1033, 1034, 1039, 1040, 1043, 1044, 1045, 1046, 1047, 1048, 1049, 1050, 1056, 1057, 1058, 1059, 1105, 1106, 1107, 1108, 1109, 1110, 1111, 1112, 1116, 1117, 1118, 1119, 1137, 1151, 1152, 1153, 1154, 1155, 1156, 1157, 1158, 1160, 1161, 1162, 1163, 1190, 1191, 1192, 1214, 1215, 1216, 1217, 1218, 1219, 1220, 1221, 1222, 1236, 1237, 1238, 1239, 1240, 1241, 1242, 1243, 1244, 1373, 1374, 1375, 1376, 1377, 1378, 1379, 1557, 1558, 1559, 1560, 1561, 1562, 1563, 1564, 1565, 1814, 1815, 1816, 1817, 1818, 1819, 1820, 1821, 1897, 1898, 1899, 1900, 1901, 1902, 1903, 1904, 1905, 1906, 1922, 1923, 1991, 1992, 1993, 1994, 1995, 1996, 1997, 1998, 1999, 2000, 2001, 2002, 2003, 2004, 2005, 2006, 2007, 2008, 2021, 2022, 2023, 2024, 2025, 2026, 2078, 2082, 2083, 2084, 2085, 2086, 2087, 2088, 2089, 2090, 2091, 2092, 2093, 2094, 2095, 2096, 2097, 2098, 2099, 2100, 2101, 2102, 2103, 2104, 2105, 2106, 2107, 2108, 2109], "selected_count": 219, "selection_time": 0.12784900800033938, "selection_score_forward_time": 0.12683448800089536}