{"example_id": 45, "sub_q_idx": 1, "method": "DraftModel", "reprocess_method": "DraftModel", "rate": 0.15, "system_len": 792, "passages_len": [792, 104, 179, 92, 97, 107, 275, 136, 184, 149, 189, 104, 97, 107, 34], "chunk_ids": [0, 1, 11, 12, 3, 13, 14, 15, 2, 8, 16, 1, 3, 13], "selected_abs": [792, 793, 794, 795, 796, 797, 798, 799, 800, 801, 802, 803, 804, 805, 806, 807, 808, 809, 810, 811, 812, 829, 830, 831, 832, 833, 834, 835, 836, 837, 838, 839, 840, 841, 842, 843, 844, 845, 846, 847, 848, 849, 850, 851, 852, 853, 854, 855, 856, 858, 859, 860, 863, 864, 865, 866, 867, 868, 893, 894, 895, 896, 897, 898, 899, 900, 901, 902, 903, 1074, 1075, 1076, 1077, 1078, 1079, 1080, 1081, 1082, 1166, 1167, 1168, 1169, 1170, 1171, 1176, 1177, 1178, 1217, 1218, 1219, 1220, 1221, 1222, 1223, 1224, 1225, 1226, 1227, 1228, 1233, 1234, 1235, 1236, 1263, 1264, 1265, 1266, 1267, 1268, 1269, 1369, 1370, 1371, 1372, 1373, 1374, 1375, 1581, 1582, 1645, 1646, 1647, 1781, 1782, 1783, 1784, 1785, 1786, 1965, 1966, 1967, 1968, 1969, 1970, 2114, 2115, 2116, 2117, 2118, 2303, 2304, 2305, 2306, 2307, 2308, 2309, 2310, 2311, 2312, 2313, 2314, 2315, 2316, 2317, 2318, 2335, 2339, 2340, 2341, 2342, 2343, 2344, 2345, 2346, 2347, 2348, 2349, 2350, 2351, 2352, 2353, 2354, 2355, 2356, 2357, 2358, 2359, 2360, 2361, 2362, 2363, 2364, 2365, 2366, 2367, 2368, 2369, 2370, 2371, 2372, 2374, 2375, 2376, 2377, 2378, 2379, 2380, 2403, 2404, 2405, 2406, 2407, 2408, 2409, 2410, 2411, 2412, 2413, 2414, 2415, 2416, 2417, 2418, 2419, 2446, 2447, 2448, 2449, 2450, 2451, 2452, 2453, 2454, 2455, 2456, 2457, 2459, 2460, 2461, 2462, 2463, 2464, 2465, 2466, 2467, 2468, 2469, 2471, 2472, 2473, 2474, 2475, 2476, 2477, 2478, 2482, 2483, 2484, 2485, 2486, 2487, 2488, 2503, 2504, 2505, 2506, 2507, 2508, 2509, 2510, 2511, 2512, 2513, 2514, 2515, 2516, 2517, 2518, 2583, 2584, 2585, 2610, 2611, 2612, 2613, 2614, 2615, 2616, 2617, 2618, 2619, 2620, 2621, 2622, 2623, 2624, 2625, 2626, 2627, 2628, 2629, 2630, 2631, 2632, 2633, 2634, 2635, 2636, 2637, 2638, 2639, 2640, 2641, 2642, 2643, 2644, 2645], "selected_count": 307, "selection_time": 0.1635921060005785, "selection_score_forward_time": 0.1621458489971701}