{"example_id": 123, "sub_q_idx": 1, "method": "DraftModel", "reprocess_method": "DraftModel", "rate": 0.15, "system_len": 792, "passages_len": [792, 105, 107, 87, 135, 85, 157, 352, 195, 137, 196, 28], "chunk_ids": [0, 1, 11, 4, 12, 13, 14, 15, 16, 17, 5], "selected_abs": [792, 793, 794, 795, 796, 797, 798, 799, 800, 801, 802, 803, 804, 805, 806, 807, 808, 809, 810, 811, 812, 813, 814, 815, 816, 817, 818, 819, 820, 821, 822, 823, 824, 825, 826, 835, 836, 837, 838, 839, 840, 841, 842, 843, 844, 845, 846, 847, 848, 849, 850, 856, 857, 858, 859, 860, 861, 862, 863, 893, 894, 896, 897, 898, 899, 900, 904, 905, 906, 907, 908, 909, 910, 911, 912, 913, 914, 915, 916, 917, 918, 919, 920, 921, 922, 923, 1003, 1004, 1005, 1006, 1007, 1008, 1009, 1010, 1011, 1020, 1021, 1022, 1023, 1024, 1025, 1026, 1027, 1028, 1029, 1030, 1031, 1032, 1057, 1058, 1090, 1091, 1092, 1093, 1094, 1095, 1096, 1097, 1098, 1115, 1116, 1117, 1118, 1224, 1225, 1226, 1227, 1228, 1229, 1230, 1231, 1232, 1310, 1311, 1312, 1313, 1314, 1315, 1316, 1467, 1468, 1469, 1470, 1477, 1478, 1479, 1480, 1554, 1555, 1556, 1557, 1573, 1574, 1605, 1606, 1607, 1685, 1686, 1687, 1819, 1820, 1821, 1822, 1823, 1824, 1825, 1826, 1827, 1828, 1846, 1935, 1969, 1970, 1971, 2010, 2014, 2015, 2016, 2017, 2018, 2019, 2020, 2021, 2046, 2047, 2048, 2049, 2151, 2152, 2153, 2154, 2155, 2156, 2157, 2158, 2159, 2160, 2161, 2205, 2206, 2207, 2208, 2209, 2210, 2221, 2222, 2223, 2225, 2226, 2227, 2228, 2229, 2236, 2237, 2238, 2239, 2240, 2241, 2242, 2252, 2253, 2254, 2292, 2293, 2294, 2295, 2333, 2334, 2335, 2336, 2337, 2346, 2347, 2348, 2349, 2350, 2351, 2352, 2353, 2354, 2355, 2356, 2357, 2358, 2359, 2360, 2361, 2362, 2363, 2364, 2365, 2366, 2367, 2368, 2369, 2370, 2371, 2372, 2373, 2374, 2375], "selected_count": 261, "selection_time": 0.1384725019961479, "selection_score_forward_time": 0.13711473000148544}