{"example_id": 136, "sub_q_idx": 1, "method": "DraftModel", "reprocess_method": "DraftModel", "rate": 0.15, "system_len": 792, "passages_len": [792, 133, 93, 139, 253, 88, 67, 41, 79, 172, 95, 88, 133, 34], "chunk_ids": [0, 2, 11, 12, 13, 1, 14, 15, 16, 10, 17, 1, 2], "selected_abs": [792, 793, 794, 795, 796, 797, 798, 799, 800, 801, 802, 803, 804, 805, 806, 807, 808, 809, 810, 811, 812, 813, 816, 817, 890, 891, 892, 893, 894, 924, 925, 926, 927, 928, 929, 930, 931, 932, 933, 934, 935, 936, 939, 940, 941, 942, 943, 944, 945, 946, 947, 948, 949, 950, 951, 952, 953, 954, 955, 956, 957, 958, 993, 1017, 1018, 1019, 1020, 1021, 1156, 1157, 1158, 1159, 1409, 1410, 1411, 1412, 1413, 1414, 1415, 1416, 1418, 1425, 1426, 1427, 1428, 1429, 1430, 1431, 1432, 1433, 1434, 1435, 1497, 1498, 1499, 1500, 1501, 1502, 1503, 1504, 1505, 1506, 1507, 1526, 1527, 1528, 1529, 1530, 1531, 1532, 1533, 1534, 1535, 1536, 1564, 1565, 1566, 1567, 1568, 1569, 1605, 1606, 1607, 1608, 1609, 1610, 1611, 1612, 1613, 1614, 1630, 1631, 1632, 1633, 1634, 1635, 1856, 1857, 1858, 1859, 1860, 1884, 1885, 1886, 1887, 1888, 1951, 1952, 1953, 1954, 1955, 1956, 1957, 1963, 1964, 1967, 1968, 1969, 1970, 1971, 1972, 1973, 1974, 1975, 1976, 2038, 2039, 2040, 2041, 2042, 2043, 2044, 2045, 2046, 2047, 2048, 2049, 2050, 2051, 2052, 2053, 2054, 2055, 2056, 2057, 2058, 2059, 2060, 2061, 2137, 2138, 2139, 2140, 2141, 2142, 2143, 2144, 2145, 2146, 2147, 2150, 2151, 2152, 2153, 2154, 2171, 2172, 2173, 2174, 2175, 2176, 2177, 2178, 2179, 2180, 2181, 2182, 2183, 2184, 2185, 2186, 2187, 2188, 2189, 2190, 2191, 2192, 2193, 2194, 2195, 2196, 2197, 2198, 2199, 2200, 2201, 2202, 2203, 2204, 2205, 2206], "selected_count": 241, "selection_time": 0.13347428400447825, "selection_score_forward_time": 0.13243818699993426}