{"example_id": 123, "sub_q_idx": 2, "method": "DraftModel", "reprocess_method": "DraftModel", "rate": 0.15, "system_len": 792, "passages_len": [792, 105, 85, 135, 87, 157, 137, 352, 195, 110, 107, 33], "chunk_ids": [0, 1, 13, 12, 4, 14, 17, 15, 16, 18, 11], "selected_abs": [792, 793, 794, 795, 796, 797, 798, 799, 800, 801, 802, 803, 804, 805, 806, 807, 808, 809, 810, 811, 812, 813, 814, 815, 816, 817, 818, 819, 820, 821, 822, 823, 824, 825, 826, 835, 836, 837, 838, 839, 840, 841, 842, 843, 844, 845, 846, 847, 848, 849, 850, 851, 852, 853, 854, 855, 856, 857, 858, 859, 860, 861, 862, 863, 869, 870, 871, 872, 896, 897, 898, 899, 900, 901, 902, 903, 914, 915, 916, 917, 918, 919, 920, 921, 922, 923, 981, 982, 983, 984, 985, 989, 990, 991, 992, 1020, 1021, 1022, 1116, 1117, 1118, 1119, 1120, 1121, 1122, 1123, 1124, 1130, 1131, 1132, 1133, 1134, 1135, 1136, 1137, 1138, 1139, 1140, 1141, 1142, 1143, 1144, 1145, 1171, 1203, 1204, 1205, 1206, 1207, 1208, 1209, 1210, 1359, 1360, 1361, 1362, 1363, 1364, 1365, 1497, 1498, 1499, 1500, 1507, 1508, 1509, 1510, 1603, 1604, 1849, 1850, 1851, 1852, 1853, 1854, 1855, 1856, 1857, 1858, 1876, 1965, 2040, 2044, 2045, 2046, 2047, 2048, 2049, 2050, 2051, 2052, 2053, 2153, 2154, 2155, 2156, 2157, 2158, 2159, 2160, 2161, 2162, 2163, 2164, 2165, 2166, 2167, 2168, 2169, 2170, 2171, 2172, 2173, 2174, 2175, 2176, 2177, 2178, 2179, 2180, 2181, 2182, 2183, 2184, 2185, 2186, 2187, 2188, 2202, 2203, 2204, 2213, 2214, 2215, 2246, 2247, 2248, 2249, 2260, 2261, 2262, 2263, 2264, 2265, 2266, 2267, 2268, 2269, 2270, 2271, 2272, 2273, 2274, 2275, 2276, 2277, 2278, 2279, 2280, 2281, 2282, 2283, 2284, 2285, 2286, 2287, 2288, 2289, 2290, 2291, 2292, 2293, 2294], "selected_count": 253, "selection_time": 0.13573228700261097, "selection_score_forward_time": 0.13452351600426482}