{"example_id": 89, "sub_q_idx": 1, "method": "DraftModel", "reprocess_method": "DraftModel", "rate": 0.15, "system_len": 792, "passages_len": [792, 51, 91, 107, 147, 130, 77, 149, 116, 297, 70, 107, 138, 51, 91, 28], "chunk_ids": [0, 11, 8, 1, 12, 13, 14, 15, 16, 17, 18, 1, 2, 11, 8], "selected_abs": [792, 793, 794, 795, 796, 797, 798, 799, 800, 801, 802, 803, 804, 805, 806, 807, 808, 809, 810, 811, 812, 813, 814, 818, 819, 820, 821, 822, 823, 824, 825, 826, 827, 828, 829, 830, 831, 832, 833, 834, 835, 836, 841, 842, 843, 844, 845, 846, 868, 878, 879, 880, 881, 882, 883, 884, 885, 886, 887, 888, 889, 890, 891, 892, 933, 934, 935, 936, 937, 938, 939, 940, 951, 952, 953, 954, 955, 956, 1040, 1041, 1042, 1043, 1044, 1078, 1079, 1080, 1081, 1082, 1083, 1084, 1085, 1086, 1087, 1187, 1188, 1189, 1190, 1191, 1192, 1225, 1226, 1227, 1228, 1317, 1318, 1319, 1320, 1321, 1396, 1397, 1398, 1399, 1400, 1401, 1543, 1544, 1545, 1546, 1547, 1648, 1650, 1659, 1660, 1661, 1662, 1663, 1664, 1665, 1666, 1956, 1957, 1958, 1959, 2026, 2027, 2028, 2029, 2030, 2031, 2032, 2033, 2044, 2045, 2046, 2047, 2048, 2049, 2132, 2133, 2134, 2135, 2136, 2137, 2138, 2142, 2143, 2271, 2272, 2273, 2274, 2275, 2276, 2277, 2278, 2279, 2280, 2281, 2282, 2283, 2284, 2285, 2286, 2287, 2288, 2289, 2290, 2291, 2292, 2293, 2294, 2295, 2296, 2297, 2298, 2299, 2300, 2301, 2302, 2303, 2304, 2305, 2306, 2307, 2308, 2309, 2310, 2311, 2312, 2313, 2314, 2315, 2316, 2317, 2318, 2320, 2321, 2322, 2323, 2324, 2325, 2326, 2327, 2328, 2329, 2330, 2331, 2347, 2348, 2351, 2352, 2353, 2354, 2355, 2356, 2357, 2358, 2359, 2360, 2361, 2362, 2363, 2364, 2365, 2366, 2367, 2368, 2369, 2370, 2371, 2372, 2411, 2412, 2413, 2414, 2415, 2416, 2417, 2418, 2419, 2420, 2421, 2422, 2423, 2424, 2425, 2426, 2427, 2428, 2429, 2430, 2431, 2432, 2433, 2434, 2435, 2436, 2437, 2438, 2439, 2440, 2441], "selected_count": 271, "selection_time": 0.1516790840032627, "selection_score_forward_time": 0.1504307040013373}