{"example_id": 71, "sub_q_idx": 0, "method": "DraftModel", "reprocess_method": "DraftModel", "rate": 0.15, "system_len": 792, "passages_len": [792, 153, 268, 165, 249, 138, 176, 55, 176, 70, 170, 29], "chunk_ids": [0, 1, 2, 3, 4, 5, 6, 7, 8, 9, 10], "selected_abs": [792, 793, 794, 795, 796, 797, 798, 799, 800, 801, 802, 803, 804, 805, 806, 807, 808, 809, 810, 811, 812, 823, 824, 825, 826, 827, 828, 832, 833, 834, 835, 836, 837, 838, 839, 840, 841, 842, 843, 844, 845, 846, 847, 848, 855, 856, 857, 858, 859, 860, 861, 944, 945, 946, 947, 948, 949, 950, 951, 952, 1002, 1003, 1004, 1005, 1212, 1213, 1214, 1215, 1216, 1217, 1219, 1220, 1221, 1222, 1223, 1224, 1225, 1226, 1227, 1228, 1229, 1230, 1231, 1232, 1233, 1234, 1280, 1281, 1282, 1283, 1284, 1285, 1286, 1287, 1288, 1289, 1290, 1291, 1292, 1294, 1295, 1296, 1297, 1302, 1303, 1304, 1305, 1306, 1307, 1308, 1309, 1310, 1311, 1312, 1313, 1314, 1315, 1316, 1317, 1320, 1321, 1322, 1323, 1324, 1325, 1326, 1327, 1328, 1329, 1330, 1331, 1332, 1333, 1334, 1335, 1336, 1337, 1338, 1339, 1340, 1341, 1343, 1344, 1345, 1346, 1347, 1348, 1349, 1350, 1351, 1352, 1377, 1378, 1379, 1380, 1381, 1382, 1383, 1384, 1385, 1386, 1387, 1388, 1389, 1390, 1400, 1401, 1402, 1403, 1404, 1405, 1626, 1627, 1628, 1629, 1630, 1631, 1632, 1633, 1759, 1764, 1765, 1766, 1767, 1768, 1769, 1770, 1940, 1941, 1942, 1943, 1944, 1945, 1946, 1995, 1996, 1997, 1998, 1999, 2006, 2007, 2008, 2171, 2172, 2173, 2174, 2175, 2178, 2179, 2180, 2193, 2194, 2195, 2196, 2197, 2198, 2199, 2200, 2201, 2212, 2213, 2214, 2215, 2241, 2242, 2243, 2244, 2245, 2246, 2247, 2248, 2249, 2250, 2252, 2253, 2283, 2284, 2285, 2380, 2403, 2404, 2410, 2411, 2412, 2413, 2414, 2415, 2416, 2417, 2418, 2419, 2420, 2421, 2422, 2423, 2424, 2425, 2426, 2427, 2428, 2429, 2430, 2431, 2432, 2433, 2434, 2435, 2436, 2437, 2438, 2439, 2440], "selected_count": 272, "selection_time": 0.15306314000190469, "selection_score_forward_time": 0.15191392700216966}