{"example_id": 96, "sub_q_idx": 1, "method": "DraftModel", "reprocess_method": "DraftModel", "rate": 0.15, "system_len": 792, "passages_len": [792, 91, 30, 118, 67, 154, 80, 97, 119, 158, 164, 30, 91, 30], "chunk_ids": [0, 2, 1, 11, 12, 13, 14, 15, 8, 16, 17, 1, 2], "selected_abs": [792, 793, 794, 795, 796, 797, 798, 799, 801, 802, 803, 804, 848, 849, 850, 851, 852, 853, 857, 858, 859, 860, 861, 862, 863, 864, 865, 866, 867, 868, 882, 883, 884, 885, 886, 888, 889, 890, 891, 892, 893, 897, 898, 899, 900, 901, 902, 903, 904, 905, 906, 911, 912, 913, 914, 915, 916, 1030, 1031, 1032, 1033, 1034, 1036, 1037, 1038, 1039, 1040, 1041, 1042, 1095, 1096, 1097, 1098, 1099, 1100, 1251, 1252, 1253, 1254, 1255, 1256, 1258, 1259, 1260, 1261, 1288, 1289, 1290, 1291, 1292, 1331, 1332, 1333, 1334, 1335, 1547, 1548, 1549, 1550, 1551, 1552, 1705, 1706, 1707, 1708, 1709, 1737, 1869, 1870, 1871, 1872, 1873, 1874, 1875, 1876, 1877, 1878, 1879, 1880, 1881, 1882, 1883, 1884, 1885, 1886, 1887, 1888, 1889, 1890, 1891, 1892, 1893, 1894, 1895, 1896, 1897, 1898, 1899, 1900, 1901, 1902, 1903, 1904, 1905, 1906, 1907, 1908, 1956, 1957, 1958, 1959, 1960, 1961, 1962, 1963, 1964, 1965, 1966, 1967, 1968, 1969, 1970, 1971, 1972, 1973, 1974, 1975, 1976, 1977, 1978, 1979, 1980, 1981, 1982, 1983, 1987, 1988, 1989, 1990, 1991, 1992, 1993, 1994, 1995, 1996, 1997, 1998, 1999, 2000, 2001, 2002, 2003, 2004, 2005, 2006, 2007, 2008, 2009, 2010, 2011, 2012, 2013, 2014, 2015, 2016, 2017, 2018, 2019, 2020], "selected_count": 209, "selection_time": 0.12605691100179683, "selection_score_forward_time": 0.12518017100228462}