{"example_id": 85, "sub_q_idx": 0, "method": "DraftModel", "reprocess_method": "DraftModel", "rate": 0.15, "system_len": 792, "passages_len": [792, 322, 122, 108, 86, 126, 162, 113, 88, 194, 178, 322, 122, 108, 36], "chunk_ids": [0, 1, 2, 3, 4, 5, 6, 7, 8, 9, 10, 1, 2, 3], "selected_abs": [792, 793, 794, 795, 796, 797, 798, 799, 800, 801, 802, 803, 804, 805, 807, 808, 809, 810, 811, 812, 872, 873, 892, 893, 910, 911, 912, 913, 914, 1075, 1076, 1112, 1113, 1114, 1115, 1116, 1117, 1118, 1119, 1120, 1121, 1122, 1123, 1125, 1126, 1127, 1128, 1129, 1195, 1196, 1197, 1198, 1199, 1206, 1207, 1208, 1234, 1235, 1236, 1237, 1238, 1239, 1240, 1241, 1242, 1243, 1244, 1245, 1246, 1272, 1273, 1274, 1275, 1276, 1277, 1313, 1314, 1343, 1344, 1345, 1346, 1347, 1348, 1353, 1354, 1355, 1356, 1357, 1358, 1429, 1430, 1431, 1432, 1433, 1437, 1438, 1439, 1440, 1441, 1442, 1454, 1455, 1456, 1457, 1458, 1464, 1465, 1466, 1489, 1490, 1555, 1556, 1557, 1558, 1559, 1717, 1718, 1719, 1720, 1721, 1722, 1723, 1724, 1725, 1726, 1830, 1831, 1832, 1833, 1834, 1835, 1836, 1837, 1838, 1839, 1840, 1841, 1844, 1845, 1846, 1847, 1917, 1918, 1919, 1920, 1921, 1922, 1923, 1924, 1925, 1926, 1929, 1930, 1931, 2112, 2113, 2114, 2115, 2116, 2119, 2120, 2121, 2122, 2123, 2124, 2125, 2126, 2127, 2179, 2180, 2181, 2182, 2245, 2289, 2290, 2291, 2292, 2293, 2294, 2295, 2296, 2297, 2298, 2299, 2300, 2301, 2302, 2303, 2304, 2305, 2306, 2307, 2308, 2309, 2310, 2311, 2312, 2319, 2320, 2321, 2322, 2323, 2324, 2325, 2326, 2327, 2328, 2391, 2392, 2396, 2397, 2398, 2399, 2409, 2410, 2411, 2412, 2413, 2574, 2575, 2583, 2584, 2585, 2611, 2612, 2613, 2614, 2615, 2616, 2617, 2618, 2619, 2620, 2621, 2622, 2623, 2624, 2625, 2626, 2627, 2628, 2629, 2630, 2640, 2641, 2687, 2688, 2692, 2693, 2694, 2695, 2696, 2697, 2698, 2699, 2706, 2707, 2708, 2732, 2733, 2734, 2735, 2736, 2737, 2738, 2739, 2740, 2741, 2742, 2743, 2744, 2745, 2746, 2747, 2750, 2751, 2752, 2753, 2754, 2755, 2756, 2757, 2758, 2759, 2770, 2771, 2772, 2773, 2774, 2775, 2776, 2777, 2782, 2783, 2784, 2812, 2813, 2827, 2828, 2829, 2830, 2831, 2832, 2833, 2840, 2841, 2842, 2843, 2844, 2845, 2846, 2847, 2848, 2849, 2850, 2851, 2852, 2853, 2854, 2855, 2856, 2857, 2858, 2859, 2860, 2861, 2862, 2863, 2864, 2865, 2866, 2867, 2868, 2869, 2870, 2871, 2872, 2873, 2874, 2875, 2876, 2877, 2878], "selected_count": 343, "selection_time": 0.17554668899538228, "selection_score_forward_time": 0.17401227799564367}