{"example_id": 176, "sub_q_idx": 0, "method": "DraftModel", "reprocess_method": "DraftModel", "rate": 0.15, "system_len": 792, "passages_len": [792, 159, 115, 97, 126, 108, 42, 129, 96, 102, 40, 159, 29], "chunk_ids": [0, 1, 2, 3, 4, 5, 6, 7, 8, 9, 10, 1], "selected_abs": [792, 793, 794, 795, 796, 797, 798, 799, 800, 801, 802, 803, 804, 805, 806, 807, 808, 809, 810, 811, 812, 813, 814, 815, 820, 821, 822, 823, 824, 825, 826, 862, 863, 864, 865, 866, 867, 868, 869, 870, 950, 951, 952, 953, 1054, 1055, 1056, 1057, 1058, 1059, 1065, 1066, 1067, 1068, 1069, 1070, 1133, 1162, 1163, 1164, 1165, 1166, 1288, 1289, 1290, 1291, 1292, 1293, 1294, 1396, 1397, 1398, 1399, 1400, 1401, 1415, 1416, 1417, 1418, 1419, 1437, 1438, 1439, 1440, 1441, 1442, 1443, 1567, 1568, 1569, 1570, 1571, 1572, 1573, 1663, 1664, 1665, 1666, 1667, 1668, 1764, 1765, 1766, 1767, 1768, 1769, 1770, 1771, 1774, 1775, 1776, 1777, 1778, 1779, 1804, 1805, 1806, 1807, 1808, 1809, 1810, 1811, 1812, 1813, 1814, 1815, 1816, 1817, 1818, 1819, 1820, 1821, 1822, 1823, 1824, 1825, 1826, 1827, 1828, 1829, 1830, 1831, 1832, 1833, 1834, 1835, 1836, 1837, 1838, 1839, 1874, 1875, 1876, 1877, 1878, 1879, 1880, 1881, 1882, 1883, 1884, 1918, 1919, 1920, 1921, 1922, 1930, 1931, 1932, 1933, 1951, 1952, 1953, 1963, 1964, 1965, 1966, 1967, 1968, 1969, 1970, 1971, 1972, 1973, 1974, 1975, 1976, 1977, 1978, 1979, 1980, 1981, 1982, 1983, 1984, 1985, 1986, 1987, 1988, 1989, 1990, 1991, 1992, 1993], "selected_count": 204, "selection_time": 0.23936669100658037, "selection_score_forward_time": 0.23826091299997643}