{"example_id": 59, "sub_q_idx": 0, "method": "DraftModel", "reprocess_method": "DraftModel", "rate": 0.15, "system_len": 792, "passages_len": [792, 56, 120, 127, 156, 273, 181, 115, 75, 94, 89, 27], "chunk_ids": [0, 1, 2, 3, 4, 5, 6, 7, 8, 9, 10], "selected_abs": [792, 793, 794, 795, 796, 797, 798, 799, 800, 801, 802, 803, 804, 805, 806, 807, 808, 809, 810, 811, 812, 813, 814, 815, 816, 817, 818, 819, 820, 821, 822, 823, 824, 825, 826, 827, 828, 829, 831, 832, 833, 834, 835, 836, 847, 848, 849, 850, 851, 852, 853, 854, 855, 856, 857, 858, 871, 872, 873, 874, 919, 920, 966, 967, 968, 969, 970, 971, 1094, 1095, 1096, 1097, 1098, 1250, 1251, 1252, 1253, 1254, 1255, 1256, 1257, 1262, 1263, 1264, 1265, 1279, 1280, 1281, 1282, 1375, 1523, 1524, 1525, 1526, 1527, 1528, 1529, 1530, 1704, 1705, 1706, 1707, 1708, 1709, 1710, 1711, 1712, 1819, 1820, 1821, 1822, 1823, 1824, 1825, 1826, 1827, 1828, 1894, 1895, 1896, 1897, 1898, 1899, 1900, 1901, 1902, 1903, 1987, 1988, 1989, 1990, 1991, 1992, 1993, 1994, 1995, 1996, 1997, 1998, 1999, 2000, 2004, 2005, 2006, 2007, 2008, 2009, 2010, 2011, 2012, 2013, 2014, 2015, 2016, 2017, 2023, 2027, 2028, 2029, 2032, 2033, 2034, 2035, 2036, 2037, 2038, 2039, 2040, 2041, 2042, 2045, 2046, 2047, 2048, 2057, 2058, 2059, 2060, 2063, 2064, 2065, 2066, 2067, 2068, 2069, 2070, 2071, 2072, 2074, 2075, 2076, 2077, 2078, 2079, 2080, 2081, 2082, 2083, 2084, 2085, 2086, 2087, 2088, 2089, 2090, 2091, 2092, 2093, 2094, 2095, 2096, 2097, 2098, 2099, 2100, 2101, 2102, 2103, 2104], "selected_count": 219, "selection_time": 0.1303325160042732, "selection_score_forward_time": 0.12938993200077675}