{"example_id": 84, "sub_q_idx": 1, "method": "DraftModel", "reprocess_method": "DraftModel", "rate": 0.15, "system_len": 792, "passages_len": [792, 64, 87, 103, 152, 52, 192, 84, 132, 112, 141, 50, 87, 27], "chunk_ids": [0, 11, 12, 13, 14, 15, 16, 17, 18, 19, 20, 1, 12], "selected_abs": [792, 793, 794, 795, 796, 797, 798, 799, 800, 801, 802, 803, 804, 805, 806, 807, 808, 809, 810, 822, 823, 824, 827, 828, 829, 830, 831, 832, 833, 834, 840, 841, 842, 843, 844, 845, 855, 856, 857, 858, 859, 860, 861, 862, 863, 864, 865, 866, 867, 868, 869, 870, 871, 872, 873, 874, 875, 876, 877, 878, 879, 880, 942, 943, 944, 945, 946, 951, 952, 953, 954, 1045, 1046, 1047, 1048, 1049, 1050, 1051, 1052, 1197, 1198, 1199, 1200, 1201, 1220, 1248, 1249, 1250, 1251, 1252, 1441, 1442, 1443, 1444, 1445, 1524, 1525, 1526, 1527, 1528, 1529, 1657, 1658, 1659, 1660, 1661, 1662, 1663, 1664, 1769, 1770, 1771, 1772, 1773, 1774, 1780, 1781, 1782, 1783, 1784, 1910, 1911, 1912, 1913, 1914, 1915, 1916, 1917, 1918, 1919, 1920, 1921, 1922, 1923, 1924, 1925, 1926, 1927, 1928, 1929, 1930, 1931, 1932, 1933, 1934, 1935, 1936, 1939, 1940, 1941, 1942, 1959, 1960, 1961, 1962, 1963, 1964, 1965, 1966, 1967, 1968, 1969, 1970, 1971, 1972, 1973, 1974, 1975, 1976, 1977, 1978, 1979, 1980, 1981, 1982, 1983, 1984, 1985, 1986, 1987, 1988, 1996, 1997, 2001, 2002, 2045, 2046, 2047, 2048, 2049, 2050, 2051, 2052, 2053, 2054, 2055, 2056, 2057, 2058, 2059, 2060, 2061, 2062, 2063, 2064, 2065, 2066, 2067, 2068, 2069, 2070, 2071, 2072, 2073, 2074], "selected_count": 215, "selection_time": 0.12883956099540228, "selection_score_forward_time": 0.12790217099973233}