{"example_id": 63, "sub_q_idx": 0, "method": "DraftModel", "reprocess_method": "DraftModel", "rate": 0.15, "system_len": 792, "passages_len": [792, 60, 244, 92, 88, 145, 135, 169, 162, 292, 85, 27], "chunk_ids": [0, 1, 2, 3, 4, 5, 6, 7, 8, 9, 10], "selected_abs": [792, 793, 794, 795, 796, 797, 798, 799, 800, 801, 802, 803, 804, 805, 806, 807, 808, 809, 810, 811, 812, 813, 814, 815, 816, 817, 818, 819, 820, 821, 822, 823, 824, 825, 826, 827, 828, 829, 830, 831, 850, 851, 852, 853, 854, 855, 856, 857, 858, 859, 860, 861, 862, 863, 864, 869, 870, 871, 872, 1070, 1095, 1096, 1097, 1098, 1099, 1100, 1101, 1102, 1103, 1104, 1105, 1107, 1108, 1109, 1110, 1113, 1114, 1115, 1116, 1154, 1155, 1187, 1188, 1189, 1190, 1191, 1192, 1193, 1197, 1198, 1199, 1200, 1201, 1229, 1230, 1275, 1276, 1277, 1278, 1279, 1280, 1281, 1282, 1420, 1421, 1422, 1423, 1424, 1425, 1426, 1427, 1428, 1429, 1434, 1435, 1436, 1511, 1512, 1513, 1554, 1555, 1556, 1557, 1558, 1559, 1560, 1561, 1562, 1563, 1564, 1568, 1569, 1570, 1696, 1697, 1724, 1725, 1726, 1727, 1728, 1732, 1733, 1734, 1736, 1737, 1738, 1739, 1740, 1741, 1742, 1743, 1744, 1745, 1797, 1798, 1799, 1814, 1815, 1816, 1886, 1887, 1888, 1889, 1890, 1891, 1892, 1893, 1894, 1940, 1941, 1942, 1943, 2060, 2074, 2120, 2177, 2178, 2179, 2180, 2181, 2182, 2183, 2184, 2185, 2186, 2187, 2188, 2189, 2192, 2193, 2194, 2195, 2196, 2197, 2198, 2199, 2200, 2201, 2202, 2204, 2205, 2206, 2207, 2213, 2214, 2215, 2222, 2223, 2224, 2225, 2226, 2227, 2228, 2244, 2245, 2246, 2247, 2248, 2262, 2263, 2264, 2265, 2266, 2267, 2268, 2269, 2270, 2271, 2272, 2273, 2274, 2275, 2276, 2277, 2278, 2279, 2280, 2281, 2282, 2283, 2284, 2285, 2286, 2287, 2288, 2289, 2290], "selected_count": 247, "selection_time": 0.13625340099679306, "selection_score_forward_time": 0.1350023830018472}