{"example_id": 103, "sub_q_idx": 0, "method": "DraftModel", "reprocess_method": "DraftModel", "rate": 0.15, "system_len": 792, "passages_len": [792, 57, 118, 171, 143, 221, 189, 113, 108, 157, 96, 38], "chunk_ids": [0, 1, 2, 3, 4, 5, 6, 7, 8, 9, 10], "selected_abs": [792, 793, 794, 795, 796, 797, 798, 799, 800, 801, 802, 803, 804, 805, 806, 808, 809, 810, 811, 812, 813, 814, 815, 816, 817, 832, 833, 834, 835, 836, 837, 838, 839, 840, 841, 842, 843, 844, 845, 846, 847, 848, 849, 850, 851, 852, 853, 854, 855, 856, 857, 858, 859, 860, 861, 862, 864, 865, 866, 867, 868, 869, 870, 871, 872, 873, 874, 875, 876, 877, 878, 879, 883, 884, 885, 893, 894, 897, 898, 899, 900, 901, 902, 903, 904, 938, 939, 940, 941, 942, 943, 965, 966, 967, 968, 969, 970, 973, 974, 975, 976, 977, 978, 979, 1137, 1138, 1139, 1140, 1141, 1159, 1160, 1161, 1280, 1281, 1282, 1283, 1284, 1285, 1286, 1287, 1288, 1289, 1295, 1296, 1297, 1298, 1299, 1300, 1301, 1302, 1303, 1304, 1305, 1306, 1501, 1502, 1503, 1504, 1690, 1691, 1692, 1693, 1694, 1695, 1696, 1697, 1698, 1699, 1700, 1701, 1702, 1703, 1803, 1804, 1805, 1806, 1807, 1808, 1810, 1811, 1812, 1820, 1821, 1822, 1823, 1824, 1911, 1912, 1913, 1914, 1915, 1916, 1917, 1918, 1919, 1920, 1921, 1922, 1923, 1924, 2021, 2068, 2069, 2070, 2071, 2072, 2073, 2074, 2075, 2076, 2077, 2078, 2079, 2080, 2081, 2082, 2092, 2093, 2094, 2095, 2096, 2097, 2162, 2163, 2164, 2165, 2166, 2167, 2168, 2169, 2170, 2171, 2172, 2173, 2174, 2175, 2176, 2177, 2178, 2179, 2180, 2181, 2182, 2183, 2184, 2185, 2186, 2187, 2188, 2189, 2190, 2191, 2192, 2193, 2194, 2195, 2196, 2197, 2198, 2199, 2200, 2201, 2202], "selected_count": 243, "selection_time": 0.1343283639944275, "selection_score_forward_time": 0.13301985400175909}