{"example_id": 136, "sub_q_idx": 0, "method": "DraftModel", "reprocess_method": "DraftModel", "rate": 0.15, "system_len": 792, "passages_len": [792, 88, 133, 59, 63, 37, 73, 59, 57, 51, 172, 29], "chunk_ids": [0, 1, 2, 3, 4, 5, 6, 7, 8, 9, 10], "selected_abs": [792, 793, 794, 795, 796, 797, 798, 799, 800, 801, 802, 803, 804, 805, 806, 807, 808, 809, 810, 811, 812, 814, 815, 816, 817, 818, 819, 820, 821, 822, 823, 824, 825, 826, 827, 828, 829, 830, 831, 832, 833, 834, 835, 836, 879, 880, 881, 882, 883, 884, 885, 886, 887, 888, 889, 890, 891, 892, 893, 1012, 1013, 1014, 1015, 1016, 1071, 1072, 1073, 1074, 1075, 1076, 1077, 1078, 1079, 1080, 1081, 1134, 1135, 1136, 1137, 1138, 1139, 1140, 1171, 1172, 1173, 1174, 1175, 1244, 1245, 1246, 1247, 1248, 1249, 1303, 1304, 1305, 1306, 1307, 1308, 1360, 1361, 1362, 1363, 1364, 1368, 1369, 1370, 1371, 1372, 1411, 1412, 1413, 1414, 1415, 1416, 1417, 1582, 1583, 1584, 1585, 1586, 1587, 1588, 1589, 1590, 1591, 1592, 1593, 1594, 1595, 1596, 1597, 1598, 1599, 1600, 1601, 1602, 1603, 1604, 1605, 1606, 1607, 1608, 1609, 1610, 1611, 1612], "selected_count": 147, "selection_time": 0.10074221000104444, "selection_score_forward_time": 0.10001720499712974}