{"example_id": 33, "sub_q_idx": 0, "method": "DraftModel", "reprocess_method": "DraftModel", "rate": 0.15, "system_len": 792, "passages_len": [792, 63, 112, 96, 62, 51, 89, 42, 67, 76, 54, 63, 28], "chunk_ids": [0, 1, 2, 3, 4, 5, 6, 7, 8, 9, 10, 1], "selected_abs": [792, 793, 794, 795, 796, 797, 798, 799, 800, 801, 802, 803, 804, 805, 806, 807, 808, 809, 810, 811, 812, 813, 854, 855, 856, 857, 858, 859, 868, 869, 870, 871, 872, 873, 874, 875, 966, 967, 968, 969, 970, 1030, 1039, 1040, 1061, 1062, 1063, 1064, 1065, 1066, 1124, 1125, 1126, 1127, 1128, 1129, 1175, 1176, 1177, 1178, 1281, 1282, 1283, 1284, 1285, 1308, 1309, 1310, 1311, 1373, 1374, 1375, 1376, 1377, 1449, 1450, 1451, 1452, 1453, 1454, 1503, 1504, 1505, 1506, 1507, 1508, 1509, 1510, 1511, 1512, 1513, 1514, 1515, 1516, 1517, 1518, 1519, 1520, 1521, 1522, 1523, 1524, 1525, 1526, 1527, 1528, 1529, 1535, 1536, 1537, 1538, 1539, 1540, 1564, 1565, 1566, 1567, 1568, 1569, 1570, 1571, 1572, 1573, 1574, 1575, 1576, 1577, 1578, 1579, 1580, 1581, 1582, 1583, 1584, 1585, 1586, 1587, 1588, 1589, 1590, 1591, 1592, 1593, 1594], "selected_count": 144, "selection_time": 0.10090416599996388, "selection_score_forward_time": 0.10008105799352052}