{"example_id": 36, "sub_q_idx": 1, "method": "DraftModel", "reprocess_method": "DraftModel", "rate": 0.15, "system_len": 792, "passages_len": [792, 77, 382, 99, 297, 69, 70, 65, 180, 54, 68, 382, 77, 29], "chunk_ids": [0, 11, 1, 12, 13, 14, 15, 16, 17, 18, 19, 1, 11], "selected_abs": [792, 793, 794, 795, 796, 797, 798, 799, 800, 801, 802, 803, 804, 805, 806, 807, 808, 809, 810, 811, 812, 813, 814, 815, 816, 817, 818, 819, 820, 821, 822, 823, 824, 825, 826, 827, 828, 839, 840, 841, 857, 858, 859, 861, 862, 863, 864, 865, 866, 867, 868, 869, 870, 871, 872, 873, 874, 875, 876, 877, 886, 887, 888, 889, 890, 891, 892, 893, 1126, 1140, 1246, 1250, 1251, 1252, 1253, 1254, 1255, 1256, 1257, 1258, 1260, 1261, 1262, 1272, 1273, 1274, 1275, 1276, 1277, 1279, 1280, 1281, 1282, 1283, 1348, 1349, 1350, 1351, 1352, 1353, 1354, 1355, 1356, 1378, 1379, 1380, 1381, 1499, 1645, 1646, 1647, 1648, 1649, 1650, 1651, 1652, 1653, 1654, 1655, 1656, 1657, 1658, 1659, 1660, 1678, 1679, 1680, 1714, 1715, 1716, 1717, 1718, 1719, 1720, 1725, 1726, 1727, 1785, 1786, 1787, 1788, 1789, 1790, 1805, 1806, 1807, 1808, 1809, 1849, 1850, 1851, 1852, 1853, 1854, 1855, 1856, 1857, 1858, 2005, 2023, 2024, 2030, 2031, 2032, 2033, 2034, 2035, 2036, 2037, 2038, 2039, 2040, 2041, 2084, 2085, 2086, 2087, 2088, 2089, 2090, 2091, 2092, 2093, 2094, 2104, 2105, 2106, 2152, 2153, 2154, 2155, 2156, 2157, 2158, 2159, 2160, 2161, 2166, 2167, 2168, 2170, 2171, 2172, 2173, 2174, 2175, 2176, 2268, 2387, 2392, 2393, 2394, 2410, 2530, 2533, 2534, 2535, 2536, 2537, 2538, 2539, 2540, 2541, 2542, 2543, 2544, 2545, 2546, 2547, 2548, 2549, 2550, 2551, 2552, 2553, 2554, 2555, 2556, 2557, 2558, 2559, 2560, 2561, 2562, 2563, 2564, 2565, 2566, 2567, 2568, 2569, 2570, 2571, 2572, 2573, 2574, 2575, 2582, 2583, 2584, 2599, 2600, 2601, 2602, 2603, 2604, 2605, 2606, 2607, 2608, 2609, 2610, 2611, 2612, 2613, 2614, 2615, 2616, 2617, 2618, 2619, 2620, 2621, 2622, 2623, 2624, 2625, 2626, 2627, 2628, 2629, 2630, 2631, 2632, 2633, 2634, 2635, 2636, 2637, 2638, 2639, 2640], "selected_count": 302, "selection_time": 0.1688759249955183, "selection_score_forward_time": 0.1675438700040104}