{"example_id": 32, "sub_q_idx": 1, "method": "DraftModel", "reprocess_method": "DraftModel", "rate": 0.15, "system_len": 792, "passages_len": [792, 114, 116, 90, 285, 65, 72, 78, 127, 214, 226, 221, 114, 33], "chunk_ids": [0, 3, 11, 7, 5, 8, 2, 4, 12, 13, 14, 1, 3], "selected_abs": [792, 793, 794, 795, 796, 797, 798, 799, 800, 801, 802, 803, 804, 805, 806, 807, 808, 809, 810, 811, 812, 813, 814, 815, 820, 821, 822, 823, 824, 825, 826, 827, 828, 829, 830, 831, 832, 840, 841, 842, 843, 844, 851, 852, 853, 854, 855, 856, 857, 904, 905, 906, 907, 908, 909, 910, 911, 913, 914, 915, 916, 917, 918, 919, 920, 921, 922, 923, 924, 928, 929, 930, 931, 939, 940, 941, 942, 949, 950, 951, 952, 953, 954, 955, 1021, 1022, 1023, 1024, 1110, 1111, 1112, 1113, 1114, 1115, 1116, 1117, 1118, 1204, 1205, 1288, 1396, 1397, 1398, 1399, 1400, 1421, 1460, 1461, 1462, 1463, 1464, 1465, 1466, 1467, 1468, 1510, 1511, 1536, 1537, 1538, 1583, 1613, 1614, 1615, 1616, 1617, 1618, 1619, 1620, 1621, 1704, 1705, 1706, 1716, 1721, 1722, 1723, 1724, 1737, 1738, 1739, 1740, 1741, 1742, 1743, 1744, 1745, 1746, 1747, 1815, 1922, 1929, 1951, 1952, 1953, 1954, 1955, 1956, 1957, 1958, 1959, 2024, 2151, 2178, 2179, 2180, 2181, 2182, 2183, 2187, 2188, 2189, 2190, 2203, 2204, 2205, 2206, 2207, 2208, 2209, 2210, 2211, 2212, 2310, 2311, 2312, 2398, 2399, 2400, 2401, 2402, 2403, 2404, 2405, 2406, 2407, 2408, 2409, 2410, 2411, 2412, 2413, 2414, 2415, 2416, 2417, 2418, 2419, 2420, 2421, 2422, 2424, 2425, 2426, 2427, 2428, 2429, 2430, 2431, 2432, 2433, 2434, 2435, 2436, 2437, 2438, 2439, 2440, 2441, 2442, 2443, 2444, 2445, 2446, 2447, 2448, 2449, 2450, 2451, 2452, 2453, 2454, 2455, 2457, 2458, 2459, 2460, 2461, 2462, 2463, 2464, 2507, 2508, 2509, 2510, 2511, 2512, 2513, 2514, 2515, 2516, 2517, 2518, 2519, 2520, 2521, 2522, 2523, 2524, 2525, 2526, 2527, 2528, 2529, 2530, 2531, 2532, 2533, 2534, 2535, 2536, 2537, 2538, 2539, 2540, 2541, 2542, 2543, 2544, 2545, 2546], "selected_count": 291, "selection_time": 0.15471495300153038, "selection_score_forward_time": 0.15349456799594918}