{"example_id": 131, "sub_q_idx": 1, "method": "DraftModel", "reprocess_method": "DraftModel", "rate": 0.15, "system_len": 792, "passages_len": [792, 115, 189, 45, 57, 84, 33, 56, 87, 72, 186, 115, 189, 28], "chunk_ids": [0, 1, 11, 12, 13, 14, 15, 16, 17, 18, 19, 1, 11], "selected_abs": [792, 793, 794, 795, 796, 797, 798, 799, 800, 801, 802, 813, 814, 815, 816, 817, 818, 819, 820, 821, 822, 831, 832, 833, 834, 835, 855, 856, 905, 906, 907, 908, 909, 910, 911, 912, 1095, 1096, 1097, 1098, 1099, 1100, 1139, 1140, 1141, 1142, 1143, 1144, 1197, 1198, 1199, 1200, 1201, 1202, 1203, 1204, 1205, 1211, 1212, 1213, 1214, 1215, 1216, 1225, 1226, 1227, 1228, 1229, 1281, 1282, 1283, 1284, 1285, 1316, 1317, 1318, 1319, 1320, 1321, 1322, 1323, 1324, 1325, 1326, 1370, 1371, 1372, 1373, 1374, 1375, 1376, 1377, 1378, 1379, 1457, 1458, 1459, 1460, 1461, 1462, 1463, 1464, 1465, 1466, 1467, 1468, 1469, 1529, 1530, 1531, 1532, 1571, 1572, 1715, 1716, 1717, 1718, 1719, 1720, 1721, 1722, 1723, 1724, 1725, 1726, 1727, 1737, 1738, 1739, 1740, 1741, 1742, 1743, 1744, 1745, 1746, 1747, 1755, 1756, 1757, 1758, 1759, 1760, 1761, 1778, 1779, 1780, 1781, 1782, 1805, 1806, 1807, 1808, 1828, 1829, 1830, 1831, 1832, 1833, 1834, 1835, 1836, 1837, 1838, 1839, 1840, 1841, 1848, 1849, 1856, 1857, 1858, 1859, 1860, 1861, 1862, 1863, 1932, 1933, 1934, 1935, 1980, 2018, 2019, 2020, 2021, 2022, 2023, 2024, 2025, 2026, 2027, 2028, 2029, 2030, 2031, 2032, 2033, 2034, 2035, 2036, 2037, 2038, 2039, 2040, 2041, 2042, 2043, 2044, 2045, 2046, 2047], "selected_count": 212, "selection_time": 0.1234820879981271, "selection_score_forward_time": 0.12257114299427485}