{"example_id": 90, "sub_q_idx": 0, "method": "DraftModel", "reprocess_method": "DraftModel", "rate": 0.15, "system_len": 792, "passages_len": [792, 101, 206, 103, 188, 136, 129, 202, 138, 188, 229, 27], "chunk_ids": [0, 1, 2, 3, 4, 5, 6, 7, 8, 9, 10], "selected_abs": [792, 793, 794, 795, 796, 797, 798, 799, 800, 801, 802, 803, 804, 805, 806, 807, 808, 809, 810, 811, 812, 813, 814, 815, 816, 817, 839, 840, 841, 842, 843, 864, 865, 866, 867, 868, 869, 870, 871, 872, 873, 874, 875, 876, 877, 878, 879, 880, 881, 891, 892, 893, 894, 895, 896, 897, 898, 899, 900, 901, 902, 903, 904, 905, 906, 907, 908, 926, 957, 958, 959, 990, 991, 1098, 1099, 1100, 1101, 1102, 1103, 1104, 1105, 1107, 1108, 1109, 1110, 1111, 1112, 1113, 1114, 1115, 1116, 1117, 1118, 1197, 1198, 1200, 1201, 1202, 1203, 1204, 1205, 1206, 1207, 1208, 1209, 1210, 1211, 1212, 1213, 1214, 1235, 1389, 1390, 1391, 1392, 1494, 1495, 1496, 1497, 1500, 1501, 1525, 1526, 1527, 1528, 1529, 1530, 1531, 1532, 1533, 1553, 1554, 1654, 1655, 1656, 1657, 1658, 1659, 1660, 1661, 1833, 1855, 1856, 1857, 1858, 1859, 1860, 1861, 1862, 1863, 1864, 1865, 1866, 1867, 1868, 1869, 1870, 1871, 1872, 1990, 1994, 1995, 1996, 1997, 1998, 1999, 2000, 2001, 2002, 2182, 2183, 2184, 2185, 2186, 2187, 2188, 2189, 2190, 2191, 2192, 2193, 2194, 2195, 2196, 2197, 2198, 2199, 2200, 2201, 2202, 2203, 2204, 2205, 2206, 2207, 2208, 2209, 2210, 2211, 2212, 2213, 2214, 2215, 2216, 2217, 2218, 2219, 2220, 2221, 2222, 2245, 2246, 2247, 2248, 2249, 2271, 2327, 2328, 2329, 2332, 2333, 2334, 2335, 2336, 2337, 2346, 2347, 2348, 2349, 2350, 2362, 2363, 2385, 2386, 2387, 2388, 2389, 2391, 2392, 2393, 2394, 2410, 2411, 2412, 2413, 2414, 2415, 2416, 2417, 2418, 2419, 2420, 2421, 2422, 2423, 2424, 2425, 2426, 2427, 2428, 2429, 2430, 2431, 2432, 2433, 2434, 2435, 2436, 2437, 2438], "selected_count": 270, "selection_time": 0.1530836370002362, "selection_score_forward_time": 0.1517003909975756}