{"example_id": 90, "sub_q_idx": 2, "method": "DraftModel", "reprocess_method": "DraftModel", "rate": 0.15, "system_len": 792, "passages_len": [792, 77, 229, 103, 101, 86, 109, 79, 65, 202, 206, 101, 229, 103, 77, 44], "chunk_ids": [0, 12, 10, 3, 1, 13, 14, 11, 15, 7, 2, 1, 10, 3, 12], "selected_abs": [792, 793, 794, 795, 796, 797, 798, 799, 800, 801, 802, 803, 804, 805, 806, 807, 808, 809, 810, 811, 812, 813, 814, 815, 816, 817, 818, 819, 820, 821, 822, 823, 824, 825, 826, 827, 830, 831, 832, 833, 834, 846, 847, 868, 869, 870, 871, 872, 873, 874, 875, 876, 877, 957, 1014, 1015, 1016, 1017, 1018, 1019, 1020, 1021, 1022, 1023, 1024, 1025, 1026, 1027, 1028, 1029, 1030, 1031, 1032, 1033, 1034, 1035, 1042, 1043, 1044, 1045, 1046, 1047, 1048, 1049, 1050, 1051, 1052, 1053, 1097, 1098, 1099, 1100, 1101, 1102, 1103, 1104, 1106, 1107, 1108, 1109, 1110, 1111, 1112, 1113, 1114, 1200, 1201, 1202, 1285, 1286, 1287, 1288, 1304, 1305, 1306, 1307, 1431, 1432, 1433, 1434, 1435, 1436, 1546, 1547, 1548, 1549, 1550, 1854, 1855, 1856, 1857, 1941, 2048, 2049, 2050, 2051, 2052, 2132, 2133, 2134, 2135, 2136, 2169, 2170, 2171, 2172, 2173, 2262, 2291, 2292, 2294, 2295, 2297, 2298, 2299, 2300, 2301, 2302, 2303, 2304, 2305, 2306, 2307, 2308, 2309, 2310, 2311, 2312, 2313, 2314, 2315, 2316, 2317, 2323, 2324, 2325, 2326, 2327, 2328, 2329, 2330, 2331, 2332, 2333, 2334, 2342, 2343, 2344, 2345, 2376, 2377, 2378, 2379, 2380, 2381, 2382, 2383, 2384, 2385, 2386, 2387, 2388, 2389, 2390, 2391, 2392, 2413, 2414, 2415, 2417, 2418, 2480, 2481, 2482, 2483, 2484, 2485, 2486, 2487, 2488, 2489, 2490, 2491, 2492, 2493, 2494, 2495, 2496, 2497, 2498, 2499, 2500, 2501, 2502, 2503, 2504, 2505, 2506, 2507, 2508, 2509, 2510, 2511, 2512, 2513, 2514, 2515, 2516, 2517, 2518, 2520, 2521, 2522, 2523, 2524, 2525, 2526, 2527, 2528, 2531, 2536, 2537, 2556, 2557, 2558, 2559, 2560, 2561, 2562, 2563, 2564, 2565, 2566, 2567, 2568, 2569, 2570, 2571, 2572, 2573, 2574, 2575, 2576, 2577, 2578, 2579, 2580, 2581, 2582, 2583, 2584, 2585, 2586, 2587, 2588, 2589, 2590, 2591, 2592, 2593, 2594, 2595, 2596, 2597, 2598, 2599, 2600, 2601, 2602], "selected_count": 309, "selection_time": 0.16408762699575163, "selection_score_forward_time": 0.16286325099645182}