{"example_id": 123, "sub_q_idx": 0, "method": "DraftModel", "reprocess_method": "DraftModel", "rate": 0.15, "system_len": 792, "passages_len": [792, 105, 60, 420, 87, 196, 223, 231, 218, 241, 162, 26], "chunk_ids": [0, 1, 2, 3, 4, 5, 6, 7, 8, 9, 10], "selected_abs": [792, 793, 794, 795, 796, 797, 798, 799, 800, 801, 802, 803, 804, 805, 806, 807, 808, 809, 810, 811, 812, 813, 814, 815, 816, 817, 818, 819, 820, 821, 822, 823, 824, 825, 826, 827, 835, 836, 837, 838, 839, 840, 841, 842, 843, 844, 845, 846, 847, 848, 849, 850, 851, 852, 853, 854, 855, 856, 857, 858, 859, 860, 861, 862, 863, 864, 865, 866, 867, 868, 869, 870, 871, 872, 892, 893, 894, 895, 896, 897, 898, 899, 900, 901, 902, 903, 904, 905, 906, 907, 908, 909, 910, 911, 912, 913, 914, 915, 916, 917, 918, 919, 920, 921, 922, 923, 924, 925, 926, 927, 928, 929, 931, 932, 933, 934, 936, 937, 938, 953, 954, 955, 956, 957, 958, 959, 960, 961, 962, 967, 968, 969, 971, 972, 973, 975, 976, 1212, 1213, 1325, 1326, 1327, 1365, 1376, 1377, 1378, 1379, 1380, 1381, 1382, 1383, 1384, 1394, 1395, 1396, 1397, 1398, 1399, 1400, 1401, 1402, 1403, 1404, 1405, 1431, 1463, 1464, 1465, 1466, 1467, 1468, 1469, 1470, 1471, 1472, 1473, 1474, 1475, 1476, 1477, 1478, 1517, 1518, 1519, 1520, 1521, 1536, 1537, 1538, 1539, 1540, 1541, 1547, 1548, 1549, 1550, 1551, 1552, 1553, 1554, 1564, 1565, 1659, 1660, 1661, 1662, 1663, 1664, 1665, 1773, 1774, 1882, 1883, 1884, 1885, 1886, 1887, 1888, 1889, 1890, 1891, 1892, 1893, 1894, 1895, 1903, 1904, 1905, 2037, 2113, 2114, 2115, 2116, 2117, 2118, 2119, 2136, 2245, 2313, 2327, 2331, 2332, 2333, 2334, 2335, 2336, 2337, 2339, 2340, 2341, 2572, 2573, 2574, 2575, 2576, 2577, 2578, 2579, 2580, 2581, 2583, 2584, 2585, 2588, 2589, 2590, 2591, 2606, 2607, 2608, 2618, 2619, 2620, 2621, 2622, 2623, 2639, 2640, 2641, 2658, 2659, 2660, 2666, 2667, 2668, 2669, 2670, 2671, 2732, 2733, 2734, 2735, 2736, 2737, 2738, 2739, 2740, 2741, 2742, 2743, 2744, 2745, 2746, 2747, 2748, 2749, 2750, 2751, 2752, 2753, 2754, 2755, 2756, 2757, 2758, 2759, 2760], "selected_count": 317, "selection_time": 0.16910637600085465, "selection_score_forward_time": 0.16768641999806277}