{"example_id": 93, "sub_q_idx": 1, "method": "DraftModel", "reprocess_method": "DraftModel", "rate": 0.15, "system_len": 792, "passages_len": [792, 51, 91, 89, 107, 147, 130, 77, 297, 116, 149, 130, 51, 91, 27], "chunk_ids": [0, 10, 7, 11, 12, 13, 1, 3, 4, 2, 14, 1, 10, 7], "selected_abs": [792, 793, 794, 795, 796, 797, 798, 799, 800, 801, 802, 803, 804, 805, 806, 807, 808, 809, 810, 811, 812, 813, 814, 818, 819, 820, 821, 822, 823, 824, 825, 826, 827, 828, 829, 830, 831, 832, 833, 834, 841, 842, 843, 844, 845, 846, 847, 848, 849, 850, 868, 877, 878, 879, 880, 881, 882, 883, 884, 885, 886, 887, 888, 889, 890, 891, 892, 932, 933, 934, 935, 936, 938, 1021, 1022, 1023, 1024, 1025, 1026, 1027, 1028, 1029, 1041, 1042, 1043, 1044, 1045, 1129, 1130, 1131, 1132, 1133, 1276, 1277, 1278, 1279, 1280, 1314, 1315, 1316, 1317, 1405, 1406, 1407, 1408, 1409, 1410, 1411, 1483, 1484, 1485, 1486, 1487, 1780, 1781, 1782, 1783, 1784, 1885, 1887, 1896, 1897, 1898, 1899, 1900, 1901, 1902, 1903, 2045, 2046, 2047, 2048, 2049, 2050, 2051, 2082, 2083, 2084, 2085, 2086, 2174, 2175, 2176, 2177, 2178, 2179, 2180, 2181, 2182, 2183, 2184, 2185, 2186, 2187, 2188, 2189, 2190, 2191, 2192, 2193, 2194, 2195, 2196, 2197, 2198, 2199, 2200, 2201, 2202, 2203, 2204, 2205, 2206, 2207, 2208, 2209, 2210, 2211, 2212, 2213, 2214, 2215, 2216, 2217, 2218, 2219, 2220, 2221, 2222, 2224, 2225, 2226, 2227, 2228, 2229, 2230, 2231, 2232, 2233, 2234, 2235, 2251, 2252, 2255, 2256, 2257, 2258, 2259, 2260, 2261, 2262, 2263, 2264, 2265, 2266, 2267, 2268, 2269, 2270, 2271, 2272, 2273, 2274, 2275, 2276, 2315, 2316, 2317, 2318, 2319, 2320, 2321, 2322, 2323, 2324, 2325, 2326, 2327, 2328, 2329, 2330, 2331, 2332, 2333, 2334, 2335, 2336, 2337, 2338, 2339, 2340, 2341, 2342, 2343, 2344], "selected_count": 255, "selection_time": 0.14003089699690463, "selection_score_forward_time": 0.13890451499901246}