{"example_id": 66, "sub_q_idx": 0, "method": "DraftModel", "reprocess_method": "DraftModel", "rate": 0.15, "system_len": 792, "passages_len": [792, 126, 147, 173, 111, 70, 122, 161, 177, 114, 107, 147, 111, 35], "chunk_ids": [0, 1, 2, 3, 4, 5, 6, 7, 8, 9, 10, 2, 4], "selected_abs": [792, 793, 794, 795, 796, 797, 798, 799, 800, 801, 802, 803, 804, 805, 806, 807, 808, 809, 810, 811, 812, 813, 814, 850, 851, 852, 853, 893, 894, 895, 896, 897, 898, 899, 901, 902, 903, 904, 905, 915, 916, 917, 918, 919, 920, 921, 922, 923, 924, 925, 926, 927, 928, 929, 930, 931, 943, 1058, 1059, 1060, 1061, 1063, 1064, 1065, 1066, 1068, 1069, 1070, 1071, 1072, 1073, 1074, 1075, 1076, 1077, 1086, 1087, 1088, 1205, 1237, 1238, 1239, 1240, 1241, 1242, 1243, 1244, 1245, 1246, 1247, 1301, 1302, 1303, 1304, 1305, 1347, 1348, 1349, 1350, 1351, 1417, 1418, 1419, 1420, 1421, 1422, 1423, 1456, 1457, 1458, 1459, 1540, 1541, 1542, 1543, 1641, 1701, 1702, 1703, 1704, 1878, 1879, 1880, 1881, 1882, 1994, 1995, 1996, 1997, 1998, 1999, 2000, 2001, 2002, 2003, 2004, 2005, 2006, 2007, 2008, 2009, 2010, 2011, 2099, 2100, 2101, 2102, 2103, 2104, 2105, 2106, 2107, 2108, 2109, 2110, 2111, 2112, 2113, 2114, 2124, 2125, 2168, 2169, 2170, 2171, 2196, 2197, 2198, 2199, 2200, 2230, 2231, 2232, 2233, 2234, 2235, 2236, 2237, 2238, 2239, 2240, 2241, 2242, 2243, 2244, 2245, 2246, 2247, 2248, 2249, 2250, 2251, 2252, 2253, 2254, 2255, 2256, 2257, 2258, 2259, 2264, 2265, 2275, 2276, 2277, 2278, 2279, 2280, 2281, 2282, 2283, 2284, 2285, 2309, 2310, 2311, 2312, 2313, 2314, 2319, 2320, 2321, 2324, 2325, 2326, 2327, 2328, 2329, 2330, 2331, 2354, 2355, 2356, 2357, 2358, 2359, 2360, 2361, 2362, 2363, 2364, 2365, 2366, 2367, 2368, 2369, 2370, 2371, 2372, 2373, 2374, 2375, 2376, 2377, 2378, 2379, 2380, 2381, 2382, 2383, 2384, 2385, 2386, 2387, 2388, 2389, 2390, 2391, 2392], "selected_count": 269, "selection_time": 0.1408921600013855, "selection_score_forward_time": 0.13972278300207108}