{"example_id": 19, "sub_q_idx": 0, "method": "DraftModel", "reprocess_method": "DraftModel", "rate": 0.15, "system_len": 792, "passages_len": [792, 67, 37, 131, 46, 188, 190, 82, 135, 38, 120, 26], "chunk_ids": [0, 1, 2, 3, 4, 5, 6, 7, 8, 9, 10], "selected_abs": [792, 793, 794, 795, 796, 797, 798, 799, 800, 801, 802, 807, 808, 809, 817, 818, 820, 821, 822, 823, 824, 825, 826, 827, 837, 838, 839, 840, 841, 842, 843, 844, 858, 859, 860, 861, 862, 863, 864, 865, 868, 869, 870, 871, 872, 873, 874, 875, 876, 877, 878, 879, 880, 881, 882, 883, 884, 885, 886, 887, 888, 889, 891, 892, 893, 894, 895, 896, 897, 898, 899, 900, 901, 902, 1026, 1027, 1028, 1029, 1030, 1031, 1032, 1033, 1047, 1048, 1049, 1050, 1051, 1052, 1053, 1054, 1072, 1073, 1074, 1075, 1076, 1077, 1078, 1079, 1080, 1260, 1261, 1262, 1263, 1264, 1265, 1278, 1279, 1280, 1281, 1282, 1283, 1450, 1451, 1452, 1453, 1454, 1455, 1456, 1457, 1458, 1532, 1533, 1534, 1535, 1536, 1537, 1538, 1667, 1668, 1669, 1670, 1671, 1672, 1673, 1674, 1675, 1676, 1677, 1678, 1679, 1680, 1681, 1682, 1705, 1706, 1707, 1708, 1709, 1710, 1711, 1712, 1713, 1714, 1824, 1825, 1826, 1827, 1828, 1829, 1830, 1831, 1832, 1833, 1834, 1835, 1836, 1837, 1838, 1839, 1840, 1841, 1842, 1843, 1844, 1845, 1846, 1847, 1848, 1849, 1850, 1851], "selected_count": 181, "selection_time": 0.11974519200157374, "selection_score_forward_time": 0.11883983099687612}