{"example_id": 98, "sub_q_idx": 1, "method": "DraftModel", "reprocess_method": "DraftModel", "rate": 0.15, "system_len": 792, "passages_len": [792, 91, 30, 118, 67, 154, 80, 97, 119, 158, 164, 79, 91, 30], "chunk_ids": [0, 5, 11, 10, 12, 13, 14, 9, 15, 16, 17, 1, 5], "selected_abs": [792, 793, 794, 795, 796, 797, 798, 799, 800, 801, 802, 803, 804, 833, 834, 835, 836, 837, 838, 839, 840, 848, 849, 850, 851, 852, 853, 857, 858, 859, 860, 861, 862, 863, 864, 865, 866, 867, 868, 882, 883, 884, 885, 886, 888, 889, 890, 891, 892, 893, 897, 898, 899, 900, 901, 902, 903, 904, 905, 906, 911, 912, 913, 914, 915, 916, 1030, 1031, 1032, 1033, 1034, 1036, 1037, 1038, 1039, 1040, 1041, 1042, 1095, 1096, 1097, 1098, 1099, 1100, 1101, 1251, 1252, 1253, 1254, 1255, 1256, 1288, 1289, 1290, 1291, 1292, 1331, 1332, 1333, 1334, 1335, 1428, 1429, 1430, 1431, 1432, 1433, 1434, 1547, 1548, 1549, 1550, 1551, 1552, 1553, 1554, 1583, 1705, 1706, 1707, 1708, 1709, 1737, 1869, 1870, 1871, 1872, 1873, 1874, 1875, 1876, 1877, 1878, 1879, 1880, 1881, 1882, 1883, 1884, 1919, 1920, 1921, 1922, 1948, 1949, 1950, 1951, 1952, 1953, 1954, 1955, 1956, 1957, 2004, 2005, 2006, 2007, 2008, 2009, 2010, 2011, 2012, 2013, 2014, 2015, 2016, 2017, 2018, 2019, 2020, 2021, 2022, 2023, 2024, 2025, 2026, 2027, 2028, 2029, 2030, 2031, 2032, 2035, 2036, 2037, 2038, 2039, 2040, 2041, 2042, 2043, 2044, 2045, 2046, 2047, 2048, 2049, 2050, 2051, 2052, 2053, 2054, 2055, 2056, 2057, 2058, 2059, 2060, 2061, 2062, 2063, 2064, 2065, 2066, 2067, 2068, 2069], "selected_count": 217, "selection_time": 0.12909501799731515, "selection_score_forward_time": 0.1279856649998692}