{"example_id": 12, "sub_q_idx": 1, "method": "DraftModel", "reprocess_method": "DraftModel", "rate": 0.15, "system_len": 792, "passages_len": [792, 198, 183, 75, 138, 225, 270, 161, 50, 78, 162, 138, 225, 198, 34], "chunk_ids": [0, 3, 4, 6, 1, 2, 10, 11, 12, 13, 14, 1, 2, 3], "selected_abs": [792, 793, 794, 795, 796, 797, 798, 799, 800, 802, 803, 804, 805, 806, 807, 808, 809, 819, 820, 822, 823, 824, 825, 826, 827, 828, 829, 830, 831, 832, 833, 834, 835, 836, 837, 838, 849, 850, 851, 852, 853, 854, 855, 856, 857, 858, 859, 860, 861, 862, 863, 864, 865, 866, 867, 872, 873, 874, 875, 876, 877, 878, 898, 899, 900, 901, 912, 913, 914, 915, 936, 937, 938, 939, 940, 941, 942, 943, 944, 945, 946, 947, 948, 949, 950, 951, 952, 954, 955, 956, 957, 958, 959, 989, 990, 991, 992, 993, 994, 1172, 1173, 1174, 1175, 1176, 1184, 1185, 1186, 1187, 1188, 1189, 1190, 1247, 1248, 1249, 1251, 1252, 1253, 1254, 1255, 1256, 1385, 1386, 1387, 1388, 1389, 1610, 1611, 1612, 1613, 1614, 1615, 1793, 1880, 1881, 1882, 1883, 1887, 1888, 1889, 1890, 1891, 2041, 2042, 2043, 2090, 2091, 2092, 2093, 2094, 2095, 2099, 2100, 2103, 2104, 2105, 2106, 2107, 2108, 2109, 2110, 2169, 2170, 2171, 2172, 2173, 2198, 2199, 2200, 2201, 2202, 2203, 2331, 2332, 2333, 2334, 2335, 2336, 2337, 2338, 2339, 2340, 2341, 2469, 2470, 2471, 2472, 2473, 2627, 2628, 2629, 2694, 2695, 2696, 2697, 2698, 2699, 2700, 2701, 2702, 2703, 2704, 2705, 2706, 2707, 2708, 2709, 2710, 2711, 2712, 2713, 2714, 2715, 2723, 2724, 2725, 2726, 2727, 2731, 2732, 2733, 2734, 2735, 2736, 2737, 2738, 2739, 2740, 2741, 2759, 2760, 2761, 2762, 2763, 2764, 2765, 2766, 2767, 2768, 2769, 2770, 2771, 2775, 2776, 2777, 2778, 2779, 2780, 2781, 2782, 2800, 2801, 2802, 2803, 2804, 2814, 2815, 2816, 2817, 2818, 2832, 2833, 2834, 2835, 2837, 2838, 2839, 2840, 2841, 2842, 2843, 2844, 2845, 2846, 2847, 2848, 2849, 2850, 2851, 2852, 2853, 2854, 2855, 2856, 2857, 2858, 2859, 2860, 2861, 2862, 2863, 2864, 2865, 2866, 2867, 2868, 2869, 2870, 2871, 2872, 2873, 2874, 2875, 2877, 2878, 2879, 2880, 2881, 2882, 2886, 2887, 2888, 2889, 2890, 2891, 2892, 2893, 2894, 2895, 2896, 2897, 2898, 2899, 2900, 2901, 2902, 2903, 2904, 2905, 2906, 2907, 2908, 2909, 2910, 2911, 2912, 2913, 2914, 2915, 2916, 2917, 2918, 2919, 2920, 2921, 2922, 2923, 2924, 2925, 2926], "selected_count": 349, "selection_time": 0.17679218300327193, "selection_score_forward_time": 0.1751189299975522}