{"example_id": 158, "sub_q_idx": 1, "method": "DraftModel", "reprocess_method": "DraftModel", "rate": 0.15, "system_len": 792, "passages_len": [792, 89, 127, 89, 40, 70, 107, 63, 112, 87, 123, 127, 89, 28], "chunk_ids": [0, 11, 1, 12, 13, 14, 15, 16, 17, 18, 9, 1, 11], "selected_abs": [792, 793, 794, 795, 796, 797, 798, 799, 800, 801, 802, 803, 804, 805, 806, 807, 808, 809, 810, 811, 812, 813, 814, 815, 816, 817, 818, 853, 854, 855, 856, 880, 881, 882, 883, 884, 890, 891, 892, 893, 894, 895, 952, 1006, 1007, 1008, 1009, 1010, 1012, 1013, 1014, 1015, 1096, 1097, 1098, 1099, 1136, 1137, 1138, 1313, 1314, 1315, 1316, 1317, 1318, 1319, 1488, 1489, 1490, 1491, 1492, 1575, 1576, 1577, 1578, 1579, 1580, 1603, 1604, 1605, 1606, 1607, 1668, 1698, 1699, 1700, 1701, 1702, 1703, 1704, 1705, 1706, 1707, 1708, 1709, 1710, 1711, 1712, 1713, 1714, 1715, 1716, 1717, 1718, 1719, 1720, 1803, 1822, 1823, 1824, 1825, 1826, 1827, 1828, 1829, 1830, 1831, 1832, 1833, 1834, 1835, 1836, 1837, 1838, 1839, 1840, 1841, 1842, 1843, 1844, 1845, 1846, 1847, 1848, 1849, 1850, 1851, 1852, 1853, 1854, 1872, 1873, 1874, 1875, 1876, 1877, 1880, 1881, 1882, 1883, 1884, 1885, 1886, 1887, 1888, 1889, 1890, 1891, 1893, 1894, 1895, 1896, 1897, 1910, 1911, 1912, 1913, 1914, 1915, 1916, 1917, 1918, 1919, 1920, 1921, 1922, 1923, 1924, 1925, 1926, 1927, 1928, 1929, 1930, 1931, 1932, 1933, 1934, 1935, 1936, 1937, 1938, 1939, 1940, 1941, 1942], "selected_count": 196, "selection_time": 0.12358403599500889, "selection_score_forward_time": 0.12272165300237248}