{"example_id": 131, "sub_q_idx": 0, "method": "DraftModel", "reprocess_method": "DraftModel", "rate": 0.15, "system_len": 792, "passages_len": [792, 115, 62, 118, 94, 66, 125, 134, 42, 115, 104, 28], "chunk_ids": [0, 1, 2, 3, 4, 5, 6, 7, 8, 9, 10], "selected_abs": [792, 793, 794, 795, 796, 797, 798, 799, 800, 801, 802, 804, 805, 813, 814, 815, 816, 817, 818, 819, 820, 821, 822, 831, 832, 833, 834, 835, 836, 837, 838, 839, 840, 841, 842, 843, 844, 845, 846, 847, 848, 849, 850, 851, 852, 853, 854, 855, 856, 857, 858, 888, 889, 890, 891, 905, 906, 907, 908, 909, 910, 968, 969, 970, 971, 972, 973, 974, 975, 1086, 1087, 1088, 1089, 1090, 1091, 1092, 1093, 1094, 1180, 1181, 1182, 1183, 1184, 1246, 1247, 1248, 1249, 1250, 1251, 1371, 1372, 1373, 1374, 1375, 1376, 1377, 1378, 1505, 1506, 1507, 1508, 1509, 1510, 1511, 1546, 1547, 1548, 1549, 1550, 1551, 1552, 1553, 1554, 1662, 1663, 1664, 1665, 1666, 1667, 1718, 1719, 1720, 1722, 1723, 1724, 1726, 1727, 1728, 1729, 1730, 1731, 1732, 1733, 1734, 1735, 1736, 1737, 1738, 1739, 1749, 1750, 1751, 1752, 1764, 1765, 1766, 1767, 1768, 1769, 1770, 1771, 1772, 1773, 1774, 1775, 1776, 1777, 1778, 1779, 1780, 1781, 1782, 1783, 1784, 1785, 1786, 1787, 1788, 1789, 1790, 1791, 1792, 1793, 1794], "selected_count": 174, "selection_time": 0.1184588430041913, "selection_score_forward_time": 0.11765555499732727}