{"example_id": 13, "sub_q_idx": 1, "method": "DraftModel", "reprocess_method": "DraftModel", "rate": 0.15, "system_len": 792, "passages_len": [792, 148, 139, 149, 265, 228, 196, 321, 72, 88, 104, 86, 148, 139, 29], "chunk_ids": [0, 9, 11, 12, 2, 13, 14, 15, 16, 17, 18, 1, 9, 11], "selected_abs": [792, 793, 794, 795, 796, 797, 798, 799, 800, 801, 802, 811, 812, 813, 814, 833, 834, 835, 836, 837, 838, 839, 840, 841, 842, 843, 844, 845, 847, 848, 849, 868, 869, 870, 871, 872, 873, 876, 877, 878, 880, 881, 938, 939, 940, 941, 942, 943, 944, 945, 1054, 1055, 1057, 1058, 1075, 1076, 1077, 1078, 1079, 1080, 1081, 1082, 1083, 1084, 1085, 1086, 1087, 1088, 1233, 1234, 1235, 1236, 1237, 1238, 1492, 1493, 1494, 1495, 1676, 1720, 1721, 1722, 1723, 1724, 1725, 1726, 1727, 1728, 1729, 1730, 1731, 1732, 1733, 1916, 1917, 1918, 1919, 1920, 2237, 2238, 2239, 2240, 2241, 2242, 2243, 2244, 2309, 2310, 2311, 2312, 2313, 2314, 2315, 2397, 2398, 2399, 2400, 2401, 2402, 2403, 2404, 2501, 2502, 2503, 2504, 2505, 2506, 2507, 2520, 2521, 2522, 2523, 2524, 2525, 2526, 2528, 2529, 2530, 2531, 2532, 2533, 2534, 2536, 2537, 2538, 2539, 2540, 2541, 2547, 2548, 2549, 2586, 2587, 2588, 2589, 2590, 2591, 2592, 2593, 2594, 2595, 2596, 2597, 2598, 2621, 2622, 2623, 2624, 2625, 2626, 2629, 2630, 2631, 2632, 2633, 2634, 2635, 2636, 2637, 2638, 2639, 2640, 2641, 2642, 2643, 2644, 2651, 2652, 2653, 2654, 2655, 2656, 2662, 2663, 2664, 2665, 2666, 2667, 2668, 2669, 2670, 2671, 2672, 2673, 2674, 2675, 2676, 2677, 2683, 2684, 2685, 2686, 2687, 2688, 2689, 2690, 2691, 2692, 2693, 2694, 2695, 2696, 2697, 2698, 2699, 2700, 2701, 2702, 2703, 2704, 2705, 2706, 2707, 2708, 2709, 2710, 2711, 2712, 2713, 2714, 2715, 2716, 2717, 2718, 2719, 2720, 2721, 2722, 2723, 2730, 2731, 2734, 2735, 2736, 2737, 2738, 2739, 2740, 2741, 2778, 2779, 2780, 2781, 2782, 2783, 2784, 2785, 2786, 2787, 2788, 2789, 2790, 2791, 2792, 2793, 2794, 2795, 2796, 2797, 2798, 2799, 2817, 2818, 2819, 2820, 2821, 2822, 2823, 2824, 2825, 2826, 2845, 2846, 2847, 2850, 2851, 2852, 2853, 2854, 2855, 2856, 2857, 2858, 2859, 2867, 2868, 2869, 2870, 2871, 2872, 2873, 2874, 2875, 2876, 2877, 2878, 2879, 2880, 2881, 2882, 2883, 2884, 2885, 2886, 2887, 2888, 2889, 2890, 2891, 2892, 2893, 2894, 2895, 2896, 2897, 2898, 2899, 2900, 2901, 2902, 2903], "selected_count": 341, "selection_time": 0.17444126299960772, "selection_score_forward_time": 0.17263551100040786}