{"example_id": 100, "sub_q_idx": 0, "method": "DraftModel", "reprocess_method": "DraftModel", "rate": 0.15, "system_len": 792, "passages_len": [792, 57, 108, 143, 171, 55, 297, 163, 149, 105, 85, 30], "chunk_ids": [0, 1, 2, 3, 4, 5, 6, 7, 8, 9, 10], "selected_abs": [792, 793, 794, 795, 796, 797, 798, 799, 800, 801, 802, 803, 804, 805, 806, 807, 808, 809, 810, 811, 812, 813, 848, 849, 850, 851, 852, 853, 854, 855, 856, 857, 865, 866, 867, 868, 869, 870, 931, 956, 957, 958, 959, 977, 978, 979, 980, 1009, 1034, 1099, 1100, 1101, 1102, 1103, 1104, 1106, 1107, 1108, 1109, 1270, 1271, 1272, 1273, 1274, 1275, 1276, 1290, 1291, 1292, 1293, 1294, 1295, 1296, 1297, 1298, 1325, 1326, 1327, 1328, 1329, 1330, 1331, 1332, 1622, 1623, 1624, 1625, 1626, 1627, 1628, 1629, 1630, 1631, 1632, 1633, 1634, 1635, 1711, 1712, 1785, 1786, 1787, 1788, 1789, 1790, 1791, 1792, 1794, 1795, 1796, 1797, 1928, 1929, 1930, 1931, 1932, 1933, 1934, 1935, 1936, 1937, 1938, 1939, 1940, 1941, 1942, 2038, 2039, 2040, 2041, 2042, 2043, 2044, 2045, 2046, 2047, 2048, 2049, 2050, 2051, 2052, 2053, 2054, 2055, 2056, 2057, 2058, 2059, 2060, 2061, 2062, 2063, 2064, 2065, 2066, 2067, 2068, 2069, 2070, 2071, 2072, 2073, 2074, 2075, 2076, 2077, 2078, 2079, 2080, 2081, 2082, 2083, 2085, 2086, 2087, 2089, 2090, 2091, 2092, 2093, 2094, 2099, 2100, 2101, 2102, 2103, 2104, 2105, 2106, 2107, 2108, 2117, 2118, 2119, 2120, 2121, 2122, 2123, 2124, 2125, 2126, 2127, 2128, 2129, 2130, 2131, 2132, 2133, 2134, 2135, 2136, 2137, 2138, 2139, 2140, 2141, 2142, 2143, 2144, 2145, 2146, 2147, 2148, 2149, 2150, 2151, 2152, 2153, 2154], "selected_count": 229, "selection_time": 0.25561815800028853, "selection_score_forward_time": 0.2542428799933987}