{"example_id": 64, "sub_q_idx": 1, "method": "DraftModel", "reprocess_method": "DraftModel", "rate": 0.15, "system_len": 792, "passages_len": [792, 64, 75, 71, 51, 109, 115, 64, 173, 153, 85, 71, 64, 31], "chunk_ids": [0, 11, 12, 1, 13, 14, 15, 16, 17, 18, 19, 1, 11], "selected_abs": [792, 793, 794, 795, 796, 797, 798, 799, 800, 801, 802, 803, 804, 805, 806, 807, 808, 809, 810, 811, 812, 855, 856, 857, 858, 930, 931, 932, 933, 954, 955, 956, 957, 958, 959, 1214, 1276, 1277, 1278, 1279, 1280, 1282, 1283, 1284, 1285, 1286, 1340, 1341, 1342, 1343, 1344, 1345, 1513, 1514, 1515, 1516, 1517, 1518, 1519, 1520, 1521, 1522, 1523, 1524, 1525, 1526, 1527, 1528, 1529, 1530, 1531, 1537, 1538, 1539, 1540, 1541, 1542, 1666, 1667, 1668, 1669, 1670, 1671, 1672, 1673, 1674, 1675, 1687, 1688, 1689, 1690, 1691, 1692, 1693, 1694, 1695, 1714, 1715, 1716, 1717, 1751, 1752, 1753, 1754, 1755, 1756, 1757, 1758, 1759, 1760, 1761, 1772, 1773, 1774, 1775, 1776, 1777, 1778, 1779, 1780, 1787, 1788, 1789, 1790, 1791, 1792, 1793, 1794, 1795, 1796, 1821, 1822, 1823, 1824, 1825, 1826, 1827, 1828, 1829, 1830, 1831, 1832, 1833, 1834, 1835, 1836, 1837, 1838, 1839, 1840, 1841, 1842, 1843, 1844, 1859, 1878, 1879, 1880, 1881, 1882, 1883, 1884, 1885, 1886, 1887, 1888, 1889, 1890, 1891, 1892, 1893, 1894, 1895, 1896, 1897, 1898, 1899, 1900, 1901, 1902, 1903, 1904, 1905, 1906, 1907, 1908, 1909, 1910, 1911, 1912, 1913, 1914, 1915, 1916, 1917], "selected_count": 195, "selection_time": 0.12076591500226641, "selection_score_forward_time": 0.11982796200027224}