{"example_id": 24, "sub_q_idx": 0, "method": "DraftModel", "reprocess_method": "DraftModel", "rate": 0.15, "system_len": 792, "passages_len": [792, 256, 242, 222, 47, 180, 123, 95, 92, 89, 210, 30], "chunk_ids": [0, 1, 2, 3, 4, 5, 6, 7, 8, 9, 10], "selected_abs": [792, 793, 794, 795, 796, 797, 798, 799, 800, 801, 802, 803, 804, 805, 806, 807, 808, 811, 812, 813, 814, 815, 816, 817, 818, 819, 820, 821, 822, 823, 824, 825, 826, 827, 834, 835, 836, 837, 838, 839, 840, 841, 848, 849, 850, 890, 891, 892, 908, 909, 910, 911, 912, 913, 945, 946, 947, 948, 949, 1024, 1025, 1047, 1048, 1049, 1050, 1051, 1052, 1053, 1054, 1055, 1056, 1057, 1058, 1059, 1060, 1061, 1062, 1063, 1064, 1065, 1072, 1073, 1074, 1075, 1076, 1077, 1078, 1079, 1104, 1105, 1133, 1134, 1136, 1282, 1288, 1289, 1290, 1291, 1292, 1293, 1294, 1295, 1296, 1297, 1298, 1299, 1300, 1301, 1302, 1303, 1304, 1305, 1306, 1307, 1308, 1311, 1312, 1313, 1314, 1315, 1316, 1453, 1454, 1455, 1511, 1512, 1513, 1514, 1515, 1516, 1517, 1518, 1558, 1559, 1560, 1561, 1562, 1563, 1564, 1565, 1566, 1567, 1568, 1569, 1714, 1715, 1738, 1739, 1740, 1741, 1742, 1743, 1744, 1745, 1746, 1747, 1748, 1749, 1750, 1751, 1752, 1753, 1754, 1755, 1756, 1757, 1758, 1792, 1793, 1794, 1839, 1840, 1841, 1842, 1843, 1844, 1845, 1860, 1861, 1862, 1863, 1864, 1865, 1866, 1956, 1957, 1958, 1959, 1960, 1961, 1962, 1963, 1964, 1965, 1966, 1967, 1968, 1969, 1970, 2048, 2049, 2050, 2051, 2052, 2053, 2054, 2055, 2056, 2057, 2058, 2137, 2138, 2139, 2140, 2141, 2142, 2291, 2328, 2329, 2330, 2331, 2332, 2333, 2334, 2335, 2336, 2337, 2338, 2339, 2340, 2341, 2346, 2347, 2348, 2349, 2350, 2351, 2352, 2353, 2354, 2355, 2356, 2357, 2358, 2359, 2360, 2361, 2362, 2363, 2364, 2365, 2366, 2367, 2368, 2369, 2370, 2371, 2372, 2373, 2374, 2375, 2376, 2377], "selected_count": 263, "selection_time": 0.13959210999746574, "selection_score_forward_time": 0.13830934799625538}