{"example_id": 38, "sub_q_idx": 0, "method": "DraftModel", "reprocess_method": "DraftModel", "rate": 0.15, "system_len": 792, "passages_len": [792, 43, 96, 77, 83, 136, 80, 80, 53, 80, 81, 28], "chunk_ids": [0, 1, 2, 3, 4, 5, 6, 7, 8, 9, 10], "selected_abs": [792, 793, 794, 795, 796, 797, 798, 799, 800, 801, 802, 803, 804, 805, 806, 807, 808, 809, 810, 811, 812, 813, 815, 816, 817, 827, 828, 829, 830, 831, 832, 833, 834, 835, 836, 837, 838, 839, 840, 841, 842, 843, 917, 918, 919, 920, 921, 922, 923, 924, 925, 926, 930, 931, 932, 933, 934, 935, 936, 937, 1007, 1008, 1009, 1010, 1011, 1013, 1014, 1015, 1016, 1017, 1090, 1091, 1092, 1093, 1094, 1226, 1227, 1228, 1229, 1230, 1231, 1232, 1233, 1234, 1235, 1306, 1307, 1308, 1309, 1310, 1311, 1312, 1313, 1314, 1385, 1386, 1387, 1388, 1389, 1439, 1440, 1441, 1442, 1443, 1444, 1445, 1446, 1518, 1519, 1520, 1521, 1522, 1523, 1525, 1526, 1527, 1528, 1529, 1530, 1599, 1600, 1601, 1602, 1603, 1604, 1605, 1606, 1607, 1608, 1609, 1610, 1611, 1612, 1613, 1614, 1615, 1616, 1617, 1618, 1619, 1620, 1621, 1622, 1623, 1624, 1625, 1626, 1627, 1628], "selected_count": 149, "selection_time": 0.1016234449998592, "selection_score_forward_time": 0.10075191299983999}