{"example_id": 145, "sub_q_idx": 0, "method": "DraftModel", "reprocess_method": "DraftModel", "rate": 0.15, "system_len": 792, "passages_len": [792, 109, 150, 69, 53, 219, 59, 192, 88, 37, 51, 28], "chunk_ids": [0, 1, 2, 3, 4, 5, 6, 7, 8, 9, 10], "selected_abs": [792, 793, 794, 795, 796, 797, 798, 799, 800, 801, 802, 803, 804, 805, 806, 807, 808, 809, 810, 811, 812, 813, 814, 900, 901, 902, 903, 904, 905, 906, 907, 1050, 1051, 1052, 1053, 1054, 1055, 1056, 1057, 1059, 1060, 1079, 1080, 1081, 1082, 1083, 1084, 1085, 1091, 1092, 1093, 1094, 1095, 1096, 1097, 1098, 1119, 1120, 1121, 1122, 1123, 1124, 1172, 1173, 1174, 1175, 1176, 1177, 1391, 1392, 1393, 1394, 1395, 1396, 1397, 1398, 1399, 1450, 1451, 1452, 1453, 1454, 1455, 1456, 1457, 1642, 1643, 1644, 1645, 1646, 1662, 1663, 1664, 1665, 1666, 1667, 1668, 1669, 1670, 1730, 1731, 1732, 1733, 1734, 1735, 1736, 1737, 1738, 1739, 1740, 1741, 1742, 1743, 1744, 1745, 1746, 1747, 1748, 1749, 1750, 1751, 1752, 1753, 1754, 1767, 1768, 1769, 1770, 1771, 1772, 1773, 1774, 1775, 1777, 1778, 1779, 1780, 1781, 1782, 1783, 1784, 1785, 1786, 1787, 1788, 1789, 1790, 1791, 1792, 1793, 1794, 1795, 1796, 1797, 1819, 1820, 1821, 1822, 1823, 1824, 1825, 1826, 1827, 1828, 1829, 1830, 1831, 1832, 1833, 1834, 1835, 1836, 1837, 1838, 1839, 1840, 1841, 1842, 1843, 1844, 1845, 1846], "selected_count": 182, "selection_time": 0.1194739499987918, "selection_score_forward_time": 0.11858191100327531}