{"example_id": 151, "sub_q_idx": 0, "method": "DraftModel", "reprocess_method": "DraftModel", "rate": 0.15, "system_len": 792, "passages_len": [792, 55, 96, 83, 32, 142, 102, 233, 61, 63, 70, 28], "chunk_ids": [0, 1, 2, 3, 4, 5, 6, 7, 8, 9, 10], "selected_abs": [792, 793, 794, 795, 796, 797, 798, 799, 800, 801, 802, 803, 804, 805, 806, 807, 808, 809, 810, 811, 812, 813, 814, 815, 816, 817, 818, 819, 820, 821, 822, 846, 847, 848, 849, 850, 851, 852, 853, 942, 943, 944, 945, 946, 947, 1025, 1026, 1027, 1028, 1029, 1030, 1031, 1032, 1033, 1034, 1035, 1056, 1057, 1058, 1059, 1060, 1061, 1113, 1199, 1200, 1201, 1202, 1203, 1204, 1205, 1206, 1301, 1302, 1303, 1304, 1305, 1306, 1307, 1308, 1309, 1534, 1535, 1536, 1537, 1538, 1539, 1540, 1541, 1557, 1558, 1559, 1560, 1561, 1562, 1563, 1564, 1565, 1566, 1568, 1569, 1570, 1571, 1572, 1573, 1574, 1575, 1576, 1594, 1595, 1596, 1597, 1598, 1599, 1600, 1601, 1618, 1657, 1658, 1659, 1660, 1661, 1662, 1663, 1664, 1678, 1681, 1682, 1683, 1684, 1685, 1686, 1711, 1712, 1713, 1714, 1715, 1716, 1717, 1727, 1728, 1729, 1730, 1731, 1732, 1733, 1734, 1735, 1736, 1737, 1738, 1739, 1740, 1741, 1742, 1743, 1744, 1745, 1746, 1747, 1748, 1749, 1750, 1751, 1752, 1753, 1754, 1755, 1756], "selected_count": 168, "selection_time": 0.10673575699911453, "selection_score_forward_time": 0.10574930500297341}