{"example_id": 150, "sub_q_idx": 0, "method": "DraftModel", "reprocess_method": "DraftModel", "rate": 0.15, "system_len": 792, "passages_len": [792, 82, 81, 111, 83, 80, 80, 80, 81, 80, 82, 37], "chunk_ids": [0, 1, 2, 3, 4, 5, 6, 7, 8, 9, 10], "selected_abs": [792, 793, 794, 795, 796, 797, 798, 799, 800, 801, 802, 803, 804, 805, 806, 807, 808, 809, 810, 811, 812, 813, 814, 815, 816, 817, 818, 819, 820, 821, 850, 851, 853, 854, 871, 872, 873, 874, 875, 876, 877, 882, 883, 884, 885, 886, 887, 888, 889, 890, 891, 894, 895, 896, 897, 948, 949, 950, 953, 954, 955, 956, 957, 958, 963, 964, 965, 978, 979, 980, 981, 982, 983, 1065, 1066, 1067, 1068, 1069, 1072, 1073, 1074, 1075, 1076, 1077, 1078, 1079, 1157, 1158, 1159, 1160, 1161, 1162, 1237, 1238, 1239, 1240, 1241, 1317, 1318, 1319, 1320, 1321, 1397, 1398, 1399, 1400, 1401, 1478, 1479, 1480, 1481, 1529, 1548, 1549, 1550, 1551, 1552, 1553, 1554, 1558, 1559, 1560, 1561, 1562, 1630, 1631, 1632, 1633, 1634, 1635, 1636, 1637, 1638, 1639, 1640, 1641, 1642, 1643, 1644, 1645, 1646, 1647, 1648, 1649, 1650, 1651, 1652, 1653, 1654, 1655, 1656, 1657, 1658, 1659, 1660, 1661, 1662, 1663, 1664, 1665, 1666, 1667, 1668], "selected_count": 163, "selection_time": 0.2509771559998626, "selection_score_forward_time": 0.24977536100050202}