{"example_id": 96, "sub_q_idx": 0, "method": "DraftModel", "reprocess_method": "DraftModel", "rate": 0.15, "system_len": 792, "passages_len": [792, 30, 91, 56, 126, 71, 203, 146, 119, 127, 116, 28], "chunk_ids": [0, 1, 2, 3, 4, 5, 6, 7, 8, 9, 10], "selected_abs": [792, 793, 794, 795, 796, 797, 798, 799, 800, 801, 802, 803, 804, 805, 806, 807, 808, 809, 810, 811, 812, 813, 814, 815, 816, 818, 819, 820, 821, 822, 823, 824, 825, 826, 827, 828, 829, 864, 865, 866, 867, 868, 869, 882, 890, 891, 892, 893, 894, 912, 913, 914, 915, 916, 917, 918, 919, 920, 921, 922, 923, 931, 932, 933, 934, 935, 936, 937, 938, 939, 958, 959, 960, 967, 968, 969, 970, 971, 972, 973, 974, 975, 976, 977, 978, 979, 980, 981, 982, 990, 1049, 1094, 1095, 1096, 1097, 1098, 1099, 1153, 1154, 1155, 1156, 1157, 1158, 1165, 1166, 1167, 1168, 1169, 1368, 1369, 1370, 1371, 1372, 1373, 1374, 1375, 1376, 1377, 1378, 1397, 1398, 1399, 1400, 1476, 1477, 1478, 1514, 1515, 1516, 1517, 1518, 1519, 1520, 1633, 1634, 1635, 1636, 1637, 1638, 1760, 1761, 1762, 1763, 1764, 1765, 1766, 1767, 1768, 1769, 1770, 1771, 1772, 1773, 1774, 1782, 1783, 1784, 1785, 1786, 1787, 1875, 1876, 1877, 1878, 1879, 1880, 1881, 1882, 1883, 1884, 1885, 1886, 1887, 1888, 1889, 1890, 1891, 1892, 1893, 1894, 1895, 1896, 1897, 1898, 1899, 1900, 1901, 1902, 1903, 1904], "selected_count": 190, "selection_time": 0.12148357200203463, "selection_score_forward_time": 0.12054973799968138}