{"example_id": 155, "sub_q_idx": 0, "method": "DraftModel", "reprocess_method": "DraftModel", "rate": 0.15, "system_len": 792, "passages_len": [792, 86, 99, 250, 150, 106, 121, 112, 172, 43, 124, 35], "chunk_ids": [0, 1, 2, 3, 4, 5, 6, 7, 8, 9, 10], "selected_abs": [792, 793, 794, 795, 796, 797, 798, 799, 800, 801, 802, 803, 804, 805, 806, 807, 808, 809, 810, 811, 812, 813, 814, 815, 816, 817, 876, 877, 878, 879, 880, 881, 882, 883, 884, 885, 886, 887, 888, 889, 890, 891, 897, 898, 899, 900, 901, 902, 903, 976, 977, 978, 979, 980, 981, 982, 983, 984, 985, 1226, 1227, 1228, 1229, 1230, 1231, 1334, 1336, 1337, 1376, 1377, 1378, 1379, 1380, 1381, 1382, 1383, 1384, 1385, 1386, 1387, 1388, 1397, 1398, 1399, 1400, 1401, 1411, 1412, 1413, 1414, 1415, 1416, 1417, 1482, 1483, 1484, 1485, 1486, 1603, 1604, 1605, 1606, 1607, 1608, 1609, 1610, 1611, 1612, 1613, 1614, 1715, 1716, 1717, 1718, 1719, 1720, 1721, 1722, 1723, 1887, 1888, 1889, 1890, 1891, 1892, 1893, 1894, 1895, 1896, 1897, 1898, 1916, 1917, 1918, 1919, 1920, 1921, 1929, 1930, 1931, 1932, 1933, 1934, 1935, 1936, 1953, 1956, 1957, 1958, 1959, 1960, 1961, 1962, 1963, 1964, 1965, 1966, 1967, 1968, 1969, 1970, 1971, 2015, 2016, 2017, 2018, 2019, 2020, 2021, 2022, 2023, 2024, 2025, 2026, 2027, 2028, 2029, 2030, 2031, 2032, 2033, 2034, 2035, 2036, 2037, 2038, 2039, 2053, 2054, 2055, 2056, 2057, 2058, 2059, 2060, 2061, 2062, 2063, 2064, 2065, 2066, 2067, 2068, 2069, 2070, 2071, 2072, 2073, 2074, 2075, 2076, 2077, 2078, 2079, 2080, 2081, 2082, 2083, 2084, 2085, 2086, 2087, 2088, 2089], "selected_count": 224, "selection_time": 0.12831757200183347, "selection_score_forward_time": 0.12737705699692015}