{"example_id": 117, "sub_q_idx": 1, "method": "DraftModel", "reprocess_method": "DraftModel", "rate": 0.15, "system_len": 792, "passages_len": [792, 82, 95, 43, 49, 68, 110, 106, 76, 112, 152, 49, 82, 28], "chunk_ids": [0, 11, 12, 13, 1, 14, 15, 16, 17, 18, 19, 1, 11], "selected_abs": [792, 793, 794, 795, 796, 797, 798, 799, 800, 801, 802, 803, 812, 813, 814, 815, 816, 817, 818, 819, 820, 821, 822, 823, 833, 834, 835, 836, 873, 874, 875, 876, 877, 880, 881, 882, 883, 884, 885, 886, 887, 888, 968, 969, 970, 971, 972, 982, 983, 984, 985, 986, 987, 1011, 1012, 1013, 1014, 1015, 1344, 1345, 1346, 1347, 1348, 1386, 1420, 1421, 1422, 1423, 1424, 1532, 1533, 1534, 1535, 1536, 1537, 1538, 1683, 1684, 1685, 1686, 1687, 1688, 1689, 1690, 1691, 1692, 1693, 1705, 1706, 1707, 1708, 1709, 1710, 1711, 1729, 1732, 1733, 1734, 1735, 1736, 1737, 1738, 1739, 1740, 1741, 1742, 1743, 1744, 1745, 1746, 1747, 1748, 1749, 1750, 1751, 1752, 1753, 1754, 1755, 1756, 1757, 1758, 1759, 1760, 1761, 1762, 1763, 1764, 1765, 1766, 1767, 1768, 1769, 1770, 1771, 1772, 1773, 1774, 1775, 1776, 1777, 1778, 1779, 1780, 1781, 1782, 1783, 1784, 1785, 1786, 1813, 1814, 1815, 1816, 1817, 1818, 1819, 1820, 1821, 1822, 1823, 1824, 1825, 1826, 1827, 1828, 1829, 1830, 1831, 1832, 1833, 1834, 1835, 1836, 1837, 1838, 1839, 1840, 1841, 1842, 1843], "selected_count": 181, "selection_time": 0.11866542600182584, "selection_score_forward_time": 0.11789044699980877}