{"example_id": 118, "sub_q_idx": 0, "method": "DraftModel", "reprocess_method": "DraftModel", "rate": 0.15, "system_len": 792, "passages_len": [792, 108, 81, 179, 35, 56, 189, 139, 80, 137, 223, 108, 81, 25], "chunk_ids": [0, 1, 2, 3, 4, 5, 6, 7, 8, 9, 10, 1, 2], "selected_abs": [792, 793, 794, 795, 796, 797, 798, 799, 800, 801, 802, 803, 804, 805, 806, 809, 810, 811, 812, 826, 827, 828, 829, 830, 831, 832, 882, 883, 884, 885, 899, 900, 901, 902, 903, 904, 905, 906, 907, 908, 909, 910, 911, 926, 927, 928, 979, 980, 981, 982, 983, 984, 1008, 1009, 1010, 1159, 1160, 1161, 1162, 1163, 1193, 1194, 1195, 1196, 1197, 1198, 1199, 1200, 1201, 1202, 1203, 1250, 1251, 1252, 1253, 1254, 1439, 1440, 1441, 1442, 1443, 1444, 1445, 1446, 1578, 1579, 1580, 1581, 1582, 1583, 1584, 1585, 1644, 1658, 1659, 1660, 1661, 1662, 1663, 1664, 1795, 1796, 1797, 1798, 1799, 1800, 1801, 1802, 1909, 1910, 2018, 2019, 2020, 2021, 2022, 2023, 2024, 2025, 2026, 2027, 2028, 2029, 2030, 2031, 2032, 2036, 2037, 2038, 2039, 2040, 2041, 2042, 2043, 2044, 2049, 2050, 2051, 2052, 2053, 2054, 2055, 2056, 2057, 2058, 2059, 2060, 2061, 2062, 2067, 2068, 2069, 2070, 2074, 2107, 2108, 2109, 2110, 2111, 2112, 2116, 2117, 2118, 2119, 2121, 2122, 2123, 2124, 2125, 2126, 2127, 2128, 2129, 2130, 2131, 2132, 2133, 2134, 2135, 2136, 2137, 2138, 2139, 2140, 2141, 2142, 2143, 2144, 2145, 2146, 2150, 2151, 2152, 2153, 2154, 2155, 2156, 2157, 2158, 2159, 2193, 2194, 2195, 2196, 2197, 2200, 2201, 2202, 2203, 2204, 2205, 2206, 2207, 2208, 2209, 2210, 2211, 2212, 2213, 2214, 2215, 2216, 2217, 2218, 2219, 2220, 2221, 2222, 2223, 2224, 2225, 2226, 2227, 2228, 2229, 2230, 2231, 2232], "selected_count": 237, "selection_time": 0.1345444079997833, "selection_score_forward_time": 0.13345841000409564}