{"example_id": 32, "sub_q_idx": 0, "method": "DraftModel", "reprocess_method": "DraftModel", "rate": 0.15, "system_len": 792, "passages_len": [792, 221, 72, 114, 78, 285, 232, 90, 65, 182, 100, 31], "chunk_ids": [0, 1, 2, 3, 4, 5, 6, 7, 8, 9, 10], "selected_abs": [792, 793, 794, 795, 796, 797, 798, 799, 800, 801, 802, 803, 804, 805, 806, 807, 808, 809, 810, 811, 812, 813, 815, 816, 817, 818, 819, 820, 821, 822, 823, 824, 825, 830, 831, 832, 833, 834, 835, 866, 867, 868, 894, 895, 896, 903, 904, 905, 906, 984, 985, 986, 1012, 1013, 1014, 1015, 1016, 1017, 1018, 1019, 1020, 1021, 1022, 1023, 1024, 1025, 1026, 1027, 1028, 1029, 1030, 1037, 1039, 1040, 1041, 1042, 1043, 1044, 1045, 1046, 1047, 1060, 1061, 1062, 1063, 1084, 1085, 1086, 1087, 1088, 1089, 1090, 1091, 1092, 1093, 1119, 1120, 1121, 1122, 1123, 1124, 1198, 1199, 1200, 1201, 1202, 1203, 1204, 1205, 1213, 1214, 1215, 1222, 1223, 1276, 1277, 1278, 1279, 1280, 1281, 1282, 1283, 1284, 1291, 1292, 1293, 1561, 1562, 1563, 1564, 1793, 1794, 1795, 1796, 1853, 1854, 1855, 1856, 1882, 1883, 1884, 1885, 1886, 1887, 1888, 1889, 1897, 1898, 1908, 1911, 1912, 1913, 1914, 1915, 1947, 1948, 1949, 1950, 1951, 1952, 1953, 1954, 1955, 1956, 1957, 1958, 1959, 1960, 2093, 2094, 2095, 2129, 2130, 2131, 2132, 2133, 2134, 2135, 2136, 2137, 2138, 2139, 2146, 2147, 2148, 2149, 2150, 2151, 2152, 2153, 2154, 2155, 2156, 2157, 2158, 2159, 2167, 2168, 2169, 2170, 2174, 2175, 2176, 2177, 2198, 2199, 2200, 2201, 2203, 2204, 2205, 2206, 2226, 2229, 2230, 2231, 2232, 2233, 2234, 2235, 2236, 2237, 2238, 2239, 2240, 2241, 2242, 2243, 2244, 2245, 2246, 2247, 2248, 2249, 2250, 2251, 2252, 2253, 2254, 2255, 2256, 2257, 2258, 2259, 2260, 2261], "selected_count": 246, "selection_time": 0.13469737199920928, "selection_score_forward_time": 0.13346983500377974}