{"example_id": 128, "sub_q_idx": 0, "method": "DraftModel", "reprocess_method": "DraftModel", "rate": 0.15, "system_len": 792, "passages_len": [792, 72, 123, 207, 130, 102, 252, 95, 122, 208, 163, 72, 123, 30], "chunk_ids": [0, 1, 2, 3, 4, 5, 6, 7, 8, 9, 10, 1, 2], "selected_abs": [792, 793, 794, 795, 796, 797, 798, 799, 800, 801, 802, 803, 804, 805, 806, 807, 808, 809, 810, 811, 812, 813, 814, 815, 833, 834, 835, 862, 863, 864, 865, 866, 867, 868, 869, 870, 871, 872, 873, 874, 875, 876, 877, 878, 879, 880, 881, 882, 883, 884, 885, 886, 887, 888, 903, 904, 905, 906, 907, 908, 909, 923, 924, 925, 926, 927, 928, 929, 930, 931, 932, 959, 972, 973, 985, 986, 987, 988, 989, 990, 991, 994, 995, 996, 997, 998, 1007, 1008, 1009, 1010, 1011, 1015, 1016, 1017, 1018, 1193, 1194, 1195, 1196, 1197, 1208, 1209, 1210, 1211, 1323, 1324, 1325, 1326, 1327, 1328, 1329, 1330, 1331, 1332, 1362, 1363, 1364, 1417, 1418, 1442, 1443, 1444, 1445, 1469, 1470, 1471, 1472, 1473, 1609, 1677, 1678, 1679, 1893, 1894, 1895, 1896, 2102, 2103, 2104, 2105, 2128, 2129, 2130, 2131, 2132, 2239, 2260, 2261, 2265, 2266, 2267, 2268, 2269, 2270, 2271, 2272, 2273, 2274, 2275, 2276, 2277, 2278, 2279, 2280, 2281, 2282, 2283, 2284, 2285, 2286, 2307, 2308, 2309, 2310, 2318, 2319, 2320, 2321, 2322, 2323, 2336, 2337, 2338, 2339, 2340, 2341, 2342, 2343, 2344, 2345, 2346, 2347, 2348, 2349, 2350, 2351, 2352, 2353, 2354, 2355, 2356, 2357, 2358, 2359, 2360, 2361, 2362, 2363, 2373, 2374, 2375, 2376, 2377, 2378, 2379, 2380, 2381, 2382, 2383, 2397, 2398, 2399, 2400, 2401, 2402, 2403, 2404, 2405, 2406, 2407, 2408, 2409, 2410, 2418, 2419, 2420, 2421, 2422, 2423, 2432, 2433, 2446, 2447, 2454, 2455, 2456, 2457, 2458, 2459, 2460, 2461, 2462, 2463, 2464, 2465, 2466, 2467, 2468, 2469, 2470, 2471, 2472, 2473, 2474, 2475, 2476, 2477, 2478, 2479, 2480, 2481, 2482, 2483, 2484, 2485, 2486, 2487, 2488, 2489, 2490], "selected_count": 280, "selection_time": 0.15340880100120557, "selection_score_forward_time": 0.15205021400470287}