{"example_id": 183, "sub_q_idx": 0, "method": "DraftModel", "reprocess_method": "DraftModel", "rate": 0.15, "system_len": 792, "passages_len": [792, 331, 133, 162, 184, 81, 173, 127, 112, 139, 152, 27], "chunk_ids": [0, 1, 2, 3, 4, 5, 6, 7, 8, 9, 10], "selected_abs": [792, 793, 794, 795, 796, 797, 798, 799, 800, 801, 802, 803, 804, 805, 806, 807, 808, 809, 810, 811, 812, 813, 814, 833, 834, 835, 836, 837, 850, 851, 852, 853, 1122, 1123, 1124, 1125, 1126, 1127, 1128, 1129, 1130, 1131, 1132, 1133, 1134, 1135, 1136, 1137, 1138, 1139, 1140, 1141, 1142, 1143, 1144, 1145, 1146, 1147, 1149, 1150, 1151, 1152, 1153, 1154, 1155, 1156, 1157, 1158, 1159, 1160, 1164, 1165, 1166, 1167, 1181, 1182, 1183, 1195, 1196, 1197, 1198, 1199, 1200, 1201, 1202, 1203, 1204, 1230, 1231, 1255, 1256, 1257, 1258, 1259, 1260, 1261, 1262, 1263, 1264, 1265, 1417, 1418, 1419, 1420, 1421, 1422, 1423, 1601, 1602, 1603, 1604, 1605, 1606, 1607, 1608, 1609, 1610, 1611, 1612, 1613, 1614, 1615, 1616, 1617, 1618, 1619, 1620, 1621, 1622, 1626, 1627, 1628, 1629, 1678, 1679, 1680, 1681, 1682, 1683, 1684, 1685, 1686, 1687, 1688, 1689, 1690, 1691, 1725, 1808, 1809, 1810, 1855, 1856, 1857, 1858, 1859, 1860, 1861, 1862, 1863, 1864, 1868, 1869, 1870, 1871, 1872, 1876, 1877, 1879, 1880, 1982, 1983, 1984, 1985, 1986, 1987, 1988, 1989, 1990, 1991, 1992, 1993, 1994, 1995, 2030, 2031, 2032, 2033, 2057, 2058, 2059, 2094, 2095, 2096, 2097, 2098, 2099, 2100, 2101, 2102, 2103, 2104, 2105, 2139, 2140, 2141, 2143, 2144, 2145, 2232, 2233, 2234, 2235, 2236, 2237, 2238, 2239, 2240, 2242, 2243, 2244, 2245, 2246, 2247, 2288, 2289, 2290, 2337, 2338, 2339, 2340, 2341, 2375, 2376, 2377, 2378, 2379, 2384, 2385, 2386, 2387, 2388, 2389, 2390, 2391, 2392, 2393, 2394, 2395, 2396, 2397, 2398, 2399, 2400, 2401, 2402, 2403, 2404, 2405, 2406, 2407, 2408, 2409, 2410, 2411, 2412], "selected_count": 266, "selection_time": 0.14028065300226444, "selection_score_forward_time": 0.138931663997937}