{"example_id": 130, "sub_q_idx": 0, "method": "DraftModel", "reprocess_method": "DraftModel", "rate": 0.15, "system_len": 792, "passages_len": [792, 66, 78, 124, 107, 61, 57, 111, 41, 158, 147, 28], "chunk_ids": [0, 1, 2, 3, 4, 5, 6, 7, 8, 9, 10], "selected_abs": [792, 793, 794, 795, 796, 797, 798, 799, 800, 801, 802, 803, 804, 805, 806, 807, 808, 809, 810, 811, 812, 813, 814, 815, 816, 817, 818, 819, 820, 821, 822, 823, 856, 857, 858, 859, 860, 861, 862, 863, 864, 870, 871, 872, 873, 874, 875, 876, 877, 878, 879, 880, 934, 935, 936, 937, 938, 939, 940, 941, 942, 943, 1055, 1056, 1058, 1059, 1060, 1061, 1062, 1063, 1161, 1162, 1165, 1166, 1167, 1168, 1169, 1170, 1171, 1172, 1173, 1174, 1175, 1176, 1227, 1228, 1229, 1230, 1231, 1232, 1235, 1236, 1237, 1238, 1259, 1260, 1261, 1262, 1263, 1280, 1281, 1282, 1283, 1284, 1285, 1286, 1287, 1288, 1289, 1301, 1302, 1303, 1304, 1394, 1395, 1396, 1397, 1398, 1399, 1400, 1401, 1402, 1403, 1404, 1405, 1406, 1436, 1437, 1438, 1439, 1440, 1441, 1442, 1443, 1444, 1552, 1594, 1595, 1596, 1597, 1598, 1741, 1742, 1743, 1744, 1745, 1746, 1747, 1748, 1749, 1750, 1751, 1752, 1753, 1754, 1755, 1756, 1757, 1758, 1759, 1760, 1761, 1762, 1763, 1764, 1765, 1766, 1767, 1768, 1769], "selected_count": 170, "selection_time": 0.10540935799508588, "selection_score_forward_time": 0.10458656199625693}