{"example_id": 53, "sub_q_idx": 0, "method": "DraftModel", "reprocess_method": "DraftModel", "rate": 0.15, "system_len": 792, "passages_len": [792, 148, 154, 140, 148, 108, 170, 54, 81, 80, 184, 148, 31], "chunk_ids": [0, 1, 2, 3, 4, 5, 6, 7, 8, 9, 10, 1], "selected_abs": [792, 793, 794, 795, 796, 797, 798, 799, 800, 801, 802, 803, 804, 805, 806, 807, 808, 809, 810, 811, 812, 813, 814, 815, 823, 824, 826, 827, 828, 829, 830, 831, 832, 833, 834, 835, 836, 859, 863, 864, 865, 937, 938, 939, 940, 941, 942, 943, 944, 945, 946, 947, 948, 949, 950, 973, 1092, 1093, 1094, 1095, 1096, 1097, 1193, 1194, 1233, 1234, 1235, 1236, 1237, 1238, 1239, 1240, 1381, 1382, 1383, 1384, 1385, 1386, 1387, 1388, 1389, 1390, 1489, 1490, 1491, 1492, 1493, 1659, 1660, 1661, 1662, 1663, 1712, 1713, 1714, 1715, 1716, 1717, 1794, 1795, 1796, 1797, 1798, 1874, 1875, 1876, 1877, 1878, 1879, 1880, 2058, 2059, 2060, 2061, 2062, 2063, 2064, 2065, 2066, 2067, 2068, 2069, 2070, 2071, 2072, 2073, 2074, 2075, 2076, 2077, 2078, 2079, 2080, 2081, 2082, 2083, 2084, 2085, 2089, 2090, 2091, 2093, 2094, 2095, 2096, 2097, 2098, 2099, 2100, 2101, 2102, 2103, 2104, 2105, 2106, 2107, 2108, 2109, 2125, 2126, 2129, 2130, 2131, 2132, 2133, 2134, 2135, 2136, 2137, 2140, 2141, 2142, 2143, 2144, 2145, 2149, 2150, 2151, 2152, 2153, 2154, 2155, 2156, 2157, 2175, 2176, 2177, 2178, 2179, 2180, 2181, 2182, 2183, 2184, 2185, 2186, 2187, 2188, 2189, 2190, 2191, 2192, 2193, 2194, 2195, 2196, 2201, 2202, 2203, 2204, 2205, 2206, 2207, 2208, 2209, 2210, 2211, 2212, 2213, 2214, 2215, 2216, 2217, 2218, 2219, 2220, 2221, 2222, 2223, 2224, 2225, 2226, 2227, 2228, 2229, 2230, 2231, 2232, 2233, 2234, 2235, 2236, 2237], "selected_count": 243, "selection_time": 0.13425402100256179, "selection_score_forward_time": 0.13319489499554038}