{"example_id": 43, "sub_q_idx": 1, "method": "DraftModel", "reprocess_method": "DraftModel", "rate": 0.15, "system_len": 792, "passages_len": [792, 52, 40, 70, 115, 89, 89, 70, 112, 107, 63, 40, 52, 40, 52, 30], "chunk_ids": [0, 3, 1, 11, 12, 13, 2, 14, 15, 16, 17, 1, 3, 1, 3], "selected_abs": [792, 793, 794, 795, 796, 797, 798, 799, 800, 801, 802, 803, 804, 805, 806, 807, 808, 809, 810, 811, 812, 813, 814, 815, 842, 843, 844, 845, 846, 847, 859, 860, 861, 862, 863, 864, 865, 866, 867, 868, 869, 883, 884, 885, 886, 953, 954, 955, 956, 957, 958, 959, 960, 1068, 1069, 1070, 1071, 1072, 1073, 1074, 1246, 1247, 1248, 1249, 1250, 1428, 1429, 1430, 1431, 1432, 1535, 1536, 1537, 1538, 1539, 1540, 1541, 1542, 1598, 1599, 1600, 1601, 1602, 1603, 1604, 1605, 1606, 1615, 1616, 1617, 1618, 1619, 1637, 1638, 1639, 1640, 1641, 1642, 1643, 1644, 1645, 1646, 1647, 1648, 1649, 1650, 1651, 1656, 1657, 1658, 1659, 1660, 1661, 1689, 1690, 1691, 1692, 1693, 1694, 1695, 1696, 1697, 1702, 1703, 1708, 1709, 1710, 1711, 1729, 1730, 1731, 1732, 1733, 1734, 1735, 1736, 1737, 1738, 1739, 1740, 1741, 1742, 1764, 1765, 1766, 1767, 1781, 1782, 1783, 1784, 1785, 1786, 1787, 1788, 1789, 1790, 1791, 1792, 1793, 1794, 1795, 1796, 1797, 1798, 1799, 1800, 1801, 1802, 1803, 1804, 1805, 1806, 1807, 1808, 1809, 1810, 1811, 1812], "selected_count": 178, "selection_time": 0.11915676100034034, "selection_score_forward_time": 0.11820490300306119}