{"example_id": 150, "sub_q_idx": 1, "method": "DraftModel", "reprocess_method": "DraftModel", "rate": 0.15, "system_len": 792, "passages_len": [792, 172, 82, 111, 151, 175, 78, 117, 190, 317, 88, 82, 172, 28], "chunk_ids": [0, 11, 1, 3, 12, 13, 14, 15, 16, 17, 18, 1, 11], "selected_abs": [792, 793, 794, 795, 796, 797, 798, 799, 800, 801, 802, 803, 804, 830, 831, 832, 833, 834, 835, 836, 837, 838, 839, 840, 841, 842, 843, 844, 845, 846, 853, 854, 855, 856, 857, 858, 859, 860, 912, 913, 914, 915, 916, 924, 925, 926, 927, 935, 936, 937, 938, 950, 951, 963, 964, 965, 966, 967, 974, 975, 976, 977, 979, 980, 981, 982, 983, 984, 1045, 1046, 1047, 1048, 1049, 1050, 1051, 1052, 1053, 1054, 1055, 1056, 1069, 1070, 1071, 1072, 1073, 1074, 1156, 1157, 1158, 1159, 1160, 1307, 1308, 1309, 1310, 1311, 1312, 1313, 1314, 1315, 1436, 1482, 1483, 1484, 1485, 1486, 1487, 1488, 1489, 1492, 1493, 1494, 1495, 1496, 1560, 1561, 1562, 1563, 1564, 1565, 1566, 1567, 1628, 1677, 1678, 1679, 1680, 1681, 1867, 1868, 1869, 1870, 1871, 1872, 2134, 2135, 2136, 2184, 2185, 2186, 2187, 2188, 2189, 2190, 2191, 2192, 2193, 2194, 2210, 2211, 2212, 2213, 2221, 2222, 2223, 2224, 2225, 2272, 2273, 2274, 2275, 2276, 2283, 2284, 2285, 2286, 2288, 2289, 2290, 2291, 2292, 2295, 2349, 2350, 2353, 2354, 2355, 2356, 2357, 2358, 2359, 2360, 2361, 2362, 2363, 2364, 2365, 2366, 2392, 2393, 2394, 2395, 2396, 2397, 2398, 2399, 2400, 2401, 2402, 2403, 2404, 2405, 2406, 2407, 2408, 2409, 2410, 2412, 2413, 2414, 2415, 2416, 2417, 2418, 2419, 2420, 2421, 2422, 2423, 2424, 2425, 2451, 2452, 2453, 2454, 2455, 2474, 2475, 2476, 2477, 2478, 2479, 2480, 2481, 2482, 2483, 2486, 2487, 2488, 2489, 2490, 2491, 2492, 2493, 2494, 2495, 2497, 2498, 2499, 2500, 2501, 2502, 2503, 2504, 2512, 2513, 2514, 2515, 2525, 2526, 2527, 2528, 2529, 2530, 2531, 2532, 2533, 2534, 2535, 2536, 2537, 2538, 2539, 2540, 2541, 2542, 2543, 2544, 2545, 2546, 2547, 2548, 2549, 2550, 2551, 2552, 2553, 2554], "selected_count": 288, "selection_time": 0.15472445700288517, "selection_score_forward_time": 0.1533569949970115}