{"example_id": 86, "sub_q_idx": 1, "method": "DraftModel", "reprocess_method": "DraftModel", "rate": 0.15, "system_len": 792, "passages_len": [792, 65, 110, 95, 124, 243, 238, 56, 102, 49, 67, 67, 65, 110, 34], "chunk_ids": [0, 11, 12, 13, 14, 15, 16, 17, 18, 19, 1, 1, 11, 12], "selected_abs": [792, 793, 794, 795, 796, 797, 798, 799, 800, 801, 802, 803, 811, 812, 813, 814, 815, 816, 817, 818, 819, 820, 821, 822, 823, 824, 825, 826, 855, 856, 857, 858, 859, 860, 965, 966, 967, 968, 969, 970, 971, 995, 996, 997, 998, 999, 1000, 1001, 1002, 1003, 1004, 1041, 1060, 1061, 1062, 1063, 1064, 1065, 1066, 1067, 1068, 1069, 1097, 1098, 1099, 1100, 1101, 1143, 1144, 1145, 1146, 1147, 1185, 1186, 1187, 1188, 1189, 1358, 1359, 1360, 1361, 1362, 1363, 1364, 1426, 1428, 1429, 1430, 1431, 1432, 1433, 1434, 1666, 1667, 1668, 1669, 1670, 1671, 1672, 1673, 1721, 1722, 1723, 1724, 1725, 1726, 1727, 1728, 1729, 1730, 1731, 1732, 1733, 1744, 1745, 1746, 1747, 1748, 1749, 1750, 1751, 1761, 1763, 1821, 1822, 1823, 1824, 1825, 1826, 1827, 1828, 1829, 1873, 1874, 1875, 1876, 1877, 1878, 1879, 1880, 1881, 1882, 1883, 1884, 1887, 1888, 1889, 1890, 1939, 1940, 1941, 1942, 1943, 1944, 1945, 1953, 1954, 1955, 1956, 1957, 1966, 1979, 1980, 1981, 1982, 2006, 2007, 2008, 2009, 2010, 2011, 2012, 2013, 2014, 2015, 2016, 2027, 2028, 2029, 2030, 2031, 2032, 2033, 2034, 2035, 2036, 2037, 2038, 2039, 2040, 2041, 2046, 2047, 2048, 2049, 2050, 2071, 2072, 2073, 2074, 2075, 2076, 2077, 2108, 2179, 2180, 2181, 2182, 2183, 2184, 2185, 2186, 2187, 2188, 2189, 2190, 2191, 2192, 2193, 2194, 2195, 2196, 2197, 2198, 2199, 2200, 2201, 2202, 2203, 2204, 2205, 2206, 2207, 2208, 2209, 2210, 2211, 2212, 2213, 2214, 2215, 2216], "selected_count": 242, "selection_time": 0.1355530799992266, "selection_score_forward_time": 0.13436044999980368}