{"example_id": 138, "sub_q_idx": 0, "method": "DraftModel", "reprocess_method": "DraftModel", "rate": 0.15, "system_len": 792, "passages_len": [792, 83, 83, 105, 245, 134, 161, 65, 296, 307, 87, 25], "chunk_ids": [0, 1, 2, 3, 4, 5, 6, 7, 8, 9, 10], "selected_abs": [792, 793, 794, 795, 796, 797, 798, 799, 800, 801, 802, 803, 804, 805, 806, 807, 808, 809, 810, 811, 812, 813, 814, 815, 816, 817, 818, 819, 820, 821, 822, 825, 826, 827, 828, 845, 846, 847, 848, 849, 850, 851, 852, 853, 854, 855, 856, 857, 858, 859, 860, 861, 862, 865, 866, 867, 868, 869, 870, 871, 872, 873, 874, 875, 876, 877, 878, 879, 880, 881, 882, 883, 884, 885, 886, 887, 888, 889, 890, 897, 898, 899, 900, 901, 902, 903, 904, 907, 908, 909, 917, 918, 919, 920, 956, 957, 958, 959, 960, 961, 962, 963, 964, 1059, 1060, 1062, 1063, 1064, 1065, 1066, 1067, 1068, 1069, 1090, 1094, 1095, 1096, 1097, 1098, 1099, 1100, 1101, 1307, 1308, 1309, 1310, 1311, 1312, 1313, 1314, 1318, 1319, 1320, 1321, 1322, 1323, 1324, 1325, 1405, 1441, 1442, 1443, 1444, 1445, 1446, 1447, 1449, 1450, 1451, 1452, 1453, 1508, 1509, 1601, 1602, 1603, 1604, 1605, 1606, 1607, 1666, 1667, 1668, 1669, 1670, 1671, 1672, 1673, 1674, 1675, 1703, 1704, 1705, 1963, 1964, 1965, 1966, 1967, 1968, 1969, 1970, 1971, 1972, 1977, 1978, 1979, 1983, 2019, 2028, 2070, 2071, 2113, 2165, 2166, 2269, 2270, 2271, 2272, 2273, 2274, 2275, 2276, 2277, 2278, 2279, 2280, 2281, 2282, 2283, 2284, 2285, 2286, 2287, 2288, 2289, 2290, 2291, 2300, 2301, 2302, 2303, 2304, 2308, 2309, 2310, 2311, 2312, 2341, 2342, 2343, 2344, 2345, 2356, 2357, 2358, 2359, 2360, 2361, 2362, 2363, 2364, 2365, 2366, 2367, 2368, 2369, 2370, 2371, 2372, 2373, 2374, 2375, 2376, 2377, 2378, 2379, 2380, 2381, 2382], "selected_count": 259, "selection_time": 0.13889807599480264, "selection_score_forward_time": 0.13772619700466748}