{"example_id": 37, "sub_q_idx": 0, "method": "DraftModel", "reprocess_method": "DraftModel", "rate": 0.15, "system_len": 792, "passages_len": [792, 109, 100, 54, 106, 59, 90, 242, 98, 169, 45, 32], "chunk_ids": [0, 1, 2, 3, 4, 5, 6, 7, 8, 9, 10], "selected_abs": [792, 793, 794, 795, 796, 797, 798, 799, 800, 801, 802, 803, 804, 805, 806, 807, 808, 809, 810, 818, 819, 820, 821, 822, 823, 824, 825, 826, 827, 828, 829, 830, 831, 832, 833, 834, 835, 836, 837, 841, 842, 843, 844, 845, 852, 853, 854, 855, 856, 865, 866, 867, 868, 869, 870, 879, 880, 881, 882, 883, 884, 885, 889, 890, 892, 893, 894, 895, 896, 898, 899, 900, 901, 902, 903, 904, 905, 906, 907, 908, 909, 953, 954, 955, 1000, 1001, 1002, 1003, 1004, 1005, 1006, 1053, 1054, 1055, 1056, 1057, 1058, 1059, 1060, 1061, 1062, 1063, 1160, 1161, 1162, 1163, 1551, 1552, 1553, 1554, 1555, 1649, 1650, 1651, 1652, 1653, 1656, 1657, 1658, 1659, 1660, 1661, 1662, 1663, 1818, 1819, 1820, 1821, 1822, 1823, 1824, 1825, 1826, 1827, 1828, 1829, 1830, 1831, 1832, 1833, 1835, 1836, 1841, 1842, 1843, 1844, 1845, 1846, 1847, 1848, 1849, 1850, 1851, 1852, 1853, 1854, 1855, 1856, 1862, 1863, 1864, 1865, 1866, 1867, 1868, 1869, 1870, 1871, 1872, 1873, 1874, 1875, 1876, 1877, 1878, 1879, 1880, 1881, 1882, 1883, 1884, 1885, 1886, 1887, 1888, 1889, 1890, 1891, 1892, 1893, 1894, 1895], "selected_count": 192, "selection_time": 0.12000037800316932, "selection_score_forward_time": 0.11899826599983498}