{"example_id": 79, "sub_q_idx": 2, "method": "DraftModel", "reprocess_method": "DraftModel", "rate": 0.15, "system_len": 792, "passages_len": [792, 128, 147, 76, 135, 127, 89, 101, 145, 92, 51, 158, 128, 38], "chunk_ids": [0, 6, 11, 5, 4, 9, 3, 7, 18, 16, 12, 1, 6], "selected_abs": [792, 793, 794, 795, 796, 797, 798, 799, 800, 801, 802, 803, 804, 805, 806, 867, 868, 869, 870, 871, 872, 873, 874, 907, 908, 909, 910, 911, 912, 913, 914, 915, 916, 917, 918, 919, 920, 921, 922, 923, 924, 925, 926, 927, 928, 929, 930, 937, 938, 939, 940, 941, 942, 943, 944, 945, 946, 947, 948, 949, 1065, 1066, 1067, 1068, 1069, 1070, 1142, 1143, 1144, 1145, 1146, 1154, 1155, 1156, 1157, 1158, 1224, 1277, 1278, 1279, 1280, 1281, 1282, 1283, 1287, 1288, 1289, 1290, 1404, 1405, 1406, 1407, 1408, 1465, 1466, 1493, 1494, 1495, 1496, 1497, 1499, 1500, 1501, 1502, 1593, 1594, 1595, 1596, 1597, 1598, 1604, 1605, 1606, 1607, 1608, 1739, 1740, 1741, 1742, 1743, 1752, 1753, 1754, 1755, 1756, 1831, 1832, 1833, 1834, 1835, 1836, 1882, 1883, 1884, 1885, 1886, 1887, 1888, 1889, 1890, 1891, 1998, 1999, 2039, 2040, 2041, 2042, 2043, 2044, 2045, 2046, 2047, 2048, 2049, 2050, 2051, 2052, 2053, 2054, 2055, 2056, 2057, 2058, 2059, 2060, 2064, 2065, 2066, 2067, 2096, 2113, 2115, 2116, 2117, 2118, 2119, 2120, 2121, 2122, 2123, 2124, 2125, 2126, 2127, 2128, 2129, 2130, 2131, 2132, 2152, 2153, 2154, 2155, 2156, 2157, 2158, 2159, 2160, 2161, 2162, 2163, 2164, 2165, 2166, 2167, 2168, 2169, 2170, 2171, 2172, 2173, 2174, 2175, 2176, 2177, 2178, 2179, 2180, 2181, 2182, 2183, 2184, 2185, 2186, 2187, 2188, 2189, 2190, 2191, 2192, 2193, 2194, 2195, 2196, 2197, 2198, 2199, 2200, 2201, 2202, 2203, 2204, 2205, 2206], "selected_count": 244, "selection_time": 0.13576969299901975, "selection_score_forward_time": 0.13408945099945413}