{"example_id": 93, "sub_q_idx": 0, "method": "DraftModel", "reprocess_method": "DraftModel", "rate": 0.15, "system_len": 792, "passages_len": [792, 130, 116, 77, 297, 122, 166, 91, 72, 144, 51, 35], "chunk_ids": [0, 1, 2, 3, 4, 5, 6, 7, 8, 9, 10], "selected_abs": [792, 793, 794, 795, 796, 797, 798, 799, 800, 801, 802, 803, 804, 805, 806, 807, 808, 809, 810, 811, 812, 813, 814, 815, 816, 825, 826, 827, 828, 829, 830, 831, 832, 833, 856, 920, 921, 922, 923, 924, 925, 926, 927, 928, 929, 946, 952, 953, 954, 955, 956, 957, 988, 989, 990, 991, 998, 999, 1000, 1025, 1026, 1028, 1029, 1037, 1038, 1039, 1040, 1041, 1056, 1057, 1058, 1059, 1114, 1115, 1116, 1117, 1118, 1411, 1412, 1413, 1414, 1415, 1453, 1454, 1455, 1456, 1457, 1458, 1533, 1534, 1535, 1536, 1537, 1538, 1554, 1555, 1556, 1557, 1669, 1670, 1699, 1700, 1701, 1702, 1703, 1704, 1705, 1706, 1707, 1736, 1737, 1738, 1739, 1740, 1790, 1791, 1792, 1793, 1794, 1795, 1836, 1837, 1838, 1839, 1840, 1841, 1842, 1843, 1844, 1862, 1863, 1864, 1865, 1866, 1867, 1868, 1869, 1870, 1871, 1872, 1873, 1874, 1880, 1947, 1949, 1950, 2005, 2006, 2007, 2008, 2009, 2010, 2011, 2012, 2013, 2014, 2015, 2022, 2023, 2024, 2025, 2026, 2027, 2028, 2029, 2030, 2031, 2032, 2033, 2034, 2035, 2036, 2037, 2038, 2039, 2040, 2041, 2042, 2043, 2044, 2045, 2046, 2047, 2048, 2049, 2050, 2055, 2056, 2057, 2058, 2059, 2060, 2061, 2062, 2063, 2064, 2065, 2066, 2067, 2068, 2069, 2070, 2071, 2072, 2073, 2074, 2075, 2076, 2077, 2078, 2079, 2080, 2081, 2082, 2083, 2084, 2085, 2086, 2087, 2088, 2089, 2090, 2091, 2092], "selected_count": 224, "selection_time": 0.13045045199396554, "selection_score_forward_time": 0.12947084700135747}