{"example_id": 74, "sub_q_idx": 1, "method": "DraftModel", "reprocess_method": "DraftModel", "rate": 0.15, "system_len": 792, "passages_len": [792, 158, 78, 128, 76, 71, 147, 69, 51, 156, 191, 71, 158, 128, 76, 27], "chunk_ids": [0, 2, 11, 12, 3, 1, 9, 13, 8, 14, 5, 1, 2, 12, 3], "selected_abs": [792, 793, 794, 795, 796, 797, 798, 799, 800, 801, 803, 804, 805, 806, 807, 808, 809, 810, 811, 812, 813, 814, 815, 816, 817, 818, 819, 820, 821, 822, 823, 824, 825, 826, 833, 834, 835, 836, 843, 844, 845, 846, 847, 848, 849, 850, 851, 856, 857, 858, 859, 860, 906, 907, 908, 934, 935, 936, 937, 947, 948, 949, 950, 951, 952, 953, 954, 955, 956, 976, 977, 978, 979, 980, 1023, 1027, 1028, 1029, 1030, 1031, 1111, 1112, 1113, 1114, 1148, 1149, 1154, 1155, 1156, 1157, 1158, 1159, 1206, 1207, 1208, 1209, 1210, 1211, 1230, 1231, 1232, 1233, 1234, 1235, 1236, 1237, 1238, 1239, 1240, 1241, 1242, 1243, 1249, 1250, 1251, 1252, 1253, 1254, 1255, 1256, 1301, 1302, 1303, 1304, 1305, 1306, 1449, 1450, 1451, 1452, 1453, 1458, 1459, 1460, 1518, 1519, 1520, 1521, 1522, 1725, 1726, 1727, 1728, 1729, 1733, 1881, 1882, 1916, 1917, 1918, 1919, 1920, 1921, 1922, 1923, 1924, 1925, 1926, 1927, 1931, 1932, 1933, 1934, 1935, 1936, 1937, 1938, 1939, 1940, 1986, 1987, 1988, 1989, 1990, 1991, 1992, 1993, 1994, 1995, 2011, 2012, 2013, 2014, 2015, 2016, 2017, 2018, 2019, 2020, 2021, 2039, 2040, 2041, 2042, 2043, 2044, 2045, 2046, 2047, 2048, 2049, 2063, 2064, 2103, 2104, 2143, 2144, 2145, 2146, 2147, 2148, 2149, 2150, 2151, 2266, 2267, 2271, 2272, 2273, 2274, 2275, 2276, 2277, 2323, 2324, 2325, 2326, 2327, 2328, 2329, 2347, 2348, 2349, 2350, 2351, 2352, 2353, 2354, 2355, 2356, 2357, 2358, 2359, 2360, 2361, 2362, 2363, 2364, 2365, 2366, 2367, 2368, 2369, 2370, 2371, 2372, 2373, 2374, 2375, 2376], "selected_count": 260, "selection_time": 0.14031837900256505, "selection_score_forward_time": 0.13903476799896453}