{"example_id": 63, "sub_q_idx": 1, "method": "DraftModel", "reprocess_method": "DraftModel", "rate": 0.15, "system_len": 792, "passages_len": [792, 45, 60, 95, 75, 82, 49, 75, 84, 53, 113, 60, 45, 29], "chunk_ids": [0, 11, 1, 12, 13, 14, 15, 16, 17, 18, 19, 1, 11], "selected_abs": [792, 793, 794, 795, 796, 797, 798, 799, 800, 801, 802, 803, 804, 805, 806, 807, 808, 809, 810, 811, 812, 813, 814, 815, 816, 817, 818, 819, 820, 836, 837, 838, 839, 840, 849, 850, 851, 852, 853, 854, 896, 897, 898, 899, 900, 991, 992, 993, 994, 1356, 1357, 1358, 1359, 1409, 1410, 1411, 1412, 1413, 1424, 1425, 1426, 1518, 1522, 1523, 1524, 1525, 1526, 1527, 1528, 1529, 1530, 1531, 1532, 1533, 1534, 1535, 1536, 1537, 1538, 1539, 1547, 1548, 1549, 1550, 1551, 1552, 1553, 1554, 1555, 1556, 1581, 1582, 1583, 1584, 1585, 1586, 1587, 1588, 1589, 1590, 1591, 1592, 1593, 1594, 1595, 1596, 1597, 1598, 1599, 1600, 1601, 1602, 1603, 1604, 1605, 1606, 1607, 1608, 1609, 1610, 1611, 1612, 1625, 1626, 1627, 1628, 1629, 1630, 1631, 1632, 1633, 1634, 1635, 1636, 1637, 1638, 1639, 1640, 1641, 1642, 1643, 1644, 1645, 1646, 1647, 1648, 1649, 1650, 1651, 1652, 1653, 1654, 1655, 1656], "selected_count": 154, "selection_time": 0.10210020499653183, "selection_score_forward_time": 0.10139930199511582}