{"example_id": 16, "sub_q_idx": 1, "method": "DraftModel", "reprocess_method": "DraftModel", "rate": 0.15, "system_len": 792, "passages_len": [792, 198, 183, 75, 138, 225, 270, 161, 50, 162, 166, 225, 138, 198, 34], "chunk_ids": [0, 3, 4, 6, 2, 1, 11, 12, 13, 9, 14, 1, 2, 3], "selected_abs": [792, 793, 794, 795, 796, 797, 798, 799, 800, 801, 802, 803, 804, 805, 806, 807, 808, 809, 810, 811, 812, 813, 819, 820, 822, 823, 824, 825, 826, 827, 828, 829, 830, 831, 832, 833, 834, 835, 836, 837, 838, 839, 840, 841, 848, 849, 850, 851, 852, 853, 854, 855, 856, 857, 858, 859, 860, 861, 862, 863, 864, 865, 872, 873, 874, 875, 876, 877, 878, 898, 899, 900, 901, 902, 912, 913, 914, 915, 936, 937, 938, 939, 941, 942, 943, 944, 945, 946, 947, 948, 949, 950, 951, 952, 954, 955, 956, 957, 958, 959, 960, 961, 962, 963, 964, 989, 990, 991, 992, 993, 994, 1013, 1014, 1015, 1172, 1173, 1174, 1175, 1176, 1177, 1178, 1179, 1182, 1183, 1184, 1185, 1186, 1187, 1188, 1189, 1190, 1191, 1192, 1247, 1248, 1249, 1250, 1251, 1252, 1253, 1254, 1255, 1256, 1257, 1281, 1543, 1544, 1545, 1612, 1613, 1614, 1615, 1793, 1880, 1881, 1882, 1944, 1945, 1946, 1947, 1948, 1949, 1950, 1951, 1952, 2041, 2042, 2043, 2044, 2045, 2090, 2091, 2092, 2093, 2121, 2122, 2123, 2124, 2253, 2254, 2255, 2256, 2257, 2258, 2259, 2260, 2261, 2271, 2272, 2273, 2274, 2275, 2276, 2277, 2419, 2420, 2421, 2422, 2423, 2424, 2497, 2524, 2577, 2578, 2579, 2644, 2645, 2646, 2647, 2648, 2649, 2650, 2651, 2652, 2653, 2654, 2655, 2678, 2683, 2684, 2685, 2782, 2783, 2784, 2785, 2786, 2787, 2788, 2789, 2790, 2791, 2792, 2793, 2794, 2795, 2796, 2797, 2798, 2799, 2800, 2811, 2812, 2813, 2814, 2815, 2824, 2825, 2826, 2827, 2828, 2847, 2848, 2849, 2850, 2851, 2852, 2853, 2854, 2855, 2865, 2866, 2867, 2868, 2869, 2902, 2903, 2904, 2905, 2906, 2920, 2921, 2922, 2923, 2924, 2925, 2926, 2927, 2928, 2929, 2930, 2931, 2932, 2933, 2934, 2935, 2936, 2937, 2938, 2939, 2940, 2941, 2942, 2943, 2944, 2945, 2946, 2947, 2948, 2949, 2950, 2951, 2952, 2953, 2954, 2955, 2956, 2957, 2958, 2959, 2960, 2961, 2962, 2963, 2964, 2965, 2966, 2967, 2968, 2969, 2970, 2971, 2974, 2975, 2976, 2977, 2978, 2979, 2980, 2981, 2982, 2983, 2984, 2985, 2986, 2987, 2988, 2989, 2990, 2991, 2992, 2993, 2994, 2995, 2996, 2997, 2998, 2999, 3000, 3001, 3002, 3003, 3004, 3005, 3006, 3007, 3008, 3009, 3010, 3011, 3012, 3013, 3014], "selected_count": 362, "selection_time": 0.1822528409975348, "selection_score_forward_time": 0.1806413079975755}