{"example_id": 6, "sub_q_idx": 0, "method": "DraftModel", "reprocess_method": "DraftModel", "rate": 0.15, "system_len": 792, "passages_len": [792, 183, 84, 154, 244, 86, 49, 203, 140, 113, 148, 86, 25], "chunk_ids": [0, 1, 2, 3, 4, 5, 6, 7, 8, 9, 10, 5], "selected_abs": [792, 793, 794, 795, 796, 797, 798, 799, 800, 801, 802, 803, 804, 805, 822, 837, 838, 839, 974, 975, 976, 977, 978, 1013, 1014, 1015, 1016, 1017, 1057, 1058, 1059, 1060, 1061, 1062, 1066, 1067, 1068, 1069, 1070, 1071, 1072, 1073, 1074, 1212, 1213, 1214, 1215, 1216, 1413, 1414, 1456, 1457, 1458, 1459, 1460, 1461, 1462, 1463, 1464, 1465, 1466, 1467, 1468, 1469, 1470, 1472, 1473, 1474, 1475, 1476, 1477, 1478, 1479, 1487, 1488, 1489, 1490, 1500, 1501, 1521, 1522, 1538, 1542, 1543, 1544, 1545, 1546, 1547, 1548, 1551, 1552, 1553, 1554, 1555, 1556, 1557, 1558, 1591, 1592, 1593, 1594, 1595, 1671, 1672, 1793, 1794, 1795, 1796, 1797, 1798, 1799, 1800, 1801, 1802, 1803, 1807, 1808, 1809, 1810, 1811, 1812, 1813, 1895, 1896, 1934, 1935, 1936, 1937, 1938, 1939, 1940, 1941, 1942, 1943, 1944, 1945, 2001, 2002, 2046, 2047, 2048, 2049, 2050, 2051, 2052, 2053, 2054, 2055, 2056, 2061, 2062, 2063, 2064, 2195, 2196, 2197, 2198, 2199, 2200, 2201, 2202, 2203, 2204, 2205, 2206, 2207, 2208, 2209, 2210, 2211, 2212, 2213, 2214, 2215, 2216, 2217, 2218, 2219, 2220, 2221, 2222, 2223, 2224, 2225, 2226, 2227, 2228, 2229, 2230, 2235, 2236, 2237, 2238, 2239, 2240, 2241, 2242, 2249, 2250, 2251, 2252, 2253, 2257, 2258, 2259, 2260, 2261, 2262, 2263, 2264, 2265, 2266, 2267, 2268, 2269, 2270, 2275, 2276, 2277, 2278, 2279, 2280, 2281, 2282, 2283, 2284, 2285, 2286, 2287, 2288, 2289, 2290, 2291, 2292, 2293, 2294, 2295, 2296, 2297, 2298, 2299, 2300, 2301, 2302, 2303, 2304, 2305, 2306], "selected_count": 248, "selection_time": 0.13915145499777282, "selection_score_forward_time": 0.13794949700240977}