{"example_id": 166, "sub_q_idx": 1, "method": "DraftModel", "reprocess_method": "DraftModel", "rate": 0.15, "system_len": 792, "passages_len": [792, 52, 170, 89, 143, 83, 153, 77, 145, 160, 68, 52, 170, 52, 170, 31], "chunk_ids": [0, 1, 2, 6, 5, 9, 11, 12, 13, 4, 14, 1, 2, 1, 2], "selected_abs": [792, 793, 794, 795, 796, 797, 798, 799, 800, 801, 810, 811, 812, 813, 814, 815, 816, 817, 818, 819, 820, 821, 822, 823, 824, 825, 826, 827, 828, 829, 830, 831, 832, 833, 834, 835, 836, 837, 838, 839, 840, 841, 842, 843, 844, 845, 846, 847, 848, 849, 850, 851, 852, 899, 900, 901, 902, 903, 904, 905, 906, 907, 940, 941, 1013, 1014, 1015, 1016, 1102, 1103, 1104, 1105, 1245, 1246, 1247, 1248, 1249, 1250, 1251, 1328, 1329, 1330, 1331, 1332, 1481, 1482, 1483, 1484, 1485, 1486, 1487, 1558, 1559, 1560, 1561, 1562, 1563, 1564, 1682, 1703, 1704, 1705, 1706, 1707, 1863, 1864, 1865, 1866, 1867, 1868, 1869, 1870, 1871, 1872, 1930, 1931, 1932, 1933, 1934, 1935, 1936, 1937, 1938, 1939, 1940, 1941, 1942, 1943, 1944, 1951, 1952, 1953, 1954, 1955, 1956, 1957, 1958, 1959, 1960, 1961, 1962, 1963, 1964, 1965, 1966, 1967, 1968, 1969, 1970, 1971, 1972, 1973, 1974, 1975, 1976, 1977, 1978, 1979, 1980, 1981, 1982, 1983, 1984, 1985, 1986, 1987, 1988, 1989, 1990, 1991, 2030, 2031, 2032, 2033, 2039, 2040, 2041, 2042, 2043, 2044, 2045, 2046, 2047, 2048, 2062, 2063, 2064, 2065, 2123, 2124, 2152, 2153, 2154, 2155, 2156, 2157, 2158, 2159, 2184, 2185, 2186, 2187, 2188, 2189, 2190, 2191, 2192, 2193, 2195, 2196, 2197, 2198, 2199, 2201, 2202, 2203, 2204, 2205, 2206, 2207, 2208, 2209, 2210, 2211, 2212, 2238, 2240, 2241, 2253, 2254, 2255, 2302, 2345, 2346, 2373, 2374, 2375, 2376, 2377, 2378, 2379, 2380, 2381, 2382, 2383, 2384, 2385, 2386, 2387, 2388, 2389, 2390, 2391, 2392, 2393, 2394, 2395, 2396, 2397, 2398, 2399, 2400, 2401, 2402, 2403, 2404, 2405, 2406], "selected_count": 268, "selection_time": 0.13967840500117745, "selection_score_forward_time": 0.13840881999931298}