{"example_id": 186, "sub_q_idx": 1, "method": "DraftModel", "reprocess_method": "DraftModel", "rate": 0.15, "system_len": 792, "passages_len": [792, 89, 98, 114, 80, 82, 312, 116, 134, 139, 147, 89, 114, 98, 80, 31], "chunk_ids": [0, 1, 3, 2, 4, 7, 11, 9, 5, 12, 13, 1, 2, 3, 4], "selected_abs": [792, 793, 794, 795, 796, 797, 798, 799, 800, 801, 802, 803, 804, 805, 806, 807, 808, 809, 810, 811, 812, 813, 814, 815, 816, 829, 830, 831, 832, 833, 834, 835, 836, 837, 838, 839, 841, 844, 845, 846, 847, 848, 849, 850, 870, 871, 872, 873, 874, 875, 876, 877, 878, 879, 880, 881, 882, 883, 884, 885, 886, 887, 888, 889, 890, 891, 892, 893, 894, 912, 913, 914, 915, 916, 978, 979, 980, 981, 982, 983, 988, 989, 990, 991, 994, 1012, 1013, 1014, 1015, 1016, 1089, 1090, 1091, 1092, 1093, 1094, 1095, 1096, 1193, 1194, 1195, 1196, 1197, 1215, 1216, 1217, 1218, 1227, 1228, 1254, 1255, 1256, 1257, 1258, 1259, 1260, 1261, 1566, 1567, 1568, 1569, 1570, 1571, 1572, 1573, 1574, 1575, 1682, 1683, 1684, 1685, 1686, 1687, 1816, 1817, 1818, 1819, 1820, 1821, 1822, 1823, 1824, 1825, 1826, 1881, 1955, 1956, 1957, 1958, 1959, 1960, 1961, 1962, 1963, 1964, 1965, 1966, 2102, 2103, 2104, 2105, 2106, 2107, 2108, 2109, 2110, 2111, 2112, 2113, 2114, 2115, 2116, 2117, 2118, 2119, 2120, 2121, 2122, 2123, 2124, 2125, 2126, 2127, 2140, 2141, 2142, 2143, 2144, 2145, 2146, 2147, 2148, 2149, 2150, 2152, 2154, 2155, 2156, 2157, 2158, 2159, 2185, 2186, 2187, 2188, 2189, 2190, 2191, 2192, 2193, 2194, 2195, 2196, 2197, 2198, 2199, 2200, 2201, 2202, 2203, 2204, 2302, 2303, 2304, 2305, 2306, 2307, 2308, 2309, 2310, 2315, 2316, 2317, 2321, 2336, 2337, 2338, 2339, 2340, 2401, 2402, 2403, 2404, 2405, 2406, 2407, 2408, 2413, 2414, 2415, 2481, 2482, 2483, 2484, 2485, 2486, 2487, 2488, 2489, 2490, 2491, 2492, 2493, 2494, 2495, 2496, 2497, 2498, 2499, 2500, 2501, 2502, 2503, 2504, 2505, 2506, 2507, 2508, 2509, 2510, 2511, 2512, 2513, 2514], "selected_count": 284, "selection_time": 0.1533263539968175, "selection_score_forward_time": 0.1519232870050473}