{"example_id": 144, "sub_q_idx": 1, "method": "DraftModel", "reprocess_method": "DraftModel", "rate": 0.15, "system_len": 792, "passages_len": [792, 133, 93, 139, 111, 79, 95, 67, 64, 74, 107, 93, 133, 35], "chunk_ids": [0, 2, 1, 4, 11, 12, 3, 13, 14, 15, 16, 1, 2], "selected_abs": [792, 793, 794, 795, 796, 797, 798, 799, 800, 801, 802, 803, 804, 805, 806, 807, 808, 809, 810, 811, 812, 813, 890, 891, 892, 893, 924, 925, 926, 927, 928, 942, 943, 944, 945, 946, 947, 948, 949, 950, 951, 952, 953, 954, 955, 956, 957, 958, 1017, 1018, 1019, 1020, 1021, 1156, 1157, 1158, 1159, 1160, 1161, 1267, 1268, 1269, 1270, 1271, 1272, 1273, 1274, 1275, 1276, 1292, 1293, 1294, 1295, 1296, 1297, 1346, 1347, 1348, 1349, 1350, 1470, 1471, 1472, 1473, 1474, 1475, 1476, 1477, 1478, 1479, 1480, 1508, 1509, 1510, 1511, 1572, 1573, 1574, 1575, 1646, 1647, 1648, 1649, 1650, 1651, 1753, 1754, 1755, 1756, 1757, 1758, 1759, 1760, 1761, 1762, 1763, 1764, 1765, 1768, 1769, 1770, 1771, 1772, 1773, 1774, 1775, 1776, 1777, 1778, 1779, 1780, 1781, 1782, 1783, 1784, 1785, 1786, 1787, 1845, 1846, 1847, 1848, 1849, 1850, 1851, 1852, 1853, 1854, 1855, 1856, 1857, 1858, 1859, 1860, 1861, 1862, 1863, 1864, 1865, 1866, 1867, 1868, 1944, 1945, 1946, 1947, 1948, 1949, 1950, 1951, 1952, 1953, 1957, 1958, 1959, 1960, 1978, 1979, 1980, 1981, 1982, 1983, 1984, 1985, 1986, 1987, 1988, 1989, 1990, 1991, 1992, 1993, 1994, 1995, 1996, 1997, 1998, 1999, 2000, 2001, 2002, 2003, 2004, 2005, 2006, 2007, 2008, 2009, 2010, 2011, 2012, 2013, 2014], "selected_count": 213, "selection_time": 0.12535798300086753, "selection_score_forward_time": 0.12421819799783407}