{"example_id": 39, "sub_q_idx": 0, "method": "DraftModel", "reprocess_method": "DraftModel", "rate": 0.15, "system_len": 792, "passages_len": [792, 84, 107, 72, 103, 115, 70, 66, 106, 151, 91, 38], "chunk_ids": [0, 1, 2, 3, 4, 5, 6, 7, 8, 9, 10], "selected_abs": [792, 793, 794, 795, 796, 797, 798, 799, 800, 801, 802, 803, 804, 805, 806, 807, 808, 809, 810, 811, 812, 813, 814, 815, 816, 817, 818, 819, 820, 821, 822, 823, 824, 825, 826, 827, 832, 833, 834, 835, 867, 868, 869, 870, 871, 874, 875, 876, 877, 878, 879, 880, 881, 923, 924, 925, 936, 937, 938, 939, 942, 943, 944, 945, 946, 947, 982, 983, 984, 985, 986, 987, 988, 1054, 1055, 1056, 1057, 1058, 1059, 1060, 1061, 1062, 1063, 1076, 1077, 1078, 1079, 1080, 1081, 1082, 1083, 1084, 1157, 1158, 1159, 1160, 1161, 1173, 1174, 1175, 1176, 1177, 1178, 1179, 1180, 1272, 1273, 1274, 1275, 1276, 1342, 1343, 1344, 1345, 1346, 1347, 1382, 1383, 1384, 1385, 1386, 1407, 1408, 1409, 1410, 1411, 1412, 1514, 1515, 1516, 1517, 1518, 1647, 1665, 1666, 1667, 1668, 1669, 1670, 1671, 1672, 1673, 1674, 1756, 1757, 1758, 1759, 1760, 1761, 1762, 1763, 1764, 1765, 1766, 1767, 1768, 1769, 1770, 1771, 1772, 1773, 1774, 1775, 1776, 1777, 1778, 1779, 1780, 1781, 1782, 1783, 1784, 1785, 1786, 1787, 1788, 1789, 1790, 1791, 1792, 1793, 1794], "selected_count": 182, "selection_time": 0.11928087699925527, "selection_score_forward_time": 0.11845581999659771}