{"example_id": 180, "sub_q_idx": 0, "method": "DraftModel", "reprocess_method": "DraftModel", "rate": 0.15, "system_len": 792, "passages_len": [792, 115, 159, 108, 322, 160, 114, 208, 60, 126, 178, 25], "chunk_ids": [0, 1, 2, 3, 4, 5, 6, 7, 8, 9, 10], "selected_abs": [792, 793, 794, 795, 796, 797, 798, 799, 800, 801, 802, 803, 804, 805, 806, 807, 808, 809, 810, 811, 812, 813, 814, 815, 816, 817, 818, 819, 820, 821, 822, 823, 824, 825, 826, 827, 828, 829, 830, 831, 832, 833, 834, 838, 839, 840, 841, 862, 863, 864, 865, 866, 867, 868, 869, 870, 871, 872, 873, 874, 894, 895, 896, 897, 905, 906, 907, 908, 909, 910, 911, 912, 913, 914, 915, 916, 917, 918, 919, 920, 921, 922, 923, 924, 925, 927, 928, 929, 930, 931, 932, 934, 935, 936, 937, 938, 939, 940, 953, 954, 955, 956, 957, 958, 959, 960, 1052, 1053, 1060, 1061, 1064, 1065, 1066, 1067, 1068, 1069, 1173, 1174, 1175, 1176, 1177, 1178, 1202, 1203, 1204, 1205, 1274, 1275, 1457, 1458, 1495, 1496, 1497, 1498, 1499, 1500, 1501, 1507, 1508, 1509, 1510, 1511, 1512, 1513, 1514, 1515, 1516, 1637, 1638, 1639, 1655, 1656, 1657, 1658, 1659, 1670, 1671, 1672, 1673, 1674, 1675, 1769, 1770, 1771, 1772, 1773, 1774, 1777, 1778, 1779, 1780, 1781, 1846, 1977, 1978, 1979, 1980, 1981, 1982, 1983, 1984, 1985, 1994, 1995, 1996, 2032, 2037, 2038, 2039, 2040, 2041, 2042, 2043, 2044, 2045, 2046, 2047, 2048, 2049, 2058, 2059, 2060, 2061, 2062, 2063, 2064, 2065, 2066, 2097, 2098, 2162, 2163, 2164, 2165, 2166, 2167, 2168, 2169, 2170, 2171, 2172, 2173, 2174, 2175, 2176, 2250, 2251, 2296, 2305, 2339, 2340, 2341, 2342, 2343, 2344, 2345, 2346, 2347, 2348, 2349, 2350, 2351, 2352, 2353, 2354, 2355, 2356, 2357, 2358, 2359, 2360, 2361, 2362, 2363, 2364, 2365, 2366], "selected_count": 257, "selection_time": 0.13992599300399888, "selection_score_forward_time": 0.13875102299789432}