{"example_id": 81, "sub_q_idx": 1, "method": "DraftModel", "reprocess_method": "DraftModel", "rate": 0.15, "system_len": 792, "passages_len": [792, 126, 147, 111, 41, 177, 173, 101, 70, 171, 89, 41, 126, 147, 111, 31], "chunk_ids": [0, 11, 2, 12, 1, 13, 14, 15, 16, 17, 18, 1, 11, 2, 12], "selected_abs": [792, 793, 794, 795, 796, 797, 798, 799, 800, 801, 802, 803, 804, 805, 806, 807, 808, 809, 810, 811, 812, 813, 851, 852, 853, 898, 899, 901, 902, 916, 917, 918, 919, 920, 921, 922, 943, 1058, 1059, 1060, 1061, 1062, 1063, 1064, 1065, 1066, 1067, 1068, 1069, 1070, 1071, 1072, 1073, 1074, 1075, 1076, 1077, 1096, 1097, 1098, 1099, 1133, 1134, 1135, 1136, 1137, 1138, 1174, 1175, 1176, 1177, 1178, 1179, 1199, 1200, 1201, 1202, 1203, 1204, 1205, 1206, 1214, 1215, 1216, 1217, 1218, 1219, 1220, 1221, 1222, 1223, 1224, 1242, 1566, 1567, 1568, 1569, 1570, 1666, 1667, 1668, 1669, 1670, 1708, 1709, 1710, 1723, 1724, 1725, 1726, 1727, 1728, 1729, 1730, 1735, 1736, 1737, 1738, 1739, 1740, 1741, 1908, 1909, 1910, 1911, 1912, 1913, 1914, 1915, 1957, 1958, 1997, 1998, 1999, 2000, 2001, 2021, 2022, 2023, 2024, 2025, 2026, 2027, 2034, 2035, 2036, 2037, 2038, 2039, 2040, 2041, 2042, 2043, 2047, 2048, 2049, 2050, 2051, 2052, 2053, 2054, 2055, 2056, 2057, 2058, 2059, 2060, 2090, 2117, 2156, 2157, 2158, 2159, 2160, 2161, 2162, 2163, 2164, 2165, 2166, 2167, 2190, 2305, 2306, 2307, 2308, 2309, 2310, 2311, 2312, 2313, 2314, 2315, 2316, 2317, 2318, 2319, 2320, 2321, 2322, 2323, 2324, 2329, 2330, 2331, 2340, 2341, 2346, 2347, 2348, 2349, 2350, 2373, 2374, 2375, 2376, 2377, 2378, 2379, 2380, 2381, 2382, 2383, 2384, 2385, 2386, 2387, 2389, 2390, 2391, 2392, 2393, 2394, 2395, 2396, 2413, 2414, 2415, 2416, 2417, 2419, 2420, 2421, 2422, 2423, 2424, 2425, 2426, 2427, 2428, 2429, 2430, 2431, 2432, 2433, 2434, 2435, 2436, 2437, 2438, 2439, 2440, 2441, 2442, 2443, 2444, 2445, 2446, 2447, 2448, 2449, 2450, 2451, 2452, 2453], "selected_count": 275, "selection_time": 0.1515602299987222, "selection_score_forward_time": 0.15031856700079516}