{"example_id": 120, "sub_q_idx": 0, "method": "DraftModel", "reprocess_method": "DraftModel", "rate": 0.15, "system_len": 792, "passages_len": [792, 267, 87, 140, 203, 164, 264, 307, 160, 102, 54, 267, 140, 33], "chunk_ids": [0, 1, 2, 3, 4, 5, 6, 7, 8, 9, 10, 1, 3], "selected_abs": [792, 793, 794, 795, 796, 797, 798, 799, 800, 801, 802, 803, 804, 805, 806, 811, 812, 813, 836, 837, 838, 843, 844, 845, 846, 847, 863, 864, 865, 866, 867, 868, 915, 916, 972, 973, 974, 975, 976, 977, 1010, 1011, 1012, 1013, 1018, 1019, 1023, 1024, 1025, 1026, 1027, 1028, 1029, 1030, 1031, 1057, 1058, 1059, 1060, 1061, 1062, 1063, 1067, 1068, 1069, 1070, 1078, 1079, 1080, 1081, 1145, 1146, 1147, 1148, 1149, 1156, 1157, 1158, 1184, 1185, 1186, 1187, 1188, 1189, 1190, 1191, 1192, 1193, 1198, 1199, 1200, 1284, 1285, 1286, 1287, 1288, 1289, 1290, 1291, 1292, 1293, 1294, 1320, 1321, 1322, 1323, 1324, 1405, 1487, 1488, 1489, 1490, 1491, 1492, 1493, 1494, 1496, 1497, 1498, 1499, 1500, 1501, 1502, 1503, 1505, 1506, 1507, 1508, 1509, 1546, 1547, 1548, 1603, 1651, 1652, 1653, 1654, 1655, 1656, 1660, 1661, 1662, 1663, 1664, 1665, 1666, 1675, 1676, 1677, 1678, 1679, 1680, 1685, 1686, 1846, 1847, 1848, 1871, 1872, 1873, 1874, 1875, 1876, 1878, 1879, 1880, 1881, 1915, 1916, 1917, 1918, 1919, 1920, 1921, 1922, 1925, 1926, 1927, 1928, 1929, 1959, 1986, 1987, 2146, 2147, 2212, 2213, 2214, 2215, 2216, 2217, 2221, 2222, 2223, 2224, 2225, 2226, 2227, 2228, 2239, 2240, 2241, 2242, 2243, 2244, 2245, 2246, 2247, 2248, 2249, 2250, 2251, 2252, 2253, 2312, 2313, 2356, 2357, 2358, 2359, 2382, 2383, 2384, 2385, 2386, 2387, 2388, 2389, 2390, 2391, 2392, 2393, 2394, 2395, 2396, 2397, 2398, 2399, 2400, 2401, 2402, 2403, 2404, 2405, 2413, 2414, 2415, 2416, 2417, 2418, 2419, 2420, 2485, 2486, 2487, 2488, 2489, 2490, 2491, 2492, 2493, 2494, 2495, 2512, 2513, 2514, 2515, 2516, 2539, 2540, 2541, 2542, 2543, 2544, 2545, 2546, 2547, 2548, 2549, 2550, 2551, 2552, 2553, 2554, 2555, 2556, 2631, 2632, 2645, 2720, 2721, 2722, 2723, 2724, 2725, 2766, 2767, 2799, 2800, 2802, 2803, 2805, 2806, 2807, 2808, 2809, 2810, 2816, 2817, 2818, 2819, 2820, 2845, 2846, 2847, 2848, 2849, 2850, 2874, 2875, 2944, 2945, 2946, 2947, 2948, 2949, 2950, 2951, 2952, 2953, 2954, 2955, 2956, 2957, 2958, 2959, 2960, 2961, 2962, 2963, 2964, 2965, 2966, 2967, 2968, 2969, 2970, 2971, 2972, 2973, 2974, 2975, 2976, 2977, 2978, 2979], "selected_count": 356, "selection_time": 0.17905554699973436, "selection_score_forward_time": 0.1773102570004994}