{"example_id": 25, "sub_q_idx": 1, "method": "DraftModel", "reprocess_method": "DraftModel", "rate": 0.15, "system_len": 792, "passages_len": [792, 48, 38, 113, 212, 143, 94, 112, 33, 135, 118, 33, 48, 29], "chunk_ids": [0, 1, 11, 7, 12, 13, 14, 15, 2, 16, 17, 2, 1], "selected_abs": [792, 793, 794, 795, 796, 797, 798, 799, 800, 801, 802, 803, 804, 805, 806, 815, 816, 817, 818, 819, 820, 821, 823, 824, 825, 826, 827, 829, 830, 831, 832, 839, 840, 841, 842, 845, 846, 847, 848, 849, 850, 851, 856, 857, 858, 859, 876, 877, 878, 879, 880, 881, 882, 990, 991, 992, 993, 994, 995, 1144, 1145, 1202, 1203, 1204, 1205, 1206, 1207, 1345, 1346, 1347, 1348, 1349, 1439, 1440, 1441, 1442, 1443, 1551, 1552, 1553, 1554, 1555, 1557, 1558, 1559, 1560, 1574, 1575, 1581, 1582, 1583, 1584, 1585, 1586, 1587, 1588, 1608, 1609, 1610, 1611, 1612, 1719, 1720, 1721, 1722, 1723, 1724, 1831, 1836, 1837, 1838, 1839, 1840, 1841, 1842, 1843, 1844, 1845, 1846, 1849, 1850, 1851, 1852, 1853, 1854, 1855, 1859, 1860, 1861, 1866, 1867, 1868, 1869, 1870, 1871, 1872, 1873, 1874, 1875, 1876, 1877, 1878, 1879, 1893, 1894, 1895, 1896, 1897, 1898, 1899, 1900, 1901, 1902, 1903, 1904, 1905, 1906, 1907, 1908, 1909, 1910, 1911, 1912, 1913, 1914, 1915, 1916, 1917, 1918, 1919, 1920, 1921, 1922, 1923, 1924, 1925, 1926, 1927, 1928, 1929, 1930, 1931, 1932, 1933, 1934, 1935, 1936, 1937, 1938, 1939, 1940, 1941, 1942, 1943, 1944, 1945, 1946, 1947], "selected_count": 198, "selection_time": 0.12720681299833814, "selection_score_forward_time": 0.1261968050021096}