method,main_correct,main_total,sub_correct,sub_total,avg_f1,avg_em,missing_csv,main_acc,sub_acc,log_files,finished_segments,traceback,killed,prefill_s
draft_frequency_per_chunk,88,135,192,248,0.1969181161637844,0.008064516129032258,0,0.6518518518518519,0.7741935483870968,8,8,0,0,0.8437140099917014
draft_mean_score_per_chunk,88,135,191,248,0.20567227387938558,0.004032258064516129,0,0.6518518518518519,0.7701612903225806,8,8,0,0,0.8437860355961602
draft_max_score_per_chunk,92,135,195,248,0.19695069225266107,0.004032258064516129,0,0.6814814814814815,0.7862903225806451,8,8,0,0,0.8444320320236147
draft_top2_mean_score_per_chunk,92,135,195,248,0.20961616434736857,0.012096774193548387,0,0.6814814814814815,0.7862903225806451,8,8,0,0,0.8440839699481439
draft_top4_mean_score_per_chunk,90,135,193,248,0.20419281020108038,0.004032258064516129,0,0.6666666666666666,0.7782258064516129,8,8,0,0,0.843248537116131
