{"example_id": 103, "sub_q_idx": 0, "method": "DraftModel", "reprocess_method": "DraftModel", "rate": 0.15, "system_len": 792, "passages_len": [792, 57, 118, 171, 143, 221, 189, 113, 108, 157, 96, 38], "chunk_ids": [0, 1, 2, 3, 4, 5, 6, 7, 8, 9, 10], "selected_abs": [792, 793, 794, 795, 796, 797, 798, 799, 800, 801, 802, 803, 806, 808, 809, 810, 811, 812, 813, 816, 832, 833, 834, 835, 836, 838, 839, 848, 849, 850, 851, 860, 893, 899, 913, 965, 966, 967, 968, 969, 970, 1101, 1137, 1138, 1139, 1140, 1141, 1142, 1144, 1145, 1146, 1177, 1178, 1215, 1280, 1281, 1282, 1283, 1284, 1286, 1287, 1288, 1391, 1501, 1502, 1503, 1504, 1509, 1520, 1690, 1691, 1692, 1693, 1694, 1695, 1697, 1698, 1699, 1701, 1704, 1763, 1799, 1803, 1804, 1805, 1806, 1821, 1822, 1823, 1824, 1849, 1911, 1912, 1913, 1914, 1916, 1922, 1925, 1981, 1982, 1983, 1999, 2021, 2041, 2068, 2069, 2070, 2071, 2072, 2074, 2079, 2080, 2081, 2082, 2087, 2088, 2089, 2090, 2091, 2092, 2093, 2094, 2096, 2097, 2098, 2099, 2105, 2106, 2109, 2111, 2113, 2119, 2120, 2121, 2122, 2123, 2127, 2129, 2133, 2136, 2137, 2139, 2140, 2148, 2154, 2155, 2156, 2157, 2158, 2159, 2160, 2161, 2162, 2163, 2164, 2165, 2166, 2167, 2168, 2169, 2170, 2171, 2172, 2173, 2174, 2175, 2176, 2177, 2178, 2179, 2180, 2181, 2182, 2183, 2184, 2185, 2186, 2187, 2188, 2189, 2190, 2191, 2192, 2193, 2194, 2195, 2196, 2197, 2198, 2199, 2200, 2201, 2202], "selected_count": 193, "selection_time": 0.01883293900755234, "selection_score_forward_time": 0.01848967300611548}