{"example_id": 101, "sub_q_idx": 0, "method": "DraftModel", "reprocess_method": "DraftModel", "rate": 0.15, "system_len": 792, "passages_len": [792, 135, 77, 176, 126, 52, 79, 87, 58, 51, 52, 27], "chunk_ids": [0, 1, 2, 3, 4, 5, 6, 7, 8, 9, 10], "selected_abs": [792, 793, 794, 795, 796, 797, 798, 799, 800, 801, 802, 803, 804, 805, 807, 815, 816, 817, 818, 819, 820, 821, 822, 823, 824, 825, 838, 839, 840, 841, 842, 843, 866, 870, 892, 926, 927, 928, 929, 930, 1003, 1004, 1005, 1006, 1007, 1011, 1012, 1013, 1014, 1022, 1179, 1180, 1181, 1182, 1305, 1306, 1307, 1308, 1309, 1318, 1320, 1357, 1358, 1359, 1360, 1365, 1436, 1437, 1438, 1439, 1440, 1522, 1523, 1524, 1525, 1526, 1560, 1561, 1570, 1581, 1582, 1583, 1584, 1587, 1588, 1589, 1590, 1591, 1597, 1614, 1617, 1618, 1621, 1631, 1632, 1633, 1634, 1635, 1636, 1637, 1638, 1640, 1641, 1642, 1645, 1647, 1649, 1650, 1651, 1653, 1654, 1659, 1662, 1666, 1669, 1670, 1675, 1676, 1677, 1678, 1679, 1680, 1681, 1682, 1683, 1684, 1685, 1686, 1687, 1688, 1689, 1690, 1691, 1692, 1693, 1694, 1695, 1696, 1697, 1698, 1699, 1700, 1701, 1702, 1703, 1704, 1705, 1706, 1707, 1708, 1709, 1710, 1711], "selected_count": 153, "selection_time": 0.01564453201717697, "selection_score_forward_time": 0.015359092998551205}