{"example_id": 114, "sub_q_idx": 0, "method": "DraftModel", "reprocess_method": "DraftModel", "rate": 0.15, "system_len": 792, "passages_len": [792, 340, 149, 184, 170, 180, 95, 109, 170, 136, 192, 28], "chunk_ids": [0, 1, 2, 3, 4, 5, 6, 7, 8, 9, 10], "selected_abs": [792, 793, 794, 795, 796, 797, 798, 799, 800, 801, 803, 804, 805, 806, 807, 808, 809, 810, 825, 826, 842, 860, 863, 864, 865, 879, 880, 881, 949, 968, 969, 970, 1130, 1131, 1132, 1133, 1134, 1135, 1136, 1137, 1138, 1139, 1140, 1141, 1142, 1143, 1144, 1162, 1166, 1172, 1183, 1187, 1241, 1264, 1266, 1267, 1279, 1280, 1281, 1282, 1283, 1284, 1285, 1286, 1287, 1288, 1334, 1463, 1464, 1465, 1466, 1467, 1469, 1470, 1471, 1472, 1522, 1567, 1583, 1621, 1634, 1635, 1636, 1637, 1638, 1639, 1640, 1641, 1642, 1643, 1700, 1703, 1721, 1727, 1743, 1795, 1814, 1815, 1816, 1817, 1818, 1819, 1820, 1821, 1822, 1826, 1846, 1849, 1850, 1851, 1852, 1853, 1854, 1855, 1856, 1859, 1860, 1861, 1908, 1909, 1910, 1911, 1912, 1913, 1914, 1915, 1916, 1917, 1918, 1940, 2018, 2019, 2020, 2021, 2027, 2039, 2045, 2046, 2066, 2085, 2134, 2156, 2188, 2189, 2190, 2191, 2192, 2193, 2194, 2195, 2196, 2197, 2198, 2199, 2200, 2201, 2205, 2208, 2218, 2323, 2324, 2325, 2326, 2327, 2328, 2329, 2332, 2339, 2343, 2374, 2389, 2395, 2397, 2416, 2431, 2432, 2434, 2439, 2446, 2449, 2451, 2454, 2455, 2456, 2457, 2458, 2462, 2467, 2469, 2471, 2472, 2474, 2475, 2476, 2477, 2480, 2481, 2482, 2483, 2484, 2485, 2486, 2487, 2488, 2491, 2492, 2493, 2496, 2497, 2498, 2502, 2503, 2504, 2505, 2506, 2507, 2508, 2509, 2510, 2511, 2512, 2513, 2514, 2515, 2516, 2517, 2518, 2519, 2520, 2521, 2522, 2523, 2524, 2525, 2526, 2527, 2528, 2529, 2530, 2531, 2532, 2533, 2534, 2535, 2536, 2537, 2538, 2539, 2540, 2541, 2542, 2543, 2544], "selected_count": 253, "selection_time": 0.021656682016327977, "selection_score_forward_time": 0.021291018987540156}