{"example_id": 102, "sub_q_idx": 0, "method": "DraftModel", "reprocess_method": "DraftModel", "rate": 0.15, "system_len": 792, "passages_len": [792, 124, 59, 158, 99, 147, 78, 156, 118, 185, 136, 27], "chunk_ids": [0, 1, 2, 3, 4, 5, 6, 7, 8, 9, 10], "selected_abs": [792, 793, 794, 795, 796, 797, 798, 799, 800, 801, 802, 803, 804, 805, 806, 807, 808, 809, 829, 830, 831, 832, 833, 834, 835, 836, 852, 853, 854, 855, 860, 861, 862, 863, 864, 888, 889, 890, 914, 915, 916, 917, 918, 919, 920, 921, 922, 923, 924, 925, 926, 927, 928, 929, 933, 974, 975, 976, 977, 978, 979, 980, 981, 982, 990, 991, 992, 994, 995, 996, 1090, 1091, 1131, 1132, 1133, 1134, 1135, 1136, 1137, 1138, 1139, 1140, 1141, 1142, 1144, 1145, 1146, 1147, 1149, 1231, 1232, 1233, 1234, 1235, 1236, 1237, 1238, 1239, 1252, 1253, 1254, 1255, 1378, 1379, 1380, 1381, 1382, 1383, 1384, 1385, 1386, 1387, 1388, 1389, 1390, 1398, 1399, 1400, 1401, 1402, 1415, 1438, 1455, 1456, 1457, 1458, 1459, 1460, 1472, 1485, 1551, 1612, 1613, 1614, 1615, 1616, 1617, 1696, 1730, 1731, 1732, 1733, 1735, 1741, 1742, 1743, 1744, 1746, 1748, 1777, 1783, 1855, 1875, 1882, 1915, 1916, 1917, 1918, 1919, 1920, 1924, 1925, 1927, 1928, 1929, 1930, 1935, 1940, 1944, 1950, 1954, 1960, 1964, 1982, 1983, 1988, 1989, 1990, 1991, 1995, 1997, 1999, 2000, 2004, 2005, 2006, 2009, 2010, 2015, 2019, 2023, 2024, 2026, 2027, 2028, 2029, 2030, 2031, 2033, 2034, 2035, 2036, 2037, 2038, 2039, 2040, 2041, 2042, 2043, 2044, 2045, 2046, 2047, 2048, 2049, 2050, 2051, 2052, 2053, 2054, 2055, 2056, 2057, 2058, 2059, 2060, 2061, 2062, 2063, 2064, 2065, 2066, 2067, 2068, 2069, 2070, 2071, 2072, 2073, 2074, 2075, 2076, 2077, 2078], "selected_count": 244, "selection_time": 0.01830566697753966, "selection_score_forward_time": 0.017973526002606377}