{"example_id": 112, "sub_q_idx": 1, "method": "DraftModel", "reprocess_method": "DraftModel", "rate": 0.15, "system_len": 792, "passages_len": [792, 82, 95, 43, 49, 68, 106, 110, 238, 112, 132, 43, 82, 27], "chunk_ids": [0, 11, 12, 1, 13, 14, 15, 16, 17, 18, 19, 1, 11], "selected_abs": [792, 793, 794, 795, 796, 797, 798, 799, 800, 801, 810, 817, 873, 874, 875, 876, 877, 881, 882, 883, 884, 885, 886, 887, 917, 968, 969, 970, 971, 972, 973, 974, 975, 976, 977, 978, 979, 980, 981, 982, 983, 984, 985, 986, 987, 988, 993, 994, 995, 1010, 1011, 1012, 1013, 1014, 1015, 1016, 1017, 1018, 1019, 1020, 1034, 1035, 1036, 1037, 1038, 1060, 1061, 1062, 1063, 1064, 1068, 1076, 1082, 1084, 1085, 1086, 1087, 1128, 1129, 1130, 1131, 1132, 1140, 1233, 1234, 1235, 1236, 1237, 1238, 1239, 1240, 1287, 1320, 1344, 1345, 1346, 1347, 1348, 1349, 1350, 1582, 1583, 1584, 1585, 1586, 1587, 1588, 1589, 1590, 1591, 1649, 1665, 1694, 1695, 1696, 1697, 1698, 1699, 1700, 1701, 1702, 1703, 1704, 1705, 1706, 1707, 1708, 1709, 1710, 1711, 1712, 1713, 1714, 1716, 1717, 1721, 1722, 1726, 1727, 1728, 1729, 1730, 1731, 1732, 1733, 1734, 1735, 1736, 1737, 1747, 1748, 1749, 1750, 1763, 1764, 1765, 1768, 1769, 1770, 1771, 1772, 1788, 1789, 1790, 1791, 1792, 1793, 1803, 1804, 1805, 1806, 1807, 1808, 1809, 1810, 1811, 1812, 1813, 1814, 1815, 1816, 1817, 1818, 1819, 1820, 1821, 1822, 1823, 1824, 1825, 1826, 1827, 1828, 1829, 1830, 1831, 1832, 1833, 1834, 1835, 1836, 1837, 1838, 1839, 1840, 1841, 1842, 1843, 1844, 1845, 1846, 1850, 1851, 1852, 1853, 1856, 1857, 1864, 1866, 1868, 1869, 1870, 1871, 1872, 1873, 1874, 1875, 1876, 1877, 1878, 1879, 1881, 1882, 1883, 1884, 1885, 1888, 1891, 1894, 1895, 1897, 1898, 1900, 1901, 1907, 1908, 1909, 1910, 1911, 1912, 1913, 1914, 1915, 1916, 1917, 1918, 1920, 1922, 1924, 1927, 1930, 1931, 1932, 1935, 1936, 1937, 1938, 1939, 1940, 1941, 1942, 1944, 1947, 1948, 1949, 1950, 1951, 1952, 1953, 1954, 1955, 1956, 1957, 1958, 1959, 1960, 1961, 1962, 1963, 1964, 1965, 1966, 1967, 1968, 1969, 1970, 1971, 1972, 1973, 1974, 1975, 1976, 1977, 1978], "selected_count": 304, "selection_time": 0.018277241004398093, "selection_score_forward_time": 0.017935048992512748}