{"example_id": 113, "sub_q_idx": 0, "method": "DraftModel", "reprocess_method": "DraftModel", "rate": 0.15, "system_len": 792, "passages_len": [792, 131, 225, 210, 102, 102, 168, 61, 121, 216, 120, 27], "chunk_ids": [0, 1, 2, 3, 4, 5, 6, 7, 8, 9, 10], "selected_abs": [792, 793, 794, 795, 796, 797, 798, 799, 800, 803, 804, 805, 806, 807, 808, 809, 810, 811, 812, 813, 814, 819, 820, 821, 823, 824, 825, 826, 827, 828, 829, 830, 832, 833, 834, 835, 836, 837, 838, 839, 840, 845, 878, 879, 880, 894, 899, 915, 917, 918, 919, 922, 923, 924, 925, 926, 927, 928, 931, 932, 933, 934, 935, 958, 1075, 1147, 1148, 1149, 1150, 1151, 1152, 1153, 1154, 1155, 1159, 1160, 1161, 1162, 1163, 1164, 1198, 1202, 1203, 1265, 1357, 1358, 1359, 1360, 1361, 1366, 1367, 1368, 1371, 1395, 1399, 1401, 1402, 1403, 1459, 1460, 1461, 1462, 1463, 1464, 1561, 1562, 1563, 1564, 1565, 1566, 1567, 1568, 1569, 1570, 1571, 1572, 1623, 1728, 1729, 1730, 1731, 1732, 1733, 1734, 1735, 1736, 1737, 1738, 1739, 1743, 1749, 1752, 1753, 1754, 1789, 1790, 1791, 1792, 1793, 1794, 1795, 1796, 1829, 1830, 1911, 1912, 1913, 1914, 1915, 1917, 1918, 1919, 1920, 1921, 1922, 1923, 1941, 1954, 1990, 2055, 2106, 2127, 2128, 2129, 2130, 2131, 2132, 2133, 2134, 2135, 2136, 2137, 2138, 2140, 2141, 2143, 2144, 2145, 2146, 2148, 2149, 2150, 2151, 2153, 2155, 2156, 2157, 2159, 2165, 2166, 2167, 2168, 2169, 2171, 2176, 2177, 2180, 2181, 2183, 2184, 2188, 2195, 2196, 2200, 2203, 2204, 2205, 2207, 2208, 2209, 2210, 2213, 2214, 2217, 2218, 2223, 2226, 2234, 2235, 2236, 2237, 2238, 2239, 2240, 2241, 2243, 2244, 2245, 2246, 2247, 2248, 2249, 2250, 2251, 2252, 2253, 2254, 2255, 2256, 2257, 2258, 2259, 2260, 2261, 2262, 2263, 2264, 2265, 2266, 2267, 2268, 2269, 2270, 2271, 2272, 2273, 2274], "selected_count": 257, "selection_time": 0.018877405003877357, "selection_score_forward_time": 0.018520727986469865}