{"example_id": 112, "sub_q_idx": 0, "method": "DraftModel", "reprocess_method": "DraftModel", "rate": 0.15, "system_len": 792, "passages_len": [792, 43, 83, 68, 78, 105, 55, 67, 74, 192, 57, 30], "chunk_ids": [0, 1, 2, 3, 4, 5, 6, 7, 8, 9, 10], "selected_abs": [792, 793, 794, 795, 796, 797, 798, 799, 800, 801, 802, 803, 804, 805, 806, 807, 808, 809, 810, 811, 816, 817, 818, 833, 834, 835, 836, 837, 838, 839, 840, 841, 842, 843, 844, 849, 850, 851, 852, 853, 904, 905, 917, 918, 919, 920, 921, 922, 923, 924, 926, 941, 942, 943, 944, 945, 946, 947, 948, 985, 986, 987, 988, 989, 990, 1063, 1064, 1065, 1066, 1067, 1068, 1069, 1070, 1167, 1168, 1169, 1170, 1171, 1172, 1173, 1174, 1176, 1177, 1178, 1179, 1223, 1224, 1225, 1226, 1247, 1248, 1250, 1284, 1290, 1291, 1292, 1293, 1294, 1295, 1301, 1302, 1308, 1364, 1365, 1366, 1367, 1368, 1369, 1370, 1371, 1390, 1455, 1487, 1494, 1554, 1556, 1557, 1558, 1559, 1560, 1561, 1562, 1563, 1565, 1569, 1570, 1571, 1572, 1573, 1574, 1576, 1577, 1578, 1579, 1580, 1584, 1587, 1588, 1589, 1590, 1591, 1600, 1601, 1602, 1603, 1604, 1605, 1606, 1607, 1608, 1609, 1610, 1611, 1612, 1613, 1614, 1615, 1616, 1617, 1618, 1619, 1620, 1621, 1622, 1623, 1624, 1625, 1626, 1627, 1628, 1629, 1630, 1631, 1632, 1633, 1634, 1635, 1636, 1637, 1638, 1639, 1640, 1641, 1642, 1643], "selected_count": 185, "selection_time": 0.014867009012959898, "selection_score_forward_time": 0.01457261701580137}