config,description,segments,main_correct,main_total,main_acc,sub_correct,sub_total,sub_acc,f1,em,residual_tokens_avg,residual_time_avg,prompt_eval_duration_avg,prompt_eval_count_avg
online_draft_rate015,"online Draft selector, rate=0.15",,99,135,0.7333333333333333,209,248,0.842741935483871,,,,,,
offline_hybrid70_rate015,"old offline hybrid70 fixed set, rate=0.15",,93,135,0.6888888888888889,196,248,0.7903225806451613,,,,,,
draft_smart_frequency_global,"pure offline smart draft frequency fixed set, rate=0.15",,94,135,0.6962962962962963,203,250,0.812,0.2138,0.016,0,0,,
draft_smart_mean_score_global,"pure offline smart draft mean-score fixed set, rate=0.15",,95,135,0.7037037037037037,204,250,0.816,0.1931,0.008,0,0,,
mean_draft005,offline mean-score + online Draft residual 0.05,8,100,135,0.7407407407407407,213,250,0.852,0.1899291484752703,0.004,70.82,0.14077740438003092,1.10455555610804,321.416
freq_draft005,offline frequency + online Draft residual 0.05,8,103,135,0.762962962962963,217,250,0.868,0.1883617819326561,0.012,70.82,0.14096529348459444,1.109951473180321,323.376
mean_qk005,offline mean-score + online QK residual 0.05,8,98,135,0.725925925925926,204,250,0.816,0.20052704310007713,0.012,70.82,0.3214774644559657,1.283923981920496,321.416
freq_qk005,offline frequency + online QK residual 0.05,8,94,135,0.6962962962962963,197,250,0.788,0.20471630461395612,0.016,70.82,0.3220804073559702,1.289765538984415,323.376
