source,kind,relative_l2,diff_norm,full_norm,source_norm,cosine_source_full,num_examples,num_chunks,num_tokens
raw,hidden_layer_input,0.7371510745213025,2483959.2076979103,3369674.539660632,3676532.2768529616,0.7547812459521672,25,578,419141
preprocess,hidden_layer_input,0.7185823523089063,2421388.6572247683,3369674.539660632,3306353.43687394,0.7370551484961304,25,578,419141
