{
  "config": {
    "model": "/mnt/qjhs-sh-lab-01/models/Qwen2.5-7B-Instruct",
    "dataset": "musique",
    "topk": 10,
    "rate": 0.15,
    "max_main_questions": 8,
    "max_sub_questions": 8,
    "warmup_sub_questions": 2,
    "raw_kv_cache": "/raid/home/hming/fusionrag-reflect-full-cache/Qwen2.5-7B-Instruct/musique/kv_cache",
    "preprocess_kv_cache": "/raid/home/hming/fusionrag-reflect-full-cache/Qwen2.5-7B-Instruct/musique/preprocess_kv_cache_global_topk10_bge"
  },
  "num_measured": 6,
  "full_ttft_compute_s_mean": 0.1127994457880656,
  "full_ttft_compute_s_p50": 0.10817074775695801,
  "full_ttft_compute_s_p95": 0.15319228172302246,
  "full_ttft_wall_s_mean": 0.29834539101769525,
  "full_ttft_wall_s_p50": 0.28883851203136146,
  "full_ttft_wall_s_p95": 0.3922801651060581,
  "full_reuse_cache_ttft_s_mean": 0.8789430359999338,
  "full_reuse_cache_ttft_s_p50": 0.8596984115429223,
  "full_reuse_cache_ttft_s_p95": 1.1097040371969342,
  "fusion_ttft_compute_s_mean": 0.2295815129764378,
  "fusion_ttft_compute_s_p50": 0.2258255600463599,
  "fusion_ttft_compute_s_p95": 0.2526791119016707,
  "fusion_ttft_wall_s_mean": 0.286884678217272,
  "fusion_ttft_wall_s_p50": 0.2789985444396734,
  "fusion_ttft_wall_s_p95": 0.32806294271722436,
  "speedup_compute_mean": 0.4888767762423631,
  "ttft_reduction_pct_compute_mean": -107.45852427571423,
  "speedup_full_reuse_over_fusion_compute_mean": 3.81716872753479,
  "ttft_reduction_pct_full_reuse_vs_fusion_compute_mean": 73.65525305719072,
  "speedup_wall_mean": 1.0349816201361566,
  "ttft_reduction_pct_wall_mean": 2.8384863726664435,
  "fusion_storage_time_s_mean": 0.02514382249986132,
  "fusion_selection_time_s_mean": 0.10487664964360495,
  "fusion_selection_score_forward_time_s_mean": 0.10411810215252142,
  "fusion_reprocess_prefill_time_s_mean": 0.09956104083297153,
  "fusion_selected_doc_tokens_mean": 216.83333333333334,
  "fusion_reprocess_prefill_tokens_mean": 242.0,
  "full_tokens_mean": 2265.6666666666665
}