{"example_id": 149, "sub_q_idx": 0, "method": "DraftModel", "reprocess_method": "DraftModel", "rate": 0.1, "system_len": 792, "passages_len": [792, 180, 224, 116, 83, 116, 173, 155, 123, 314, 84, 224, 32], "chunk_ids": [0, 1, 2, 3, 4, 5, 6, 7, 8, 9, 10, 2], "selected_abs": [792, 793, 794, 795, 796, 797, 798, 799, 800, 801, 802, 803, 804, 805, 806, 807, 811, 815, 822, 825, 826, 827, 832, 836, 846, 872, 897, 971, 972, 973, 974, 975, 976, 977, 978, 1011, 1195, 1196, 1197, 1198, 1199, 1200, 1217, 1254, 1270, 1271, 1273, 1274, 1275, 1309, 1310, 1311, 1312, 1313, 1314, 1315, 1316, 1317, 1318, 1319, 1342, 1360, 1394, 1395, 1396, 1397, 1398, 1399, 1400, 1401, 1402, 1405, 1416, 1427, 1510, 1511, 1512, 1513, 1514, 1516, 1518, 1561, 1562, 1662, 1683, 1684, 1685, 1686, 1687, 1688, 1689, 1690, 1691, 1720, 1838, 1839, 1840, 1841, 1842, 1843, 1844, 1845, 1846, 1847, 1849, 1850, 1878, 1911, 1960, 1961, 1962, 1963, 1964, 1965, 1966, 1968, 1969, 1971, 1972, 1973, 1974, 1975, 1976, 1977, 1979, 1987, 2010, 2125, 2130, 2160, 2161, 2193, 2198, 2275, 2276, 2277, 2278, 2279, 2280, 2281, 2282, 2283, 2284, 2285, 2286, 2287, 2288, 2289, 2290, 2291, 2292, 2293, 2294, 2295, 2296, 2297, 2298, 2299, 2300, 2301, 2302, 2303, 2304, 2305, 2309, 2310, 2311, 2312, 2313, 2314, 2315, 2316, 2317, 2318, 2320, 2321, 2322, 2323, 2324, 2325, 2349, 2350, 2351, 2352, 2353, 2354, 2355, 2356, 2357, 2358, 2359, 2360, 2361, 2362, 2363, 2364, 2365, 2366, 2369, 2370, 2371, 2372, 2399, 2400, 2403, 2437, 2442, 2453, 2467, 2468, 2469, 2489, 2509, 2524, 2527, 2528, 2529, 2530, 2531, 2537, 2544, 2550, 2551, 2552, 2553, 2554, 2555, 2556, 2557, 2558, 2559, 2560, 2561, 2562, 2563, 2564, 2565, 2566, 2569, 2570, 2571, 2572, 2573, 2574, 2575, 2576, 2577, 2578, 2579, 2580, 2581, 2582, 2583, 2584, 2585, 2586, 2587, 2588, 2589, 2590, 2591, 2592, 2593, 2594, 2595, 2596, 2597, 2598, 2599, 2600, 2601, 2602, 2603, 2604, 2605, 2606, 2607, 2608, 2609, 2610, 2611, 2612, 2613, 2614, 2615], "selected_count": 285, "selection_time": 0.05641405697679147, "selection_score_forward_time": 0.055981051991693676}