{"example_id": 135, "sub_q_idx": 1, "method": "DraftModel", "reprocess_method": "DraftModel", "rate": 0.1, "system_len": 792, "passages_len": [792, 47, 65, 146, 88, 103, 52, 111, 60, 109, 237, 65, 47, 65, 47, 32], "chunk_ids": [0, 11, 1, 12, 13, 14, 15, 16, 17, 18, 19, 1, 11, 1, 11], "selected_abs": [792, 793, 794, 795, 796, 797, 798, 799, 800, 801, 802, 803, 812, 819, 832, 838, 839, 840, 841, 842, 843, 844, 845, 846, 847, 848, 849, 850, 851, 852, 853, 854, 855, 856, 857, 864, 867, 902, 903, 904, 905, 906, 907, 908, 920, 921, 1027, 1049, 1050, 1051, 1052, 1053, 1054, 1055, 1056, 1058, 1081, 1137, 1138, 1139, 1140, 1141, 1142, 1169, 1186, 1190, 1240, 1241, 1242, 1243, 1244, 1245, 1246, 1247, 1248, 1249, 1292, 1293, 1294, 1295, 1296, 1297, 1298, 1299, 1301, 1302, 1303, 1306, 1324, 1402, 1403, 1404, 1405, 1406, 1407, 1408, 1409, 1410, 1411, 1412, 1413, 1414, 1415, 1416, 1452, 1463, 1464, 1465, 1466, 1467, 1468, 1469, 1470, 1471, 1472, 1473, 1474, 1475, 1476, 1477, 1516, 1566, 1571, 1572, 1573, 1574, 1575, 1576, 1577, 1578, 1589, 1646, 1647, 1653, 1726, 1727, 1728, 1729, 1730, 1731, 1733, 1747, 1755, 1756, 1757, 1779, 1780, 1781, 1782, 1783, 1784, 1785, 1786, 1787, 1788, 1789, 1790, 1791, 1792, 1793, 1794, 1795, 1796, 1797, 1798, 1799, 1800, 1801, 1802, 1803, 1804, 1805, 1806, 1807, 1808, 1809, 1810, 1811, 1812, 1813, 1814, 1815, 1816, 1817, 1818, 1819, 1820, 1821, 1822, 1823, 1824, 1825, 1826, 1827, 1828, 1835, 1838, 1873, 1874, 1875, 1876, 1877, 1878, 1879, 1880, 1881, 1882, 1883, 1884, 1885, 1902, 1915, 1921, 1922, 1923, 1924, 1925, 1926, 1927, 1928, 1929, 1930, 1931, 1932, 1933, 1934, 1935, 1936, 1937, 1938, 1939, 1940, 1947, 1950, 1958, 1964, 1966, 1969, 1970, 1971, 1985, 1986, 1987, 1988, 1989, 1990, 1991, 1992, 1993, 1994, 1995, 1996, 1997, 1998, 1999, 2000, 2003, 2006, 2007, 2008, 2009, 2010, 2011, 2012, 2013, 2014, 2015, 2016, 2017, 2018, 2019, 2020, 2021, 2022, 2023, 2024, 2025, 2026, 2027, 2028, 2029, 2030, 2031, 2032, 2033, 2034, 2035, 2036, 2037, 2038, 2039, 2040, 2041, 2042, 2043, 2044, 2045, 2046, 2047, 2048, 2049, 2050, 2051, 2052, 2053, 2054, 2055, 2056, 2057, 2058, 2059, 2060, 2061, 2062, 2063, 2064, 2065], "selected_count": 317, "selection_time": 0.04404531401814893, "selection_score_forward_time": 0.04371438600355759}