{"example_id": 146, "sub_q_idx": 0, "method": "DraftModel", "reprocess_method": "DraftModel", "rate": 0.1, "system_len": 792, "passages_len": [792, 86, 72, 53, 33, 52, 68, 73, 240, 130, 209, 27], "chunk_ids": [0, 1, 2, 3, 4, 5, 6, 7, 8, 9, 10], "selected_abs": [792, 793, 794, 795, 796, 797, 798, 799, 800, 801, 802, 803, 805, 806, 807, 808, 809, 877, 878, 879, 880, 881, 882, 883, 884, 885, 886, 887, 918, 949, 950, 951, 952, 953, 954, 955, 956, 1002, 1003, 1004, 1005, 1006, 1007, 1008, 1009, 1011, 1012, 1017, 1018, 1019, 1020, 1021, 1032, 1033, 1034, 1035, 1036, 1037, 1038, 1039, 1040, 1041, 1087, 1088, 1089, 1090, 1091, 1092, 1093, 1094, 1095, 1096, 1097, 1098, 1155, 1156, 1157, 1158, 1159, 1228, 1229, 1230, 1231, 1232, 1236, 1239, 1412, 1467, 1468, 1469, 1470, 1471, 1472, 1473, 1474, 1475, 1476, 1499, 1500, 1503, 1541, 1561, 1565, 1578, 1598, 1599, 1600, 1601, 1602, 1603, 1605, 1608, 1611, 1612, 1620, 1622, 1637, 1645, 1685, 1705, 1725, 1735, 1744, 1751, 1774, 1775, 1776, 1777, 1778, 1787, 1788, 1789, 1790, 1791, 1792, 1793, 1794, 1795, 1796, 1797, 1798, 1799, 1800, 1801, 1802, 1803, 1804, 1805, 1806, 1807, 1808, 1809, 1810, 1811, 1812, 1813, 1814, 1815, 1816, 1817, 1818, 1819, 1820, 1821, 1822, 1823, 1824, 1825, 1826, 1827, 1828, 1829, 1830, 1831, 1832, 1833, 1834], "selected_count": 177, "selection_time": 0.042845856019994244, "selection_score_forward_time": 0.0423561749921646}