{"example_id": 147, "sub_q_idx": 0, "method": "DraftModel", "reprocess_method": "DraftModel", "rate": 0.1, "system_len": 792, "passages_len": [792, 129, 111, 71, 52, 114, 174, 45, 111, 81, 27, 28], "chunk_ids": [0, 1, 2, 3, 4, 5, 6, 7, 8, 9, 10], "selected_abs": [792, 793, 794, 795, 796, 797, 798, 799, 800, 801, 802, 805, 806, 807, 808, 809, 810, 811, 812, 825, 826, 827, 828, 829, 830, 882, 910, 911, 912, 913, 914, 915, 916, 917, 918, 920, 921, 922, 923, 924, 977, 1031, 1032, 1033, 1034, 1035, 1036, 1037, 1038, 1102, 1103, 1104, 1105, 1106, 1107, 1108, 1123, 1154, 1155, 1156, 1157, 1158, 1160, 1268, 1269, 1270, 1271, 1272, 1276, 1277, 1278, 1279, 1280, 1281, 1282, 1283, 1303, 1406, 1442, 1443, 1444, 1445, 1446, 1450, 1463, 1487, 1488, 1489, 1490, 1491, 1492, 1518, 1547, 1572, 1598, 1599, 1600, 1601, 1603, 1604, 1607, 1608, 1609, 1610, 1611, 1612, 1616, 1617, 1619, 1625, 1628, 1629, 1654, 1671, 1675, 1679, 1680, 1681, 1682, 1683, 1684, 1685, 1686, 1687, 1688, 1689, 1690, 1691, 1692, 1693, 1694, 1695, 1696, 1697, 1698, 1699, 1700, 1701, 1702, 1703, 1704, 1705, 1706, 1707, 1708, 1709, 1710, 1711, 1712, 1713, 1714, 1715, 1716, 1717, 1718, 1719, 1720, 1721, 1722, 1723, 1724, 1725, 1726, 1727, 1728, 1729, 1730, 1731, 1732, 1733, 1734], "selected_count": 171, "selection_time": 0.03819385400856845, "selection_score_forward_time": 0.037837142997886986}