{"example_id": 126, "sub_q_idx": 0, "method": "DraftModel", "reprocess_method": "DraftModel", "rate": 0.1, "system_len": 792, "passages_len": [792, 204, 91, 102, 305, 84, 95, 96, 80, 87, 170, 30], "chunk_ids": [0, 1, 2, 3, 4, 5, 6, 7, 8, 9, 10], "selected_abs": [792, 793, 794, 795, 796, 797, 798, 799, 800, 801, 802, 803, 804, 805, 806, 811, 829, 830, 831, 832, 833, 834, 835, 847, 892, 963, 994, 995, 996, 997, 998, 999, 1004, 1005, 1006, 1007, 1085, 1086, 1087, 1088, 1089, 1090, 1093, 1094, 1100, 1173, 1188, 1189, 1190, 1191, 1192, 1193, 1493, 1494, 1495, 1496, 1497, 1498, 1499, 1500, 1517, 1518, 1519, 1520, 1521, 1537, 1577, 1578, 1579, 1580, 1581, 1586, 1636, 1672, 1673, 1674, 1675, 1676, 1680, 1700, 1716, 1768, 1769, 1770, 1771, 1777, 1778, 1779, 1795, 1799, 1814, 1848, 1849, 1850, 1851, 1852, 1854, 1855, 1882, 1914, 1935, 1936, 1937, 1938, 1939, 1941, 1942, 1943, 1947, 1969, 1970, 1976, 1985, 2000, 2006, 2032, 2054, 2063, 2064, 2068, 2071, 2072, 2075, 2083, 2084, 2089, 2090, 2091, 2092, 2093, 2094, 2095, 2096, 2097, 2098, 2099, 2100, 2101, 2102, 2103, 2104, 2105, 2106, 2107, 2108, 2109, 2110, 2111, 2112, 2113, 2114, 2115, 2116, 2117, 2118, 2119, 2120, 2121, 2122, 2123, 2124, 2125, 2126, 2127, 2128, 2129, 2130, 2131, 2132, 2133, 2134, 2135], "selected_count": 172, "selection_time": 0.04590360101428814, "selection_score_forward_time": 0.045526618021540344}