{"example_id": 130, "sub_q_idx": 0, "method": "DraftModel", "reprocess_method": "DraftModel", "rate": 0.1, "system_len": 792, "passages_len": [792, 66, 78, 124, 107, 61, 57, 111, 41, 158, 147, 28], "chunk_ids": [0, 1, 2, 3, 4, 5, 6, 7, 8, 9, 10], "selected_abs": [792, 793, 794, 795, 796, 797, 798, 799, 800, 801, 802, 803, 804, 805, 808, 809, 810, 811, 812, 813, 815, 817, 818, 819, 823, 848, 856, 857, 858, 859, 860, 861, 862, 863, 884, 934, 935, 936, 937, 938, 1038, 1059, 1060, 1061, 1062, 1162, 1166, 1167, 1168, 1169, 1170, 1171, 1172, 1173, 1174, 1175, 1227, 1283, 1284, 1285, 1286, 1287, 1288, 1395, 1397, 1398, 1399, 1400, 1405, 1436, 1438, 1439, 1443, 1444, 1479, 1556, 1594, 1595, 1596, 1597, 1600, 1601, 1602, 1628, 1689, 1690, 1696, 1697, 1709, 1716, 1717, 1718, 1719, 1720, 1721, 1722, 1727, 1728, 1729, 1730, 1732, 1733, 1734, 1735, 1736, 1737, 1738, 1739, 1740, 1741, 1742, 1743, 1744, 1745, 1746, 1747, 1748, 1749, 1750, 1751, 1752, 1753, 1754, 1755, 1756, 1757, 1758, 1759, 1760, 1761, 1762, 1763, 1764, 1765, 1766, 1767, 1768, 1769], "selected_count": 138, "selection_time": 0.03729388301144354, "selection_score_forward_time": 0.03698222598177381}