{"example_id": 131, "sub_q_idx": 0, "method": "DraftModel", "reprocess_method": "DraftModel", "rate": 0.1, "system_len": 792, "passages_len": [792, 115, 62, 118, 94, 66, 125, 134, 42, 115, 104, 28], "chunk_ids": [0, 1, 2, 3, 4, 5, 6, 7, 8, 9, 10], "selected_abs": [792, 793, 794, 795, 796, 797, 798, 799, 800, 801, 802, 806, 807, 808, 809, 810, 811, 813, 814, 815, 816, 817, 818, 819, 820, 821, 822, 832, 833, 834, 835, 836, 839, 840, 841, 842, 843, 855, 905, 906, 907, 908, 909, 910, 968, 969, 970, 971, 972, 974, 1086, 1087, 1088, 1089, 1090, 1091, 1092, 1093, 1180, 1182, 1246, 1255, 1371, 1372, 1373, 1374, 1375, 1376, 1377, 1505, 1506, 1507, 1510, 1518, 1545, 1546, 1547, 1548, 1549, 1550, 1551, 1558, 1563, 1580, 1619, 1662, 1663, 1664, 1665, 1666, 1667, 1669, 1670, 1681, 1682, 1684, 1685, 1686, 1712, 1715, 1723, 1724, 1727, 1728, 1729, 1731, 1738, 1742, 1743, 1747, 1750, 1751, 1752, 1753, 1754, 1755, 1756, 1757, 1758, 1759, 1760, 1761, 1762, 1764, 1765, 1766, 1767, 1768, 1769, 1770, 1771, 1772, 1773, 1774, 1775, 1776, 1777, 1778, 1779, 1780, 1781, 1782, 1783, 1784, 1785, 1786, 1787, 1788, 1789, 1790, 1791, 1792, 1793, 1794], "selected_count": 154, "selection_time": 0.042034340993268415, "selection_score_forward_time": 0.04173621299560182}