{"example_id": 144, "sub_q_idx": 0, "method": "DraftModel", "reprocess_method": "DraftModel", "rate": 0.1, "system_len": 792, "passages_len": [792, 93, 133, 95, 139, 67, 89, 52, 120, 90, 121, 33], "chunk_ids": [0, 1, 2, 3, 4, 5, 6, 7, 8, 9, 10], "selected_abs": [792, 793, 794, 795, 796, 797, 798, 799, 800, 801, 802, 803, 806, 807, 808, 809, 810, 811, 812, 813, 814, 821, 822, 823, 824, 825, 826, 855, 882, 883, 884, 885, 886, 887, 888, 894, 1017, 1018, 1019, 1020, 1112, 1121, 1251, 1252, 1253, 1254, 1255, 1256, 1257, 1258, 1259, 1260, 1318, 1319, 1320, 1321, 1407, 1409, 1416, 1459, 1460, 1461, 1462, 1463, 1464, 1465, 1477, 1478, 1541, 1579, 1580, 1581, 1582, 1584, 1586, 1596, 1597, 1620, 1669, 1670, 1671, 1672, 1673, 1674, 1675, 1676, 1677, 1681, 1682, 1683, 1685, 1688, 1690, 1700, 1701, 1716, 1729, 1750, 1753, 1754, 1755, 1756, 1759, 1760, 1763, 1765, 1772, 1779, 1780, 1782, 1783, 1784, 1785, 1786, 1787, 1788, 1789, 1790, 1791, 1792, 1793, 1794, 1795, 1796, 1797, 1798, 1799, 1800, 1801, 1802, 1803, 1804, 1805, 1806, 1807, 1808, 1809, 1810, 1811, 1812, 1813, 1814, 1815, 1816, 1817, 1818, 1819, 1820, 1821, 1822, 1823], "selected_count": 151, "selection_time": 0.04107790099806152, "selection_score_forward_time": 0.040778043010504916}