{"example_id": 147, "sub_q_idx": 1, "method": "DraftModel", "reprocess_method": "DraftModel", "rate": 0.1, "system_len": 792, "passages_len": [792, 132, 169, 222, 155, 165, 154, 73, 156, 387, 141, 129, 132, 36], "chunk_ids": [0, 11, 12, 13, 14, 15, 16, 17, 18, 19, 20, 1, 11], "selected_abs": [792, 793, 794, 795, 796, 797, 798, 799, 800, 801, 802, 824, 879, 898, 905, 922, 923, 924, 925, 926, 927, 931, 940, 948, 967, 1082, 1092, 1093, 1094, 1095, 1096, 1314, 1315, 1316, 1317, 1318, 1406, 1423, 1469, 1470, 1471, 1472, 1473, 1634, 1635, 1636, 1637, 1638, 1642, 1647, 1688, 1788, 1789, 1790, 1791, 1792, 1793, 1794, 1795, 1796, 1797, 1798, 1799, 1800, 1801, 1810, 1814, 1821, 1861, 1862, 1863, 1864, 1865, 1874, 1877, 1903, 2009, 2016, 2017, 2018, 2019, 2020, 2021, 2024, 2025, 2026, 2027, 2073, 2300, 2404, 2405, 2406, 2407, 2408, 2409, 2410, 2411, 2412, 2413, 2414, 2415, 2416, 2417, 2418, 2419, 2420, 2421, 2422, 2423, 2424, 2425, 2438, 2439, 2440, 2441, 2442, 2443, 2454, 2455, 2456, 2457, 2458, 2476, 2477, 2478, 2479, 2480, 2481, 2482, 2483, 2484, 2485, 2486, 2487, 2488, 2489, 2490, 2491, 2493, 2494, 2495, 2496, 2497, 2498, 2499, 2500, 2501, 2502, 2503, 2504, 2505, 2506, 2507, 2508, 2509, 2510, 2511, 2512, 2513, 2514, 2515, 2516, 2517, 2518, 2519, 2520, 2521, 2522, 2523, 2524, 2525, 2526, 2527, 2528, 2529, 2530, 2531, 2532, 2533, 2534, 2535, 2536, 2537, 2538, 2539, 2540, 2541, 2542, 2543, 2544, 2545, 2546, 2547, 2548, 2549, 2550, 2551, 2552, 2553, 2554, 2555, 2556, 2559, 2560, 2561, 2562, 2563, 2564, 2565, 2566, 2570, 2574, 2579, 2580, 2581, 2582, 2583, 2584, 2595, 2628, 2631, 2636, 2637, 2657, 2664, 2665, 2666, 2667, 2668, 2669, 2670, 2671, 2672, 2674, 2675, 2676, 2677, 2678, 2679, 2680, 2681, 2682, 2683, 2684, 2685, 2691, 2693, 2694, 2695, 2696, 2697, 2698, 2699, 2700, 2707, 2709, 2711, 2712, 2713, 2716, 2723, 2724, 2725, 2733, 2735, 2736, 2738, 2739, 2740, 2741, 2745, 2748, 2750, 2752, 2757, 2759, 2761, 2762, 2763, 2764, 2769, 2770, 2771, 2773, 2774, 2775, 2776, 2777, 2779, 2780, 2781, 2782, 2783, 2784, 2785, 2786, 2787, 2788, 2789, 2790, 2791, 2792, 2793, 2794, 2795, 2796, 2797, 2798, 2799, 2800, 2801, 2802, 2803, 2804, 2805, 2806, 2807, 2808, 2809, 2810, 2811, 2812, 2813, 2814, 2815, 2816, 2817, 2818, 2819, 2820, 2821, 2822, 2823, 2824, 2825, 2826, 2827, 2828, 2829, 2830, 2831, 2832, 2833, 2834, 2835, 2836, 2837, 2838, 2839, 2840, 2841, 2842], "selected_count": 352, "selection_time": 0.060602170997299254, "selection_score_forward_time": 0.06014815499656834}