method,main_correct,main_total,main_acc,sub_correct,sub_total,sub_acc,f1,em,avg_selected_tokens,avg_residual_tokens,avg_residual_select_time,avg_prompt_eval_time,avg_prompt_eval_count,segments
offline10_draft005,97,135,0.7185185185185186,208,250,0.832,0.1954580973270238,0.02,249.52,70.82,0.14064298021933064,1.0007069943276001,249.52,8
offline20_only,91,135,0.674074074074074,198,250,0.792,0.2069255487559685,0.012,325.032,0,0,0.9800939388307742,325.032,8
