source,kind,relative_l2,diff_norm,full_norm,source_norm,cosine_source_full,num_examples,num_chunks,num_tokens
raw,hidden_layer_input,0.720417444411411,3431283.229477428,4762909.693671875,5177851.861746377,0.7647859779689526,50,1166,827074
preprocess,hidden_layer_input,0.7431398637186619,3539508.0606596107,4762909.693671875,4735350.601273772,0.7222813835383591,50,1166,827074
