{"example_id": 19, "sub_q_idx": 1, "method": "DraftModel", "reprocess_method": "DraftModel", "rate": 0.15, "system_len": 792, "passages_len": [792, 131, 37, 46, 137, 340, 82, 49, 125, 124, 341, 37, 131, 31], "chunk_ids": [0, 3, 2, 4, 11, 12, 7, 13, 14, 15, 16, 2, 3], "selected_abs": [792, 793, 794, 795, 796, 797, 822, 826, 837, 885, 919, 921, 922, 923, 924, 925, 926, 927, 928, 929, 939, 940, 941, 942, 943, 944, 955, 958, 959, 960, 961, 962, 963, 964, 978, 982, 1004, 1005, 1006, 1007, 1008, 1009, 1010, 1011, 1012, 1020, 1021, 1022, 1026, 1029, 1048, 1111, 1112, 1113, 1141, 1142, 1143, 1144, 1145, 1146, 1147, 1148, 1166, 1167, 1168, 1169, 1187, 1188, 1189, 1201, 1202, 1203, 1204, 1222, 1415, 1433, 1439, 1452, 1472, 1476, 1481, 1482, 1483, 1484, 1485, 1486, 1487, 1488, 1489, 1490, 1492, 1494, 1563, 1564, 1565, 1566, 1567, 1568, 1569, 1570, 1571, 1601, 1603, 1612, 1613, 1614, 1615, 1616, 1617, 1618, 1619, 1620, 1621, 1622, 1663, 1665, 1737, 1738, 1739, 1740, 1741, 1742, 1743, 1744, 1745, 1746, 1747, 1748, 1749, 1750, 1751, 1769, 1782, 1783, 1784, 1826, 1827, 1828, 1829, 1830, 1850, 1861, 1862, 1863, 1864, 1865, 1866, 1867, 1868, 1869, 1870, 1871, 1888, 1908, 1909, 1923, 1924, 1936, 1964, 1975, 1976, 1992, 1993, 2007, 2008, 2033, 2035, 2051, 2068, 2079, 2080, 2114, 2115, 2134, 2135, 2158, 2159, 2164, 2165, 2168, 2169, 2170, 2171, 2172, 2173, 2175, 2176, 2177, 2178, 2179, 2180, 2181, 2182, 2183, 2184, 2185, 2186, 2187, 2188, 2189, 2190, 2191, 2192, 2193, 2194, 2195, 2196, 2197, 2198, 2199, 2200, 2201, 2202, 2203, 2204, 2205, 2206, 2207, 2208, 2209, 2210, 2220, 2221, 2222, 2223, 2224, 2225, 2234, 2236, 2238, 2239, 2240, 2241, 2242, 2243, 2244, 2245, 2246, 2247, 2248, 2249, 2250, 2251, 2252, 2253, 2255, 2257, 2259, 2266, 2267, 2268, 2271, 2275, 2286, 2300, 2302, 2308, 2309, 2310, 2319, 2320, 2321, 2323, 2324, 2325, 2334, 2340, 2345, 2349, 2350, 2352, 2353, 2354, 2355, 2356, 2357, 2358, 2359, 2360, 2361, 2362, 2363, 2364, 2365, 2367, 2368, 2369, 2370, 2371, 2372, 2373, 2374, 2375, 2376, 2377, 2378, 2379, 2380, 2381, 2382, 2383, 2384, 2385, 2386, 2387, 2388, 2389, 2390, 2391, 2392, 2393, 2394, 2395, 2396, 2397, 2398, 2399, 2400, 2401, 2402], "selected_count": 320, "selection_time": 0.01957401097752154, "selection_score_forward_time": 0.019215039996197447}