{"example_id": 1, "sub_q_idx": 0, "method": "DraftModel", "reprocess_method": "DraftModel", "rate": 0.15, "system_len": 792, "passages_len": [792, 90, 85, 130, 86, 135, 217, 56, 216, 113, 77, 90, 29], "chunk_ids": [0, 1, 2, 3, 4, 5, 6, 7, 8, 9, 10, 1], "selected_abs": [792, 793, 794, 795, 796, 797, 798, 799, 801, 802, 803, 804, 805, 806, 812, 813, 814, 815, 830, 832, 841, 843, 860, 864, 880, 881, 882, 883, 884, 885, 886, 887, 888, 892, 950, 966, 967, 968, 969, 970, 971, 972, 973, 990, 991, 992, 994, 1041, 1096, 1097, 1098, 1099, 1100, 1102, 1182, 1183, 1184, 1185, 1186, 1187, 1188, 1189, 1190, 1255, 1279, 1296, 1311, 1317, 1318, 1319, 1320, 1321, 1322, 1336, 1337, 1338, 1339, 1340, 1341, 1342, 1443, 1534, 1535, 1536, 1537, 1538, 1539, 1540, 1541, 1542, 1563, 1564, 1565, 1589, 1590, 1591, 1592, 1593, 1594, 1595, 1596, 1597, 1598, 1599, 1600, 1603, 1633, 1667, 1668, 1669, 1670, 1671, 1806, 1807, 1808, 1809, 1810, 1811, 1812, 1813, 1820, 1821, 1822, 1823, 1824, 1867, 1868, 1892, 1919, 1920, 1921, 1922, 1923, 1924, 1925, 1926, 1927, 1928, 1929, 1930, 1931, 1932, 1933, 1934, 1935, 1936, 1937, 1938, 1939, 1940, 1941, 1942, 1943, 1944, 1945, 1946, 1947, 1948, 1949, 1950, 1951, 1952, 1953, 1957, 1958, 1959, 1960, 1961, 1962, 1963, 1964, 1965, 1966, 1967, 1968, 1969, 1970, 1973, 1975, 1976, 1977, 1978, 1979, 1980, 1981, 1982, 1983, 1984, 1985, 1986, 1987, 1988, 1989, 1990, 1991, 1992, 1993, 1994, 1995, 1996, 1997, 1998, 1999, 2000, 2001, 2002, 2003, 2004, 2005, 2006, 2007, 2008, 2009, 2010, 2011, 2013, 2014, 2017, 2018, 2019, 2020, 2021, 2022, 2023, 2024, 2026, 2029, 2031, 2035, 2036, 2037, 2039, 2040, 2041, 2043, 2046, 2047, 2048, 2049, 2050, 2060, 2061, 2062, 2063, 2064, 2065, 2067, 2069, 2070, 2071, 2072, 2073, 2074, 2075, 2077, 2078, 2079, 2080, 2081, 2082, 2083, 2084, 2085, 2086, 2087, 2088, 2089, 2090, 2091, 2092, 2093, 2094, 2095, 2096, 2097, 2098, 2099, 2100, 2101, 2102, 2103, 2104, 2105, 2106, 2107, 2108, 2109, 2110, 2111, 2112, 2113, 2114, 2115], "selected_count": 293, "selection_time": 0.01867314099217765, "selection_score_forward_time": 0.01828279098845087}