{"example_id": 10, "sub_q_idx": 0, "method": "DraftModel", "reprocess_method": "DraftModel", "rate": 0.15, "system_len": 792, "passages_len": [792, 186, 203, 90, 310, 88, 123, 89, 117, 68, 231, 29], "chunk_ids": [0, 1, 2, 3, 4, 5, 6, 7, 8, 9, 10], "selected_abs": [792, 793, 794, 795, 796, 797, 798, 799, 800, 801, 802, 803, 804, 805, 806, 807, 808, 809, 810, 811, 812, 813, 814, 815, 816, 817, 818, 819, 820, 821, 822, 823, 824, 850, 875, 876, 880, 953, 966, 976, 977, 978, 979, 980, 981, 982, 990, 991, 995, 996, 1000, 1001, 1002, 1003, 1004, 1005, 1179, 1180, 1181, 1182, 1183, 1184, 1185, 1186, 1191, 1192, 1193, 1194, 1195, 1196, 1197, 1198, 1199, 1252, 1266, 1270, 1271, 1272, 1273, 1274, 1275, 1276, 1312, 1354, 1358, 1380, 1393, 1579, 1580, 1581, 1582, 1583, 1584, 1585, 1586, 1587, 1588, 1589, 1594, 1595, 1601, 1602, 1603, 1604, 1605, 1606, 1607, 1638, 1667, 1668, 1669, 1670, 1671, 1672, 1673, 1674, 1675, 1676, 1677, 1719, 1742, 1791, 1792, 1793, 1794, 1795, 1799, 1800, 1801, 1802, 1811, 1816, 1842, 1853, 1854, 1880, 1881, 1882, 1883, 1884, 1885, 1886, 1888, 1914, 1918, 1925, 1946, 1958, 1973, 1978, 1984, 1985, 1991, 1992, 1996, 1997, 1998, 1999, 2000, 2001, 2002, 2003, 2004, 2005, 2006, 2007, 2018, 2019, 2020, 2021, 2022, 2023, 2025, 2026, 2027, 2028, 2034, 2050, 2053, 2061, 2065, 2066, 2067, 2068, 2069, 2070, 2071, 2072, 2073, 2074, 2077, 2078, 2081, 2095, 2102, 2105, 2125, 2138, 2142, 2146, 2150, 2157, 2162, 2166, 2167, 2175, 2177, 2194, 2206, 2209, 2243, 2244, 2246, 2247, 2248, 2249, 2262, 2272, 2275, 2277, 2279, 2280, 2281, 2282, 2284, 2285, 2287, 2288, 2289, 2290, 2291, 2292, 2293, 2294, 2295, 2296, 2297, 2298, 2299, 2300, 2301, 2302, 2303, 2304, 2305, 2306, 2307, 2308, 2309, 2310, 2311, 2312, 2313, 2314, 2315, 2316, 2317, 2318, 2319, 2320, 2321, 2322, 2323, 2324, 2325], "selected_count": 265, "selection_time": 0.020008670020615682, "selection_score_forward_time": 0.019666442007292062}