{"example_id": 24, "sub_q_idx": 0, "method": "DraftModel", "reprocess_method": "DraftModel", "rate": 0.15, "system_len": 792, "passages_len": [792, 256, 242, 222, 47, 180, 123, 95, 92, 89, 210, 30], "chunk_ids": [0, 1, 2, 3, 4, 5, 6, 7, 8, 9, 10], "selected_abs": [792, 793, 794, 795, 796, 797, 798, 799, 800, 801, 802, 803, 804, 805, 806, 807, 816, 817, 818, 819, 820, 821, 822, 823, 848, 849, 867, 868, 869, 891, 892, 948, 1004, 1010, 1016, 1025, 1043, 1047, 1048, 1049, 1050, 1051, 1052, 1054, 1055, 1056, 1057, 1059, 1060, 1061, 1062, 1065, 1104, 1105, 1134, 1136, 1282, 1288, 1289, 1290, 1291, 1292, 1293, 1298, 1299, 1300, 1301, 1302, 1303, 1304, 1305, 1306, 1307, 1308, 1453, 1454, 1455, 1464, 1465, 1466, 1494, 1503, 1510, 1511, 1512, 1513, 1514, 1515, 1516, 1517, 1518, 1519, 1528, 1546, 1547, 1548, 1550, 1558, 1559, 1560, 1561, 1562, 1565, 1566, 1567, 1568, 1619, 1715, 1738, 1739, 1740, 1741, 1744, 1746, 1750, 1754, 1755, 1756, 1757, 1792, 1793, 1842, 1860, 1861, 1862, 1863, 1864, 1865, 1868, 1874, 1876, 1941, 1956, 1957, 1958, 1959, 1960, 1963, 1964, 1965, 1966, 1967, 1968, 2034, 2048, 2049, 2050, 2051, 2057, 2060, 2115, 2136, 2137, 2138, 2139, 2140, 2141, 2143, 2144, 2145, 2151, 2166, 2167, 2170, 2181, 2207, 2211, 2213, 2219, 2221, 2238, 2254, 2256, 2259, 2263, 2270, 2271, 2274, 2275, 2279, 2282, 2286, 2287, 2289, 2291, 2296, 2299, 2300, 2311, 2315, 2316, 2317, 2318, 2319, 2321, 2323, 2324, 2329, 2330, 2333, 2334, 2335, 2336, 2337, 2338, 2339, 2340, 2341, 2342, 2343, 2344, 2345, 2346, 2347, 2348, 2349, 2350, 2351, 2352, 2353, 2354, 2355, 2356, 2357, 2358, 2359, 2360, 2361, 2362, 2363, 2364, 2365, 2366, 2367, 2368, 2369, 2370, 2371, 2372, 2373, 2374, 2375, 2376, 2377], "selected_count": 244, "selection_time": 0.019859929016092792, "selection_score_forward_time": 0.019470892992103472}