{"example_id": 16, "sub_q_idx": 0, "method": "DraftModel", "reprocess_method": "DraftModel", "rate": 0.15, "system_len": 792, "passages_len": [792, 225, 138, 198, 183, 148, 75, 195, 80, 162, 111, 32], "chunk_ids": [0, 1, 2, 3, 4, 5, 6, 7, 8, 9, 10], "selected_abs": [792, 793, 794, 795, 796, 797, 798, 799, 800, 801, 802, 803, 804, 805, 806, 807, 809, 810, 811, 816, 817, 818, 819, 821, 822, 823, 824, 825, 831, 832, 839, 840, 841, 842, 843, 853, 854, 860, 864, 865, 866, 867, 868, 869, 870, 910, 911, 912, 913, 938, 941, 942, 944, 956, 965, 989, 992, 1015, 1016, 1017, 1018, 1019, 1020, 1021, 1022, 1023, 1024, 1025, 1026, 1036, 1050, 1090, 1091, 1092, 1153, 1154, 1155, 1156, 1157, 1158, 1159, 1164, 1165, 1169, 1170, 1171, 1186, 1187, 1233, 1297, 1352, 1353, 1354, 1355, 1446, 1520, 1534, 1535, 1536, 1537, 1538, 1539, 1540, 1541, 1542, 1544, 1558, 1559, 1561, 1565, 1683, 1684, 1685, 1686, 1687, 1688, 1689, 1690, 1758, 1759, 1760, 1761, 1762, 1763, 1764, 1778, 1892, 1893, 1894, 1895, 1896, 1934, 1953, 1954, 1955, 1956, 1957, 1958, 1959, 1963, 1997, 2033, 2034, 2035, 2036, 2037, 2038, 2055, 2056, 2061, 2085, 2118, 2119, 2120, 2121, 2124, 2179, 2180, 2195, 2196, 2197, 2198, 2199, 2200, 2201, 2202, 2203, 2204, 2205, 2206, 2207, 2208, 2209, 2210, 2211, 2212, 2213, 2214, 2215, 2218, 2219, 2220, 2225, 2226, 2227, 2228, 2230, 2235, 2236, 2237, 2238, 2239, 2240, 2241, 2242, 2243, 2244, 2246, 2247, 2248, 2251, 2252, 2254, 2255, 2258, 2259, 2260, 2261, 2263, 2265, 2266, 2267, 2268, 2270, 2273, 2278, 2279, 2280, 2281, 2282, 2283, 2285, 2286, 2288, 2289, 2290, 2291, 2292, 2293, 2295, 2296, 2297, 2298, 2299, 2300, 2301, 2302, 2304, 2305, 2306, 2307, 2308, 2309, 2310, 2311, 2312, 2313, 2314, 2315, 2316, 2317, 2318, 2319, 2320, 2321, 2322, 2323, 2324, 2325, 2326, 2327, 2328, 2329, 2330, 2331, 2332, 2333, 2334, 2335, 2336, 2337, 2338], "selected_count": 272, "selection_time": 0.019525795010849833, "selection_score_forward_time": 0.019185621989890933}