{"example_id": 21, "sub_q_idx": 0, "method": "DraftModel", "reprocess_method": "DraftModel", "rate": 0.15, "system_len": 792, "passages_len": [792, 75, 120, 212, 139, 152, 205, 148, 321, 149, 228, 31], "chunk_ids": [0, 1, 2, 3, 4, 5, 6, 7, 8, 9, 10], "selected_abs": [792, 793, 794, 795, 796, 797, 798, 799, 800, 801, 802, 803, 811, 812, 813, 814, 815, 824, 827, 828, 829, 830, 831, 833, 834, 835, 836, 837, 842, 843, 844, 845, 866, 867, 868, 869, 870, 871, 872, 873, 874, 875, 880, 881, 882, 883, 895, 918, 925, 926, 927, 928, 931, 949, 985, 986, 987, 988, 989, 990, 991, 992, 993, 994, 995, 996, 1005, 1008, 1018, 1076, 1077, 1078, 1085, 1086, 1098, 1136, 1139, 1140, 1198, 1199, 1200, 1201, 1202, 1203, 1204, 1205, 1286, 1316, 1333, 1334, 1335, 1336, 1337, 1338, 1339, 1340, 1341, 1342, 1344, 1345, 1346, 1353, 1355, 1356, 1357, 1414, 1489, 1490, 1491, 1492, 1493, 1496, 1497, 1498, 1539, 1601, 1693, 1694, 1695, 1696, 1697, 1698, 1699, 1700, 1701, 1702, 1703, 1704, 1705, 1723, 1765, 1798, 1804, 1842, 1843, 1844, 1845, 1846, 1847, 1848, 1849, 1850, 1851, 1852, 1853, 2114, 2163, 2164, 2165, 2166, 2167, 2168, 2169, 2170, 2171, 2172, 2173, 2179, 2181, 2199, 2200, 2219, 2228, 2252, 2270, 2308, 2309, 2310, 2311, 2312, 2313, 2314, 2315, 2316, 2317, 2318, 2319, 2320, 2321, 2322, 2323, 2324, 2325, 2338, 2339, 2345, 2370, 2373, 2374, 2386, 2388, 2406, 2410, 2425, 2431, 2436, 2440, 2441, 2443, 2444, 2445, 2446, 2447, 2456, 2465, 2467, 2477, 2478, 2479, 2480, 2481, 2482, 2483, 2485, 2486, 2491, 2493, 2496, 2499, 2500, 2502, 2503, 2505, 2507, 2508, 2509, 2510, 2511, 2512, 2513, 2514, 2515, 2516, 2517, 2518, 2519, 2521, 2522, 2523, 2527, 2528, 2530, 2534, 2535, 2536, 2537, 2538, 2539, 2540, 2541, 2542, 2543, 2544, 2545, 2546, 2547, 2548, 2549, 2550, 2551, 2552, 2553, 2554, 2555, 2556, 2557, 2558, 2559, 2560, 2561, 2562, 2563, 2564, 2565, 2566, 2567, 2568, 2569, 2570, 2571], "selected_count": 280, "selection_time": 0.02295292299822904, "selection_score_forward_time": 0.022563123988220468}