chunk,a12_value,a32_value,value_improvement_pct,a12_key,a32_key,key_improvement_pct,unique_source_examples,unique_prefixes
2,0.322344,0.254739,20.973,0.269184,0.208691,22.473,8,32
4,0.255853,0.217659,14.928,0.236305,0.193671,18.042,6,32
7,0.427286,0.424119,0.741,0.343222,0.340184,0.885,22,32
10,0.243081,0.238872,1.731,0.179195,0.173620,3.111,6,32
12,0.170049,0.168351,0.999,0.119542,0.117305,1.871,6,32
17,0.139798,0.139722,0.054,0.096728,0.095068,1.716,8,32
20,0.438026,0.406086,7.292,0.388826,0.329100,15.361,16,32
21,0.834556,0.802483,3.843,0.740027,0.714476,3.453,13,32
mean,0.353874,0.331504,6.320,0.296629,0.271514,8.364,10.625,32
