{"example_id": 10, "sub_q_idx": 0, "method": "DraftModel", "reprocess_method": "DraftModel", "rate": 0.15, "system_len": 792, "passages_len": [792, 186, 203, 90, 310, 88, 123, 89, 117, 68, 231, 29], "chunk_ids": [0, 1, 2, 3, 4, 5, 6, 7, 8, 9, 10], "selected_abs": [792, 793, 794, 795, 796, 797, 798, 799, 800, 801, 802, 803, 804, 805, 806, 807, 813, 814, 815, 816, 817, 822, 823, 824, 849, 850, 874, 875, 876, 877, 935, 977, 978, 979, 980, 1013, 1014, 1179, 1180, 1181, 1182, 1183, 1184, 1185, 1186, 1190, 1191, 1192, 1193, 1198, 1199, 1200, 1270, 1271, 1272, 1273, 1274, 1275, 1276, 1306, 1307, 1358, 1359, 1580, 1581, 1582, 1583, 1584, 1597, 1598, 1599, 1600, 1602, 1603, 1604, 1605, 1606, 1607, 1608, 1668, 1669, 1670, 1671, 1672, 1673, 1674, 1675, 1676, 1677, 1679, 1680, 1681, 1682, 1683, 1709, 1710, 1711, 1785, 1786, 1787, 1788, 1790, 1791, 1792, 1793, 1794, 1795, 1798, 1799, 1800, 1801, 1802, 1814, 1815, 1816, 1817, 1880, 1881, 1882, 1883, 1884, 1885, 1886, 1887, 1888, 1889, 1890, 1917, 1918, 1919, 1920, 1923, 1924, 1925, 1932, 1933, 1934, 1935, 1951, 1952, 1953, 1954, 1997, 1998, 1999, 2000, 2001, 2002, 2003, 2004, 2005, 2006, 2007, 2008, 2016, 2017, 2018, 2019, 2020, 2021, 2022, 2023, 2024, 2025, 2026, 2027, 2028, 2029, 2063, 2064, 2065, 2066, 2067, 2068, 2069, 2070, 2071, 2072, 2073, 2074, 2075, 2076, 2077, 2078, 2081, 2082, 2083, 2084, 2091, 2092, 2093, 2094, 2095, 2096, 2124, 2125, 2126, 2137, 2138, 2140, 2141, 2142, 2143, 2161, 2162, 2163, 2205, 2206, 2207, 2243, 2244, 2245, 2246, 2247, 2248, 2249, 2274, 2275, 2276, 2281, 2282, 2283, 2294, 2295, 2296, 2297, 2298, 2299, 2300, 2301, 2302, 2303, 2304, 2305, 2306, 2307, 2308, 2309, 2310, 2311, 2312, 2313, 2314, 2315, 2316, 2317, 2318, 2319, 2320, 2321, 2322, 2323, 2324, 2325], "selected_count": 254, "selection_time": 0.06478579601389356, "selection_score_forward_time": 0.06365386699326336}