{"example_id": 19, "sub_q_idx": 0, "method": "DraftModel", "reprocess_method": "DraftModel", "rate": 0.15, "system_len": 792, "passages_len": [792, 67, 37, 131, 46, 188, 190, 82, 135, 38, 120, 26], "chunk_ids": [0, 1, 2, 3, 4, 5, 6, 7, 8, 9, 10], "selected_abs": [792, 793, 794, 795, 796, 797, 799, 800, 801, 802, 821, 822, 823, 824, 825, 826, 827, 828, 829, 830, 831, 832, 833, 838, 839, 841, 842, 844, 857, 858, 859, 860, 861, 894, 895, 896, 897, 1025, 1026, 1027, 1028, 1029, 1030, 1031, 1072, 1073, 1074, 1260, 1261, 1262, 1263, 1264, 1265, 1266, 1267, 1269, 1270, 1271, 1272, 1273, 1274, 1275, 1276, 1277, 1278, 1279, 1280, 1281, 1282, 1283, 1285, 1286, 1287, 1288, 1290, 1291, 1449, 1450, 1451, 1452, 1453, 1454, 1455, 1456, 1457, 1458, 1532, 1533, 1534, 1535, 1536, 1537, 1538, 1592, 1593, 1666, 1667, 1668, 1669, 1670, 1671, 1672, 1673, 1674, 1675, 1676, 1677, 1678, 1692, 1693, 1694, 1695, 1704, 1705, 1706, 1707, 1708, 1709, 1710, 1711, 1712, 1713, 1714, 1715, 1716, 1717, 1718, 1719, 1720, 1721, 1722, 1723, 1724, 1727, 1728, 1729, 1747, 1748, 1781, 1782, 1783, 1784, 1785, 1786, 1787, 1816, 1817, 1818, 1819, 1820, 1821, 1822, 1823, 1824, 1825, 1826, 1827, 1828, 1829, 1830, 1831, 1832, 1833, 1834, 1835, 1836, 1837, 1838, 1839, 1840, 1841, 1842, 1843, 1844, 1845, 1846, 1847, 1848, 1849, 1850, 1851], "selected_count": 181, "selection_time": 0.05613032099790871, "selection_score_forward_time": 0.05529583399766125}