{"example_id": 0, "sub_q_idx": 0, "method": "DraftModel", "reprocess_method": "DraftModel", "rate": 0.15, "system_len": 792, "passages_len": [792, 50, 92, 76, 98, 52, 214, 121, 301, 84, 83, 50, 92, 31], "chunk_ids": [0, 1, 2, 3, 4, 5, 6, 7, 8, 9, 10, 1, 2], "selected_abs": [792, 793, 794, 795, 796, 797, 798, 799, 800, 801, 802, 803, 808, 809, 810, 811, 812, 813, 841, 842, 843, 844, 845, 881, 933, 934, 935, 936, 1009, 1010, 1011, 1106, 1107, 1108, 1109, 1159, 1160, 1373, 1374, 1375, 1376, 1377, 1378, 1379, 1380, 1388, 1389, 1423, 1424, 1494, 1495, 1496, 1497, 1571, 1572, 1794, 1795, 1796, 1797, 1798, 1799, 1800, 1801, 1802, 1803, 1804, 1805, 1806, 1807, 1808, 1809, 1810, 1811, 1878, 1879, 1880, 1881, 1882, 1883, 1884, 1885, 1886, 1887, 1888, 1890, 1891, 1893, 1894, 1895, 1896, 1897, 1898, 1908, 1909, 1910, 1911, 1918, 1919, 1920, 1926, 1927, 1961, 1962, 1963, 1964, 1965, 1966, 1967, 1968, 1969, 1970, 1971, 1972, 1973, 1974, 1975, 1976, 1977, 1978, 1979, 1980, 1981, 1982, 1983, 1984, 1985, 1986, 1987, 1988, 1989, 1990, 1991, 1992, 2011, 2012, 2013, 2014, 2015, 2016, 2017, 2018, 2019, 2020, 2021, 2022, 2023, 2024, 2025, 2026, 2027, 2028, 2029, 2030, 2031, 2032, 2033, 2034, 2035, 2036, 2037, 2038, 2039, 2040, 2041, 2042, 2043, 2050, 2051, 2052, 2053, 2054, 2055, 2056, 2057, 2058, 2059, 2060, 2061, 2062, 2074, 2075, 2076, 2077, 2078, 2079, 2080, 2090, 2091, 2092, 2093, 2094, 2095, 2096, 2102, 2103, 2104, 2105, 2106, 2107, 2108, 2109, 2110, 2111, 2112, 2113, 2114, 2115, 2116, 2117, 2118, 2119, 2120, 2121, 2122, 2123, 2124, 2125, 2126, 2127, 2128, 2129, 2130, 2131, 2132, 2133, 2134, 2135], "selected_count": 227, "selection_time": 0.16822207299992442, "selection_score_forward_time": 0.16706191599951126}