{"example_id": 18, "sub_q_idx": 0, "method": "DraftModel", "reprocess_method": "DraftModel", "rate": 0.15, "system_len": 792, "passages_len": [792, 106, 144, 84, 141, 113, 93, 101, 71, 120, 47, 32], "chunk_ids": [0, 1, 2, 3, 4, 5, 6, 7, 8, 9, 10], "selected_abs": [792, 793, 794, 795, 796, 819, 820, 821, 822, 896, 897, 898, 899, 900, 906, 907, 908, 1041, 1042, 1043, 1044, 1050, 1051, 1052, 1125, 1126, 1127, 1266, 1267, 1268, 1294, 1295, 1296, 1297, 1298, 1299, 1300, 1301, 1302, 1378, 1379, 1380, 1381, 1382, 1419, 1420, 1421, 1472, 1473, 1474, 1478, 1479, 1481, 1482, 1509, 1510, 1511, 1512, 1513, 1571, 1572, 1573, 1574, 1575, 1579, 1580, 1581, 1582, 1583, 1584, 1603, 1605, 1606, 1607, 1608, 1615, 1616, 1617, 1643, 1644, 1645, 1646, 1647, 1648, 1649, 1650, 1651, 1652, 1653, 1654, 1655, 1656, 1657, 1661, 1662, 1663, 1664, 1665, 1666, 1667, 1672, 1673, 1674, 1675, 1693, 1694, 1695, 1696, 1697, 1698, 1699, 1700, 1701, 1763, 1764, 1765, 1766, 1767, 1768, 1769, 1770, 1771, 1772, 1773, 1774, 1775, 1776, 1777, 1778, 1779, 1780, 1781, 1782, 1786, 1787, 1788, 1789, 1790, 1794, 1795, 1796, 1797, 1799, 1800, 1801, 1802, 1803, 1804, 1805, 1806, 1809, 1810, 1811, 1812, 1813, 1814, 1815, 1816, 1817, 1818, 1819, 1820, 1821, 1822, 1823, 1824, 1825, 1826, 1827, 1828, 1829, 1830, 1831, 1832, 1833, 1834, 1835, 1836, 1837, 1838, 1839, 1840, 1841, 1842, 1843], "selected_count": 185, "selection_time": 0.0559973560157232, "selection_score_forward_time": 0.05522579399985261}