{"example_id": 6, "sub_q_idx": 0, "method": "DraftModel", "reprocess_method": "DraftModel", "rate": 0.15, "system_len": 792, "passages_len": [792, 183, 84, 154, 244, 86, 49, 203, 140, 113, 148, 86, 25], "chunk_ids": [0, 1, 2, 3, 4, 5, 6, 7, 8, 9, 10, 5], "selected_abs": [792, 793, 794, 795, 796, 797, 798, 799, 801, 802, 803, 804, 838, 839, 876, 877, 974, 975, 976, 977, 985, 986, 1016, 1017, 1018, 1057, 1058, 1059, 1060, 1061, 1212, 1213, 1214, 1215, 1218, 1219, 1232, 1233, 1234, 1235, 1456, 1457, 1458, 1459, 1464, 1465, 1466, 1467, 1468, 1469, 1488, 1489, 1490, 1500, 1501, 1502, 1503, 1542, 1543, 1544, 1545, 1546, 1547, 1548, 1549, 1550, 1551, 1552, 1556, 1557, 1558, 1591, 1592, 1593, 1594, 1597, 1598, 1599, 1642, 1643, 1793, 1794, 1795, 1796, 1797, 1798, 1799, 1800, 1801, 1802, 1809, 1810, 1811, 1812, 1813, 1814, 1815, 1841, 1842, 1886, 1887, 1898, 1899, 1900, 1901, 1902, 1934, 1935, 1936, 1937, 1938, 1939, 1940, 1941, 1942, 1943, 1944, 1946, 1947, 1948, 1949, 1962, 1963, 1964, 1965, 1966, 2046, 2047, 2048, 2049, 2050, 2051, 2052, 2053, 2054, 2055, 2056, 2057, 2058, 2060, 2061, 2062, 2063, 2064, 2065, 2066, 2068, 2069, 2070, 2074, 2075, 2076, 2087, 2088, 2089, 2090, 2129, 2130, 2131, 2147, 2148, 2149, 2150, 2151, 2152, 2179, 2180, 2181, 2194, 2195, 2196, 2197, 2198, 2199, 2200, 2201, 2202, 2203, 2204, 2205, 2206, 2207, 2208, 2209, 2210, 2211, 2212, 2213, 2214, 2215, 2216, 2217, 2218, 2223, 2224, 2225, 2226, 2227, 2228, 2229, 2230, 2238, 2239, 2240, 2241, 2242, 2243, 2244, 2263, 2264, 2265, 2266, 2267, 2268, 2269, 2270, 2275, 2276, 2277, 2278, 2279, 2280, 2281, 2282, 2283, 2284, 2285, 2286, 2287, 2288, 2289, 2290, 2291, 2292, 2293, 2294, 2295, 2296, 2297, 2298, 2299, 2300, 2301, 2302, 2303, 2304, 2305, 2306], "selected_count": 248, "selection_time": 0.0645309470128268, "selection_score_forward_time": 0.06339753099018708}