{"example_id": 14, "sub_q_idx": 0, "method": "DraftModel", "reprocess_method": "DraftModel", "rate": 0.15, "system_len": 792, "passages_len": [792, 144, 71, 113, 84, 141, 93, 101, 106, 93, 111, 40], "chunk_ids": [0, 1, 2, 3, 4, 5, 6, 7, 8, 9, 10], "selected_abs": [792, 793, 794, 795, 796, 799, 800, 801, 802, 886, 887, 934, 935, 936, 937, 938, 939, 940, 977, 978, 979, 1006, 1007, 1008, 1009, 1036, 1037, 1038, 1039, 1040, 1041, 1042, 1118, 1119, 1120, 1121, 1122, 1128, 1129, 1130, 1203, 1204, 1205, 1206, 1343, 1344, 1345, 1346, 1353, 1354, 1385, 1386, 1437, 1438, 1439, 1474, 1475, 1476, 1477, 1478, 1536, 1537, 1538, 1539, 1540, 1541, 1542, 1543, 1566, 1567, 1568, 1569, 1643, 1644, 1645, 1646, 1647, 1648, 1649, 1650, 1651, 1652, 1653, 1654, 1655, 1656, 1657, 1658, 1659, 1660, 1661, 1686, 1687, 1688, 1689, 1736, 1737, 1738, 1739, 1740, 1741, 1742, 1743, 1744, 1745, 1746, 1747, 1754, 1755, 1756, 1758, 1759, 1760, 1761, 1766, 1767, 1769, 1770, 1771, 1772, 1773, 1774, 1775, 1776, 1777, 1782, 1783, 1784, 1785, 1786, 1787, 1788, 1820, 1821, 1822, 1823, 1824, 1825, 1826, 1827, 1828, 1829, 1830, 1831, 1832, 1833, 1834, 1835, 1836, 1837, 1839, 1840, 1841, 1842, 1843, 1844, 1847, 1848, 1849, 1850, 1851, 1852, 1853, 1854, 1855, 1856, 1857, 1858, 1859, 1860, 1861, 1862, 1863, 1864, 1865, 1866, 1867, 1868, 1869, 1870, 1871, 1872, 1873, 1874, 1875, 1876, 1877, 1878, 1879, 1880, 1881, 1882, 1883, 1884, 1885, 1886, 1887, 1888], "selected_count": 198, "selection_time": 0.05645614699460566, "selection_score_forward_time": 0.05565588301396929}