{"example_id": 13, "sub_q_idx": 0, "method": "DraftModel", "reprocess_method": "DraftModel", "rate": 0.15, "system_len": 792, "passages_len": [792, 86, 265, 45, 79, 60, 126, 96, 45, 148, 192, 25], "chunk_ids": [0, 1, 2, 3, 4, 5, 6, 7, 8, 9, 10], "selected_abs": [792, 793, 794, 795, 796, 797, 798, 799, 800, 801, 802, 803, 804, 805, 806, 809, 810, 811, 812, 813, 814, 815, 821, 822, 823, 824, 825, 826, 827, 828, 837, 838, 839, 858, 859, 860, 876, 877, 878, 879, 880, 883, 884, 885, 886, 887, 888, 889, 890, 1142, 1143, 1144, 1145, 1146, 1147, 1148, 1149, 1150, 1158, 1159, 1160, 1161, 1162, 1172, 1173, 1174, 1175, 1176, 1177, 1178, 1179, 1180, 1185, 1186, 1187, 1188, 1189, 1190, 1191, 1192, 1193, 1194, 1248, 1249, 1265, 1266, 1267, 1268, 1269, 1276, 1277, 1278, 1326, 1327, 1328, 1451, 1452, 1453, 1454, 1455, 1456, 1460, 1461, 1462, 1463, 1464, 1465, 1466, 1548, 1549, 1550, 1551, 1552, 1553, 1556, 1557, 1558, 1559, 1593, 1594, 1595, 1596, 1597, 1598, 1599, 1600, 1601, 1602, 1603, 1604, 1628, 1629, 1646, 1741, 1742, 1743, 1744, 1745, 1746, 1747, 1748, 1749, 1792, 1793, 1794, 1795, 1796, 1797, 1810, 1811, 1812, 1813, 1862, 1863, 1864, 1865, 1898, 1899, 1900, 1901, 1902, 1903, 1904, 1905, 1917, 1918, 1919, 1920, 1921, 1932, 1933, 1934, 1935, 1936, 1937, 1938, 1939, 1940, 1941, 1942, 1943, 1944, 1945, 1946, 1947, 1948, 1949, 1950, 1951, 1952, 1953, 1954, 1955, 1956, 1957, 1958], "selected_count": 196, "selection_time": 0.05863173399120569, "selection_score_forward_time": 0.057707326021045446}