{"example_id": 16, "sub_q_idx": 0, "method": "DraftModel", "reprocess_method": "DraftModel", "rate": 0.15, "system_len": 792, "passages_len": [792, 225, 138, 198, 183, 148, 75, 195, 80, 162, 111, 32], "chunk_ids": [0, 1, 2, 3, 4, 5, 6, 7, 8, 9, 10], "selected_abs": [792, 793, 794, 795, 796, 797, 798, 799, 800, 801, 802, 803, 824, 825, 826, 839, 840, 841, 842, 843, 844, 845, 863, 864, 865, 866, 869, 870, 871, 872, 873, 874, 902, 903, 904, 909, 910, 911, 912, 913, 914, 915, 947, 948, 956, 957, 958, 1015, 1016, 1017, 1018, 1019, 1020, 1021, 1090, 1091, 1092, 1154, 1155, 1156, 1157, 1177, 1178, 1179, 1180, 1181, 1185, 1186, 1294, 1351, 1352, 1353, 1354, 1355, 1385, 1386, 1387, 1388, 1535, 1536, 1537, 1538, 1539, 1540, 1541, 1542, 1545, 1546, 1547, 1548, 1558, 1559, 1561, 1564, 1565, 1566, 1592, 1593, 1594, 1682, 1683, 1684, 1685, 1686, 1688, 1689, 1690, 1694, 1695, 1696, 1758, 1759, 1760, 1761, 1807, 1808, 1825, 1826, 1827, 1828, 1953, 1954, 1955, 1956, 1957, 1958, 1959, 1971, 1972, 1973, 1997, 2032, 2033, 2034, 2035, 2036, 2037, 2043, 2044, 2045, 2085, 2086, 2103, 2104, 2105, 2117, 2118, 2119, 2120, 2121, 2122, 2123, 2179, 2180, 2181, 2194, 2195, 2196, 2197, 2198, 2199, 2200, 2201, 2202, 2203, 2204, 2205, 2206, 2207, 2208, 2209, 2210, 2211, 2212, 2213, 2214, 2215, 2216, 2224, 2225, 2226, 2227, 2228, 2229, 2235, 2236, 2237, 2238, 2239, 2240, 2241, 2242, 2243, 2244, 2245, 2247, 2248, 2249, 2250, 2251, 2252, 2253, 2254, 2255, 2256, 2278, 2279, 2280, 2281, 2282, 2283, 2284, 2285, 2286, 2287, 2289, 2290, 2291, 2292, 2293, 2300, 2301, 2302, 2303, 2304, 2305, 2306, 2307, 2308, 2309, 2310, 2311, 2312, 2313, 2314, 2315, 2316, 2317, 2318, 2319, 2320, 2321, 2322, 2323, 2324, 2325, 2326, 2327, 2328, 2329, 2330, 2331, 2332, 2333, 2334, 2335, 2336, 2337, 2338], "selected_count": 259, "selection_time": 0.06483876102720387, "selection_score_forward_time": 0.06374132100609131}