{"example_id": 12, "sub_q_idx": 1, "method": "DraftModel", "reprocess_method": "DraftModel", "rate": 0.15, "system_len": 792, "passages_len": [792, 198, 183, 75, 138, 225, 270, 161, 50, 78, 162, 138, 225, 198, 34], "chunk_ids": [0, 3, 4, 6, 1, 2, 10, 11, 12, 13, 14, 1, 2, 3], "selected_abs": [792, 793, 794, 805, 806, 807, 808, 809, 810, 811, 822, 823, 824, 859, 860, 861, 876, 877, 931, 932, 975, 976, 988, 989, 990, 991, 992, 993, 996, 997, 998, 1023, 1024, 1025, 1062, 1172, 1173, 1174, 1175, 1177, 1178, 1179, 1247, 1248, 1249, 1251, 1252, 1253, 1321, 1322, 1385, 1386, 1387, 1388, 1389, 1434, 1610, 1611, 1612, 1613, 1614, 1615, 1655, 1656, 1657, 1717, 1880, 1881, 1882, 1883, 1919, 1920, 1921, 2041, 2042, 2043, 2044, 2045, 2046, 2052, 2053, 2054, 2064, 2065, 2081, 2082, 2083, 2084, 2090, 2091, 2092, 2093, 2094, 2095, 2096, 2099, 2100, 2101, 2102, 2103, 2104, 2106, 2107, 2108, 2109, 2110, 2115, 2116, 2118, 2119, 2129, 2130, 2131, 2133, 2134, 2135, 2139, 2140, 2141, 2142, 2167, 2168, 2169, 2170, 2171, 2172, 2173, 2179, 2180, 2181, 2189, 2190, 2191, 2205, 2206, 2211, 2220, 2221, 2222, 2239, 2240, 2241, 2256, 2257, 2258, 2259, 2272, 2273, 2286, 2287, 2288, 2315, 2316, 2317, 2330, 2331, 2332, 2333, 2334, 2335, 2336, 2337, 2406, 2407, 2469, 2470, 2471, 2472, 2473, 2474, 2475, 2478, 2479, 2480, 2693, 2694, 2695, 2696, 2697, 2698, 2699, 2700, 2701, 2702, 2703, 2704, 2705, 2706, 2707, 2708, 2709, 2710, 2711, 2712, 2713, 2714, 2715, 2716, 2717, 2718, 2719, 2720, 2721, 2722, 2723, 2724, 2725, 2726, 2727, 2729, 2730, 2731, 2732, 2733, 2734, 2735, 2736, 2738, 2739, 2740, 2741, 2742, 2754, 2755, 2756, 2757, 2758, 2759, 2760, 2761, 2762, 2763, 2764, 2765, 2770, 2771, 2772, 2773, 2774, 2775, 2776, 2777, 2778, 2779, 2780, 2781, 2782, 2783, 2789, 2790, 2791, 2792, 2793, 2794, 2795, 2796, 2797, 2798, 2799, 2800, 2801, 2802, 2803, 2804, 2805, 2806, 2832, 2833, 2834, 2835, 2836, 2837, 2838, 2839, 2840, 2841, 2843, 2844, 2845, 2846, 2847, 2848, 2854, 2855, 2856, 2857, 2858, 2859, 2860, 2861, 2862, 2868, 2869, 2870, 2871, 2872, 2873, 2874, 2875, 2876, 2877, 2878, 2879, 2880, 2881, 2882, 2883, 2884, 2886, 2887, 2888, 2889, 2890, 2891, 2892, 2893, 2894, 2895, 2896, 2897, 2898, 2899, 2900, 2901, 2902, 2903, 2904, 2905, 2906, 2907, 2908, 2909, 2910, 2911, 2912, 2913, 2914, 2915, 2916, 2917, 2918, 2919, 2920, 2921, 2922, 2923, 2924, 2925, 2926], "selected_count": 349, "selection_time": 0.08209443002124317, "selection_score_forward_time": 0.08037600098759867}