{"example_id": 14, "sub_q_idx": 1, "method": "DraftModel", "reprocess_method": "DraftModel", "rate": 0.15, "system_len": 792, "passages_len": [792, 47, 106, 144, 95, 210, 394, 168, 93, 51, 98, 144, 84, 47, 28], "chunk_ids": [0, 11, 8, 1, 12, 13, 14, 15, 6, 16, 17, 1, 4, 11], "selected_abs": [792, 793, 794, 795, 796, 797, 798, 799, 800, 801, 803, 804, 805, 806, 837, 838, 839, 840, 841, 842, 843, 867, 868, 869, 913, 932, 933, 942, 943, 944, 945, 946, 947, 953, 954, 955, 957, 958, 959, 960, 1018, 1019, 1068, 1069, 1070, 1071, 1087, 1088, 1089, 1090, 1091, 1106, 1107, 1108, 1109, 1134, 1135, 1136, 1182, 1183, 1184, 1185, 1186, 1238, 1239, 1330, 1331, 1393, 1394, 1395, 1396, 1399, 1400, 1401, 1405, 1406, 1407, 1408, 1409, 1467, 1468, 1510, 1511, 1786, 1787, 1788, 1789, 1790, 1801, 1802, 1803, 1804, 1806, 1807, 1808, 1809, 1810, 1811, 1865, 1866, 1955, 1956, 1957, 1958, 1959, 1964, 1965, 1966, 1996, 1997, 2026, 2027, 2028, 2048, 2049, 2050, 2051, 2052, 2053, 2054, 2055, 2056, 2057, 2073, 2074, 2075, 2076, 2086, 2087, 2088, 2089, 2091, 2092, 2093, 2098, 2099, 2100, 2101, 2102, 2103, 2104, 2105, 2106, 2107, 2108, 2109, 2110, 2118, 2119, 2120, 2121, 2122, 2123, 2124, 2126, 2127, 2128, 2138, 2139, 2140, 2177, 2178, 2196, 2197, 2198, 2199, 2200, 2206, 2207, 2208, 2210, 2211, 2212, 2271, 2272, 2273, 2341, 2342, 2343, 2344, 2345, 2346, 2350, 2351, 2352, 2353, 2354, 2355, 2356, 2357, 2358, 2359, 2360, 2361, 2362, 2363, 2364, 2366, 2367, 2368, 2369, 2370, 2390, 2391, 2392, 2393, 2424, 2425, 2426, 2427, 2428, 2429, 2430, 2431, 2432, 2433, 2434, 2435, 2436, 2437, 2438, 2439, 2440, 2441, 2442, 2443, 2444, 2445, 2446, 2447, 2450, 2451, 2452, 2453, 2455, 2456, 2457, 2458, 2459, 2460, 2461, 2462, 2463, 2464, 2465, 2466, 2467, 2468, 2469, 2470, 2471, 2472, 2473, 2474, 2475, 2476, 2477, 2478, 2479, 2480, 2481, 2482, 2483, 2484, 2485, 2486, 2487, 2488, 2489, 2490, 2491, 2492, 2493, 2494, 2495, 2496, 2497, 2498, 2499, 2500], "selected_count": 280, "selection_time": 0.07136914099100977, "selection_score_forward_time": 0.07019537201267667}