{
  "config": {
    "model_type": "qwen",
    "model_path": "/mnt/qjhs-sh-lab-01/models/Qwen2.5-7B-Instruct",
    "model_name": "Qwen2.5-7B-Instruct",
    "data_path": "./data/result_reflect.json",
    "cache_path": "/raid/home/hming/fusionrag-reflect-full-cache",
    "dataset_name": "musique",
    "bge_model_path": "/mnt/qjhs-sh-lab-01/models/bge-m3",
    "topk": 10,
    "rate": 0.15,
    "max_main_questions": null,
    "max_sub_questions": 200,
    "revert_rope": true,
    "device": "cuda:0",
    "cache_mode": "fresh_raw",
    "out_dir": "MOTIVATION_EXPERIMENTS/reflect_online_kv_delta_200_fresh_raw"
  },
  "summary": {
    "num_cases": 200,
    "doc_len": {
      "mean": 2227.745,
      "std": 405.03350475608806,
      "p50": 2156.0,
      "p90": 2789.1,
      "p95": 2947.7
    },
    "query_len": {
      "mean": 26.915,
      "std": 4.717814642395354,
      "p50": 26.0,
      "p90": 33.0,
      "p95": 36.0
    },
    "selected_count": {
      "mean": 214.915,
      "std": 60.77900768357443,
      "p50": 204.0,
      "p90": 299.0,
      "p95": 323.09999999999997
    },
    "value_over_key_relative_l2": {
      "mean": 5.097366921082615,
      "std": 0.2809201997305287,
      "p50": 5.090542101005251,
      "p90": 5.491429957792866,
      "p95": 5.615817270065128
    },
    "value_over_key_diff_norm": {
      "mean": 0.6664253873325245,
      "std": 0.03109527525539572,
      "p50": 0.6654953007329181,
      "p90": 0.7067998036748904,
      "p95": 0.7204287280693994
    },
    "key": {
      "relative_l2": {
        "mean": 0.16946496829390525,
        "std": 0.002302690582796194,
        "p50": 0.1694629266858101,
        "p90": 0.17257343977689743,
        "p95": 0.1730622835457325
      },
      "cosine": {
        "mean": 0.9861636832356453,
        "std": 0.00047929038251134324,
        "p50": 0.9861732125282288,
        "p90": 0.9867846846580506,
        "p95": 0.9869075834751129
      },
      "diff_norm": {
        "mean": 2798.414482421875,
        "std": 377.7307744675483,
        "p50": 2738.5845947265625,
        "p90": 3320.169140625,
        "p95": 3477.484143066406
      },
      "before_norm": {
        "mean": 16523.348291015624,
        "std": 2292.027230432165,
        "p50": 16247.990234375,
        "p90": 19679.3705078125,
        "p95": 20460.7013671875
      },
      "after_norm": {
        "mean": 16577.232075195312,
        "std": 2295.043944135551,
        "p50": 16306.9921875,
        "p90": 19738.1615234375,
        "p95": 20520.4041015625
      },
      "token_rel_mean": {
        "mean": 0.16890007451176645,
        "std": 0.0023277576544690664,
        "p50": 0.16886088252067566,
        "p90": 0.172052600979805,
        "p95": 0.17254907339811326
      },
      "token_rel_p50": {
        "mean": 0.16751037068665028,
        "std": 0.002583966527509997,
        "p50": 0.16739095002412796,
        "p90": 0.17096031904220582,
        "p95": 0.17161628901958464
      },
      "token_rel_p90": {
        "mean": 0.18690417625010014,
        "std": 0.002512205848024619,
        "p50": 0.1870911344885826,
        "p90": 0.19019960910081862,
        "p95": 0.19089127853512763
      },
      "token_rel_p99": {
        "mean": 0.20338807038962842,
        "std": 0.0022148159703276418,
        "p50": 0.20346050709486008,
        "p90": 0.20587063133716582,
        "p95": 0.20698337331414224
      },
      "layer_relative_l2_mean": [
        0.05519766489043832,
        0.3533676701784134,
        0.5115237919986249,
        0.32004762038588525,
        1.0128089094161987,
        0.9020002228021622,
        0.9371887344121933,
        0.9929817554354667,
        1.0260790601372718,
        1.0525538152456284,
        1.0070151776075362,
        1.0929357731342315,
        0.934143397808075,
        0.5445877841114998,
        0.9870629909634591,
        0.852868203818798,
        1.0044961804151535,
        1.0922710543870926,
        1.0894709330797197,
        0.6177784705162048,
        1.197983866930008,
        1.062833834886551,
        1.0954545620083809,
        1.0348658546805383,
        0.9957893696427346,
        0.9792793172597886,
        1.051182347536087,
        0.03418401734903455
      ],
      "layer_relative_l2_p90": [
        0.055607514828443526,
        0.3543179124593735,
        0.5192372858524322,
        0.3240753382444382,
        1.0462823390960694,
        0.9297060191631317,
        0.9528210043907166,
        1.0182408690452576,
        1.0610121250152589,
        1.0935394048690796,
        1.0304601550102235,
        1.1252718448638916,
        0.9587648391723633,
        0.554207444190979,
        1.0259930729866027,
        0.8684962153434753,
        1.038717806339264,
        1.122748649120331,
        1.123349905014038,
        0.6353643655776977,
        1.248094344139099,
        1.1062262773513794,
        1.1520710706710815,
        1.0764946460723877,
        1.0324772238731383,
        1.0130046486854554,
        1.1032342791557312,
        0.03500944226980209
      ]
    },
    "value": {
      "relative_l2": {
        "mean": 0.8642184641957283,
        "std": 0.05570484683608686,
        "p50": 0.862822949886322,
        "p90": 0.9388270795345306,
        "p95": 0.967304903268814
      },
      "cosine": {
        "mean": 0.6583911111950874,
        "std": 0.03951182220920426,
        "p50": 0.6624049246311188,
        "p90": 0.7014935076236725,
        "p95": 0.7160356521606445
      },
      "diff_norm": {
        "mean": 1858.228246459961,
        "std": 212.4306100962401,
        "p50": 1823.3179931640625,
        "p90": 2162.284033203125,
        "p95": 2261.133178710937
      },
      "before_norm": {
        "mean": 2161.3855102539064,
        "std": 299.4545394867654,
        "p50": 2158.4390869140625,
        "p90": 2579.773046875,
        "p95": 2668.305151367187
      },
      "after_norm": {
        "mean": 2343.364345703125,
        "std": 312.0196914561701,
        "p50": 2319.6171875,
        "p90": 2768.1891845703126,
        "p95": 2902.8220458984374
      },
      "token_rel_mean": {
        "mean": 0.9162092298269272,
        "std": 0.06972228293744524,
        "p50": 0.9102764129638672,
        "p90": 1.0178120255470275,
        "p95": 1.0416952669620514
      },
      "token_rel_p50": {
        "mean": 0.7980670294165612,
        "std": 0.11223668015879908,
        "p50": 0.7745853960514069,
        "p90": 0.9817000269889832,
        "p95": 1.005842649936676
      },
      "token_rel_p90": {
        "mean": 1.5740800827741623,
        "std": 0.11962232858668304,
        "p50": 1.5655878186225891,
        "p90": 1.7285128116607666,
        "p95": 1.7641051352024077
      },
      "token_rel_p99": {
        "mean": 2.111102333664894,
        "std": 0.14406013799783693,
        "p50": 2.113376498222351,
        "p90": 2.2892740964889526,
        "p95": 2.329699194431305
      },
      "layer_relative_l2_mean": [
        0.0009833259592414833,
        0.5815359272062779,
        0.7925167128443718,
        0.6236427381634713,
        0.8364046710729599,
        0.9340217286348342,
        0.884617263674736,
        0.9310271662473678,
        0.9274926459789277,
        1.0912106284499168,
        0.9610035946965217,
        0.9895689448714257,
        1.1311874637007713,
        1.0344976091384888,
        1.1740771627426148,
        1.1698766607046127,
        1.2383655297756195,
        1.258596785068512,
        1.3275570946931838,
        1.1425126904249192,
        1.0915058717131614,
        1.0069086450338363,
        0.83294961810112,
        0.7265463414788246,
        0.8324506250023842,
        0.7996974569559098,
        0.7838127914071084,
        0.8332889822125434
      ],