split,val_jaccard_r0p05,val_jaccard_r0p1,val_jaccard_r0p15,val_jaccard_r0p3,val_kl,val_recall_r0p05,val_recall_r0p1,val_recall_r0p15,val_recall_r0p3
wiki,0.2632247921301662,0.3181309727964048,0.36588342120431544,0.43197593104238285,0.008319620456546545,0.4092631578947368,0.47728947368421176,0.5309999999999998,0.6000869565217454
musique,0.25328041342848995,0.23573132679173017,0.23566544421661575,0.2883307612997439,0.01071619758531995,0.3807554210620817,0.3680689583115813,0.37305474348551926,0.44013782080298036
