{
  "config": {
    "model": "/mnt/qjhs-sh-lab-01/models/Qwen2.5-7B-Instruct",
    "dataset": "musique",
    "topk": 10,
    "rate": 0.15,
    "max_main_questions": 8,
    "max_sub_questions": 8,
    "warmup_sub_questions": 2,
    "raw_kv_cache": "/raid/home/hming/fusionrag-reflect-full-cache/Qwen2.5-7B-Instruct/musique/kv_cache",
    "preprocess_kv_cache": "/raid/home/hming/fusionrag-reflect-full-cache/Qwen2.5-7B-Instruct/musique/preprocess_kv_cache_global_topk10_bge"
  },
  "num_measured": 6,
  "full_ttft_compute_s_mean": 0.11353997389475505,
  "full_ttft_compute_s_p50": 0.10820341110229492,
  "full_ttft_compute_s_p95": 0.15299057960510254,
  "full_ttft_wall_s_mean": 0.29859290178865194,
  "full_ttft_wall_s_p50": 0.28836539876647294,
  "full_ttft_wall_s_p95": 0.39210261683911085,
  "full_exact_cache_ttft_s_mean": 0.29539351367081207,
  "full_exact_cache_ttft_s_p50": 0.2860817932523787,
  "full_exact_cache_ttft_s_p95": 0.38937005400657654,
  "fusion_ttft_compute_s_mean": 0.2297391654768338,
  "fusion_ttft_compute_s_p50": 0.2240503013599664,
  "fusion_ttft_compute_s_p95": 0.25340616842731833,
  "fusion_ttft_wall_s_mean": 0.297966282038639,
  "fusion_ttft_wall_s_p50": 0.2889382306020707,
  "fusion_ttft_wall_s_p95": 0.3431370467878878,
  "speedup_compute_mean": 0.49160164064345224,
  "ttft_reduction_pct_compute_mean": -105.66637476611015,
  "speedup_full_exact_over_fusion_compute_mean": 1.2800806410946517,
  "ttft_reduction_pct_full_exact_vs_fusion_compute_mean": 21.209103735567723,
  "speedup_wall_mean": 0.9973720318756955,
  "ttft_reduction_pct_wall_mean": -0.7697737401011354,
  "fusion_storage_time_s_mean": 0.0256601224342982,
  "fusion_selection_time_s_mean": 0.10439476743340492,
  "fusion_selection_score_forward_time_s_mean": 0.10357416630722582,
  "fusion_reprocess_prefill_time_s_mean": 0.09968427560913067,
  "fusion_selected_doc_tokens_mean": 216.83333333333334,
  "fusion_reprocess_prefill_tokens_mean": 242.0,
  "full_tokens_mean": 2265.6666666666665
}