{"example_id": 91, "sub_q_idx": 0, "method": "DraftModel", "reprocess_method": "DraftModel", "rate": 0.15, "system_len": 792, "passages_len": [792, 95, 65, 71, 175, 88, 86, 99, 115, 71, 119, 30], "chunk_ids": [0, 1, 2, 3, 4, 5, 6, 7, 8, 9, 10], "selected_abs": [792, 793, 794, 795, 796, 797, 798, 799, 800, 801, 802, 803, 804, 805, 806, 807, 808, 809, 810, 811, 812, 814, 815, 816, 817, 818, 819, 820, 821, 822, 823, 824, 825, 826, 827, 828, 829, 830, 832, 833, 834, 835, 836, 837, 854, 855, 856, 857, 858, 866, 876, 877, 878, 885, 886, 887, 888, 889, 890, 891, 892, 893, 894, 895, 896, 897, 898, 899, 900, 901, 950, 951, 952, 953, 954, 955, 956, 957, 958, 959, 1022, 1023, 1024, 1025, 1026, 1027, 1028, 1031, 1057, 1076, 1101, 1102, 1110, 1111, 1196, 1197, 1198, 1199, 1200, 1201, 1202, 1203, 1204, 1205, 1206, 1207, 1211, 1251, 1274, 1285, 1286, 1287, 1288, 1289, 1290, 1291, 1292, 1293, 1294, 1295, 1296, 1297, 1350, 1351, 1371, 1372, 1373, 1374, 1375, 1376, 1377, 1385, 1429, 1462, 1467, 1470, 1471, 1472, 1473, 1474, 1475, 1476, 1479, 1527, 1535, 1578, 1585, 1586, 1587, 1588, 1589, 1591, 1596, 1597, 1631, 1634, 1639, 1640, 1641, 1656, 1657, 1658, 1659, 1660, 1661, 1662, 1665, 1669, 1670, 1671, 1673, 1678, 1679, 1680, 1681, 1683, 1688, 1698, 1701, 1710, 1712, 1713, 1714, 1723, 1724, 1728, 1732, 1734, 1741, 1743, 1768, 1771, 1772, 1773, 1774, 1775, 1776, 1777, 1778, 1779, 1780, 1781, 1782, 1783, 1784, 1785, 1786, 1787, 1788, 1789, 1790, 1791, 1792, 1793, 1794, 1795, 1796, 1797, 1798, 1799, 1800, 1801, 1802, 1803, 1804, 1805], "selected_count": 226, "selection_time": 0.017601870989892632, "selection_score_forward_time": 0.017283148015849292}