{"example_id": 96, "sub_q_idx": 0, "method": "DraftModel", "reprocess_method": "DraftModel", "rate": 0.15, "system_len": 792, "passages_len": [792, 30, 91, 56, 126, 71, 203, 146, 119, 127, 116, 28], "chunk_ids": [0, 1, 2, 3, 4, 5, 6, 7, 8, 9, 10], "selected_abs": [792, 793, 794, 795, 796, 797, 798, 799, 800, 801, 802, 803, 804, 805, 806, 807, 808, 809, 810, 811, 812, 813, 814, 815, 816, 818, 819, 820, 821, 822, 823, 824, 825, 826, 827, 828, 829, 865, 878, 879, 880, 882, 888, 889, 890, 891, 892, 893, 894, 912, 913, 914, 915, 916, 917, 918, 919, 920, 921, 922, 923, 935, 958, 959, 960, 967, 968, 969, 970, 971, 972, 973, 974, 975, 976, 977, 978, 979, 980, 981, 989, 990, 1049, 1066, 1094, 1095, 1096, 1097, 1098, 1099, 1100, 1139, 1142, 1153, 1154, 1155, 1156, 1165, 1166, 1167, 1168, 1169, 1171, 1172, 1173, 1174, 1194, 1195, 1368, 1369, 1370, 1371, 1372, 1373, 1374, 1375, 1376, 1377, 1398, 1402, 1468, 1475, 1476, 1477, 1478, 1480, 1493, 1514, 1515, 1516, 1517, 1518, 1519, 1520, 1521, 1567, 1633, 1634, 1635, 1636, 1637, 1656, 1687, 1759, 1760, 1761, 1762, 1763, 1764, 1765, 1766, 1768, 1769, 1770, 1771, 1772, 1773, 1774, 1779, 1781, 1783, 1784, 1785, 1786, 1787, 1789, 1800, 1801, 1803, 1808, 1810, 1812, 1815, 1817, 1818, 1829, 1839, 1840, 1841, 1843, 1844, 1846, 1854, 1855, 1856, 1857, 1858, 1859, 1861, 1864, 1865, 1866, 1867, 1868, 1869, 1870, 1871, 1872, 1873, 1874, 1875, 1876, 1877, 1878, 1879, 1880, 1881, 1882, 1883, 1884, 1885, 1886, 1887, 1888, 1889, 1890, 1891, 1892, 1893, 1894, 1895, 1896, 1897, 1898, 1899, 1900, 1901, 1902, 1903, 1904], "selected_count": 230, "selection_time": 0.017667395994067192, "selection_score_forward_time": 0.017359637015033513}