{"example_id": 89, "sub_q_idx": 0, "method": "DraftModel", "reprocess_method": "DraftModel", "rate": 0.15, "system_len": 792, "passages_len": [792, 107, 138, 187, 106, 147, 110, 218, 91, 70, 126, 29], "chunk_ids": [0, 1, 2, 3, 4, 5, 6, 7, 8, 9, 10], "selected_abs": [792, 793, 794, 795, 796, 797, 798, 799, 800, 801, 802, 803, 804, 805, 806, 807, 808, 809, 810, 811, 812, 813, 814, 815, 821, 822, 823, 824, 830, 840, 841, 842, 843, 844, 845, 846, 847, 881, 886, 887, 888, 889, 897, 898, 899, 900, 901, 902, 903, 904, 907, 908, 909, 910, 911, 912, 913, 914, 939, 940, 973, 974, 975, 1035, 1036, 1037, 1038, 1039, 1040, 1041, 1045, 1046, 1047, 1048, 1049, 1070, 1190, 1223, 1224, 1225, 1226, 1227, 1228, 1233, 1239, 1270, 1271, 1328, 1329, 1330, 1331, 1332, 1333, 1334, 1340, 1341, 1342, 1343, 1355, 1373, 1476, 1477, 1478, 1479, 1486, 1488, 1496, 1524, 1586, 1587, 1588, 1589, 1590, 1591, 1592, 1598, 1601, 1602, 1603, 1604, 1647, 1651, 1804, 1805, 1806, 1807, 1808, 1809, 1810, 1811, 1812, 1813, 1823, 1830, 1833, 1834, 1835, 1836, 1840, 1841, 1842, 1843, 1844, 1845, 1847, 1852, 1853, 1854, 1857, 1858, 1859, 1860, 1881, 1894, 1895, 1896, 1897, 1898, 1899, 1900, 1901, 1902, 1908, 1909, 1913, 1919, 1923, 1924, 1925, 1936, 1937, 1938, 1939, 1940, 1943, 1950, 1951, 1952, 1957, 1964, 1965, 1966, 1967, 1968, 1969, 1970, 1973, 1974, 1975, 1976, 1977, 1978, 1979, 1980, 1981, 1983, 1985, 1986, 1987, 1991, 1995, 1997, 1999, 2002, 2023, 2026, 2027, 2028, 2029, 2030, 2031, 2032, 2033, 2034, 2039, 2041, 2046, 2056, 2058, 2059, 2061, 2062, 2067, 2072, 2073, 2074, 2079, 2080, 2081, 2083, 2084, 2085, 2086, 2087, 2088, 2089, 2090, 2091, 2092, 2093, 2094, 2095, 2096, 2097, 2098, 2099, 2100, 2101, 2102, 2103, 2104, 2105, 2106, 2107, 2108, 2109, 2110, 2111, 2112, 2113, 2114, 2115, 2116, 2117, 2118, 2119, 2120], "selected_count": 267, "selection_time": 0.018458478996763006, "selection_score_forward_time": 0.018098653992637992}