{"example_id": 79, "sub_q_idx": 0, "method": "DraftModel", "reprocess_method": "DraftModel", "rate": 0.15, "system_len": 792, "passages_len": [792, 158, 118, 89, 135, 76, 128, 101, 191, 127, 140, 32], "chunk_ids": [0, 1, 2, 3, 4, 5, 6, 7, 8, 9, 10], "selected_abs": [792, 793, 794, 795, 796, 797, 798, 799, 800, 801, 802, 803, 804, 805, 806, 807, 808, 809, 810, 811, 812, 813, 814, 815, 816, 817, 818, 819, 820, 821, 822, 823, 824, 825, 828, 829, 830, 831, 832, 833, 834, 835, 836, 839, 840, 841, 842, 843, 844, 845, 846, 847, 848, 849, 850, 851, 858, 859, 860, 906, 907, 908, 934, 935, 936, 937, 947, 948, 949, 950, 951, 952, 953, 954, 1033, 1034, 1035, 1050, 1067, 1068, 1069, 1070, 1071, 1076, 1077, 1078, 1079, 1080, 1083, 1084, 1085, 1129, 1156, 1157, 1158, 1159, 1160, 1162, 1166, 1167, 1168, 1169, 1170, 1171, 1226, 1228, 1229, 1230, 1231, 1238, 1267, 1290, 1291, 1292, 1293, 1294, 1295, 1367, 1368, 1369, 1370, 1371, 1432, 1488, 1489, 1493, 1494, 1495, 1496, 1497, 1498, 1499, 1500, 1501, 1502, 1503, 1504, 1505, 1506, 1507, 1508, 1509, 1510, 1513, 1515, 1520, 1524, 1543, 1595, 1596, 1597, 1598, 1599, 1600, 1601, 1602, 1638, 1668, 1738, 1739, 1742, 1752, 1753, 1757, 1787, 1788, 1789, 1790, 1791, 1795, 1798, 1799, 1800, 1828, 1857, 1876, 1877, 1891, 1913, 1914, 1915, 1916, 1917, 1918, 1920, 1921, 1922, 1923, 1928, 1930, 1932, 1933, 1934, 1935, 1944, 1945, 1946, 1949, 1952, 1953, 1954, 1964, 1965, 1966, 1968, 1989, 1993, 1994, 1995, 1997, 1998, 1999, 2000, 2007, 2014, 2028, 2035, 2036, 2037, 2038, 2039, 2040, 2041, 2042, 2043, 2044, 2045, 2046, 2047, 2048, 2049, 2050, 2051, 2052, 2053, 2054, 2055, 2056, 2057, 2058, 2059, 2060, 2061, 2062, 2063, 2064, 2065, 2066, 2067, 2068, 2069, 2070, 2071, 2072, 2073, 2074, 2075, 2076, 2077, 2078, 2079, 2080, 2081, 2082, 2083, 2084, 2085, 2086], "selected_count": 268, "selection_time": 0.018610741011798382, "selection_score_forward_time": 0.018281890981597826}