{"example_id": 82, "sub_q_idx": 1, "method": "DraftModel", "reprocess_method": "DraftModel", "rate": 0.15, "system_len": 792, "passages_len": [792, 229, 103, 101, 79, 206, 77, 86, 109, 118, 202, 103, 229, 37], "chunk_ids": [0, 6, 2, 5, 10, 1, 11, 12, 13, 14, 9, 2, 6], "selected_abs": [792, 793, 794, 795, 797, 798, 942, 943, 972, 1020, 1021, 1022, 1023, 1024, 1025, 1026, 1027, 1028, 1030, 1087, 1091, 1097, 1123, 1124, 1125, 1126, 1127, 1128, 1129, 1130, 1131, 1132, 1133, 1182, 1208, 1209, 1223, 1224, 1225, 1226, 1227, 1228, 1229, 1230, 1231, 1256, 1257, 1258, 1259, 1302, 1303, 1304, 1305, 1306, 1307, 1308, 1309, 1310, 1311, 1312, 1313, 1314, 1315, 1316, 1317, 1318, 1319, 1322, 1323, 1324, 1325, 1326, 1327, 1337, 1368, 1369, 1370, 1402, 1509, 1510, 1511, 1512, 1513, 1514, 1515, 1516, 1517, 1518, 1519, 1520, 1521, 1522, 1523, 1528, 1529, 1543, 1544, 1545, 1547, 1565, 1586, 1587, 1588, 1589, 1590, 1591, 1592, 1593, 1672, 1673, 1674, 1675, 1676, 1677, 1678, 1679, 1680, 1688, 1689, 1691, 1692, 1697, 1700, 1701, 1702, 1704, 1705, 1706, 1707, 1708, 1709, 1710, 1711, 1712, 1716, 1717, 1718, 1719, 1720, 1721, 1722, 1759, 1780, 1781, 1782, 1783, 1784, 1785, 1786, 1787, 1788, 1789, 1790, 1791, 1792, 1793, 1794, 1795, 1796, 1797, 1798, 1799, 1800, 1801, 1803, 1804, 1805, 1806, 1807, 1808, 1809, 1810, 1811, 1812, 1813, 1814, 1832, 1833, 1834, 1835, 1849, 1850, 1851, 1852, 1853, 1854, 1855, 1856, 1857, 1858, 1859, 1874, 1875, 1876, 1877, 1878, 1879, 1880, 1881, 1882, 1883, 1884, 1885, 1886, 1887, 1888, 1889, 1890, 1891, 1892, 1893, 1894, 1895, 1896, 1897, 1898, 1899, 1900, 1901, 1902, 1903, 1904, 1905, 1906, 1918, 1933, 1935, 1994, 2039, 2100, 2101, 2102, 2103, 2104, 2105, 2106, 2107, 2108, 2109, 2110, 2111, 2112, 2113, 2114, 2127, 2129, 2168, 2172, 2178, 2204, 2205, 2206, 2207, 2208, 2211, 2239, 2243, 2270, 2310, 2314, 2339, 2344, 2345, 2346, 2347, 2355, 2356, 2357, 2358, 2359, 2361, 2362, 2363, 2368, 2369, 2370, 2371, 2372, 2373, 2374, 2375, 2376, 2385, 2390, 2395, 2396, 2400, 2405, 2407, 2408, 2410, 2411, 2414, 2415, 2416, 2417, 2419, 2420, 2421, 2422, 2423, 2424, 2425, 2426, 2431, 2432, 2433, 2434, 2435, 2436, 2437, 2438, 2439, 2440, 2441, 2442, 2443, 2444, 2445, 2446, 2447, 2448, 2449, 2450, 2451, 2452, 2453, 2454, 2455, 2456, 2457, 2458, 2459, 2460, 2461, 2462, 2463, 2464, 2465, 2466, 2467, 2468, 2469, 2470], "selected_count": 344, "selection_time": 0.02184637900791131, "selection_score_forward_time": 0.02149308897787705}