{"example_id": 81, "sub_q_idx": 0, "method": "DraftModel", "reprocess_method": "DraftModel", "rate": 0.15, "system_len": 792, "passages_len": [792, 41, 147, 150, 138, 186, 170, 122, 141, 131, 105, 34], "chunk_ids": [0, 1, 2, 3, 4, 5, 6, 7, 8, 9, 10], "selected_abs": [792, 793, 794, 795, 796, 797, 798, 799, 800, 801, 802, 803, 804, 805, 806, 807, 808, 809, 810, 811, 812, 816, 819, 820, 821, 822, 831, 832, 833, 834, 835, 836, 837, 842, 843, 844, 845, 858, 978, 979, 980, 981, 982, 983, 984, 985, 986, 987, 988, 989, 990, 991, 997, 998, 999, 1000, 1001, 1002, 1003, 1129, 1130, 1131, 1132, 1133, 1134, 1135, 1136, 1144, 1145, 1146, 1147, 1148, 1179, 1180, 1198, 1199, 1267, 1268, 1269, 1270, 1271, 1272, 1273, 1274, 1275, 1280, 1281, 1282, 1283, 1291, 1293, 1294, 1295, 1296, 1326, 1396, 1453, 1454, 1455, 1456, 1457, 1458, 1459, 1460, 1470, 1471, 1472, 1473, 1474, 1475, 1476, 1477, 1478, 1507, 1535, 1536, 1587, 1603, 1613, 1623, 1624, 1625, 1626, 1627, 1628, 1629, 1630, 1631, 1636, 1637, 1641, 1642, 1643, 1644, 1645, 1646, 1648, 1651, 1652, 1653, 1710, 1731, 1745, 1746, 1747, 1748, 1749, 1752, 1757, 1793, 1804, 1826, 1848, 1886, 1887, 1888, 1889, 1890, 1891, 1892, 1893, 1913, 1918, 1930, 2002, 2003, 2004, 2005, 2016, 2017, 2018, 2019, 2020, 2021, 2022, 2023, 2024, 2025, 2027, 2028, 2029, 2030, 2032, 2033, 2034, 2037, 2038, 2043, 2046, 2060, 2061, 2062, 2063, 2064, 2065, 2066, 2067, 2068, 2070, 2073, 2074, 2077, 2078, 2085, 2086, 2090, 2092, 2093, 2094, 2096, 2098, 2099, 2100, 2101, 2103, 2104, 2107, 2108, 2109, 2110, 2112, 2113, 2115, 2116, 2117, 2118, 2119, 2120, 2121, 2122, 2123, 2124, 2125, 2126, 2127, 2128, 2129, 2130, 2131, 2132, 2133, 2134, 2135, 2136, 2137, 2138, 2139, 2140, 2141, 2142, 2143, 2144, 2145, 2146, 2147, 2148, 2149, 2150, 2151, 2152, 2153, 2154, 2155, 2156], "selected_count": 264, "selection_time": 0.018372677004663274, "selection_score_forward_time": 0.018047658988507465}