{"example_id": 95, "sub_q_idx": 0, "method": "DraftModel", "reprocess_method": "DraftModel", "rate": 0.15, "system_len": 792, "passages_len": [792, 91, 147, 58, 54, 69, 61, 106, 103, 133, 53, 91, 91, 27], "chunk_ids": [0, 1, 2, 3, 4, 5, 6, 7, 8, 9, 10, 1, 1], "selected_abs": [792, 793, 794, 795, 796, 797, 798, 799, 824, 836, 837, 838, 839, 848, 882, 883, 884, 885, 886, 887, 888, 910, 911, 996, 997, 1003, 1020, 1021, 1028, 1029, 1030, 1031, 1032, 1035, 1044, 1051, 1087, 1088, 1089, 1090, 1091, 1094, 1123, 1124, 1125, 1126, 1127, 1141, 1142, 1143, 1144, 1145, 1163, 1210, 1211, 1212, 1213, 1214, 1215, 1216, 1217, 1218, 1219, 1220, 1232, 1233, 1234, 1235, 1236, 1237, 1238, 1239, 1240, 1241, 1251, 1271, 1272, 1273, 1274, 1275, 1276, 1277, 1278, 1279, 1280, 1281, 1336, 1337, 1377, 1378, 1379, 1380, 1381, 1382, 1383, 1384, 1385, 1387, 1480, 1481, 1482, 1483, 1484, 1485, 1486, 1487, 1511, 1513, 1526, 1539, 1540, 1589, 1612, 1613, 1614, 1615, 1616, 1617, 1618, 1619, 1620, 1621, 1623, 1624, 1626, 1627, 1628, 1629, 1635, 1636, 1637, 1638, 1639, 1640, 1641, 1642, 1643, 1644, 1645, 1646, 1647, 1653, 1654, 1655, 1656, 1657, 1658, 1659, 1660, 1661, 1662, 1663, 1664, 1665, 1666, 1667, 1668, 1669, 1670, 1671, 1672, 1673, 1674, 1711, 1712, 1713, 1714, 1723, 1728, 1730, 1747, 1757, 1758, 1759, 1760, 1761, 1762, 1763, 1764, 1765, 1767, 1775, 1787, 1790, 1791, 1792, 1802, 1803, 1804, 1805, 1806, 1807, 1814, 1818, 1819, 1820, 1821, 1822, 1829, 1830, 1831, 1832, 1836, 1837, 1838, 1841, 1842, 1845, 1846, 1847, 1848, 1849, 1850, 1851, 1852, 1853, 1854, 1855, 1856, 1857, 1858, 1859, 1860, 1861, 1862, 1863, 1864, 1865, 1866, 1867, 1868, 1869, 1870, 1871, 1872, 1873, 1874, 1875], "selected_count": 238, "selection_time": 0.01775324100162834, "selection_score_forward_time": 0.017443599994294345}