{"example_id": 97, "sub_q_idx": 0, "method": "DraftModel", "reprocess_method": "DraftModel", "rate": 0.15, "system_len": 792, "passages_len": [792, 80, 91, 148, 137, 147, 114, 102, 112, 109, 115, 32], "chunk_ids": [0, 1, 2, 3, 4, 5, 6, 7, 8, 9, 10], "selected_abs": [792, 793, 794, 795, 796, 797, 798, 799, 800, 801, 808, 809, 810, 811, 812, 813, 816, 817, 818, 819, 821, 822, 823, 824, 825, 826, 827, 829, 830, 831, 832, 833, 834, 835, 836, 837, 838, 841, 842, 843, 855, 856, 857, 870, 871, 872, 873, 874, 875, 876, 877, 878, 879, 882, 883, 884, 940, 941, 942, 943, 944, 962, 963, 964, 965, 966, 970, 971, 992, 993, 994, 1110, 1111, 1112, 1113, 1114, 1131, 1132, 1133, 1185, 1247, 1248, 1249, 1250, 1251, 1255, 1394, 1395, 1396, 1397, 1398, 1413, 1414, 1415, 1419, 1425, 1488, 1508, 1509, 1510, 1511, 1512, 1518, 1530, 1532, 1543, 1544, 1610, 1611, 1612, 1613, 1614, 1615, 1616, 1635, 1636, 1637, 1644, 1722, 1723, 1724, 1725, 1726, 1728, 1729, 1730, 1750, 1751, 1752, 1753, 1754, 1755, 1758, 1759, 1763, 1817, 1827, 1831, 1832, 1833, 1834, 1835, 1838, 1839, 1840, 1844, 1845, 1846, 1847, 1848, 1849, 1850, 1851, 1852, 1853, 1870, 1872, 1873, 1875, 1885, 1895, 1896, 1897, 1914, 1916, 1917, 1918, 1921, 1923, 1925, 1926, 1930, 1934, 1936, 1937, 1938, 1939, 1943, 1944, 1945, 1946, 1947, 1948, 1949, 1950, 1951, 1952, 1953, 1954, 1955, 1956, 1957, 1958, 1959, 1960, 1961, 1962, 1963, 1964, 1965, 1966, 1967, 1968, 1969, 1970, 1971, 1972, 1973, 1974, 1975, 1976, 1977, 1978], "selected_count": 213, "selection_time": 0.018709894007770345, "selection_score_forward_time": 0.01839088398264721}