condition,rows,raw_rows,complete,em,f1,glm_correct,glm_acc,glm_complete
all_layers,200,202,True,0.42,0.5335413273479636,105,0.525,True
k_mid_45_52,200,202,True,0.39,0.5179656099706855,100,0.5,True
kv_gap_core,200,202,True,0.39,0.5223160051895018,102,0.51,True
kv_gap_wide,200,202,True,0.39,0.5181734021784777,103,0.515,True
v_late_56_63,200,202,True,0.39,0.5146187083003444,102,0.51,True
v_late_59_63,200,202,True,0.4,0.5180540273672425,100,0.5,True
