condition,rows,raw_rows,complete,em,f1
all_layers,200,202,True,0.42,0.5335413273479636
k_mid_45_52,200,202,True,0.39,0.5179656099706855
kv_gap_core,200,202,True,0.39,0.5223160051895018
kv_gap_wide,200,202,True,0.39,0.5181734021784777
v_late_56_63,200,202,True,0.39,0.5146187083003444
v_late_59_63,200,202,True,0.4,0.5180540273672425
