{
  "selector": "draft",
  "rate": 0.3,
  "rows": 109,
  "detail_path": "/raid/home/hming/FusionRAG-pca-analysis/MOTIVATION_EXPERIMENTS/real_pipeline_selector_attention_mass/detail_draft_rate0p3.csv",
  "summary": {
    "selected_tokens": {
      "mean": 434.4036697247706,
      "median": 431.0,
      "p10": 297.0,
      "p90": 599.0
    },
    "actual_rate": {
      "mean": 0.2996650963192352,
      "median": 0.2996706915477497,
      "p10": 0.29935720844811753,
      "p90": 0.2999273783587509
    },
    "selection_time_s": {
      "mean": 0.14044341161300283,
      "median": 0.13233064021915197,
      "p10": 0.11681499518454075,
      "p90": 0.17058320716023445
    },
    "selection_score_time_s": {
      "mean": 0.13963507798525993,
      "median": 0.13164188293740153,
      "p10": 0.1160316918976605,
      "p90": 0.16978429211303592
    },
    "recompute_time_s": {
      "mean": 0.07837724687377794,
      "median": 0.07485706312581897,
      "p10": 0.060281489975750446,
      "p90": 0.08696737885475159
    },
    "query_prefill_time_s": {
      "mean": 0.05914535209827057,
      "median": 0.056392272002995014,
      "p10": 0.054709622636437416,
      "p90": 0.061445812694728374
    },
    "decode_first_token_time_s": {
      "mean": 0.04882757652790175,
      "median": 0.04732766514644027,
      "p10": 0.04668125370517373,
      "p90": 0.0492513757199049
    },
    "query_mass_all_layer_mean": {
      "mean": 0.19103508842944672,
      "median": 0.19078142186527236,
      "p10": 0.1719529234633154,
      "p90": 0.21256146111996532
    },
    "query_mass_last_layer": {
      "mean": 0.18622124419734098,
      "median": 0.18401837348937988,
      "p10": 0.1419284570784796,
      "p90": 0.23318541996062747
    },
    "decode_mass_all_layer_mean": {
      "mean": 0.19347838979326723,
      "median": 0.19554073287516222,
      "p10": 0.1596276957769783,
      "p90": 0.22572659260156205
    },
    "decode_mass_last_layer": {
      "mean": 0.24751504570206692,
      "median": 0.23890011651175364,
      "p10": 0.11497716392789568,
      "p90": 0.3997391292027065
    }
  },
  "config": {
    "selector": "draft",
    "rate": 0.3,
    "model_path": "/mnt/qjhs-sh-lab-01/models/Qwen2.5-7B-Instruct",
    "draft_model_path": "/mnt/qjhs-sh-lab-01/models/Qwen2.5-3B-Instruct",
    "model_name": "Qwen2.5-7B-Instruct",
    "model_type": "qwen2",
    "data_path": "./data/result_reflect.json",
    "dataset_name": "musique",
    "cache_path": "/raid/home/hming/fusionrag-reflect-full-cache",
    "bge_model_path": "/mnt/qjhs-sh-lab-01/models/bge-m3",
    "output_dir": "/raid/home/hming/FusionRAG-pca-analysis/MOTIVATION_EXPERIMENTS/real_pipeline_selector_attention_mass",
    "device": "cuda:0",
    "topk": 10,
    "max_main_questions": 80,
    "max_sub_questions": 160,
    "rrf_k": 18,
    "threshold_factor": 0.5,
    "seed": 42,
    "log_every": 10
  },
  "note": "attention mass is computed by full-softmax diagnostic using the current KV after selected-token recomputation"
}