{
  "selector": "random",
  "rate": 0.15,
  "rows": 109,
  "detail_path": "/raid/home/hming/FusionRAG-pca-analysis/MOTIVATION_EXPERIMENTS/real_pipeline_selector_attention_mass/detail_random_rate0p15.csv",
  "summary": {
    "selected_tokens": {
      "mean": 216.9724770642202,
      "median": 215.0,
      "p10": 148.0,
      "p90": 299.0
    },
    "actual_rate": {
      "mean": 0.14965234455797322,
      "median": 0.14967860422405876,
      "p10": 0.14929785661492978,
      "p90": 0.14993481095176012
    },
    "selection_time_s": {
      "mean": 0.0,
      "median": 0.0,
      "p10": 0.0,
      "p90": 0.0
    },
    "selection_score_time_s": {
      "mean": 0.0,
      "median": 0.0,
      "p10": 0.0,
      "p90": 0.0
    },
    "recompute_time_s": {
      "mean": 0.05395931006759542,
      "median": 0.04456425318494439,
      "p10": 0.042551353108137846,
      "p90": 0.0635614451020956
    },
    "query_prefill_time_s": {
      "mean": 0.056507072005625984,
      "median": 0.05559040326625109,
      "p10": 0.053626834880560637,
      "p90": 0.057988681830465794
    },
    "decode_first_token_time_s": {
      "mean": 0.04685408208057831,
      "median": 0.04656357318162918,
      "p10": 0.04579957202076912,
      "p90": 0.047780255787074566
    },
    "query_mass_all_layer_mean": {
      "mean": 0.06861084054530875,
      "median": 0.0671896605496272,
      "p10": 0.057739178374898885,
      "p90": 0.08159201120843694
    },
    "query_mass_last_layer": {
      "mean": 0.08222880581321114,
      "median": 0.0801436257740808,
      "p10": 0.06105382750634433,
      "p90": 0.10263518448714372
    },
    "decode_mass_all_layer_mean": {
      "mean": 0.06145668241399048,
      "median": 0.06062518527769313,
      "p10": 0.04624885484120066,
      "p90": 0.08362100640197798
    },
    "decode_mass_last_layer": {
      "mean": 0.09038102690272064,
      "median": 0.07439742769513812,
      "p10": 0.027171377624784197,
      "p90": 0.16563735689435685
    }
  },
  "config": {
    "selector": "random",
    "rate": 0.15,
    "model_path": "/mnt/qjhs-sh-lab-01/models/Qwen2.5-7B-Instruct",
    "draft_model_path": "/mnt/qjhs-sh-lab-01/models/Qwen2.5-3B-Instruct",
    "model_name": "Qwen2.5-7B-Instruct",
    "model_type": "qwen2",
    "data_path": "./data/result_reflect.json",
    "dataset_name": "musique",
    "cache_path": "/raid/home/hming/fusionrag-reflect-full-cache",
    "bge_model_path": "/mnt/qjhs-sh-lab-01/models/bge-m3",
    "output_dir": "/raid/home/hming/FusionRAG-pca-analysis/MOTIVATION_EXPERIMENTS/real_pipeline_selector_attention_mass",
    "device": "cuda:0",
    "topk": 10,
    "max_main_questions": 80,
    "max_sub_questions": 160,
    "rrf_k": 18,
    "threshold_factor": 0.5,
    "seed": 42,
    "log_every": 10
  },
  "note": "attention mass is computed by full-softmax diagnostic using the current KV after selected-token recomputation"
}