{
  "selector": "fusionrag_qk",
  "rate": 0.05,
  "rows": 109,
  "detail_path": "/raid/home/hming/FusionRAG-pca-analysis/MOTIVATION_EXPERIMENTS/real_pipeline_selector_attention_mass/detail_fusionrag_qk_rate0p05.csv",
  "summary": {
    "selected_tokens": {
      "mean": 71.97247706422019,
      "median": 71.0,
      "p10": 49.0,
      "p90": 99.0
    },
    "actual_rate": {
      "mean": 0.04961179985349473,
      "median": 0.049592391304347824,
      "p10": 0.04932301740812379,
      "p90": 0.04996530187369882
    },
    "selection_time_s": {
      "mean": 0.03037990436573094,
      "median": 0.026434558909386396,
      "p10": 0.026058018673211336,
      "p90": 0.028346821200102568
    },
    "selection_score_time_s": {
      "mean": 0.03037990436573094,
      "median": 0.026434558909386396,
      "p10": 0.026058018673211336,
      "p90": 0.028346821200102568
    },
    "recompute_time_s": {
      "mean": 0.03417370380799568,
      "median": 0.029618210159242153,
      "p10": 0.029145027045160532,
      "p90": 0.03142494102939963
    },
    "query_prefill_time_s": {
      "mean": 0.05694957463275812,
      "median": 0.05636068480089307,
      "p10": 0.054335158318281174,
      "p90": 0.059571397956460714
    },
    "decode_first_token_time_s": {
      "mean": 0.04801358784113182,
      "median": 0.04743478074669838,
      "p10": 0.046862291637808084,
      "p90": 0.04934204602614045
    },
    "query_mass_all_layer_mean": {
      "mean": 0.04757922027647386,
      "median": 0.046994697581343094,
      "p10": 0.035593384328612934,
      "p90": 0.05916489085836012
    },
    "query_mass_last_layer": {
      "mean": 0.056313613725711684,
      "median": 0.0541647161756243,
      "p10": 0.03580401435730949,
      "p90": 0.0780008147362949
    },
    "decode_mass_all_layer_mean": {
      "mean": 0.04028600793311328,
      "median": 0.03686354100248035,
      "p10": 0.026003639723354833,
      "p90": 0.060993622380251786
    },
    "decode_mass_last_layer": {
      "mean": 0.043203070731089026,
      "median": 0.030130077685628618,
      "p10": 0.0033216774463653564,
      "p90": 0.0953554596219744
    }
  },
  "config": {
    "selector": "fusionrag_qk",
    "rate": 0.05,
    "model_path": "/mnt/qjhs-sh-lab-01/models/Qwen2.5-7B-Instruct",
    "draft_model_path": "/mnt/qjhs-sh-lab-01/models/Qwen2.5-3B-Instruct",
    "model_name": "Qwen2.5-7B-Instruct",
    "model_type": "qwen2",
    "data_path": "./data/result_reflect.json",
    "dataset_name": "musique",
    "cache_path": "/raid/home/hming/fusionrag-reflect-full-cache",
    "bge_model_path": "/mnt/qjhs-sh-lab-01/models/bge-m3",
    "output_dir": "/raid/home/hming/FusionRAG-pca-analysis/MOTIVATION_EXPERIMENTS/real_pipeline_selector_attention_mass",
    "device": "cuda:0",
    "topk": 10,
    "max_main_questions": 80,
    "max_sub_questions": 160,
    "rrf_k": 18,
    "threshold_factor": 0.5,
    "seed": 42,
    "log_every": 10
  },
  "note": "attention mass is computed by full-softmax diagnostic using the current KV after selected-token recomputation"
}