{
  "selector": "fusionrag_qk",
  "rate": 0.3,
  "rows": 109,
  "detail_path": "/raid/home/hming/FusionRAG-pca-analysis/MOTIVATION_EXPERIMENTS/real_pipeline_selector_attention_mass/detail_fusionrag_qk_rate0p3.csv",
  "summary": {
    "selected_tokens": {
      "mean": 434.4036697247706,
      "median": 431.0,
      "p10": 297.0,
      "p90": 599.0
    },
    "actual_rate": {
      "mean": 0.2996650963192352,
      "median": 0.2996706915477497,
      "p10": 0.29935720844811753,
      "p90": 0.2999273783587509
    },
    "selection_time_s": {
      "mean": 0.03135793305369555,
      "median": 0.027996753808110952,
      "p10": 0.027278080116957426,
      "p90": 0.029996872413903475
    },
    "selection_score_time_s": {
      "mean": 0.03135793305369555,
      "median": 0.027996753808110952,
      "p10": 0.027278080116957426,
      "p90": 0.029996872413903475
    },
    "recompute_time_s": {
      "mean": 0.07702654537343241,
      "median": 0.0744664017111063,
      "p10": 0.05982100823894143,
      "p90": 0.08674806402996182
    },
    "query_prefill_time_s": {
      "mean": 0.05971269428712923,
      "median": 0.058874212205410004,
      "p10": 0.05709875887259841,
      "p90": 0.06208445783704519
    },
    "decode_first_token_time_s": {
      "mean": 0.04969707779893908,
      "median": 0.04921210976317525,
      "p10": 0.04874756000936031,
      "p90": 0.0509532717987895
    },
    "query_mass_all_layer_mean": {
      "mean": 0.15412602336079498,
      "median": 0.15813905586780555,
      "p10": 0.12591094315266693,
      "p90": 0.17839044454146408
    },
    "query_mass_last_layer": {
      "mean": 0.17149771797615324,
      "median": 0.1654378151407047,
      "p10": 0.12474023728143602,
      "p90": 0.22962532346210782
    },
    "decode_mass_all_layer_mean": {
      "mean": 0.14547094425259402,
      "median": 0.1469628061262929,
      "p10": 0.09911851890917334,
      "p90": 0.18981174014660776
    },
    "decode_mass_last_layer": {
      "mean": 0.1705915348050166,
      "median": 0.142336939062391,
      "p10": 0.056455761194229126,
      "p90": 0.3243043082101004
    }
  },
  "config": {
    "selector": "fusionrag_qk",
    "rate": 0.3,
    "model_path": "/mnt/qjhs-sh-lab-01/models/Qwen2.5-7B-Instruct",
    "draft_model_path": "/mnt/qjhs-sh-lab-01/models/Qwen2.5-3B-Instruct",
    "model_name": "Qwen2.5-7B-Instruct",
    "model_type": "qwen2",
    "data_path": "./data/result_reflect.json",
    "dataset_name": "musique",
    "cache_path": "/raid/home/hming/fusionrag-reflect-full-cache",
    "bge_model_path": "/mnt/qjhs-sh-lab-01/models/bge-m3",
    "output_dir": "/raid/home/hming/FusionRAG-pca-analysis/MOTIVATION_EXPERIMENTS/real_pipeline_selector_attention_mass",
    "device": "cuda:0",
    "topk": 10,
    "max_main_questions": 80,
    "max_sub_questions": 160,
    "rrf_k": 18,
    "threshold_factor": 0.5,
    "seed": 42,
    "log_every": 10
  },
  "note": "attention mass is computed by full-softmax diagnostic using the current KV after selected-token recomputation"
}