{
  "selector": "random",
  "rate": 0.05,
  "rows": 109,
  "detail_path": "/raid/home/hming/FusionRAG-pca-analysis/MOTIVATION_EXPERIMENTS/real_pipeline_selector_attention_mass/detail_random_rate0p05.csv",
  "summary": {
    "selected_tokens": {
      "mean": 71.97247706422019,
      "median": 71.0,
      "p10": 49.0,
      "p90": 99.0
    },
    "actual_rate": {
      "mean": 0.04961179985349473,
      "median": 0.049592391304347824,
      "p10": 0.04932301740812379,
      "p90": 0.04996530187369882
    },
    "selection_time_s": {
      "mean": 0.0,
      "median": 0.0,
      "p10": 0.0,
      "p90": 0.0
    },
    "selection_score_time_s": {
      "mean": 0.0,
      "median": 0.0,
      "p10": 0.0,
      "p90": 0.0
    },
    "recompute_time_s": {
      "mean": 0.035659478268150344,
      "median": 0.029469212982803583,
      "p10": 0.029057346750050783,
      "p90": 0.03111739084124565
    },
    "query_prefill_time_s": {
      "mean": 0.05562771387705836,
      "median": 0.0545898349955678,
      "p10": 0.053119649179279804,
      "p90": 0.057797080371528864
    },
    "decode_first_token_time_s": {
      "mean": 0.04645436149466475,
      "median": 0.04606733098626137,
      "p10": 0.045663399156183004,
      "p90": 0.04724237369373441
    },
    "query_mass_all_layer_mean": {
      "mean": 0.02961740733857271,
      "median": 0.02888963854574896,
      "p10": 0.023441188576491283,
      "p90": 0.03652214210649032
    },
    "query_mass_last_layer": {
      "mean": 0.03920610587990302,
      "median": 0.03988645281110491,
      "p10": 0.025327249449126576,
      "p90": 0.05152683030991327
    },
    "decode_mass_all_layer_mean": {
      "mean": 0.02690733439186197,
      "median": 0.026293013929104322,
      "p10": 0.01920581384733015,
      "p90": 0.03527481070890718
    },
    "decode_mass_last_layer": {
      "mean": 0.04253448331472253,
      "median": 0.03535430346216474,
      "p10": 0.004506085600171771,
      "p90": 0.09033466236931938
    }
  },
  "config": {
    "selector": "random",
    "rate": 0.05,
    "model_path": "/mnt/qjhs-sh-lab-01/models/Qwen2.5-7B-Instruct",
    "draft_model_path": "/mnt/qjhs-sh-lab-01/models/Qwen2.5-3B-Instruct",
    "model_name": "Qwen2.5-7B-Instruct",
    "model_type": "qwen2",
    "data_path": "./data/result_reflect.json",
    "dataset_name": "musique",
    "cache_path": "/raid/home/hming/fusionrag-reflect-full-cache",
    "bge_model_path": "/mnt/qjhs-sh-lab-01/models/bge-m3",
    "output_dir": "/raid/home/hming/FusionRAG-pca-analysis/MOTIVATION_EXPERIMENTS/real_pipeline_selector_attention_mass",
    "device": "cuda:0",
    "topk": 10,
    "max_main_questions": 80,
    "max_sub_questions": 160,
    "rrf_k": 18,
    "threshold_factor": 0.5,
    "seed": 42,
    "log_every": 10
  },
  "note": "attention mass is computed by full-softmax diagnostic using the current KV after selected-token recomputation"
}