{
  "selector": "draft",
  "rate": 0.8,
  "rows": 109,
  "detail_path": "/raid/home/hming/FusionRAG-pca-analysis/MOTIVATION_EXPERIMENTS/real_pipeline_selector_attention_mass/detail_draft_rate0p8.csv",
  "summary": {
    "selected_tokens": {
      "mean": 1159.211009174312,
      "median": 1151.0,
      "p10": 793.0,
      "p90": 1598.0
    },
    "actual_rate": {
      "mean": 0.7997016057065693,
      "median": 0.7997390737116764,
      "p10": 0.7993951612903226,
      "p90": 0.8
    },
    "selection_time_s": {
      "mean": 0.13956876974467428,
      "median": 0.13210739195346832,
      "p10": 0.116417340002954,
      "p90": 0.17021101247519255
    },
    "selection_score_time_s": {
      "mean": 0.13864136425299792,
      "median": 0.1312259053811431,
      "p10": 0.115639244671911,
      "p90": 0.16912646824494004
    },
    "recompute_time_s": {
      "mean": 0.15424554319966824,
      "median": 0.15141890617087483,
      "p10": 0.11354358028620481,
      "p90": 0.20756448106840253
    },
    "query_prefill_time_s": {
      "mean": 0.059003258141082364,
      "median": 0.05800213711336255,
      "p10": 0.056184174958616495,
      "p90": 0.060780315194278955
    },
    "decode_first_token_time_s": {
      "mean": 0.049674409800508156,
      "median": 0.048673115670681,
      "p10": 0.048112683929502964,
      "p90": 0.05022425716742873
    },
    "query_mass_all_layer_mean": {
      "mean": 0.2646772934862718,
      "median": 0.2662723159303471,
      "p10": 0.24570867023905932,
      "p90": 0.2842288312956901
    },
    "query_mass_last_layer": {
      "mean": 0.2852188114951037,
      "median": 0.2818089180252179,
      "p10": 0.2440869185724869,
      "p90": 0.33917342113847493
    },
    "decode_mass_all_layer_mean": {
      "mean": 0.2636460115098369,
      "median": 0.26377508165884994,
      "p10": 0.22961751842985348,
      "p90": 0.2958569772997682
    },
    "decode_mass_last_layer": {
      "mean": 0.3678870737591702,
      "median": 0.366905893598284,
      "p10": 0.2104602030345372,
      "p90": 0.5241644723074776
    }
  },
  "config": {
    "selector": "draft",
    "rate": 0.8,
    "model_path": "/mnt/qjhs-sh-lab-01/models/Qwen2.5-7B-Instruct",
    "draft_model_path": "/mnt/qjhs-sh-lab-01/models/Qwen2.5-3B-Instruct",
    "model_name": "Qwen2.5-7B-Instruct",
    "model_type": "qwen2",
    "data_path": "./data/result_reflect.json",
    "dataset_name": "musique",
    "cache_path": "/raid/home/hming/fusionrag-reflect-full-cache",
    "bge_model_path": "/mnt/qjhs-sh-lab-01/models/bge-m3",
    "output_dir": "/raid/home/hming/FusionRAG-pca-analysis/MOTIVATION_EXPERIMENTS/real_pipeline_selector_attention_mass",
    "device": "cuda:0",
    "topk": 10,
    "max_main_questions": 80,
    "max_sub_questions": 160,
    "rrf_k": 18,
    "threshold_factor": 0.5,
    "seed": 42,
    "log_every": 10
  },
  "note": "attention mass is computed by full-softmax diagnostic using the current KV after selected-token recomputation"
}