{
  "selector": "draft",
  "rate": 0.15,
  "rows": 109,
  "detail_path": "/raid/home/hming/FusionRAG-pca-analysis/MOTIVATION_EXPERIMENTS/real_pipeline_selector_attention_mass/detail_draft_rate0p15.csv",
  "summary": {
    "selected_tokens": {
      "mean": 216.9724770642202,
      "median": 215.0,
      "p10": 148.0,
      "p90": 299.0
    },
    "actual_rate": {
      "mean": 0.14965234455797322,
      "median": 0.14967860422405876,
      "p10": 0.14929785661492978,
      "p90": 0.14993481095176012
    },
    "selection_time_s": {
      "mean": 0.14194900703983843,
      "median": 0.13306373171508312,
      "p10": 0.11714323563501239,
      "p90": 0.171858053188771
    },
    "selection_score_time_s": {
      "mean": 0.14085183714285765,
      "median": 0.13198601081967354,
      "p10": 0.11643725400790572,
      "p90": 0.17043142300099134
    },
    "recompute_time_s": {
      "mean": 0.05361121504165984,
      "median": 0.04481557896360755,
      "p10": 0.04264750191941857,
      "p90": 0.06387301394715905
    },
    "query_prefill_time_s": {
      "mean": 0.06202436429063935,
      "median": 0.060663075651973486,
      "p10": 0.05892672808840871,
      "p90": 0.06404731795191765
    },
    "decode_first_token_time_s": {
      "mean": 0.05157622155400181,
      "median": 0.05064226686954498,
      "p10": 0.050237840972840786,
      "p90": 0.052632509265094995
    },
    "query_mass_all_layer_mean": {
      "mean": 0.14574454454362687,
      "median": 0.14426142003754122,
      "p10": 0.12060747930237867,
      "p90": 0.17345711753945306
    },
    "query_mass_last_layer": {
      "mean": 0.13404203969473544,
      "median": 0.13224736622401645,
      "p10": 0.09648493358067103,
      "p90": 0.18156264168875558
    },
    "decode_mass_all_layer_mean": {
      "mean": 0.14731429288632153,
      "median": 0.1482258575911425,
      "p10": 0.1105690060221419,
      "p90": 0.18409772551789574
    },
    "decode_mass_last_layer": {
      "mean": 0.18060352958904807,
      "median": 0.160919155393328,
      "p10": 0.06321515355791364,
      "p90": 0.34427874428885324
    }
  },
  "config": {
    "selector": "draft",
    "rate": 0.15,
    "model_path": "/mnt/qjhs-sh-lab-01/models/Qwen2.5-7B-Instruct",
    "draft_model_path": "/mnt/qjhs-sh-lab-01/models/Qwen2.5-3B-Instruct",
    "model_name": "Qwen2.5-7B-Instruct",
    "model_type": "qwen2",
    "data_path": "./data/result_reflect.json",
    "dataset_name": "musique",
    "cache_path": "/raid/home/hming/fusionrag-reflect-full-cache",
    "bge_model_path": "/mnt/qjhs-sh-lab-01/models/bge-m3",
    "output_dir": "/raid/home/hming/FusionRAG-pca-analysis/MOTIVATION_EXPERIMENTS/real_pipeline_selector_attention_mass",
    "device": "cuda:0",
    "topk": 10,
    "max_main_questions": 80,
    "max_sub_questions": 160,
    "rrf_k": 18,
    "threshold_factor": 0.5,
    "seed": 42,
    "log_every": 10
  },
  "note": "attention mass is computed by full-softmax diagnostic using the current KV after selected-token recomputation"
}