{
  "selector": "random",
  "rate": 0.8,
  "rows": 109,
  "detail_path": "/raid/home/hming/FusionRAG-pca-analysis/MOTIVATION_EXPERIMENTS/real_pipeline_selector_attention_mass/detail_random_rate0p8.csv",
  "summary": {
    "selected_tokens": {
      "mean": 1159.211009174312,
      "median": 1151.0,
      "p10": 793.0,
      "p90": 1598.0
    },
    "actual_rate": {
      "mean": 0.7997016057065693,
      "median": 0.7997390737116764,
      "p10": 0.7993951612903226,
      "p90": 0.8
    },
    "selection_time_s": {
      "mean": 0.0,
      "median": 0.0,
      "p10": 0.0,
      "p90": 0.0
    },
    "selection_score_time_s": {
      "mean": 0.0,
      "median": 0.0,
      "p10": 0.0,
      "p90": 0.0
    },
    "recompute_time_s": {
      "mean": 0.15548864139004723,
      "median": 0.15024301689118147,
      "p10": 0.11400350602343678,
      "p90": 0.20765707083046436
    },
    "query_prefill_time_s": {
      "mean": 0.05721591699680467,
      "median": 0.05596841312944889,
      "p10": 0.05432428792119026,
      "p90": 0.06054211687296629
    },
    "decode_first_token_time_s": {
      "mean": 0.047138363028953384,
      "median": 0.046804631128907204,
      "p10": 0.046188454143702984,
      "p90": 0.048108397983014584
    },
    "query_mass_all_layer_mean": {
      "mean": 0.24369444131534496,
      "median": 0.24579087420703036,
      "p10": 0.22334359762619954,
      "p90": 0.26325721507169775
    },
    "query_mass_last_layer": {
      "mean": 0.24885698473441498,
      "median": 0.25133280072893416,
      "p10": 0.19989229474748885,
      "p90": 0.30427154662117123
    },
    "decode_mass_all_layer_mean": {
      "mean": 0.23810932525667092,
      "median": 0.24376801659866257,
      "p10": 0.1979886968525089,
      "p90": 0.270758817694625
    },
    "decode_mass_last_layer": {
      "mean": 0.2995364742932126,
      "median": 0.2899228164127895,
      "p10": 0.165483934538705,
      "p90": 0.4465823173522949
    }
  },
  "config": {
    "selector": "random",
    "rate": 0.8,
    "model_path": "/mnt/qjhs-sh-lab-01/models/Qwen2.5-7B-Instruct",
    "draft_model_path": "/mnt/qjhs-sh-lab-01/models/Qwen2.5-3B-Instruct",
    "model_name": "Qwen2.5-7B-Instruct",
    "model_type": "qwen2",
    "data_path": "./data/result_reflect.json",
    "dataset_name": "musique",
    "cache_path": "/raid/home/hming/fusionrag-reflect-full-cache",
    "bge_model_path": "/mnt/qjhs-sh-lab-01/models/bge-m3",
    "output_dir": "/raid/home/hming/FusionRAG-pca-analysis/MOTIVATION_EXPERIMENTS/real_pipeline_selector_attention_mass",
    "device": "cuda:0",
    "topk": 10,
    "max_main_questions": 80,
    "max_sub_questions": 160,
    "rrf_k": 18,
    "threshold_factor": 0.5,
    "seed": 42,
    "log_every": 10
  },
  "note": "attention mass is computed by full-softmax diagnostic using the current KV after selected-token recomputation"
}