{
  "selector": "random",
  "rate": 0.3,
  "rows": 109,
  "detail_path": "/raid/home/hming/FusionRAG-pca-analysis/MOTIVATION_EXPERIMENTS/real_pipeline_selector_attention_mass/detail_random_rate0p3.csv",
  "summary": {
    "selected_tokens": {
      "mean": 434.4036697247706,
      "median": 431.0,
      "p10": 297.0,
      "p90": 599.0
    },
    "actual_rate": {
      "mean": 0.2996650963192352,
      "median": 0.2996706915477497,
      "p10": 0.29935720844811753,
      "p90": 0.2999273783587509
    },
    "selection_time_s": {
      "mean": 0.0,
      "median": 0.0,
      "p10": 0.0,
      "p90": 0.0
    },
    "selection_score_time_s": {
      "mean": 0.0,
      "median": 0.0,
      "p10": 0.0,
      "p90": 0.0
    },
    "recompute_time_s": {
      "mean": 0.07878997672024533,
      "median": 0.07441332377493382,
      "p10": 0.05977964401245117,
      "p90": 0.0867379349656403
    },
    "query_prefill_time_s": {
      "mean": 0.05707795061427382,
      "median": 0.05621257331222296,
      "p10": 0.05454813316464424,
      "p90": 0.05860748002305627
    },
    "decode_first_token_time_s": {
      "mean": 0.047460217857647924,
      "median": 0.04714033240452409,
      "p10": 0.04674856970086694,
      "p90": 0.048178437165915966
    },
    "query_mass_all_layer_mean": {
      "mean": 0.11659810061618107,
      "median": 0.11549236314416153,
      "p10": 0.10145858997316663,
      "p90": 0.13113237995139054
    },
    "query_mass_last_layer": {
      "mean": 0.1261492624190847,
      "median": 0.12253069715435003,
      "p10": 0.09715370904831659,
      "p90": 0.16190530472442882
    },
    "decode_mass_all_layer_mean": {
      "mean": 0.10489753617974307,
      "median": 0.10253602106656348,
      "p10": 0.08113755437792565,
      "p90": 0.13645251353784485
    },
    "decode_mass_last_layer": {
      "mean": 0.13426111281152475,
      "median": 0.12581448895590647,
      "p10": 0.06119443689073835,
      "p90": 0.20302668639591762
    }
  },
  "config": {
    "selector": "random",
    "rate": 0.3,
    "model_path": "/mnt/qjhs-sh-lab-01/models/Qwen2.5-7B-Instruct",
    "draft_model_path": "/mnt/qjhs-sh-lab-01/models/Qwen2.5-3B-Instruct",
    "model_name": "Qwen2.5-7B-Instruct",
    "model_type": "qwen2",
    "data_path": "./data/result_reflect.json",
    "dataset_name": "musique",
    "cache_path": "/raid/home/hming/fusionrag-reflect-full-cache",
    "bge_model_path": "/mnt/qjhs-sh-lab-01/models/bge-m3",
    "output_dir": "/raid/home/hming/FusionRAG-pca-analysis/MOTIVATION_EXPERIMENTS/real_pipeline_selector_attention_mass",
    "device": "cuda:0",
    "topk": 10,
    "max_main_questions": 80,
    "max_sub_questions": 160,
    "rrf_k": 18,
    "threshold_factor": 0.5,
    "seed": 42,
    "log_every": 10
  },
  "note": "attention mass is computed by full-softmax diagnostic using the current KV after selected-token recomputation"
}