{
  "selector": "draft",
  "rate": 0.05,
  "rows": 109,
  "detail_path": "/raid/home/hming/FusionRAG-pca-analysis/MOTIVATION_EXPERIMENTS/real_pipeline_selector_attention_mass/detail_draft_rate0p05.csv",
  "summary": {
    "selected_tokens": {
      "mean": 71.97247706422019,
      "median": 71.0,
      "p10": 49.0,
      "p90": 99.0
    },
    "actual_rate": {
      "mean": 0.04961179985349473,
      "median": 0.049592391304347824,
      "p10": 0.04932301740812379,
      "p90": 0.04996530187369882
    },
    "selection_time_s": {
      "mean": 0.13976415600883987,
      "median": 0.13241305574774742,
      "p10": 0.11668846243992448,
      "p90": 0.17101997369900346
    },
    "selection_score_time_s": {
      "mean": 0.13910337264965708,
      "median": 0.13172958511859179,
      "p10": 0.11618358502164483,
      "p90": 0.17023286363109946
    },
    "recompute_time_s": {
      "mean": 0.03618551447662875,
      "median": 0.030723175033926964,
      "p10": 0.03026592032983899,
      "p90": 0.03195309219881892
    },
    "query_prefill_time_s": {
      "mean": 0.057607814896031534,
      "median": 0.05698763905093074,
      "p10": 0.05529415002092719,
      "p90": 0.05978123005479574
    },
    "decode_first_token_time_s": {
      "mean": 0.048398021416345596,
      "median": 0.04806326609104872,
      "p10": 0.04760793875902891,
      "p90": 0.049008328933268785
    },
    "query_mass_all_layer_mean": {
      "mean": 0.07775637757339678,
      "median": 0.07597744807274345,
      "p10": 0.04875901861181949,
      "p90": 0.10993965061343447
    },
    "query_mass_last_layer": {
      "mean": 0.07131569690625793,
      "median": 0.06548510960170201,
      "p10": 0.033922656052777556,
      "p90": 0.12417938232421875
    },
    "decode_mass_all_layer_mean": {
      "mean": 0.0781677664424373,
      "median": 0.07839924802205392,
      "p10": 0.03621728292533329,
      "p90": 0.11445099799608702
    },
    "decode_mass_last_layer": {
      "mean": 0.09910624832657028,
      "median": 0.07579407521656581,
      "p10": 0.014820625739438193,
      "p90": 0.21755339418138778
    }
  },
  "config": {
    "selector": "draft",
    "rate": 0.05,
    "model_path": "/mnt/qjhs-sh-lab-01/models/Qwen2.5-7B-Instruct",
    "draft_model_path": "/mnt/qjhs-sh-lab-01/models/Qwen2.5-3B-Instruct",
    "model_name": "Qwen2.5-7B-Instruct",
    "model_type": "qwen2",
    "data_path": "./data/result_reflect.json",
    "dataset_name": "musique",
    "cache_path": "/raid/home/hming/fusionrag-reflect-full-cache",
    "bge_model_path": "/mnt/qjhs-sh-lab-01/models/bge-m3",
    "output_dir": "/raid/home/hming/FusionRAG-pca-analysis/MOTIVATION_EXPERIMENTS/real_pipeline_selector_attention_mass",
    "device": "cuda:0",
    "topk": 10,
    "max_main_questions": 80,
    "max_sub_questions": 160,
    "rrf_k": 18,
    "threshold_factor": 0.5,
    "seed": 42,
    "log_every": 10
  },
  "note": "attention mass is computed by full-softmax diagnostic using the current KV after selected-token recomputation"
}