{
  "selector": "draft",
  "rate": 0.5,
  "rows": 109,
  "detail_path": "/raid/home/hming/FusionRAG-pca-analysis/MOTIVATION_EXPERIMENTS/real_pipeline_selector_attention_mass/detail_draft_rate0p5.csv",
  "summary": {
    "selected_tokens": {
      "mean": 724.4862385321101,
      "median": 719.0,
      "p10": 496.0,
      "p90": 999.0
    },
    "actual_rate": {
      "mean": 0.4997964647528596,
      "median": 0.4997620180866254,
      "p10": 0.4995408631772268,
      "p90": 0.5
    },
    "selection_time_s": {
      "mean": 0.14120139297388426,
      "median": 0.13289685687050223,
      "p10": 0.1170374802313745,
      "p90": 0.1718095443211496
    },
    "selection_score_time_s": {
      "mean": 0.14036424451618704,
      "median": 0.13209730992093682,
      "p10": 0.11638459796085954,
      "p90": 0.1708891410380602
    },
    "recompute_time_s": {
      "mean": 0.10805519560881711,
      "median": 0.1002022041939199,
      "p10": 0.07447989610955119,
      "p90": 0.13060070807114244
    },
    "query_prefill_time_s": {
      "mean": 0.05854160483037933,
      "median": 0.05747932568192482,
      "p10": 0.055856917053461075,
      "p90": 0.06032380508258939
    },
    "decode_first_token_time_s": {
      "mean": 0.04886684080995961,
      "median": 0.048173215705901384,
      "p10": 0.04771536309272051,
      "p90": 0.049268682952970266
    },
    "query_mass_all_layer_mean": {
      "mean": 0.22971064066539076,
      "median": 0.22986464986995772,
      "p10": 0.21391398444467669,
      "p90": 0.24836585363170835
    },
    "query_mass_last_layer": {
      "mean": 0.23492371817227814,
      "median": 0.2381016124378551,
      "p10": 0.18800766808646066,
      "p90": 0.28132544623480904
    },
    "decode_mass_all_layer_mean": {
      "mean": 0.2288838726215718,
      "median": 0.22862993089520198,
      "p10": 0.19129087973614126,
      "p90": 0.2611700299443031
    },
    "decode_mass_last_layer": {
      "mean": 0.2969902431589905,
      "median": 0.28070856843675884,
      "p10": 0.15289761338915145,
      "p90": 0.44895339012145996
    }
  },
  "config": {
    "selector": "draft",
    "rate": 0.5,
    "model_path": "/mnt/qjhs-sh-lab-01/models/Qwen2.5-7B-Instruct",
    "draft_model_path": "/mnt/qjhs-sh-lab-01/models/Qwen2.5-3B-Instruct",
    "model_name": "Qwen2.5-7B-Instruct",
    "model_type": "qwen2",
    "data_path": "./data/result_reflect.json",
    "dataset_name": "musique",
    "cache_path": "/raid/home/hming/fusionrag-reflect-full-cache",
    "bge_model_path": "/mnt/qjhs-sh-lab-01/models/bge-m3",
    "output_dir": "/raid/home/hming/FusionRAG-pca-analysis/MOTIVATION_EXPERIMENTS/real_pipeline_selector_attention_mass",
    "device": "cuda:0",
    "topk": 10,
    "max_main_questions": 80,
    "max_sub_questions": 160,
    "rrf_k": 18,
    "threshold_factor": 0.5,
    "seed": 42,
    "log_every": 10
  },
  "note": "attention mass is computed by full-softmax diagnostic using the current KV after selected-token recomputation"
}