chunk,shared_value,layerwise_value,value_relative_improvement_pct,shared_key,layerwise_key,key_relative_improvement_pct
2,0.322344,0.318902,1.068,0.269184,0.264362,1.791
4,0.255853,0.254112,0.681,0.236305,0.231321,2.109
7,0.427286,0.420280,1.640,0.343222,0.334152,2.643
10,0.243081,0.241702,0.567,0.179195,0.175876,1.852
12,0.170049,0.169223,0.486,0.119542,0.117425,1.770
17,0.139798,0.139490,0.220,0.096728,0.095885,0.871
20,0.438026,0.434876,0.719,0.388826,0.380542,2.131
21,0.834556,0.829688,0.583,0.740027,0.726563,1.819
mean,0.353874,0.351034,0.745,0.296629,0.290766,1.873
