{
  "label": "online_draft_trace_oracle_fixed_rate015",
  "main_correct": 82,
  "main_total": 135,
  "sub_correct": 186,
  "sub_total": 248,
  "avg_f1": 0.21060844090289843,
  "avg_em": 0.016129032258064516,
  "missing_csv": 0,
  "finished": 8,
  "traceback": 0,
  "killed": 0,
  "main_acc": 0.6074074074074074,
  "sub_acc": 0.75
}