{"example_id": 95, "sub_q_idx": 0, "method": "DraftModel", "reprocess_method": "DraftModel", "rate": 0.1, "system_len": 792, "passages_len": [792, 91, 147, 58, 54, 69, 61, 106, 103, 133, 53, 91, 91, 27], "chunk_ids": [0, 1, 2, 3, 4, 5, 6, 7, 8, 9, 10, 1, 1], "selected_abs": [792, 793, 794, 795, 796, 797, 798, 799, 839, 848, 882, 883, 884, 885, 886, 887, 888, 910, 912, 922, 923, 1029, 1030, 1031, 1034, 1051, 1087, 1089, 1094, 1111, 1141, 1210, 1211, 1212, 1213, 1214, 1215, 1216, 1240, 1271, 1272, 1273, 1274, 1275, 1276, 1277, 1278, 1279, 1280, 1281, 1313, 1336, 1377, 1378, 1379, 1380, 1381, 1383, 1384, 1433, 1465, 1480, 1481, 1482, 1483, 1484, 1485, 1486, 1487, 1526, 1589, 1596, 1612, 1613, 1614, 1615, 1616, 1617, 1618, 1619, 1620, 1621, 1635, 1636, 1637, 1638, 1639, 1640, 1641, 1642, 1643, 1644, 1645, 1646, 1647, 1653, 1654, 1655, 1656, 1657, 1658, 1659, 1660, 1661, 1662, 1663, 1664, 1665, 1666, 1667, 1668, 1669, 1670, 1671, 1672, 1673, 1674, 1712, 1714, 1723, 1757, 1758, 1759, 1760, 1761, 1762, 1763, 1764, 1765, 1775, 1790, 1803, 1805, 1814, 1818, 1819, 1820, 1822, 1824, 1825, 1826, 1828, 1829, 1830, 1831, 1832, 1836, 1837, 1838, 1839, 1840, 1841, 1842, 1843, 1844, 1845, 1846, 1847, 1848, 1849, 1850, 1851, 1852, 1853, 1854, 1855, 1856, 1857, 1858, 1859, 1860, 1861, 1862, 1863, 1864, 1865, 1866, 1867, 1868, 1869, 1870, 1871, 1872, 1873, 1874, 1875], "selected_count": 186, "selection_time": 0.052575679001165554, "selection_score_forward_time": 0.052177649980876595}