{"example_id": 88, "sub_q_idx": 1, "method": "DraftModel", "reprocess_method": "DraftModel", "rate": 0.1, "system_len": 792, "passages_len": [792, 28, 50, 102, 141, 111, 110, 91, 84, 93, 130, 42], "chunk_ids": [0, 2, 3, 6, 11, 12, 13, 14, 15, 16, 7], "selected_abs": [792, 793, 794, 795, 796, 797, 805, 806, 813, 814, 815, 817, 818, 819, 820, 821, 822, 826, 829, 831, 845, 869, 870, 871, 872, 873, 971, 972, 973, 974, 975, 980, 1112, 1113, 1114, 1115, 1116, 1117, 1118, 1119, 1120, 1121, 1142, 1176, 1209, 1222, 1223, 1224, 1225, 1226, 1227, 1243, 1333, 1334, 1335, 1336, 1337, 1342, 1424, 1425, 1426, 1427, 1508, 1510, 1519, 1520, 1541, 1552, 1574, 1601, 1602, 1603, 1604, 1605, 1606, 1607, 1608, 1609, 1610, 1611, 1612, 1613, 1616, 1617, 1636, 1706, 1709, 1716, 1717, 1718, 1719, 1720, 1721, 1722, 1723, 1724, 1725, 1726, 1727, 1728, 1729, 1730, 1731, 1732, 1733, 1734, 1735, 1736, 1737, 1738, 1739, 1740, 1741, 1742, 1743, 1744, 1745, 1746, 1747, 1748, 1749, 1750, 1751, 1752, 1753, 1754, 1755, 1756, 1757, 1758, 1759, 1760, 1761, 1762, 1763, 1764, 1765, 1766, 1767, 1768, 1769, 1770, 1771, 1772, 1773], "selected_count": 145, "selection_time": 0.03779635301907547, "selection_score_forward_time": 0.037507032975554466}