{"example_id": 84, "sub_q_idx": 0, "method": "DraftModel", "reprocess_method": "DraftModel", "rate": 0.1, "system_len": 792, "passages_len": [792, 50, 103, 254, 107, 160, 71, 69, 144, 154, 163, 32], "chunk_ids": [0, 1, 2, 3, 4, 5, 6, 7, 8, 9, 10], "selected_abs": [792, 793, 794, 795, 796, 797, 798, 799, 800, 801, 802, 803, 804, 805, 806, 807, 808, 809, 810, 811, 820, 821, 822, 823, 824, 839, 840, 841, 842, 843, 844, 845, 846, 894, 944, 945, 946, 947, 948, 949, 950, 953, 1008, 1197, 1198, 1199, 1200, 1201, 1202, 1305, 1306, 1307, 1308, 1309, 1310, 1311, 1335, 1465, 1466, 1467, 1468, 1469, 1470, 1471, 1472, 1473, 1474, 1475, 1476, 1477, 1478, 1482, 1483, 1484, 1485, 1486, 1509, 1536, 1537, 1538, 1539, 1540, 1541, 1542, 1552, 1571, 1605, 1606, 1607, 1608, 1609, 1610, 1612, 1661, 1749, 1750, 1751, 1752, 1754, 1755, 1769, 1775, 1784, 1792, 1829, 1875, 1903, 1904, 1905, 1906, 1907, 1908, 1942, 1945, 1946, 1949, 1950, 1954, 1969, 1978, 1981, 1989, 2004, 2007, 2008, 2009, 2010, 2011, 2012, 2015, 2017, 2019, 2021, 2025, 2032, 2033, 2034, 2038, 2039, 2041, 2044, 2045, 2052, 2053, 2054, 2055, 2056, 2057, 2058, 2059, 2060, 2061, 2062, 2063, 2064, 2065, 2066, 2067, 2068, 2069, 2070, 2071, 2072, 2073, 2074, 2075, 2076, 2077, 2078, 2079, 2080, 2081, 2082, 2083, 2084, 2085, 2086, 2087, 2088, 2089, 2090, 2091, 2092, 2093, 2094, 2095, 2096, 2097, 2098], "selected_count": 189, "selection_time": 0.04603167201275937, "selection_score_forward_time": 0.04570024000713602}