{"example_id": 77, "sub_q_idx": 0, "method": "DraftModel", "reprocess_method": "DraftModel", "rate": 0.1, "system_len": 792, "passages_len": [792, 133, 244, 203, 227, 284, 113, 101, 138, 253, 165, 32], "chunk_ids": [0, 1, 2, 3, 4, 5, 6, 7, 8, 9, 10], "selected_abs": [792, 793, 794, 795, 796, 797, 798, 799, 801, 802, 803, 804, 805, 806, 807, 808, 809, 810, 819, 820, 821, 825, 841, 842, 900, 911, 924, 925, 926, 927, 928, 930, 931, 932, 933, 1168, 1169, 1170, 1171, 1172, 1173, 1174, 1175, 1176, 1249, 1371, 1372, 1373, 1374, 1375, 1377, 1378, 1379, 1380, 1381, 1383, 1384, 1385, 1386, 1410, 1414, 1470, 1597, 1598, 1599, 1600, 1601, 1602, 1603, 1604, 1605, 1606, 1608, 1609, 1610, 1611, 1612, 1613, 1637, 1697, 1698, 1700, 1881, 1882, 1883, 1884, 1885, 1886, 1887, 1893, 1894, 1895, 1896, 1897, 1898, 1899, 1900, 1901, 1902, 1903, 1904, 1905, 1906, 1907, 1910, 1962, 1963, 1964, 1965, 1966, 1995, 1996, 1997, 1998, 1999, 2001, 2002, 2003, 2004, 2005, 2030, 2032, 2033, 2034, 2035, 2049, 2096, 2097, 2098, 2099, 2100, 2101, 2103, 2104, 2105, 2106, 2107, 2108, 2132, 2133, 2219, 2222, 2227, 2233, 2234, 2235, 2236, 2237, 2238, 2239, 2240, 2241, 2256, 2342, 2429, 2463, 2487, 2488, 2489, 2490, 2491, 2492, 2493, 2494, 2495, 2496, 2497, 2499, 2502, 2503, 2505, 2506, 2507, 2508, 2509, 2510, 2511, 2512, 2513, 2514, 2515, 2516, 2517, 2521, 2522, 2523, 2524, 2528, 2532, 2536, 2537, 2539, 2543, 2545, 2546, 2547, 2548, 2557, 2558, 2563, 2568, 2569, 2570, 2571, 2580, 2581, 2582, 2592, 2593, 2596, 2597, 2598, 2599, 2600, 2601, 2603, 2604, 2605, 2606, 2612, 2613, 2614, 2615, 2616, 2617, 2618, 2619, 2620, 2621, 2622, 2623, 2624, 2625, 2626, 2627, 2628, 2629, 2630, 2631, 2632, 2633, 2634, 2638, 2639, 2640, 2641, 2642, 2643, 2644, 2645, 2646, 2647, 2648, 2649, 2650, 2651, 2652, 2653, 2654, 2655, 2656, 2657, 2658, 2659, 2660, 2661, 2662, 2663, 2664, 2665, 2666, 2667, 2668, 2669, 2670, 2671, 2672, 2673, 2674, 2675, 2676, 2677, 2678, 2679, 2680, 2681, 2682, 2683, 2684], "selected_count": 289, "selection_time": 0.05980926597840153, "selection_score_forward_time": 0.05942175700329244}