{"example_id": 90, "sub_q_idx": 0, "method": "DraftModel", "reprocess_method": "DraftModel", "rate": 0.1, "system_len": 792, "passages_len": [792, 101, 206, 103, 188, 136, 129, 202, 138, 188, 229, 27], "chunk_ids": [0, 1, 2, 3, 4, 5, 6, 7, 8, 9, 10], "selected_abs": [792, 793, 794, 795, 796, 797, 798, 799, 800, 801, 803, 804, 811, 835, 891, 892, 893, 894, 895, 896, 899, 1098, 1099, 1100, 1101, 1102, 1103, 1104, 1105, 1165, 1201, 1202, 1203, 1204, 1205, 1206, 1207, 1230, 1300, 1389, 1390, 1391, 1392, 1420, 1525, 1526, 1527, 1528, 1529, 1532, 1654, 1655, 1656, 1657, 1661, 1667, 1722, 1794, 1856, 1857, 1858, 1859, 1862, 1863, 1865, 1866, 1891, 1941, 1994, 1995, 1996, 1997, 2001, 2006, 2055, 2103, 2107, 2153, 2182, 2183, 2184, 2185, 2186, 2187, 2188, 2189, 2192, 2193, 2217, 2218, 2246, 2248, 2288, 2292, 2317, 2322, 2323, 2324, 2337, 2347, 2351, 2354, 2367, 2368, 2378, 2383, 2385, 2386, 2387, 2388, 2389, 2390, 2391, 2392, 2393, 2394, 2395, 2396, 2397, 2398, 2399, 2400, 2401, 2402, 2403, 2404, 2405, 2406, 2407, 2408, 2409, 2410, 2411, 2412, 2413, 2414, 2415, 2416, 2417, 2418, 2419, 2420, 2421, 2422, 2423, 2424, 2425, 2426, 2427, 2428, 2429, 2430, 2431, 2432, 2433, 2434, 2435, 2436, 2437, 2438], "selected_count": 160, "selection_time": 0.053184543998213485, "selection_score_forward_time": 0.05268110800534487}