{"example_id": 98, "sub_q_idx": 0, "method": "DraftModel", "reprocess_method": "DraftModel", "rate": 0.1, "system_len": 792, "passages_len": [792, 79, 40, 199, 123, 91, 124, 135, 192, 97, 118, 31], "chunk_ids": [0, 1, 2, 3, 4, 5, 6, 7, 8, 9, 10], "selected_abs": [792, 793, 794, 795, 796, 797, 798, 799, 800, 801, 802, 803, 804, 805, 806, 807, 808, 809, 810, 811, 812, 813, 814, 817, 818, 819, 851, 869, 870, 871, 872, 873, 874, 875, 878, 879, 910, 911, 912, 913, 914, 915, 916, 917, 918, 935, 1040, 1109, 1110, 1111, 1112, 1113, 1114, 1115, 1117, 1118, 1154, 1231, 1232, 1233, 1234, 1235, 1236, 1323, 1324, 1325, 1326, 1327, 1329, 1330, 1358, 1407, 1418, 1447, 1448, 1449, 1450, 1451, 1455, 1459, 1582, 1583, 1584, 1585, 1586, 1587, 1589, 1590, 1614, 1701, 1708, 1732, 1774, 1775, 1776, 1777, 1778, 1779, 1785, 1811, 1830, 1871, 1872, 1873, 1874, 1875, 1876, 1877, 1879, 1882, 1884, 1898, 1899, 1903, 1907, 1913, 1914, 1915, 1921, 1922, 1925, 1928, 1947, 1949, 1956, 1960, 1966, 1967, 1968, 1970, 1971, 1976, 1977, 1978, 1979, 1980, 1981, 1982, 1983, 1984, 1985, 1986, 1987, 1988, 1989, 1990, 1991, 1992, 1993, 1994, 1995, 1996, 1997, 1998, 1999, 2000, 2001, 2002, 2003, 2004, 2005, 2006, 2007, 2008, 2009, 2010, 2011, 2012, 2013, 2014, 2015, 2016, 2017, 2018, 2019, 2020], "selected_count": 176, "selection_time": 0.04469323600642383, "selection_score_forward_time": 0.0443460599926766}