{"example_id": 79, "sub_q_idx": 2, "method": "DraftModel", "reprocess_method": "DraftModel", "rate": 0.1, "system_len": 792, "passages_len": [792, 128, 147, 76, 135, 127, 89, 101, 145, 92, 51, 158, 128, 38], "chunk_ids": [0, 6, 11, 5, 4, 9, 3, 7, 18, 16, 12, 1, 6], "selected_abs": [792, 793, 794, 795, 796, 797, 798, 799, 800, 801, 802, 803, 908, 917, 918, 919, 920, 921, 922, 923, 954, 1024, 1066, 1067, 1068, 1069, 1142, 1143, 1144, 1145, 1146, 1155, 1216, 1277, 1278, 1279, 1280, 1281, 1289, 1404, 1405, 1406, 1407, 1408, 1466, 1493, 1494, 1495, 1496, 1497, 1498, 1499, 1500, 1501, 1502, 1503, 1594, 1595, 1596, 1597, 1598, 1599, 1600, 1601, 1602, 1603, 1604, 1605, 1606, 1607, 1608, 1609, 1610, 1611, 1612, 1613, 1614, 1615, 1617, 1618, 1619, 1620, 1621, 1622, 1623, 1624, 1625, 1626, 1651, 1652, 1653, 1654, 1655, 1671, 1672, 1673, 1674, 1675, 1676, 1677, 1678, 1679, 1683, 1684, 1685, 1686, 1687, 1688, 1689, 1690, 1691, 1693, 1694, 1695, 1696, 1697, 1698, 1699, 1700, 1701, 1702, 1703, 1704, 1705, 1706, 1707, 1708, 1709, 1711, 1712, 1713, 1714, 1715, 1716, 1717, 1720, 1721, 1722, 1723, 1724, 1725, 1726, 1727, 1728, 1729, 1730, 1731, 1732, 1733, 1734, 1735, 1736, 1737, 1738, 1739, 1740, 1741, 1742, 1743, 1744, 1745, 1753, 1754, 1768, 1831, 1832, 1833, 1834, 1835, 1839, 1847, 1854, 1882, 1883, 1884, 1885, 1886, 1887, 1888, 1889, 1890, 1891, 1892, 1893, 1894, 1895, 1896, 1897, 1898, 1899, 1900, 1901, 1902, 1903, 1904, 1905, 1906, 1907, 1908, 1909, 1910, 1911, 1912, 1913, 1914, 1915, 1916, 1923, 1924, 1925, 1926, 1927, 1935, 1936, 1937, 1938, 1939, 1941, 1942, 1950, 1978, 1998, 1999, 2021, 2022, 2025, 2026, 2027, 2028, 2038, 2039, 2040, 2041, 2042, 2043, 2044, 2045, 2046, 2047, 2048, 2049, 2050, 2051, 2052, 2059, 2073, 2078, 2089, 2091, 2098, 2117, 2123, 2130, 2131, 2132, 2134, 2139, 2141, 2144, 2145, 2146, 2147, 2150, 2151, 2152, 2153, 2154, 2155, 2156, 2157, 2158, 2159, 2160, 2161, 2162, 2163, 2164, 2165, 2166, 2167, 2168, 2169, 2170, 2171, 2172, 2173, 2174, 2175, 2176, 2177, 2178, 2179, 2180, 2181, 2182, 2183, 2184, 2185, 2186, 2187, 2188, 2189, 2190, 2191, 2192, 2193, 2194, 2195, 2196, 2197, 2198, 2199, 2200, 2201, 2202, 2203, 2204, 2205, 2206], "selected_count": 319, "selection_time": 0.047336649004137143, "selection_score_forward_time": 0.046973930002423}