{"example_id": 35, "sub_q_idx": 0, "method": "DraftModel", "reprocess_method": "DraftModel", "rate": 0.1, "system_len": 792, "passages_len": [792, 45, 70, 113, 119, 173, 117, 126, 125, 136, 150, 29], "chunk_ids": [0, 1, 2, 3, 4, 5, 6, 7, 8, 9, 10], "selected_abs": [792, 793, 794, 795, 796, 797, 798, 799, 800, 801, 803, 804, 805, 806, 807, 808, 809, 822, 835, 836, 837, 838, 839, 840, 906, 907, 908, 909, 910, 1019, 1020, 1021, 1022, 1032, 1064, 1138, 1139, 1140, 1141, 1142, 1143, 1144, 1145, 1219, 1311, 1312, 1313, 1314, 1315, 1316, 1319, 1361, 1428, 1429, 1430, 1431, 1432, 1503, 1554, 1555, 1556, 1557, 1558, 1559, 1560, 1561, 1562, 1563, 1564, 1565, 1607, 1642, 1679, 1680, 1681, 1682, 1683, 1684, 1686, 1690, 1708, 1713, 1744, 1797, 1799, 1815, 1816, 1817, 1818, 1819, 1820, 1822, 1823, 1824, 1827, 1830, 1831, 1865, 1866, 1895, 1896, 1901, 1902, 1906, 1907, 1908, 1910, 1913, 1914, 1915, 1922, 1929, 1931, 1932, 1933, 1934, 1937, 1939, 1940, 1945, 1951, 1952, 1953, 1954, 1955, 1956, 1957, 1958, 1959, 1960, 1961, 1962, 1963, 1964, 1965, 1966, 1967, 1968, 1969, 1970, 1971, 1972, 1973, 1974, 1975, 1976, 1977, 1978, 1979, 1980, 1981, 1982, 1983, 1984, 1985, 1986, 1987, 1988, 1989, 1990, 1991, 1992, 1993, 1994], "selected_count": 164, "selection_time": 0.047522152977762744, "selection_score_forward_time": 0.047115368011873215}