{"example_id": 45, "sub_q_idx": 0, "method": "DraftModel", "reprocess_method": "DraftModel", "rate": 0.1, "system_len": 792, "passages_len": [792, 104, 184, 97, 209, 77, 253, 96, 149, 296, 73, 27], "chunk_ids": [0, 1, 2, 3, 4, 5, 6, 7, 8, 9, 10], "selected_abs": [792, 793, 794, 795, 796, 797, 798, 799, 800, 801, 802, 803, 804, 805, 806, 807, 808, 809, 810, 811, 812, 813, 814, 815, 819, 829, 830, 831, 832, 833, 834, 835, 836, 837, 838, 839, 840, 841, 842, 843, 858, 859, 866, 867, 868, 894, 895, 896, 897, 898, 899, 900, 901, 902, 903, 904, 905, 906, 927, 1076, 1077, 1079, 1080, 1081, 1082, 1083, 1084, 1085, 1086, 1087, 1090, 1159, 1176, 1177, 1178, 1179, 1385, 1386, 1387, 1388, 1389, 1393, 1394, 1412, 1414, 1462, 1463, 1464, 1465, 1466, 1469, 1595, 1715, 1716, 1717, 1718, 1719, 1720, 1725, 1756, 1811, 1812, 1813, 1814, 1851, 1954, 1960, 1961, 1962, 1963, 1964, 1965, 1966, 1967, 1968, 2024, 2088, 2136, 2161, 2162, 2231, 2256, 2257, 2258, 2259, 2260, 2261, 2262, 2263, 2264, 2265, 2266, 2270, 2271, 2273, 2278, 2279, 2280, 2281, 2282, 2283, 2284, 2285, 2286, 2287, 2288, 2289, 2290, 2291, 2292, 2297, 2298, 2299, 2300, 2302, 2303, 2304, 2305, 2306, 2307, 2308, 2309, 2310, 2311, 2312, 2313, 2314, 2315, 2316, 2317, 2318, 2319, 2320, 2321, 2322, 2323, 2324, 2325, 2326, 2327, 2328, 2329, 2330, 2331, 2332, 2333, 2334, 2335, 2336, 2337, 2338, 2339, 2340, 2341, 2342, 2343, 2344, 2345, 2346, 2347, 2348, 2349, 2350, 2351, 2352, 2353, 2354, 2355, 2356], "selected_count": 209, "selection_time": 0.04898927401518449, "selection_score_forward_time": 0.048602789000142366}