{"example_id": 37, "sub_q_idx": 0, "method": "DraftModel", "reprocess_method": "DraftModel", "rate": 0.1, "system_len": 792, "passages_len": [792, 109, 100, 54, 106, 59, 90, 242, 98, 169, 45, 32], "chunk_ids": [0, 1, 2, 3, 4, 5, 6, 7, 8, 9, 10], "selected_abs": [792, 793, 794, 795, 796, 797, 798, 799, 800, 801, 802, 820, 853, 866, 899, 900, 901, 902, 903, 904, 1000, 1001, 1002, 1003, 1054, 1055, 1056, 1057, 1058, 1160, 1161, 1162, 1163, 1219, 1309, 1551, 1552, 1553, 1554, 1560, 1604, 1649, 1650, 1651, 1652, 1659, 1671, 1707, 1736, 1767, 1788, 1789, 1791, 1805, 1818, 1819, 1820, 1821, 1822, 1823, 1824, 1825, 1826, 1827, 1828, 1829, 1830, 1831, 1832, 1833, 1834, 1837, 1838, 1839, 1842, 1843, 1844, 1845, 1847, 1848, 1849, 1850, 1851, 1852, 1853, 1854, 1855, 1856, 1857, 1858, 1859, 1860, 1861, 1862, 1863, 1864, 1865, 1866, 1867, 1868, 1869, 1870, 1871, 1872, 1873, 1874, 1875, 1876, 1877, 1878, 1879, 1880, 1881, 1882, 1883, 1884, 1885, 1886, 1887, 1888, 1889, 1890, 1891, 1892, 1893, 1894, 1895], "selected_count": 127, "selection_time": 0.047080287971766666, "selection_score_forward_time": 0.04669840101269074}