{"example_id": 43, "sub_q_idx": 0, "method": "DraftModel", "reprocess_method": "DraftModel", "rate": 0.1, "system_len": 792, "passages_len": [792, 40, 89, 52, 75, 49, 64, 68, 180, 62, 159, 25], "chunk_ids": [0, 1, 2, 3, 4, 5, 6, 7, 8, 9, 10], "selected_abs": [792, 793, 794, 795, 796, 797, 798, 799, 800, 801, 802, 803, 804, 805, 806, 807, 808, 809, 810, 811, 812, 813, 814, 815, 816, 817, 818, 831, 832, 833, 834, 835, 836, 837, 838, 893, 919, 920, 921, 922, 923, 924, 925, 926, 927, 928, 972, 1047, 1096, 1160, 1228, 1230, 1408, 1409, 1410, 1411, 1413, 1414, 1432, 1447, 1470, 1471, 1472, 1473, 1476, 1477, 1499, 1501, 1514, 1532, 1552, 1588, 1603, 1607, 1609, 1610, 1611, 1614, 1615, 1616, 1617, 1618, 1619, 1620, 1621, 1622, 1623, 1624, 1625, 1626, 1627, 1628, 1629, 1630, 1631, 1632, 1633, 1634, 1635, 1636, 1637, 1638, 1639, 1640, 1641, 1642, 1643, 1644, 1645, 1646, 1647, 1648, 1649, 1650, 1651, 1652, 1653, 1654], "selected_count": 118, "selection_time": 0.036370985995745286, "selection_score_forward_time": 0.036022702988702804}