{"example_id": 44, "sub_q_idx": 1, "method": "DraftModel", "reprocess_method": "DraftModel", "rate": 0.1, "system_len": 792, "passages_len": [792, 77, 62, 242, 40, 119, 92, 94, 59, 172, 150, 30], "chunk_ids": [0, 1, 11, 6, 12, 3, 5, 13, 8, 14, 15], "selected_abs": [792, 793, 794, 795, 796, 797, 798, 799, 800, 801, 802, 803, 804, 805, 806, 807, 808, 809, 810, 811, 812, 813, 814, 815, 816, 823, 834, 835, 836, 837, 838, 839, 840, 867, 868, 869, 870, 871, 872, 876, 930, 931, 932, 933, 934, 935, 936, 937, 938, 939, 940, 941, 973, 991, 1172, 1173, 1174, 1175, 1176, 1177, 1178, 1179, 1212, 1213, 1214, 1215, 1216, 1217, 1218, 1219, 1220, 1221, 1222, 1331, 1332, 1333, 1334, 1335, 1423, 1424, 1425, 1426, 1427, 1428, 1429, 1430, 1431, 1432, 1438, 1450, 1502, 1517, 1518, 1519, 1520, 1521, 1522, 1575, 1576, 1577, 1578, 1579, 1580, 1581, 1582, 1591, 1634, 1699, 1748, 1749, 1750, 1751, 1752, 1753, 1754, 1755, 1756, 1757, 1758, 1762, 1771, 1790, 1791, 1811, 1812, 1813, 1814, 1826, 1834, 1836, 1844, 1849, 1850, 1855, 1856, 1860, 1861, 1862, 1864, 1869, 1870, 1871, 1872, 1873, 1875, 1876, 1877, 1878, 1879, 1880, 1883, 1885, 1886, 1887, 1888, 1889, 1890, 1891, 1892, 1893, 1894, 1895, 1896, 1897, 1898, 1899, 1900, 1901, 1902, 1903, 1904, 1905, 1906, 1907, 1908, 1909, 1910, 1911, 1912, 1913, 1914, 1915, 1916, 1917, 1918, 1919, 1920, 1921, 1922, 1923, 1924, 1925, 1926, 1927, 1928], "selected_count": 195, "selection_time": 0.043971859995508566, "selection_score_forward_time": 0.04361183202126995}