{"example_id": 40, "sub_q_idx": 0, "method": "DraftModel", "reprocess_method": "DraftModel", "rate": 0.1, "system_len": 792, "passages_len": [792, 114, 121, 219, 113, 170, 39, 44, 61, 80, 128, 26], "chunk_ids": [0, 1, 2, 3, 4, 5, 6, 7, 8, 9, 10], "selected_abs": [792, 793, 794, 795, 796, 797, 798, 799, 800, 801, 802, 803, 804, 805, 806, 807, 808, 809, 831, 874, 905, 906, 907, 908, 909, 910, 911, 912, 913, 914, 915, 943, 1026, 1027, 1028, 1029, 1030, 1033, 1245, 1246, 1247, 1248, 1249, 1250, 1251, 1286, 1358, 1359, 1360, 1361, 1362, 1363, 1364, 1365, 1528, 1529, 1530, 1531, 1532, 1533, 1534, 1535, 1536, 1537, 1538, 1539, 1540, 1551, 1552, 1567, 1568, 1569, 1570, 1571, 1575, 1577, 1578, 1584, 1610, 1611, 1612, 1613, 1614, 1615, 1616, 1619, 1626, 1672, 1673, 1674, 1675, 1676, 1677, 1678, 1683, 1691, 1719, 1720, 1721, 1734, 1752, 1753, 1754, 1755, 1756, 1760, 1763, 1766, 1771, 1778, 1782, 1799, 1800, 1801, 1813, 1815, 1837, 1838, 1842, 1844, 1851, 1852, 1853, 1854, 1855, 1856, 1857, 1858, 1861, 1862, 1863, 1864, 1865, 1868, 1869, 1870, 1871, 1872, 1873, 1874, 1875, 1876, 1877, 1878, 1879, 1880, 1881, 1882, 1883, 1884, 1885, 1886, 1887, 1888, 1889, 1890, 1891, 1892, 1893, 1894, 1895, 1896, 1897, 1898, 1899, 1900, 1901, 1902, 1903, 1904, 1905, 1906], "selected_count": 172, "selection_time": 0.0430813169805333, "selection_score_forward_time": 0.04269587199087255}