{"example_id": 27, "sub_q_idx": 0, "method": "DraftModel", "reprocess_method": "DraftModel", "rate": 0.1, "system_len": 792, "passages_len": [792, 41, 152, 112, 102, 308, 84, 190, 153, 61, 134, 30], "chunk_ids": [0, 1, 2, 3, 4, 5, 6, 7, 8, 9, 10], "selected_abs": [792, 793, 794, 795, 796, 797, 798, 801, 802, 803, 804, 805, 806, 807, 808, 809, 810, 811, 812, 813, 814, 815, 816, 817, 818, 819, 820, 830, 831, 832, 833, 834, 835, 836, 837, 873, 911, 984, 985, 986, 987, 988, 989, 990, 991, 992, 993, 1096, 1097, 1098, 1099, 1100, 1198, 1199, 1200, 1201, 1202, 1203, 1204, 1205, 1506, 1507, 1508, 1509, 1510, 1511, 1512, 1514, 1515, 1531, 1590, 1591, 1592, 1593, 1594, 1599, 1780, 1781, 1782, 1783, 1784, 1785, 1786, 1787, 1794, 1808, 1812, 1824, 1827, 1831, 1832, 1833, 1834, 1856, 1900, 1933, 1934, 1935, 1936, 1937, 1938, 1939, 1940, 1941, 1943, 1945, 1954, 1956, 1957, 1961, 1963, 1964, 1965, 1966, 1967, 1968, 1994, 1995, 1996, 1997, 1998, 1999, 2000, 2006, 2007, 2008, 2009, 2010, 2011, 2012, 2016, 2021, 2032, 2039, 2040, 2041, 2042, 2044, 2063, 2103, 2107, 2108, 2109, 2112, 2113, 2114, 2115, 2116, 2117, 2118, 2119, 2120, 2121, 2122, 2123, 2124, 2125, 2126, 2127, 2128, 2129, 2130, 2131, 2132, 2133, 2134, 2135, 2136, 2137, 2138, 2139, 2140, 2141, 2142, 2143, 2144, 2145, 2146, 2147, 2148, 2149, 2150, 2151, 2152, 2153, 2154, 2155, 2156, 2157, 2158], "selected_count": 190, "selection_time": 0.04561120501603, "selection_score_forward_time": 0.04526385202188976}