{"example_id": 44, "sub_q_idx": 0, "method": "DraftModel", "reprocess_method": "DraftModel", "rate": 0.1, "system_len": 792, "passages_len": [792, 77, 94, 119, 40, 92, 242, 75, 59, 77, 123, 26], "chunk_ids": [0, 1, 2, 3, 4, 5, 6, 7, 8, 9, 10], "selected_abs": [792, 793, 794, 795, 796, 797, 798, 799, 800, 801, 802, 803, 804, 805, 806, 807, 808, 809, 810, 811, 812, 813, 814, 815, 816, 834, 835, 836, 837, 838, 839, 840, 867, 868, 869, 870, 871, 872, 873, 874, 875, 876, 877, 933, 935, 936, 937, 962, 963, 964, 965, 966, 967, 968, 969, 970, 971, 972, 1081, 1082, 1083, 1084, 1085, 1086, 1087, 1088, 1121, 1122, 1123, 1124, 1125, 1213, 1214, 1215, 1216, 1217, 1218, 1219, 1220, 1221, 1222, 1223, 1224, 1256, 1319, 1455, 1456, 1457, 1458, 1459, 1460, 1461, 1462, 1463, 1488, 1515, 1530, 1531, 1532, 1533, 1534, 1535, 1552, 1588, 1589, 1590, 1591, 1592, 1593, 1594, 1595, 1605, 1645, 1657, 1666, 1667, 1668, 1669, 1670, 1671, 1672, 1673, 1675, 1678, 1682, 1683, 1697, 1714, 1716, 1717, 1718, 1722, 1730, 1732, 1749, 1750, 1751, 1752, 1753, 1756, 1760, 1767, 1768, 1769, 1771, 1774, 1775, 1776, 1777, 1778, 1779, 1780, 1781, 1782, 1783, 1784, 1785, 1786, 1787, 1788, 1789, 1790, 1791, 1792, 1793, 1794, 1795, 1796, 1797, 1798, 1799, 1800, 1801, 1802, 1803, 1804, 1805, 1806, 1807, 1808, 1809, 1810, 1811, 1812, 1813, 1814, 1815], "selected_count": 187, "selection_time": 0.04166916597750969, "selection_score_forward_time": 0.04131997600779869}