{"example_id": 32, "sub_q_idx": 0, "method": "DraftModel", "reprocess_method": "DraftModel", "rate": 0.1, "system_len": 792, "passages_len": [792, 221, 72, 114, 78, 285, 232, 90, 65, 182, 100, 31], "chunk_ids": [0, 1, 2, 3, 4, 5, 6, 7, 8, 9, 10], "selected_abs": [792, 793, 794, 795, 796, 797, 798, 799, 800, 801, 802, 803, 804, 805, 806, 807, 808, 815, 816, 817, 818, 819, 1011, 1012, 1013, 1014, 1015, 1016, 1017, 1018, 1019, 1020, 1027, 1028, 1029, 1040, 1041, 1042, 1043, 1044, 1069, 1083, 1084, 1085, 1086, 1087, 1088, 1089, 1090, 1091, 1092, 1198, 1199, 1200, 1201, 1202, 1203, 1213, 1214, 1276, 1277, 1278, 1279, 1324, 1561, 1562, 1563, 1564, 1565, 1792, 1793, 1794, 1795, 1796, 1797, 1882, 1883, 1884, 1885, 1886, 1887, 1888, 1912, 1948, 1949, 1950, 1951, 1952, 1953, 1954, 1955, 1956, 1957, 1979, 2031, 2040, 2094, 2115, 2117, 2118, 2123, 2130, 2131, 2132, 2133, 2134, 2135, 2136, 2137, 2138, 2140, 2141, 2149, 2150, 2151, 2156, 2157, 2158, 2159, 2168, 2169, 2171, 2175, 2176, 2177, 2178, 2179, 2181, 2182, 2183, 2184, 2185, 2186, 2187, 2188, 2190, 2193, 2198, 2199, 2200, 2201, 2202, 2203, 2204, 2205, 2206, 2207, 2208, 2209, 2210, 2211, 2212, 2213, 2214, 2215, 2216, 2217, 2218, 2219, 2220, 2221, 2222, 2223, 2224, 2225, 2226, 2227, 2228, 2229, 2230, 2231, 2232, 2233, 2234, 2235, 2236, 2237, 2238, 2239, 2240, 2241, 2242, 2243, 2244, 2245, 2246, 2247, 2248, 2249, 2250, 2251, 2252, 2253, 2254, 2255, 2256, 2257, 2258, 2259, 2260, 2261], "selected_count": 201, "selection_time": 0.04670676699606702, "selection_score_forward_time": 0.04635412999778055}