source,kind,relative_l2,diff_norm,full_norm,source_norm,cosine_source_full,num_examples,num_chunks,num_tokens
raw,hidden_layer_input,0.6941835872341192,1052957.588099838,1516828.6998763618,1651299.9932119676,0.7822852891621109,5,116,84634
preprocess,hidden_layer_input,0.7769865833759375,1178555.5490835,1516828.6998763618,1506869.1968625518,0.6961725532537831,5,116,84634
