{
  "config": {
    "model": "/mnt/qjhs-sh-lab-01/models/Qwen2.5-7B-Instruct",
    "dataset": "musique",
    "topk": 10,
    "rate": 0.0,
    "max_main_questions": 120,
    "max_sub_questions": 120,
    "warmup_sub_questions": 8,
    "raw_kv_cache": "/raid/home/hming/fusionrag-reflect-full-cache/Qwen2.5-7B-Instruct/musique/kv_cache",
    "preprocess_kv_cache": "/raid/home/hming/fusionrag-reflect-full-cache/Qwen2.5-7B-Instruct/musique/preprocess_kv_cache_global_topk10_bge"
  },
  "num_measured": 112,
  "full_ttft_compute_s_mean": 0.11154959883008685,
  "full_ttft_compute_s_p50": 0.11348724365234375,
  "full_ttft_compute_s_p95": 0.1518707275390625,
  "full_ttft_wall_s_mean": 0.29953716884483583,
  "full_ttft_wall_s_p50": 0.291655559791252,
  "full_ttft_wall_s_p95": 0.3879116913303733,
  "full_exact_cache_ttft_s_mean": 0.29845260025467724,
  "full_exact_cache_ttft_s_p50": 0.29072851641103625,
  "full_exact_cache_ttft_s_p95": 0.38668253691866994,
  "fusion_ttft_compute_s_mean": 0.0976399834617041,
  "fusion_ttft_compute_s_p50": 0.09686485375277698,
  "fusion_ttft_compute_s_p95": 0.10357746202498674,
  "fusion_ttft_wall_s_mean": 0.1517210926727525,
  "fusion_ttft_wall_s_p50": 0.15010273945517838,
  "fusion_ttft_wall_s_p95": 0.1726864818483591,
  "speedup_compute_mean": 1.1361181715437456,
  "ttft_reduction_pct_compute_mean": 9.474052168834035,
  "speedup_full_exact_over_fusion_compute_mean": 3.041049350369233,
  "ttft_reduction_pct_full_exact_vs_fusion_compute_mean": 66.3112997286545,
  "speedup_wall_mean": 1.9584509045336045,
  "ttft_reduction_pct_wall_mean": 48.27379926417795,
  "fusion_storage_time_s_mean": 0.024253264543533857,
  "fusion_selection_time_s_mean": 0.0,
  "fusion_selection_score_forward_time_s_mean": 0.0,
  "fusion_reprocess_prefill_time_s_mean": 0.07338671891817025,
  "fusion_selected_doc_tokens_mean": 0.0,
  "fusion_reprocess_prefill_tokens_mean": 27.196428571428573,
  "full_tokens_mean": 2267.1160714285716
}