base_method,pred_mode,n,avg_recall,median_recall,avg_precision,avg_jaccard,median_jaccard
freq,rate005,221,0.08575634739115481,0.061946902654867256,0.1408852996578837,0.05980366098232472,0.04060913705583756
freq,same_size,221,0.10961803087212099,0.08333333333333333,0.12172067501515117,0.06483121457317,0.044673539518900345
mean,rate005,221,0.09268543033399029,0.07228915662650602,0.16482104536191788,0.06625489559375361,0.04838709677419355
mean,same_size,221,0.12396964783549182,0.10106382978723404,0.13583788418898177,0.07267581849540358,0.056179775280898875
