base_method,num_queries,num_examples,num_examples_with_ge2_queries,avg_online_covered_by_base,median_online_covered_by_base,avg_residual_size,median_residual_size,avg_doc_len,hist_never_mean_ge2_examples,hist_always_mean_ge2_examples,hist_selected_once_or_more_mean_ge2_examples
freq,250,135,106,0.5248225216428778,0.5304576376004948,117.388,109.0,1457.012,0.8777529610123832,0.008311231806869454,0.12224703898761678
mean,250,135,106,0.480420269241568,0.4842925490747907,127.82,121.0,1457.012,0.8650047184526284,0.010352333757604292,0.1349952815473716
