method,n,avg_recall_default,median_recall_default,avg_jaccard,avg_chunk_recall,avg_chunk_jaccard,avg_freq_residual_recall,avg_selection_time,avg_score_forward_time
default,32,1.0,1.0,1.0,1.0,1.0,1.0,0.14653303369232162,0.14524746065399086
first4,32,0.47891401787030496,0.5076224097262898,0.3194271663958216,0.9809877622377622,0.9809877622377622,0.5451698391138057,0.022026270906280843,0.020995265281271713
first8,32,0.6399269326680977,0.6519255528936261,0.4772388257860923,0.9886363636363636,0.9886363636363636,0.6035509192180127,0.03777817340687761,0.036623618844714656
first12,32,0.665593157156291,0.675176906393959,0.5048190492356261,1.0,1.0,0.6007932802617612,0.05508292571903439,0.05381576887884876
layer4_8_12,32,0.6510070892706742,0.6652718941817239,0.48708026173213775,1.0,1.0,0.5640098037592537,0.05481410171978496,0.05362592721940018
layer8_12_16,32,0.665867330520627,0.6897330097087379,0.5034496007283812,1.0,1.0,0.5718006313709394,0.0701229514716033,0.06894143887620885
middle,32,0.7221446717983613,0.7218253968253968,0.5704100256351224,1.0,1.0,0.6562490629510398,0.07756599343974813,0.07635297268643626
last,32,0.5660587423247267,0.5767809139784946,0.3980306449101563,0.9462594696969697,0.9462594696969697,0.5808740569770415,0.14127031724819972,0.14006629493633227
