{
  "setting": {
    "repo": "/raid/home/hming/FusionRAG-pca-analysis",
    "cache_dir": "/raid/home/hming/fusionrag-pca-top1-top10-cache-20",
    "dataset": "musique-pca-subset.jsonl",
    "model_path": "/mnt/qjhs-sh-lab-01/models/Qwen2.5-7B-Instruct",
    "model_name": "Qwen2.5-7B-Instruct",
    "bge_model_path": "/mnt/qjhs-sh-lab-01/models/bge-m3",
    "topk": 10,
    "max_passages": 10,
    "examples": "1-3",
    "rate": 0.1,
    "revert_rope": true,
    "device": "cuda:0",
    "out_dir": "docs/experiments/online_recompute_kv_delta"
  },
  "cases": [
    {
      "example_id": 1,
      "max_passages": 10,
      "rate": 0.1,
      "doc_len": 7902,
      "system_len": 792,
      "selected_count": 711,
      "selected_positions_first50": [
        1703,
        1706,
        1707,
        1708,
        1709,
        1711,
        1713,
        1714,
        1715,
        1716,
        1723,
        1736,
        1739,
        1753,
        1769,
        1787,
        1791,
        1795,
        1799,
        1801,
        1804,
        1805,
        1827,
        1828,
        1833,
        1852,
        1861,
        1862,
        1863,
        1864,
        1866,
        1867,
        1868,
        1869,
        1873,
        1884,
        1904,
        1921,
        1938,
        1953,
        1960,
        2005,
        2007,
        2055,
        2056,
        2069,
        2074,
        2091,
        2092,
        2094
      ],
      "key_selected_delta": {
        "relative_l2": 0.1939058005809784,
        "cosine": 0.9833323955535889,
        "token_delta_mean": 0.7919701337814331,
        "token_delta_p90": 1.0487021207809448
      },
      "value_selected_delta": {
        "relative_l2": 0.7008281946182251,
        "cosine": 0.7572196125984192,
        "token_delta_mean": 0.7838486433029175,
        "token_delta_p90": 1.2718427181243896
      },
      "key_unselected_delta": {
        "relative_l2": 0.0,
        "cosine": 1.017135500907898,
        "token_delta_mean": 0.0,
        "token_delta_p90": 0.0
      },
      "value_unselected_delta": {
        "relative_l2": 0.0,
        "cosine": 1.004514217376709,
        "token_delta_mean": 0.0,
        "token_delta_p90": 0.0
      },
      "key_selected_layer_relative_l2": [
        0.0665346309542656,
        0.4727688133716583,
        0.5902013778686523,
        0.37896132469177246,
        0.9886674284934998,
        0.9329626560211182,
        0.9315847754478455,
        0.943186342716217,
        1.0024628639221191,
        0.9224990606307983,
        0.9679380059242249,
        1.0290435552597046,
        0.8960274457931519,
        0.5883992314338684,
        0.9115822911262512,
        0.8875622153282166,
        0.893940806388855,
        0.9630827903747559,
        0.9379456639289856,
        0.6110945343971252,
        0.989905595779419,
        0.8918670415878296,
        0.8768187165260315,
        0.8917446732521057,
        0.8912985920906067,
        0.8971907496452332,
        0.8720612525939941,
        0.03986009582877159
      ],
      "value_selected_layer_relative_l2": [
        0.0009078176226466894,
        0.5122703909873962,
        0.7099287509918213,
        0.5636891722679138,
        0.7289249897003174,
        0.8565144538879395,
        0.8074508905410767,
        0.8702166676521301,
        0.8353595733642578,
        1.025525450706482,
        0.869727373123169,
        0.8548564314842224,
        0.9626973271369934,
        0.9221004247665405,
        0.9273892641067505,
        0.9965733289718628,
        1.0666718482971191,
        1.0811560153961182,
        1.088777780532837,
        0.9616519808769226,
        0.9651698470115662,
        0.8810149431228638,
        0.7235376238822937,
        0.5862378478050232,
        0.698618471622467,
        0.6437312364578247,
        0.6276745200157166,
        0.6189838647842407
      ]
    },
    {
      "example_id": 2,
      "max_passages": 10,
      "rate": 0.1,
      "doc_len": 9658,
      "system_len": 792,
      "selected_count": 886,
      "selected_positions_first50": [
        1745,
        1746,
        1748,
        1749,
        1750,
        1751,
        1752,
        1753,
        1755,
        1756,
        1757,
        1758,
        1759,
        1761,
        1763,
        1768,
        1769,
        1772,
        1778,
        1779,
        1782,
        1784,
        1786,
        1827,
        1836,
        1849,
        1850,
        1877,
        1885,
        1892,
        1909,
        1914,
        1920,
        1923,
        1929,
        1972,
        2004,
        2024,
        2034,
        2036,
        2037,
        2065,
        2101,
        2104,
        2130,
        2159,
        2160,
        2191,
        2212,
        2292
      ],
      "key_selected_delta": {
        "relative_l2": 0.19775362312793732,
        "cosine": 0.9832756519317627,
        "token_delta_mean": 0.8036127090454102,
        "token_delta_p90": 1.0506770610809326
      },
      "value_selected_delta": {
        "relative_l2": 0.673932671546936,
        "cosine": 0.7790926694869995,
        "token_delta_mean": 0.7869435548782349,
        "token_delta_p90": 1.2331821918487549
      },
      "key_unselected_delta": {
        "relative_l2": 0.0,
        "cosine": 1.0184420347213745,
        "token_delta_mean": 0.0,
        "token_delta_p90": 0.0
      },
      "value_unselected_delta": {
        "relative_l2": 0.0,
        "cosine": 1.0066295862197876,
        "token_delta_mean": 0.0,
        "token_delta_p90": 0.0
      },
      "key_selected_layer_relative_l2": [
        0.06826093047857285,
        0.49463552236557007,
        0.6013438105583191,
        0.3851582407951355,
        0.9964883327484131,
        0.9459763765335083,
        0.9492394328117371,
        0.9531974196434021,
        1.0022847652435303,
        0.955788254737854,
        0.9854012131690979,
        1.0461499691009521,
        0.9122563004493713,
        0.5955449342727661,
        0.918858528137207,
        0.8948796391487122,
        0.9185046553611755,
        1.0072436332702637,
        0.9476328492164612,
        0.6161876320838928,
        1.0023984909057617,
        0.8860222101211548,
        0.8833041787147522,
        0.8851001858711243,
        0.8885165452957153,
        0.9125045537948608,
        0.8856040239334106,
        0.041991226375103
      ],
      "value_selected_layer_relative_l2": [
        0.0,
        0.5243238806724548,
        0.7222012877464294,
        0.5571593046188354,
        0.7508680820465088,
        0.880546510219574,
        0.8306017518043518,
        0.9044037461280823,
        0.8542473316192627,
        1.0238003730773926,
        0.8686322569847107,
        0.8764825463294983,
        0.9972976446151733,
        0.9342235922813416,
        0.9394821524620056,
        0.9972805380821228,
        1.0649356842041016,
        1.0764776468276978,
        1.0878069400787354,
        0.9488860964775085,
        0.9332157373428345,
        0.8519124388694763,
        0.7035537362098694,
        0.5721190571784973,
        0.6776436567306519,
        0.6025130152702332,
        0.5790093541145325,
        0.5712952613830566
      ]
    },
    {
      "example_id": 3,
      "max_passages": 10,
      "rate": 0.1,
      "doc_len": 8770,
      "system_len": 792,
      "selected_count": 797,