source,kind,relative_l2,diff_norm,full_norm,source_norm,cosine_source_full,num_examples,num_chunks,num_tokens
raw,hidden_layer_input,0.7192346100302655,2443662.9285162347,3397588.067144607,3709537.7632933236,0.7669621702677805,25,600,420496
preprocess,hidden_layer_input,0.7273744822051673,2471318.8610857637,3397588.067144607,3375038.9162759073,0.7337179462350494,25,600,420496
