method,n,jaccard,online_covered,fixed_covered,online_count,fixed_count,inter
draft_smart_frequency_global,250,0.44294936629439036,0.605111666373229,0.629025412600335,213.496,221.892,126.772
draft_smart_mean_score_global,250,0.38720469243640965,0.5537497184382513,0.5707579034224817,213.496,219.932,116.34
draft_smart_max_score_global,250,0.38312253698386356,0.5578218636891692,0.558223816157159,213.496,223.456,117.388
draft_smart_top2_mean_global,250,0.3869929981812746,0.5599267093349879,0.5640582545877086,213.496,222.684,117.748
