{"example_id": 7, "sub_q_idx": 0, "method": "DraftModel", "reprocess_method": "DraftModel", "rate": 0.15, "system_len": 792, "passages_len": [792, 154, 84, 152, 254, 49, 203, 37, 183, 244, 227, 31], "chunk_ids": [0, 1, 2, 3, 4, 5, 6, 7, 8, 9, 10], "selected_abs": [1181, 1182, 1183, 1434, 1435, 1436, 1437, 1438, 1484, 1485, 1486, 1687, 1688, 1723, 1724, 1725, 1765, 1766, 1778, 1779, 1787, 1788, 1789, 1796, 1797, 1849, 1850, 1907, 1908, 1909, 1910, 1970, 1971, 1972, 2046, 2059, 2060, 2102, 2103, 2125, 2126, 2127, 2150, 2151, 2152, 2153, 2154, 2155, 2156, 2157, 2158, 2159, 2160, 2161, 2162, 2163, 2164, 2165, 2166, 2172, 2173, 2174, 2175, 2176, 2178, 2179, 2180, 2183, 2184, 2185, 2186, 2187, 2189, 2190, 2191, 2193, 2194, 2195, 2196, 2197, 2198, 2199, 2200, 2202, 2203, 2204, 2209, 2210, 2211, 2212, 2213, 2214, 2215, 2216, 2217, 2218, 2222, 2223, 2224, 2232, 2233, 2234, 2235, 2239, 2240, 2241, 2242, 2247, 2248, 2249, 2250, 2251, 2252, 2253, 2254, 2255, 2256, 2257, 2258, 2259, 2260, 2261, 2262, 2263, 2264, 2265, 2266, 2267, 2268, 2269, 2270, 2271, 2273, 2274, 2275, 2276, 2277, 2278, 2279, 2280, 2281, 2282, 2283, 2284, 2285, 2286, 2287, 2288, 2289, 2290, 2291, 2292, 2293, 2294, 2295, 2296, 2297, 2298, 2299, 2300, 2301, 2302, 2303, 2304, 2305, 2306, 2307, 2308, 2309, 2310, 2311, 2312, 2313, 2314, 2315, 2316, 2317, 2318, 2319, 2320, 2321, 2322, 2323, 2324, 2325, 2326, 2327, 2328, 2329, 2330, 2331, 2332, 2333, 2334, 2335, 2336, 2337, 2338, 2339, 2340, 2341, 2342, 2343, 2344, 2345, 2346, 2347, 2348, 2349, 2350, 2351, 2352, 2353, 2354, 2355, 2356, 2357, 2358, 2359, 2360, 2361, 2362, 2363, 2364, 2365, 2366, 2367, 2368, 2369, 2370, 2371, 2372, 2373, 2374, 2375, 2376, 2377, 2378, 2379, 2380, 2381, 2382, 2383, 2384, 2385, 2386, 2387, 2388, 2389, 2390, 2391, 2392, 2393, 2394, 2395, 2396, 2397, 2398, 2399, 2400, 2401, 2402, 2403, 2404, 2405, 2406, 2407, 2408, 2409], "selected_count": 269, "selection_time": 0.00982701699831523, "selection_score_forward_time": 0.008756877010455355}