{"example_id": 12, "sub_q_idx": 0, "method": "DraftModel", "reprocess_method": "DraftModel", "rate": 0.15, "system_len": 792, "passages_len": [792, 138, 225, 198, 183, 148, 75, 195, 243, 336, 270, 36], "chunk_ids": [0, 1, 2, 3, 4, 5, 6, 7, 8, 9, 10], "selected_abs": [1682, 1683, 1684, 1685, 1686, 1758, 1759, 1760, 1891, 1892, 1893, 1952, 1953, 1954, 1955, 1956, 2187, 2188, 2189, 2190, 2195, 2196, 2197, 2198, 2199, 2203, 2204, 2205, 2206, 2207, 2208, 2209, 2213, 2214, 2215, 2220, 2221, 2222, 2223, 2224, 2225, 2235, 2236, 2271, 2272, 2273, 2276, 2277, 2278, 2284, 2285, 2286, 2380, 2381, 2382, 2410, 2411, 2414, 2415, 2416, 2423, 2424, 2425, 2466, 2467, 2468, 2469, 2500, 2501, 2502, 2531, 2532, 2533, 2534, 2535, 2536, 2537, 2538, 2544, 2545, 2546, 2551, 2552, 2563, 2564, 2565, 2568, 2569, 2570, 2571, 2573, 2574, 2575, 2576, 2577, 2578, 2579, 2580, 2581, 2582, 2583, 2584, 2585, 2586, 2587, 2588, 2589, 2590, 2591, 2595, 2596, 2597, 2598, 2599, 2602, 2603, 2604, 2605, 2606, 2607, 2608, 2609, 2610, 2611, 2612, 2613, 2614, 2615, 2617, 2618, 2619, 2620, 2621, 2622, 2623, 2624, 2625, 2626, 2627, 2628, 2629, 2630, 2631, 2632, 2633, 2634, 2636, 2637, 2638, 2639, 2640, 2641, 2642, 2643, 2644, 2645, 2646, 2647, 2648, 2651, 2652, 2653, 2656, 2657, 2658, 2660, 2661, 2662, 2663, 2667, 2668, 2669, 2670, 2671, 2673, 2674, 2675, 2676, 2677, 2678, 2679, 2680, 2681, 2682, 2683, 2684, 2685, 2686, 2687, 2688, 2689, 2690, 2693, 2694, 2695, 2696, 2697, 2698, 2699, 2700, 2702, 2703, 2704, 2705, 2706, 2707, 2708, 2709, 2710, 2711, 2712, 2713, 2714, 2715, 2716, 2717, 2718, 2719, 2720, 2721, 2722, 2723, 2724, 2725, 2726, 2727, 2728, 2729, 2730, 2731, 2732, 2733, 2734, 2735, 2736, 2737, 2738, 2739, 2740, 2741, 2742, 2743, 2744, 2745, 2746, 2747, 2748, 2749, 2750, 2751, 2752, 2753, 2754, 2755, 2756, 2757, 2758, 2759, 2760, 2761, 2762, 2763, 2764, 2765, 2766, 2767, 2768, 2769, 2770, 2771, 2772, 2773, 2774, 2775, 2776, 2777, 2778, 2779, 2780, 2781, 2782, 2783, 2784, 2785, 2786, 2787, 2788, 2789, 2790, 2791, 2792, 2793, 2794, 2795, 2796, 2797, 2798, 2799, 2800, 2801, 2802, 2803, 2804, 2805, 2806, 2807, 2808, 2809, 2810, 2811, 2812, 2813, 2814, 2815, 2816, 2817, 2818, 2819, 2820, 2821, 2822, 2823, 2824, 2825, 2826, 2827, 2828, 2829, 2830, 2831, 2832, 2833, 2834, 2835, 2836, 2837, 2838], "selected_count": 337, "selection_time": 0.011002134007867426, "selection_score_forward_time": 0.010153735987842083}