{"example_id": 1, "sub_q_idx": 0, "method": "DraftModel", "reprocess_method": "DraftModel", "rate": 0.15, "system_len": 792, "passages_len": [792, 90, 85, 130, 86, 135, 217, 56, 216, 113, 77, 90, 29], "chunk_ids": [0, 1, 2, 3, 4, 5, 6, 7, 8, 9, 10, 1], "selected_abs": [1095, 1096, 1097, 1098, 1182, 1183, 1184, 1489, 1490, 1491, 1534, 1535, 1536, 1551, 1589, 1590, 1591, 1592, 1765, 1766, 1806, 1807, 1808, 1809, 1866, 1867, 1868, 1874, 1875, 1876, 1878, 1879, 1880, 1882, 1883, 1885, 1886, 1887, 1888, 1889, 1890, 1891, 1892, 1894, 1895, 1896, 1897, 1898, 1905, 1906, 1907, 1912, 1913, 1915, 1916, 1919, 1920, 1921, 1922, 1931, 1932, 1933, 1934, 1941, 1942, 1943, 1946, 1947, 1948, 1949, 1950, 1951, 1952, 1953, 1954, 1955, 1956, 1957, 1958, 1969, 1970, 1971, 1972, 1973, 1974, 1976, 1977, 1979, 1980, 1981, 1982, 1983, 1984, 1985, 1987, 1988, 1989, 1990, 1991, 1992, 1993, 1994, 1995, 1996, 1997, 1998, 1999, 2000, 2001, 2002, 2003, 2004, 2005, 2006, 2007, 2008, 2009, 2010, 2011, 2012, 2013, 2014, 2015, 2016, 2017, 2018, 2019, 2020, 2021, 2022, 2023, 2024, 2025, 2026, 2027, 2028, 2029, 2030, 2031, 2032, 2033, 2034, 2035, 2036, 2037, 2038, 2039, 2040, 2041, 2042, 2043, 2044, 2045, 2046, 2047, 2048, 2049, 2050, 2051, 2052, 2053, 2054, 2055, 2056, 2057, 2058, 2059, 2060, 2061, 2062, 2063, 2064, 2065, 2066, 2067, 2068, 2069, 2070, 2071, 2072, 2073, 2074, 2075, 2076, 2077, 2078, 2079, 2080, 2081, 2082, 2083, 2084, 2085, 2086, 2087, 2088, 2089, 2090, 2091, 2092, 2093, 2094, 2095, 2096, 2097, 2098, 2099, 2100, 2101, 2102, 2103, 2104, 2105, 2106, 2107, 2108, 2109, 2110, 2111, 2112, 2113, 2114, 2115], "selected_count": 223, "selection_time": 0.00857756202458404, "selection_score_forward_time": 0.007678144989768043}