{"example_id": 4, "sub_q_idx": 1, "method": "DraftModel", "reprocess_method": "DraftModel", "rate": 0.15, "system_len": 792, "passages_len": [792, 148, 139, 149, 265, 228, 196, 72, 88, 86, 321, 96, 148, 139, 28], "chunk_ids": [0, 11, 12, 13, 5, 14, 15, 16, 17, 18, 19, 1, 11, 12], "selected_abs": [1719, 1720, 1721, 1722, 1723, 1916, 1917, 1918, 1919, 1928, 1929, 1930, 1931, 1932, 1933, 1988, 1989, 1990, 1991, 2076, 2077, 2078, 2079, 2161, 2162, 2163, 2164, 2165, 2238, 2239, 2264, 2265, 2268, 2269, 2270, 2271, 2272, 2275, 2276, 2279, 2280, 2281, 2289, 2346, 2347, 2348, 2387, 2388, 2389, 2464, 2465, 2466, 2467, 2482, 2483, 2484, 2485, 2486, 2497, 2498, 2499, 2531, 2532, 2533, 2536, 2537, 2541, 2542, 2543, 2545, 2546, 2547, 2552, 2553, 2554, 2578, 2579, 2580, 2581, 2582, 2596, 2597, 2598, 2599, 2600, 2601, 2602, 2603, 2609, 2610, 2611, 2613, 2614, 2615, 2628, 2629, 2630, 2631, 2632, 2633, 2643, 2644, 2645, 2646, 2647, 2648, 2649, 2651, 2652, 2653, 2654, 2655, 2656, 2657, 2658, 2659, 2660, 2661, 2662, 2664, 2665, 2666, 2668, 2669, 2670, 2671, 2672, 2673, 2676, 2677, 2678, 2679, 2680, 2681, 2682, 2683, 2684, 2686, 2687, 2688, 2689, 2690, 2691, 2692, 2693, 2694, 2695, 2697, 2698, 2699, 2701, 2702, 2703, 2704, 2705, 2706, 2707, 2708, 2709, 2710, 2715, 2716, 2717, 2718, 2719, 2720, 2721, 2722, 2723, 2724, 2725, 2726, 2727, 2728, 2729, 2730, 2731, 2732, 2733, 2734, 2735, 2736, 2737, 2738, 2739, 2740, 2741, 2742, 2743, 2744, 2745, 2746, 2747, 2748, 2749, 2750, 2751, 2752, 2753, 2754, 2755, 2756, 2757, 2758, 2759, 2760, 2761, 2762, 2763, 2765, 2766, 2767, 2768, 2769, 2770, 2771, 2772, 2773, 2774, 2775, 2776, 2777, 2778, 2779, 2780, 2781, 2782, 2783, 2784, 2785, 2786, 2787, 2788, 2789, 2790, 2791, 2792, 2793, 2794, 2795, 2796, 2797, 2798, 2799, 2800, 2801, 2802, 2803, 2804, 2805, 2806, 2807, 2808, 2809, 2810, 2811, 2812, 2813, 2814, 2815, 2816, 2817, 2818, 2819, 2820, 2821, 2822, 2823, 2824, 2825, 2826, 2827, 2828, 2829, 2830, 2831, 2832, 2833, 2834, 2835, 2836, 2837, 2838, 2839, 2840, 2841, 2842, 2843, 2844, 2845, 2846, 2847, 2848, 2849, 2850, 2851, 2852, 2853, 2854, 2855, 2856, 2857, 2858, 2859, 2860, 2861, 2862, 2863, 2864, 2865, 2866, 2867, 2868, 2869, 2870, 2871, 2872, 2873, 2874, 2875, 2876, 2877, 2878, 2879, 2880, 2881, 2882, 2883, 2884, 2885, 2886, 2887, 2888, 2889, 2890, 2891, 2892, 2893, 2894], "selected_count": 339, "selection_time": 0.011755664017982781, "selection_score_forward_time": 0.010591280006337911}