{"example_id": 7, "sub_q_idx": 1, "method": "DraftModel", "reprocess_method": "DraftModel", "rate": 0.15, "system_len": 792, "passages_len": [792, 86, 84, 183, 154, 49, 140, 42, 203, 148, 137, 154, 86, 32], "chunk_ids": [0, 11, 2, 8, 1, 5, 12, 13, 6, 14, 15, 1, 11], "selected_abs": [1297, 1298, 1299, 1300, 1347, 1348, 1349, 1350, 1487, 1489, 1529, 1530, 1531, 1637, 1638, 1639, 1657, 1658, 1672, 1673, 1675, 1695, 1696, 1731, 1732, 1733, 1734, 1735, 1864, 1865, 1879, 1880, 1881, 1882, 1883, 1924, 1986, 1987, 2002, 2003, 2004, 2016, 2017, 2018, 2019, 2020, 2021, 2026, 2027, 2035, 2036, 2037, 2047, 2048, 2049, 2050, 2051, 2052, 2053, 2054, 2055, 2056, 2057, 2058, 2060, 2061, 2062, 2063, 2064, 2065, 2066, 2067, 2070, 2071, 2072, 2074, 2075, 2076, 2082, 2083, 2084, 2085, 2089, 2090, 2091, 2098, 2099, 2100, 2106, 2107, 2108, 2110, 2111, 2114, 2115, 2116, 2117, 2118, 2133, 2134, 2135, 2136, 2137, 2138, 2139, 2140, 2144, 2145, 2146, 2147, 2148, 2149, 2150, 2151, 2152, 2153, 2154, 2155, 2156, 2158, 2159, 2160, 2161, 2162, 2163, 2164, 2165, 2166, 2167, 2168, 2169, 2170, 2171, 2172, 2173, 2174, 2175, 2176, 2177, 2178, 2179, 2180, 2181, 2182, 2183, 2184, 2185, 2186, 2187, 2188, 2189, 2190, 2191, 2192, 2193, 2194, 2195, 2196, 2197, 2198, 2199, 2200, 2201, 2202, 2203, 2204, 2205, 2206, 2207, 2208, 2209, 2210, 2211, 2212, 2213, 2214, 2215, 2216, 2217, 2218, 2219, 2220, 2221, 2222, 2223, 2224, 2225, 2226, 2227, 2228, 2229, 2230, 2231, 2232, 2233, 2234, 2235, 2236, 2237, 2238, 2239, 2240, 2241, 2242, 2243, 2244, 2245, 2246, 2247, 2248, 2249, 2250, 2251, 2252, 2253, 2254, 2255, 2256, 2257, 2258, 2259, 2260, 2261, 2262, 2263, 2264, 2265, 2266, 2267, 2268, 2269, 2270, 2271, 2272, 2273, 2274, 2275, 2276, 2277, 2278, 2279, 2280, 2281, 2282, 2283, 2284, 2285, 2286, 2287, 2288, 2289], "selected_count": 251, "selection_time": 0.009045342012541369, "selection_score_forward_time": 0.008013003011001274}