{"example_id": 3, "sub_q_idx": 1, "method": "DraftModel", "reprocess_method": "DraftModel", "rate": 0.15, "system_len": 792, "passages_len": [792, 92, 108, 170, 143, 200, 89, 52, 141, 68, 90, 108, 92, 31], "chunk_ids": [0, 2, 1, 4, 8, 6, 11, 7, 5, 9, 10, 1, 2], "selected_abs": [1161, 1162, 1503, 1504, 1505, 1548, 1549, 1553, 1554, 1568, 1592, 1593, 1594, 1595, 1596, 1609, 1610, 1644, 1645, 1646, 1647, 1666, 1738, 1739, 1786, 1787, 1788, 1853, 1854, 1855, 1856, 1874, 1875, 1878, 1879, 1906, 1907, 1908, 1919, 1920, 1921, 1943, 1944, 1945, 1946, 1947, 1948, 1949, 1955, 1956, 1957, 1958, 1959, 1963, 1964, 1965, 1967, 1968, 1969, 1973, 1974, 1975, 1977, 1978, 1979, 1981, 1982, 1983, 1984, 1986, 1988, 1989, 1991, 1992, 1993, 1997, 1998, 1999, 2000, 2003, 2004, 2005, 2008, 2009, 2010, 2016, 2017, 2018, 2020, 2021, 2022, 2023, 2024, 2035, 2036, 2037, 2038, 2039, 2040, 2041, 2042, 2043, 2044, 2045, 2046, 2047, 2048, 2050, 2051, 2052, 2053, 2054, 2055, 2056, 2057, 2058, 2059, 2060, 2061, 2062, 2063, 2064, 2065, 2066, 2067, 2068, 2069, 2070, 2071, 2072, 2073, 2074, 2075, 2076, 2077, 2078, 2079, 2080, 2081, 2082, 2083, 2084, 2085, 2086, 2087, 2088, 2089, 2090, 2091, 2092, 2093, 2094, 2095, 2096, 2097, 2098, 2099, 2100, 2101, 2102, 2103, 2104, 2105, 2106, 2107, 2108, 2109, 2110, 2111, 2112, 2113, 2114, 2115, 2116, 2117, 2118, 2119, 2120, 2121, 2122, 2123, 2124, 2125, 2126, 2127, 2128, 2129, 2130, 2131, 2132, 2133, 2134, 2135, 2136, 2137, 2138, 2139, 2140, 2141, 2142, 2143, 2144, 2145, 2146, 2147, 2148, 2149, 2150, 2151, 2152, 2153, 2154, 2155, 2156, 2157, 2158, 2159, 2160, 2161, 2162, 2163, 2164, 2165, 2166, 2167, 2168, 2169, 2170, 2171, 2172, 2173, 2174, 2175], "selected_count": 233, "selection_time": 0.008986798988189548, "selection_score_forward_time": 0.007949409016873688}