{"example_id": 18, "sub_q_idx": 1, "method": "DraftModel", "reprocess_method": "DraftModel", "rate": 0.15, "system_len": 792, "passages_len": [792, 86, 144, 106, 95, 51, 118, 47, 49, 80, 93, 84, 113, 93, 47, 26], "chunk_ids": [0, 11, 2, 1, 12, 13, 14, 15, 16, 17, 6, 3, 5, 6, 15], "selected_abs": [1391, 1392, 1393, 1398, 1399, 1400, 1409, 1410, 1437, 1438, 1439, 1447, 1487, 1488, 1489, 1567, 1568, 1569, 1660, 1661, 1662, 1743, 1744, 1745, 1746, 1747, 1750, 1774, 1775, 1776, 1777, 1778, 1779, 1780, 1790, 1791, 1792, 1793, 1794, 1795, 1796, 1797, 1798, 1799, 1814, 1815, 1816, 1817, 1818, 1836, 1837, 1838, 1839, 1840, 1846, 1847, 1848, 1849, 1850, 1851, 1854, 1855, 1856, 1857, 1858, 1859, 1860, 1862, 1863, 1864, 1867, 1868, 1869, 1870, 1871, 1872, 1883, 1884, 1888, 1889, 1890, 1891, 1892, 1898, 1899, 1900, 1901, 1902, 1903, 1904, 1908, 1909, 1910, 1911, 1912, 1913, 1914, 1915, 1916, 1917, 1918, 1919, 1920, 1921, 1922, 1923, 1924, 1925, 1926, 1927, 1928, 1929, 1930, 1931, 1932, 1933, 1934, 1935, 1936, 1937, 1938, 1939, 1940, 1941, 1942, 1943, 1944, 1945, 1946, 1947, 1948, 1949, 1950, 1951, 1952, 1953, 1954, 1955, 1956, 1957, 1958, 1959, 1960, 1961, 1962, 1963, 1964, 1965, 1966, 1967, 1968, 1969, 1970, 1971, 1972, 1973, 1974, 1975, 1976, 1977, 1978, 1979, 1980, 1981, 1982, 1983, 1984, 1985, 1986, 1987, 1988, 1989, 1990, 1991, 1992, 1993, 1994, 1995, 1996, 1997, 1998, 1999, 2000, 2001, 2002, 2003, 2004, 2005, 2006, 2007, 2008, 2009, 2010, 2011, 2012, 2013, 2014, 2015, 2016, 2017, 2018, 2019, 2020, 2021, 2022, 2023], "selected_count": 206, "selection_time": 0.008999872021377087, "selection_score_forward_time": 0.00811029301257804}