{"example_id": 10, "sub_q_idx": 1, "method": "DraftModel", "reprocess_method": "DraftModel", "rate": 0.15, "system_len": 792, "passages_len": [792, 203, 186, 138, 99, 122, 190, 124, 117, 57, 113, 186, 203, 28], "chunk_ids": [0, 2, 1, 11, 12, 13, 14, 15, 8, 16, 17, 1, 2], "selected_abs": [994, 995, 1318, 1319, 1320, 1538, 1539, 1540, 1541, 1542, 1729, 1730, 1731, 1732, 1853, 1854, 1924, 1925, 1932, 1933, 1934, 1953, 1954, 1970, 1971, 1972, 1980, 1987, 1988, 1989, 2004, 2026, 2027, 2028, 2029, 2036, 2108, 2129, 2130, 2139, 2140, 2141, 2142, 2143, 2189, 2190, 2192, 2193, 2194, 2208, 2209, 2214, 2215, 2216, 2223, 2224, 2225, 2251, 2252, 2266, 2267, 2268, 2283, 2284, 2285, 2295, 2296, 2299, 2300, 2301, 2306, 2307, 2308, 2311, 2312, 2313, 2314, 2315, 2316, 2318, 2319, 2320, 2321, 2322, 2323, 2324, 2325, 2326, 2327, 2328, 2329, 2330, 2331, 2332, 2333, 2334, 2335, 2336, 2337, 2339, 2340, 2341, 2348, 2349, 2350, 2351, 2352, 2353, 2354, 2355, 2361, 2362, 2363, 2364, 2365, 2366, 2367, 2368, 2372, 2373, 2374, 2375, 2377, 2378, 2379, 2380, 2381, 2383, 2384, 2385, 2388, 2389, 2390, 2396, 2397, 2398, 2399, 2400, 2403, 2404, 2405, 2406, 2407, 2408, 2409, 2410, 2411, 2416, 2417, 2418, 2419, 2420, 2421, 2422, 2423, 2424, 2425, 2426, 2427, 2428, 2429, 2431, 2432, 2433, 2434, 2435, 2436, 2437, 2438, 2439, 2440, 2441, 2442, 2443, 2444, 2445, 2446, 2447, 2448, 2449, 2450, 2451, 2452, 2453, 2454, 2455, 2456, 2457, 2458, 2459, 2460, 2461, 2462, 2463, 2464, 2465, 2466, 2467, 2468, 2469, 2470, 2471, 2472, 2473, 2474, 2475, 2476, 2477, 2478, 2479, 2480, 2481, 2482, 2483, 2484, 2485, 2486, 2487, 2488, 2489, 2490, 2491, 2492, 2493, 2494, 2495, 2496, 2497, 2498, 2499, 2500, 2501, 2502, 2503, 2504, 2505, 2506, 2507, 2508, 2509, 2510, 2511, 2512, 2513, 2514, 2515, 2516, 2517, 2518, 2519, 2520, 2521, 2522, 2523, 2524, 2525, 2526, 2527, 2528, 2529, 2530, 2531, 2532, 2533, 2534, 2535, 2536, 2537, 2538, 2539, 2540, 2541, 2542, 2543, 2544, 2545, 2546, 2547, 2548, 2549, 2550, 2551, 2552, 2553, 2554, 2555, 2556, 2557], "selected_count": 288, "selection_time": 0.012051566009176895, "selection_score_forward_time": 0.010802303004311398}