{"example_id": 12, "sub_q_idx": 1, "method": "DraftModel", "reprocess_method": "DraftModel", "rate": 0.15, "system_len": 792, "passages_len": [792, 198, 183, 75, 138, 225, 270, 161, 50, 78, 162, 138, 225, 198, 34], "chunk_ids": [0, 3, 4, 6, 1, 2, 10, 11, 12, 13, 14, 1, 2, 3], "selected_abs": [792, 793, 794, 795, 797, 798, 799, 800, 804, 805, 806, 807, 808, 809, 822, 823, 834, 835, 836, 837, 900, 901, 902, 936, 937, 938, 942, 943, 944, 988, 989, 990, 991, 992, 993, 994, 995, 1172, 1173, 1174, 1175, 1176, 1177, 1178, 1179, 1180, 1247, 1248, 1249, 1250, 1385, 1386, 1387, 1388, 1610, 1611, 1612, 1613, 1655, 1656, 1657, 1700, 1701, 1717, 1752, 1880, 1881, 1882, 1883, 1884, 1885, 1886, 1887, 1888, 1889, 1890, 1891, 1892, 1925, 1926, 1927, 1950, 1951, 1952, 2041, 2042, 2043, 2044, 2045, 2046, 2053, 2089, 2090, 2091, 2092, 2093, 2094, 2095, 2096, 2107, 2108, 2109, 2110, 2115, 2116, 2118, 2119, 2139, 2140, 2141, 2142, 2168, 2169, 2170, 2171, 2172, 2173, 2174, 2221, 2253, 2316, 2317, 2331, 2332, 2333, 2334, 2335, 2336, 2337, 2338, 2339, 2340, 2341, 2342, 2406, 2407, 2468, 2469, 2470, 2471, 2472, 2473, 2474, 2475, 2476, 2477, 2478, 2518, 2519, 2589, 2590, 2627, 2628, 2629, 2630, 2634, 2635, 2636, 2693, 2694, 2695, 2696, 2697, 2698, 2699, 2700, 2701, 2702, 2703, 2704, 2707, 2708, 2709, 2710, 2711, 2712, 2713, 2714, 2715, 2716, 2725, 2726, 2727, 2728, 2730, 2731, 2732, 2733, 2734, 2735, 2736, 2737, 2738, 2739, 2740, 2741, 2742, 2749, 2750, 2751, 2752, 2753, 2761, 2762, 2763, 2764, 2765, 2766, 2767, 2768, 2769, 2778, 2779, 2780, 2781, 2782, 2783, 2789, 2790, 2791, 2792, 2793, 2794, 2795, 2796, 2797, 2798, 2799, 2800, 2801, 2802, 2803, 2804, 2805, 2806, 2807, 2808, 2811, 2812, 2813, 2814, 2815, 2816, 2817, 2818, 2819, 2820, 2821, 2824, 2825, 2826, 2827, 2828, 2831, 2832, 2833, 2834, 2835, 2836, 2837, 2838, 2839, 2840, 2841, 2842, 2843, 2844, 2845, 2846, 2847, 2848, 2849, 2850, 2851, 2852, 2853, 2854, 2855, 2856, 2857, 2858, 2859, 2860, 2861, 2862, 2863, 2864, 2865, 2866, 2867, 2868, 2869, 2870, 2871, 2872, 2873, 2874, 2875, 2876, 2877, 2878, 2879, 2880, 2881, 2882, 2883, 2884, 2885, 2886, 2887, 2888, 2889, 2890, 2891, 2892, 2893, 2894, 2895, 2896, 2897, 2898, 2899, 2900, 2901, 2902, 2903, 2904, 2905, 2906, 2907, 2908, 2909, 2910, 2911, 2912, 2913, 2914, 2915, 2916, 2917, 2918, 2919, 2920, 2921, 2922, 2923, 2924, 2925, 2926], "selected_count": 349, "selection_time": 0.04240279700024985, "selection_score_forward_time": 0.04085922800004482}