{"example_id": 9, "sub_q_idx": 0, "method": "DraftModel", "reprocess_method": "DraftModel", "rate": 0.15, "system_len": 792, "passages_len": [792, 205, 152, 321, 212, 228, 154, 139, 265, 196, 126, 29], "chunk_ids": [0, 1, 2, 3, 4, 5, 6, 7, 8, 9, 10], "selected_abs": [792, 793, 794, 795, 796, 797, 798, 799, 800, 801, 802, 803, 804, 805, 832, 833, 834, 838, 839, 840, 841, 842, 843, 849, 850, 851, 863, 864, 865, 898, 899, 900, 995, 996, 997, 998, 999, 1000, 1001, 1002, 1003, 1004, 1005, 1006, 1007, 1012, 1013, 1030, 1031, 1046, 1047, 1048, 1148, 1149, 1150, 1151, 1155, 1156, 1157, 1381, 1409, 1410, 1469, 1470, 1471, 1472, 1619, 1646, 1647, 1681, 1682, 1683, 1684, 1685, 1688, 1689, 1690, 1879, 1880, 1881, 1909, 1910, 1911, 1912, 1993, 1994, 1995, 2063, 2064, 2065, 2066, 2067, 2071, 2072, 2073, 2117, 2118, 2159, 2160, 2174, 2175, 2202, 2203, 2204, 2205, 2291, 2321, 2322, 2323, 2372, 2373, 2374, 2385, 2386, 2387, 2408, 2409, 2446, 2447, 2448, 2461, 2462, 2463, 2466, 2467, 2468, 2469, 2470, 2471, 2472, 2474, 2475, 2476, 2477, 2478, 2479, 2480, 2481, 2482, 2483, 2506, 2507, 2530, 2531, 2532, 2536, 2537, 2538, 2545, 2546, 2547, 2555, 2556, 2587, 2588, 2589, 2622, 2623, 2624, 2625, 2626, 2627, 2639, 2640, 2641, 2642, 2643, 2650, 2651, 2652, 2653, 2654, 2662, 2663, 2664, 2665, 2666, 2667, 2668, 2669, 2670, 2671, 2672, 2673, 2674, 2675, 2676, 2677, 2678, 2680, 2681, 2682, 2683, 2684, 2685, 2686, 2687, 2688, 2689, 2690, 2691, 2692, 2693, 2694, 2695, 2696, 2697, 2698, 2699, 2700, 2701, 2702, 2703, 2704, 2705, 2706, 2707, 2708, 2709, 2710, 2711, 2712, 2713, 2714, 2715, 2716, 2717, 2718, 2719, 2720, 2721, 2722, 2723, 2724, 2725, 2726, 2727, 2728, 2729, 2730, 2731, 2732, 2733, 2734, 2735, 2736, 2737, 2738, 2739, 2740, 2741, 2742, 2743, 2744, 2745, 2746, 2747, 2748, 2749, 2750, 2751, 2752, 2753, 2754, 2755, 2756, 2757, 2758, 2759, 2760, 2761, 2762, 2763, 2764, 2765, 2766, 2767, 2768, 2769, 2770, 2771, 2772, 2773, 2774, 2775, 2776, 2777, 2778, 2779, 2780, 2781, 2782, 2783, 2784, 2785, 2786, 2787, 2788, 2789, 2790, 2791, 2792, 2793, 2794, 2795, 2796, 2797, 2798, 2799, 2800, 2801, 2802, 2803, 2804, 2805, 2806, 2807, 2808, 2809, 2810, 2811, 2812, 2813, 2814, 2815, 2816, 2817, 2818], "selected_count": 328, "selection_time": 0.042233941989252344, "selection_score_forward_time": 0.04075936900335364}