{"example_id": 10, "sub_q_idx": 0, "method": "DraftModel", "reprocess_method": "DraftModel", "rate": 0.15, "system_len": 792, "passages_len": [792, 186, 203, 90, 310, 88, 123, 89, 117, 68, 231, 29], "chunk_ids": [0, 1, 2, 3, 4, 5, 6, 7, 8, 9, 10], "selected_abs": [792, 793, 794, 795, 796, 797, 798, 799, 875, 876, 877, 878, 879, 880, 881, 882, 977, 978, 979, 980, 1180, 1181, 1182, 1183, 1184, 1185, 1270, 1271, 1272, 1273, 1274, 1580, 1581, 1582, 1583, 1584, 1668, 1669, 1670, 1671, 1672, 1673, 1674, 1675, 1676, 1677, 1791, 1792, 1793, 1794, 1795, 1796, 1797, 1798, 1799, 1800, 1801, 1802, 1880, 1881, 1882, 1883, 1884, 1885, 1886, 1953, 1954, 1956, 1957, 1958, 1984, 1985, 1986, 1987, 1990, 1991, 1992, 1993, 1994, 1995, 1997, 1998, 1999, 2000, 2001, 2002, 2003, 2004, 2005, 2006, 2007, 2008, 2021, 2022, 2023, 2024, 2025, 2026, 2027, 2028, 2064, 2065, 2066, 2067, 2068, 2069, 2070, 2071, 2072, 2073, 2074, 2075, 2076, 2077, 2078, 2079, 2081, 2082, 2083, 2084, 2094, 2095, 2096, 2109, 2110, 2111, 2112, 2113, 2120, 2121, 2123, 2125, 2126, 2137, 2138, 2139, 2141, 2142, 2143, 2144, 2145, 2146, 2147, 2161, 2162, 2163, 2174, 2175, 2176, 2177, 2178, 2179, 2193, 2194, 2195, 2196, 2197, 2205, 2206, 2207, 2208, 2209, 2210, 2211, 2236, 2237, 2238, 2239, 2240, 2241, 2242, 2243, 2244, 2245, 2246, 2247, 2248, 2249, 2250, 2251, 2252, 2253, 2254, 2255, 2256, 2257, 2258, 2259, 2260, 2261, 2262, 2263, 2264, 2265, 2266, 2267, 2268, 2269, 2270, 2271, 2272, 2273, 2274, 2275, 2276, 2277, 2278, 2279, 2280, 2281, 2282, 2283, 2284, 2285, 2286, 2287, 2288, 2289, 2290, 2291, 2292, 2293, 2294, 2295, 2296, 2297, 2298, 2299, 2300, 2301, 2302, 2303, 2304, 2305, 2306, 2307, 2308, 2309, 2310, 2311, 2312, 2313, 2314, 2315, 2316, 2317, 2318, 2319, 2320, 2321, 2322, 2323, 2324, 2325], "selected_count": 254, "selection_time": 0.03346081299241632, "selection_score_forward_time": 0.0323433909798041}