{"example_id": 7, "sub_q_idx": 1, "method": "DraftModel", "reprocess_method": "DraftModel", "rate": 0.15, "system_len": 792, "passages_len": [792, 86, 84, 183, 154, 49, 140, 42, 203, 148, 137, 154, 86, 32], "chunk_ids": [0, 11, 2, 8, 1, 5, 12, 13, 6, 14, 15, 1, 11], "selected_abs": [792, 793, 794, 795, 796, 798, 799, 800, 801, 802, 803, 820, 821, 822, 823, 824, 825, 877, 878, 879, 880, 888, 889, 918, 919, 920, 921, 961, 962, 963, 964, 1067, 1068, 1069, 1144, 1145, 1146, 1147, 1157, 1158, 1159, 1298, 1299, 1300, 1301, 1302, 1303, 1304, 1310, 1311, 1312, 1313, 1347, 1348, 1349, 1350, 1351, 1352, 1353, 1354, 1355, 1487, 1488, 1489, 1490, 1491, 1492, 1518, 1519, 1520, 1529, 1530, 1531, 1532, 1533, 1534, 1732, 1733, 1734, 1735, 1737, 1738, 1739, 1740, 1741, 1742, 1743, 1879, 1880, 1881, 1882, 1883, 1885, 1886, 1887, 1888, 2017, 2018, 2019, 2020, 2021, 2022, 2023, 2024, 2025, 2029, 2030, 2031, 2032, 2033, 2117, 2118, 2119, 2120, 2135, 2136, 2137, 2138, 2139, 2140, 2141, 2145, 2146, 2147, 2148, 2161, 2162, 2163, 2164, 2165, 2168, 2169, 2170, 2171, 2172, 2173, 2174, 2175, 2176, 2177, 2178, 2179, 2180, 2181, 2182, 2183, 2184, 2185, 2186, 2187, 2188, 2189, 2190, 2191, 2192, 2193, 2194, 2195, 2196, 2197, 2198, 2199, 2200, 2201, 2202, 2203, 2204, 2205, 2206, 2207, 2208, 2209, 2210, 2211, 2212, 2213, 2214, 2215, 2216, 2217, 2218, 2219, 2220, 2221, 2223, 2224, 2225, 2226, 2227, 2228, 2229, 2230, 2231, 2232, 2233, 2234, 2235, 2236, 2237, 2238, 2239, 2240, 2241, 2242, 2243, 2244, 2245, 2246, 2247, 2248, 2249, 2250, 2251, 2252, 2253, 2254, 2255, 2256, 2257, 2258, 2259, 2260, 2261, 2262, 2263, 2264, 2265, 2266, 2267, 2268, 2269, 2270, 2271, 2272, 2273, 2274, 2275, 2276, 2277, 2278, 2279, 2280, 2281, 2282, 2283, 2284, 2285, 2286, 2287, 2288, 2289], "selected_count": 251, "selection_time": 0.03222463000565767, "selection_score_forward_time": 0.031170212023425847}