{"example_id": 14, "sub_q_idx": 1, "method": "DraftModel", "reprocess_method": "DraftModel", "rate": 0.15, "system_len": 792, "passages_len": [792, 47, 106, 144, 95, 210, 394, 168, 93, 51, 98, 144, 84, 47, 28], "chunk_ids": [0, 11, 8, 1, 12, 13, 14, 15, 6, 16, 17, 1, 4, 11], "selected_abs": [792, 793, 794, 795, 796, 797, 798, 799, 800, 835, 836, 837, 838, 839, 840, 841, 867, 868, 944, 945, 946, 947, 954, 958, 959, 960, 1088, 1089, 1090, 1091, 1103, 1104, 1139, 1140, 1183, 1184, 1185, 1186, 1242, 1243, 1392, 1393, 1394, 1395, 1396, 1397, 1398, 1399, 1400, 1405, 1406, 1407, 1408, 1409, 1468, 1787, 1788, 1789, 1790, 1791, 1806, 1807, 1808, 1955, 1956, 1957, 1958, 1959, 1964, 1965, 1966, 1967, 1991, 1992, 1993, 2048, 2049, 2050, 2051, 2052, 2054, 2055, 2056, 2057, 2099, 2100, 2101, 2102, 2103, 2104, 2105, 2106, 2107, 2108, 2109, 2110, 2191, 2192, 2197, 2198, 2199, 2200, 2206, 2207, 2208, 2209, 2210, 2211, 2212, 2213, 2241, 2242, 2243, 2310, 2311, 2312, 2313, 2314, 2319, 2320, 2321, 2322, 2323, 2324, 2339, 2340, 2341, 2342, 2343, 2344, 2345, 2346, 2347, 2349, 2350, 2351, 2352, 2353, 2354, 2355, 2356, 2357, 2358, 2359, 2360, 2361, 2362, 2363, 2364, 2365, 2366, 2367, 2368, 2369, 2370, 2371, 2372, 2373, 2376, 2377, 2378, 2379, 2380, 2381, 2382, 2383, 2384, 2385, 2386, 2387, 2388, 2389, 2390, 2391, 2392, 2393, 2394, 2395, 2396, 2397, 2400, 2401, 2402, 2403, 2405, 2406, 2407, 2408, 2409, 2410, 2411, 2412, 2413, 2414, 2415, 2416, 2417, 2418, 2419, 2420, 2421, 2422, 2423, 2424, 2425, 2426, 2427, 2428, 2429, 2430, 2431, 2432, 2433, 2434, 2435, 2436, 2437, 2438, 2439, 2440, 2441, 2442, 2443, 2444, 2445, 2446, 2447, 2448, 2449, 2450, 2451, 2452, 2453, 2454, 2455, 2456, 2457, 2458, 2459, 2460, 2461, 2462, 2463, 2464, 2465, 2466, 2467, 2468, 2469, 2470, 2471, 2472, 2473, 2474, 2475, 2476, 2477, 2478, 2479, 2480, 2481, 2482, 2483, 2484, 2485, 2486, 2487, 2488, 2489, 2490, 2491, 2492, 2493, 2494, 2495, 2496, 2497, 2498, 2499, 2500], "selected_count": 280, "selection_time": 0.0369152219791431, "selection_score_forward_time": 0.035562054021283984}