{"example_id": 103, "sub_q_idx": 1, "method": "DraftModel", "reprocess_method": "DraftModel", "rate": 0.1, "system_len": 792, "passages_len": [792, 55, 57, 108, 77, 143, 97, 134, 120, 129, 93, 57, 55, 29], "chunk_ids": [0, 11, 1, 8, 12, 4, 13, 14, 15, 16, 17, 1, 11], "selected_abs": [792, 793, 794, 795, 796, 797, 800, 807, 808, 811, 812, 813, 814, 815, 816, 846, 847, 848, 849, 850, 851, 852, 853, 854, 855, 856, 857, 858, 864, 865, 867, 903, 905, 922, 992, 999, 1011, 1012, 1013, 1014, 1015, 1016, 1088, 1089, 1090, 1091, 1092, 1110, 1231, 1232, 1233, 1234, 1235, 1236, 1237, 1238, 1239, 1328, 1329, 1330, 1331, 1332, 1333, 1334, 1335, 1353, 1456, 1462, 1463, 1464, 1465, 1466, 1467, 1468, 1469, 1470, 1471, 1472, 1480, 1481, 1485, 1581, 1582, 1583, 1584, 1585, 1586, 1587, 1588, 1589, 1590, 1591, 1592, 1595, 1596, 1597, 1598, 1599, 1600, 1601, 1602, 1603, 1604, 1623, 1711, 1712, 1713, 1714, 1715, 1716, 1717, 1718, 1719, 1720, 1721, 1722, 1723, 1724, 1725, 1726, 1727, 1728, 1729, 1730, 1733, 1734, 1735, 1736, 1737, 1738, 1739, 1740, 1741, 1742, 1743, 1744, 1745, 1746, 1747, 1748, 1749, 1750, 1751, 1752, 1753, 1754, 1755, 1756, 1757, 1758, 1759, 1760, 1763, 1764, 1765, 1766, 1767, 1768, 1769, 1770, 1771, 1772, 1773, 1774, 1775, 1776, 1777, 1778, 1779, 1780, 1781, 1782, 1783, 1784, 1785, 1786, 1787, 1788, 1789, 1790, 1791, 1792, 1793, 1794, 1795, 1796, 1797, 1798, 1799, 1800, 1801, 1802, 1803, 1804, 1805, 1806, 1807, 1808, 1809, 1810, 1811, 1812, 1813, 1814, 1815, 1816, 1822, 1823, 1824, 1825, 1828, 1829, 1846, 1848, 1851, 1852, 1853, 1854, 1855, 1857, 1858, 1860, 1861, 1862, 1863, 1864, 1865, 1866, 1867, 1868, 1869, 1870, 1871, 1873, 1874, 1875, 1876, 1877, 1878, 1880, 1881, 1882, 1883, 1884, 1885, 1886, 1887, 1890, 1891, 1894, 1895, 1899, 1900, 1901, 1902, 1903, 1904, 1905, 1906, 1907, 1908, 1909, 1910, 1911, 1912, 1914, 1915, 1916, 1917, 1918, 1919, 1920, 1921, 1922, 1923, 1924, 1925, 1926, 1927, 1928, 1929, 1930, 1931, 1932, 1933, 1934, 1935, 1936, 1937, 1938, 1939, 1940, 1941, 1942, 1943, 1944, 1945], "selected_count": 297, "selection_time": 0.018283023993717507, "selection_score_forward_time": 0.017946427018614486}