{"example_id": 100, "sub_q_idx": 1, "method": "DraftModel", "reprocess_method": "DraftModel", "rate": 0.1, "system_len": 792, "passages_len": [792, 55, 57, 108, 77, 143, 134, 97, 93, 120, 142, 57, 108, 143, 55, 25], "chunk_ids": [0, 5, 1, 2, 11, 3, 12, 13, 14, 15, 16, 1, 2, 3, 5], "selected_abs": [792, 793, 794, 795, 796, 797, 798, 799, 800, 801, 802, 803, 804, 805, 806, 807, 808, 812, 813, 814, 821, 830, 831, 834, 836, 838, 839, 846, 847, 848, 849, 850, 851, 852, 853, 854, 855, 856, 857, 864, 865, 867, 903, 904, 905, 906, 907, 922, 923, 1011, 1012, 1013, 1014, 1015, 1016, 1088, 1089, 1090, 1091, 1092, 1110, 1231, 1232, 1233, 1234, 1235, 1247, 1252, 1256, 1257, 1265, 1268, 1351, 1359, 1365, 1366, 1367, 1368, 1369, 1370, 1371, 1372, 1373, 1439, 1462, 1463, 1464, 1465, 1466, 1469, 1554, 1555, 1556, 1557, 1558, 1559, 1560, 1561, 1562, 1563, 1564, 1565, 1566, 1567, 1568, 1569, 1570, 1571, 1572, 1573, 1574, 1575, 1609, 1621, 1674, 1675, 1676, 1677, 1678, 1679, 1680, 1681, 1682, 1683, 1684, 1685, 1721, 1722, 1723, 1724, 1725, 1726, 1727, 1728, 1729, 1763, 1765, 1788, 1789, 1790, 1791, 1792, 1793, 1794, 1795, 1796, 1797, 1798, 1799, 1800, 1801, 1802, 1803, 1804, 1805, 1806, 1807, 1808, 1809, 1810, 1811, 1812, 1813, 1814, 1815, 1816, 1817, 1818, 1819, 1820, 1821, 1822, 1823, 1824, 1825, 1826, 1827, 1828, 1835, 1836, 1838, 1859, 1866, 1874, 1875, 1876, 1877, 1878, 1882, 1893, 1894, 1920, 1967, 1970, 1971, 1977, 1982, 1983, 1984, 1985, 1986, 1989, 1990, 1991, 1994, 2004, 2005, 2012, 2039, 2040, 2050, 2066, 2068, 2072, 2073, 2083, 2084, 2085, 2108, 2125, 2126, 2127, 2128, 2129, 2130, 2131, 2132, 2133, 2134, 2135, 2136, 2137, 2138, 2139, 2140, 2141, 2142, 2144, 2145, 2146, 2147, 2148, 2149, 2151, 2154, 2155, 2158, 2159, 2164, 2165, 2166, 2167, 2168, 2169, 2170, 2171, 2172, 2173, 2174, 2175, 2176, 2178, 2179, 2180, 2181, 2182, 2183, 2184, 2185, 2186, 2187, 2188, 2189, 2190, 2191, 2192, 2193, 2194, 2195, 2196, 2197, 2198, 2199, 2200, 2201, 2202, 2203, 2204, 2205], "selected_count": 289, "selection_time": 0.01894799299770966, "selection_score_forward_time": 0.01859870899352245}