{"example_id": 123, "sub_q_idx": 0, "method": "DraftModel", "reprocess_method": "DraftModel", "rate": 0.1, "system_len": 792, "passages_len": [792, 105, 60, 420, 87, 196, 223, 231, 218, 241, 162, 26], "chunk_ids": [0, 1, 2, 3, 4, 5, 6, 7, 8, 9, 10], "selected_abs": [792, 793, 794, 795, 796, 797, 798, 799, 800, 801, 802, 803, 804, 805, 806, 807, 808, 809, 810, 811, 812, 813, 814, 819, 820, 821, 822, 823, 824, 841, 846, 847, 848, 849, 850, 851, 857, 858, 859, 860, 862, 892, 893, 894, 895, 896, 897, 898, 899, 900, 901, 902, 903, 904, 906, 907, 908, 910, 928, 932, 953, 956, 957, 958, 959, 960, 961, 1063, 1069, 1286, 1321, 1336, 1376, 1377, 1378, 1379, 1380, 1381, 1382, 1383, 1384, 1385, 1386, 1387, 1390, 1403, 1404, 1411, 1463, 1464, 1465, 1466, 1467, 1468, 1469, 1470, 1471, 1472, 1477, 1481, 1517, 1518, 1519, 1520, 1521, 1547, 1659, 1660, 1661, 1662, 1663, 1664, 1665, 1666, 1803, 1882, 1883, 1884, 1885, 1886, 1887, 1889, 1890, 1892, 1893, 1894, 1895, 2037, 2113, 2114, 2115, 2116, 2117, 2118, 2119, 2120, 2139, 2140, 2331, 2332, 2333, 2334, 2335, 2336, 2337, 2343, 2371, 2396, 2398, 2427, 2528, 2572, 2573, 2574, 2575, 2576, 2577, 2578, 2579, 2580, 2581, 2584, 2589, 2590, 2592, 2593, 2594, 2595, 2597, 2598, 2600, 2601, 2602, 2603, 2604, 2608, 2611, 2620, 2622, 2623, 2625, 2629, 2630, 2633, 2634, 2638, 2639, 2640, 2641, 2644, 2647, 2648, 2649, 2655, 2657, 2658, 2659, 2660, 2661, 2662, 2663, 2666, 2667, 2668, 2669, 2670, 2671, 2672, 2673, 2674, 2675, 2676, 2679, 2683, 2684, 2688, 2694, 2702, 2708, 2709, 2710, 2711, 2717, 2718, 2721, 2723, 2726, 2727, 2728, 2730, 2731, 2732, 2733, 2734, 2735, 2736, 2737, 2738, 2739, 2740, 2741, 2742, 2743, 2744, 2745, 2746, 2747, 2748, 2749, 2750, 2751, 2752, 2753, 2754, 2755, 2756, 2757, 2758, 2759, 2760], "selected_count": 260, "selection_time": 0.023757471004500985, "selection_score_forward_time": 0.023401763988658786}