{"example_id": 105, "sub_q_idx": 0, "method": "DraftModel", "reprocess_method": "DraftModel", "rate": 0.1, "system_len": 792, "passages_len": [792, 228, 264, 335, 171, 167, 314, 248, 222, 201, 260, 35], "chunk_ids": [0, 1, 2, 3, 4, 5, 6, 7, 8, 9, 10], "selected_abs": [792, 793, 794, 795, 796, 797, 798, 799, 800, 801, 802, 803, 804, 805, 806, 807, 808, 809, 810, 811, 812, 815, 816, 817, 819, 820, 821, 822, 823, 824, 829, 830, 831, 832, 833, 838, 839, 840, 842, 843, 844, 845, 846, 847, 848, 849, 960, 961, 962, 963, 1007, 1011, 1012, 1019, 1020, 1021, 1022, 1023, 1024, 1025, 1027, 1028, 1029, 1030, 1031, 1032, 1180, 1222, 1223, 1283, 1284, 1285, 1286, 1287, 1291, 1292, 1293, 1294, 1295, 1296, 1408, 1617, 1618, 1619, 1620, 1621, 1622, 1623, 1624, 1625, 1638, 1645, 1646, 1647, 1670, 1736, 1777, 1778, 1789, 1790, 1791, 1792, 1793, 1798, 1799, 1800, 1801, 1802, 1803, 1825, 1868, 1956, 1957, 1958, 1959, 1960, 1961, 1963, 1965, 1966, 1967, 1968, 1969, 1970, 1971, 1972, 1973, 2269, 2270, 2271, 2272, 2273, 2277, 2279, 2280, 2281, 2287, 2294, 2295, 2296, 2297, 2343, 2387, 2478, 2485, 2518, 2519, 2520, 2521, 2522, 2523, 2524, 2525, 2527, 2528, 2549, 2664, 2673, 2674, 2675, 2676, 2721, 2740, 2741, 2742, 2743, 2744, 2747, 2748, 2749, 2750, 2751, 2752, 2753, 2767, 2871, 2885, 2910, 2934, 2940, 2941, 2942, 2943, 2944, 2945, 2946, 2947, 2948, 2949, 2950, 2951, 2952, 2953, 2954, 2955, 2957, 2966, 2967, 2969, 2970, 2973, 2980, 2983, 2988, 2997, 3006, 3007, 3009, 3010, 3011, 3016, 3018, 3029, 3048, 3049, 3050, 3051, 3052, 3053, 3054, 3055, 3056, 3058, 3064, 3065, 3066, 3069, 3070, 3071, 3081, 3082, 3084, 3097, 3098, 3099, 3100, 3101, 3102, 3104, 3107, 3108, 3120, 3132, 3133, 3138, 3145, 3146, 3147, 3148, 3149, 3150, 3152, 3153, 3157, 3158, 3159, 3160, 3161, 3162, 3163, 3164, 3165, 3166, 3167, 3168, 3169, 3171, 3173, 3174, 3175, 3176, 3177, 3178, 3179, 3180, 3181, 3182, 3183, 3184, 3185, 3186, 3187, 3188, 3189, 3190, 3191, 3192, 3193, 3194, 3195, 3196, 3197, 3198, 3199, 3200, 3201, 3202, 3203, 3204, 3205, 3206, 3207, 3208, 3209, 3210, 3211, 3212, 3213, 3214, 3215, 3216, 3217, 3218, 3219, 3220, 3221, 3222, 3223, 3224, 3225, 3226, 3227, 3228, 3229, 3230, 3231, 3232, 3233, 3234, 3235, 3236], "selected_count": 331, "selection_time": 0.028306530992267653, "selection_score_forward_time": 0.027843507996294647}