{"example_id": 119, "sub_q_idx": 0, "method": "DraftModel", "reprocess_method": "DraftModel", "rate": 0.1, "system_len": 792, "passages_len": [792, 68, 138, 186, 170, 141, 89, 203, 72, 227, 117, 37], "chunk_ids": [0, 1, 2, 3, 4, 5, 6, 7, 8, 9, 10], "selected_abs": [792, 793, 794, 795, 796, 797, 798, 799, 800, 801, 802, 803, 804, 805, 806, 807, 808, 809, 810, 811, 812, 813, 814, 815, 817, 818, 819, 834, 835, 850, 858, 859, 860, 861, 862, 863, 864, 865, 866, 868, 872, 873, 997, 998, 999, 1000, 1001, 1003, 1004, 1005, 1126, 1183, 1184, 1185, 1186, 1187, 1188, 1189, 1353, 1354, 1355, 1356, 1357, 1360, 1494, 1495, 1496, 1497, 1498, 1499, 1500, 1501, 1502, 1503, 1504, 1505, 1514, 1557, 1583, 1584, 1585, 1586, 1587, 1786, 1788, 1790, 1791, 1801, 1842, 1858, 1859, 1860, 1861, 1862, 1863, 1864, 1865, 1869, 2063, 2067, 2085, 2086, 2087, 2088, 2089, 2090, 2091, 2092, 2093, 2095, 2097, 2099, 2108, 2109, 2110, 2111, 2112, 2115, 2116, 2117, 2118, 2125, 2130, 2132, 2133, 2134, 2137, 2139, 2140, 2141, 2142, 2143, 2144, 2145, 2146, 2147, 2148, 2149, 2150, 2159, 2160, 2167, 2170, 2171, 2175, 2176, 2177, 2178, 2179, 2180, 2182, 2184, 2185, 2186, 2190, 2191, 2197, 2198, 2200, 2201, 2202, 2203, 2204, 2205, 2206, 2207, 2208, 2209, 2210, 2211, 2212, 2213, 2214, 2215, 2216, 2217, 2218, 2219, 2220, 2221, 2222, 2223, 2224, 2225, 2226, 2227, 2228, 2229, 2230, 2231, 2232, 2233, 2234, 2235, 2236, 2237, 2238, 2239], "selected_count": 198, "selection_time": 0.018924339005025104, "selection_score_forward_time": 0.01858068600995466}