pair,rate,preprocess_main_acc,raw_main_acc,delta_raw_minus_preprocess_main_acc,preprocess_sub_acc,raw_sub_acc,delta_raw_minus_preprocess_sub_acc,preprocess_f1,raw_f1,delta_raw_minus_preprocess_f1,raw_finished,raw_rows
online_qk_rate015,0.15,0.6222222222222222,0.5777777777777777,-0.04444444444444451,0.7540322580645161,0.717741935483871,-0.03629032258064513,0.48972942891317506,0.4702820000254542,-0.01944742888772083,True,248
rate0_no_doc_recompute,0.0,0.5555555555555556,0.4740740740740741,-0.08148148148148149,0.6975806451612904,0.6411290322580645,-0.05645161290322587,0.45261988204959563,0.4270952909448212,-0.025524591104774452,True,248
offline_qk_frequency,0.15,0.5851851851851851,0.4962962962962963,-0.08888888888888885,0.7217741935483871,0.6774193548387096,-0.04435483870967749,0.4695720630750484,0.45254212309183417,-0.017029939983214226,True,248
offline_qk_mean,0.15,0.562962962962963,0.5185185185185185,-0.04444444444444451,0.7096774193548387,0.6854838709677419,-0.024193548387096864,0.4766138070873063,0.45186889092371235,-0.024744916163593922,True,248
offline_draft_frequency,0.15,0.6296296296296297,0.5703703703703704,-0.059259259259259234,0.7379032258064516,0.7016129032258065,-0.03629032258064513,0.49091649633809076,0.4709211671767052,-0.019995329161385578,True,248
offline_draft_mean,0.15,0.6222222222222222,0.562962962962963,-0.059259259259259234,0.7379032258064516,0.7056451612903226,-0.032258064516129004,0.49158393718809856,0.4662766263557788,-0.02530731083231974,True,248
hybrid_draft70_qk30,0.15,0.6518518518518519,0.5481481481481482,-0.10370370370370374,0.75,0.6814516129032258,-0.06854838709677424,0.48716566654520554,0.4567848266865858,-0.030380839858619724,True,248
online_draft_profile_sparse,0.15,0.7407407407407407,0.674074074074074,-0.06666666666666665,0.8306451612903226,0.782258064516129,-0.048387096774193616,0.5410046793248587,0.5076656554026695,-0.03333902392218924,True,248
