{"example_id": 25, "sub_q_idx": 0, "method": "FusionRAG", "reprocess_method": "FusionRAG", "rate": 0.15, "system_len": 792, "passages_len": [792, 48, 33, 115, 102, 31, 80, 113, 104, 81, 82, 30], "chunk_ids": [0, 1, 2, 3, 4, 5, 6, 7, 8, 9, 10], "selected_abs": [792, 793, 794, 795, 796, 797, 798, 799, 800, 802, 803, 804, 816, 818, 819, 820, 839, 840, 841, 842, 843, 844, 845, 846, 847, 848, 850, 851, 856, 872, 873, 874, 875, 876, 877, 878, 879, 883, 884, 900, 901, 902, 903, 905, 906, 908, 909, 910, 926, 940, 986, 987, 988, 989, 990, 991, 992, 993, 1057, 1058, 1070, 1089, 1090, 1091, 1092, 1093, 1094, 1095, 1096, 1111, 1112, 1120, 1121, 1122, 1123, 1124, 1131, 1132, 1133, 1134, 1200, 1201, 1202, 1203, 1204, 1205, 1206, 1207, 1208, 1215, 1220, 1238, 1242, 1285, 1313, 1314, 1315, 1316, 1317, 1318, 1325, 1326, 1331, 1385, 1417, 1418, 1419, 1420, 1421, 1428, 1429, 1430, 1431, 1498, 1499, 1500, 1501, 1502, 1503, 1504, 1505, 1506, 1507, 1509, 1513, 1533, 1534, 1580, 1581, 1582, 1583, 1584, 1585, 1586, 1587, 1588, 1589, 1590, 1591, 1592, 1593, 1594, 1595, 1596, 1597, 1598, 1599, 1600, 1601, 1602, 1603, 1604, 1605, 1606, 1607, 1608, 1609, 1610], "selected_count": 158, "selection_time": 2.053378538985271, "selection_score_forward_time": 2.0284427030128427}