{"example_id": 25, "sub_q_idx": 1, "method": "FusionRAG", "reprocess_method": "FusionRAG", "rate": 0.15, "system_len": 792, "passages_len": [792, 48, 38, 113, 212, 143, 94, 112, 33, 135, 118, 33, 48, 29], "chunk_ids": [0, 1, 11, 7, 12, 13, 14, 15, 2, 16, 17, 2, 1], "selected_abs": [792, 793, 794, 795, 796, 797, 798, 799, 800, 803, 804, 816, 818, 819, 820, 825, 826, 830, 839, 840, 841, 842, 843, 844, 845, 846, 847, 848, 877, 878, 879, 880, 881, 882, 883, 884, 885, 892, 897, 915, 919, 962, 990, 991, 992, 993, 994, 995, 996, 997, 998, 999, 1016, 1043, 1044, 1056, 1057, 1060, 1082, 1087, 1088, 1131, 1145, 1158, 1159, 1202, 1203, 1204, 1205, 1206, 1207, 1208, 1214, 1220, 1229, 1230, 1321, 1322, 1340, 1345, 1346, 1347, 1348, 1349, 1350, 1357, 1363, 1384, 1439, 1440, 1441, 1442, 1443, 1444, 1445, 1446, 1447, 1448, 1453, 1461, 1551, 1552, 1553, 1554, 1555, 1556, 1557, 1558, 1559, 1560, 1562, 1583, 1584, 1585, 1586, 1587, 1588, 1589, 1590, 1591, 1592, 1593, 1596, 1611, 1633, 1718, 1719, 1720, 1721, 1722, 1723, 1724, 1725, 1726, 1727, 1732, 1741, 1821, 1822, 1823, 1824, 1825, 1826, 1827, 1828, 1829, 1830, 1831, 1832, 1833, 1834, 1835, 1836, 1837, 1838, 1839, 1840, 1841, 1842, 1843, 1844, 1845, 1846, 1848, 1869, 1870, 1871, 1872, 1873, 1874, 1875, 1876, 1877, 1878, 1879, 1882, 1883, 1895, 1897, 1898, 1899, 1904, 1905, 1909, 1918, 1919, 1920, 1921, 1922, 1923, 1924, 1925, 1926, 1927, 1928, 1929, 1930, 1931, 1932, 1933, 1934, 1935, 1936, 1937, 1938, 1939, 1940, 1941, 1942, 1943, 1944, 1945, 1946, 1947], "selected_count": 214, "selection_time": 0.005171616998268291, "selection_score_forward_time": 0.00468410798930563}