{"example_id": 35, "sub_q_idx": 0, "method": "FusionRAG", "reprocess_method": "FusionRAG", "rate": 0.15, "system_len": 792, "passages_len": [792, 45, 70, 113, 119, 173, 117, 126, 125, 136, 150, 29], "chunk_ids": [0, 1, 2, 3, 4, 5, 6, 7, 8, 9, 10], "selected_abs": [792, 793, 794, 795, 796, 797, 798, 799, 800, 801, 803, 804, 805, 806, 807, 808, 809, 811, 822, 835, 836, 837, 838, 839, 840, 841, 846, 861, 878, 891, 892, 906, 907, 908, 909, 910, 911, 914, 915, 923, 924, 925, 931, 950, 1019, 1020, 1021, 1022, 1024, 1031, 1032, 1038, 1058, 1064, 1065, 1138, 1139, 1140, 1141, 1142, 1143, 1144, 1145, 1148, 1149, 1154, 1172, 1273, 1274, 1311, 1312, 1313, 1314, 1315, 1316, 1319, 1320, 1330, 1361, 1428, 1429, 1430, 1431, 1432, 1437, 1441, 1442, 1447, 1503, 1504, 1554, 1555, 1556, 1557, 1558, 1559, 1560, 1561, 1562, 1563, 1564, 1565, 1569, 1574, 1583, 1607, 1669, 1679, 1680, 1681, 1682, 1683, 1684, 1686, 1689, 1697, 1704, 1729, 1744, 1797, 1798, 1815, 1816, 1817, 1818, 1819, 1820, 1823, 1826, 1827, 1831, 1906, 1931, 1932, 1965, 1966, 1967, 1968, 1969, 1970, 1971, 1972, 1973, 1974, 1975, 1976, 1977, 1978, 1979, 1980, 1981, 1982, 1983, 1984, 1985, 1986, 1987, 1988, 1989, 1990, 1991, 1992, 1993, 1994], "selected_count": 164, "selection_time": 0.005294258997309953, "selection_score_forward_time": 0.0048045829753391445}