{"example_id": 26, "sub_q_idx": 0, "method": "FusionRAG", "reprocess_method": "FusionRAG", "rate": 0.15, "system_len": 792, "passages_len": [792, 114, 116, 285, 127, 65, 72, 78, 123, 214, 226, 114, 30], "chunk_ids": [0, 1, 2, 3, 4, 5, 6, 7, 8, 9, 10, 1], "selected_abs": [792, 793, 794, 795, 796, 797, 798, 799, 800, 801, 802, 803, 804, 805, 806, 807, 808, 809, 810, 811, 812, 813, 814, 815, 820, 821, 822, 823, 824, 825, 826, 827, 828, 829, 830, 855, 856, 901, 905, 906, 907, 908, 909, 915, 916, 917, 918, 919, 920, 921, 922, 923, 971, 1021, 1022, 1023, 1024, 1025, 1026, 1027, 1028, 1029, 1030, 1031, 1032, 1037, 1038, 1039, 1040, 1042, 1052, 1069, 1070, 1074, 1082, 1115, 1117, 1119, 1142, 1143, 1171, 1172, 1186, 1198, 1219, 1223, 1256, 1258, 1287, 1306, 1307, 1308, 1309, 1310, 1311, 1312, 1313, 1315, 1321, 1347, 1400, 1411, 1415, 1433, 1434, 1435, 1436, 1437, 1438, 1439, 1448, 1458, 1462, 1463, 1464, 1485, 1494, 1498, 1499, 1500, 1501, 1502, 1503, 1514, 1523, 1548, 1555, 1569, 1570, 1571, 1572, 1573, 1574, 1575, 1586, 1595, 1620, 1633, 1634, 1648, 1649, 1650, 1651, 1652, 1653, 1654, 1655, 1656, 1657, 1666, 1670, 1671, 1677, 1681, 1684, 1713, 1717, 1720, 1771, 1772, 1773, 1774, 1775, 1776, 1777, 1778, 1779, 1783, 1784, 1792, 1796, 1797, 1804, 1805, 1848, 1857, 1862, 1984, 1985, 1986, 1987, 1988, 1989, 1990, 1991, 1992, 1993, 1998, 2000, 2001, 2002, 2003, 2004, 2005, 2006, 2007, 2008, 2057, 2195, 2196, 2197, 2198, 2199, 2200, 2201, 2202, 2203, 2204, 2205, 2206, 2207, 2208, 2209, 2210, 2211, 2212, 2213, 2214, 2215, 2216, 2217, 2218, 2219, 2220, 2221, 2222, 2223, 2224, 2225, 2226, 2227, 2228, 2229, 2230, 2231, 2232, 2233, 2234, 2235, 2240, 2241, 2242, 2243, 2244, 2245, 2246, 2248, 2249, 2250, 2275, 2276, 2321, 2325, 2326, 2327, 2328, 2329, 2330, 2331, 2332, 2333, 2334, 2335, 2336, 2337, 2338, 2339, 2340, 2341, 2342, 2343, 2344, 2345, 2346, 2347, 2348, 2349, 2350, 2351, 2352, 2353, 2354, 2355], "selected_count": 283, "selection_time": 0.005667976016411558, "selection_score_forward_time": 0.005158637999556959}