{"example_id": 36, "sub_q_idx": 1, "method": "FusionRAG", "reprocess_method": "FusionRAG", "rate": 0.15, "system_len": 792, "passages_len": [792, 77, 382, 99, 297, 69, 70, 65, 180, 54, 68, 382, 77, 29], "chunk_ids": [0, 11, 1, 12, 13, 14, 15, 16, 17, 18, 19, 1, 11], "selected_abs": [792, 793, 794, 795, 796, 797, 798, 799, 800, 801, 802, 803, 826, 827, 840, 867, 868, 869, 870, 871, 872, 873, 874, 875, 876, 877, 880, 881, 882, 883, 884, 885, 886, 887, 888, 889, 890, 891, 892, 893, 894, 895, 896, 897, 898, 899, 900, 959, 967, 1051, 1123, 1126, 1161, 1177, 1180, 1185, 1211, 1224, 1225, 1226, 1227, 1228, 1229, 1231, 1235, 1237, 1240, 1244, 1246, 1249, 1250, 1251, 1252, 1253, 1254, 1255, 1256, 1264, 1282, 1349, 1350, 1351, 1352, 1353, 1354, 1355, 1356, 1384, 1404, 1408, 1480, 1491, 1492, 1557, 1596, 1598, 1599, 1624, 1646, 1647, 1648, 1649, 1650, 1651, 1652, 1653, 1654, 1655, 1656, 1657, 1658, 1659, 1662, 1663, 1674, 1679, 1703, 1715, 1716, 1717, 1718, 1719, 1720, 1730, 1743, 1785, 1786, 1787, 1788, 1789, 1790, 1797, 1815, 1816, 1824, 1837, 1850, 1851, 1852, 1853, 1854, 1855, 1856, 1857, 1858, 1859, 1860, 1862, 1885, 1908, 1909, 1959, 1963, 2005, 2009, 2030, 2031, 2032, 2033, 2034, 2035, 2036, 2037, 2038, 2039, 2040, 2041, 2042, 2043, 2044, 2045, 2046, 2065, 2080, 2081, 2083, 2084, 2085, 2086, 2087, 2088, 2089, 2090, 2091, 2092, 2093, 2094, 2095, 2096, 2097, 2098, 2099, 2100, 2101, 2102, 2103, 2104, 2105, 2106, 2107, 2108, 2109, 2110, 2111, 2113, 2114, 2115, 2116, 2117, 2118, 2119, 2120, 2121, 2127, 2130, 2131, 2132, 2133, 2134, 2135, 2136, 2137, 2138, 2139, 2140, 2141, 2142, 2143, 2144, 2145, 2146, 2147, 2148, 2149, 2150, 2151, 2152, 2153, 2154, 2155, 2156, 2157, 2158, 2159, 2160, 2161, 2164, 2165, 2166, 2167, 2168, 2169, 2170, 2171, 2172, 2173, 2174, 2175, 2176, 2177, 2178, 2179, 2180, 2181, 2182, 2183, 2184, 2243, 2335, 2407, 2410, 2445, 2461, 2464, 2469, 2495, 2508, 2509, 2510, 2511, 2512, 2513, 2515, 2519, 2521, 2524, 2528, 2530, 2533, 2534, 2535, 2536, 2537, 2538, 2539, 2540, 2541, 2542, 2543, 2544, 2545, 2546, 2569, 2570, 2583, 2610, 2611, 2612, 2613, 2614, 2615, 2616, 2617, 2618, 2619, 2620, 2621, 2622, 2623, 2624, 2625, 2626, 2627, 2628, 2629, 2630, 2631, 2632, 2633, 2634, 2635, 2636, 2637, 2638, 2639, 2640], "selected_count": 336, "selection_time": 0.004885464994003996, "selection_score_forward_time": 0.004368792986497283}