{"example_id": 40, "sub_q_idx": 1, "method": "FusionRAG", "reprocess_method": "FusionRAG", "rate": 0.15, "system_len": 792, "passages_len": [792, 114, 76, 121, 274, 141, 191, 132, 112, 39, 80, 121, 114, 31], "chunk_ids": [0, 1, 11, 2, 12, 13, 14, 15, 16, 6, 9, 2, 1], "selected_abs": [792, 793, 794, 795, 796, 797, 798, 799, 800, 801, 802, 803, 804, 805, 806, 807, 808, 809, 811, 816, 820, 821, 823, 824, 831, 832, 874, 901, 905, 906, 907, 908, 909, 910, 911, 912, 913, 915, 923, 947, 948, 977, 981, 982, 983, 984, 985, 986, 987, 988, 989, 990, 991, 998, 1019, 1051, 1057, 1061, 1062, 1072, 1078, 1082, 1102, 1103, 1104, 1105, 1106, 1107, 1108, 1109, 1110, 1111, 1112, 1119, 1131, 1142, 1143, 1184, 1189, 1220, 1273, 1274, 1316, 1330, 1376, 1377, 1378, 1379, 1380, 1381, 1382, 1386, 1387, 1388, 1396, 1406, 1411, 1413, 1416, 1436, 1482, 1491, 1492, 1517, 1518, 1519, 1520, 1521, 1532, 1533, 1619, 1620, 1621, 1622, 1623, 1624, 1625, 1626, 1627, 1628, 1638, 1707, 1708, 1709, 1710, 1711, 1712, 1713, 1714, 1715, 1716, 1717, 1718, 1719, 1743, 1750, 1751, 1752, 1753, 1754, 1755, 1756, 1791, 1815, 1838, 1839, 1840, 1841, 1842, 1843, 1844, 1845, 1846, 1847, 1848, 1849, 1850, 1853, 1854, 1855, 1856, 1857, 1858, 1859, 1860, 1865, 1866, 1867, 1868, 1913, 1926, 1927, 1928, 1929, 1930, 1934, 1935, 1936, 1937, 1938, 1939, 1940, 1941, 1942, 1943, 1944, 1945, 1946, 1947, 1948, 1949, 1950, 1951, 1952, 1953, 1954, 1955, 1956, 1957, 1958, 1959, 1960, 1961, 1962, 1963, 1964, 1975, 1976, 1991, 1992, 1993, 1994, 1995, 1996, 1997, 2004, 2038, 2039, 2040, 2053, 2071, 2072, 2073, 2074, 2075, 2076, 2077, 2078, 2079, 2080, 2081, 2088, 2109, 2141, 2147, 2151, 2152, 2162, 2168, 2172, 2192, 2193, 2194, 2195, 2196, 2197, 2198, 2199, 2200, 2201, 2202, 2203, 2204, 2205, 2206, 2207, 2208, 2209, 2210, 2212, 2221, 2222, 2224, 2225, 2232, 2233, 2275, 2302, 2306, 2307, 2308, 2309, 2310, 2311, 2312, 2313, 2314, 2315, 2316, 2317, 2318, 2319, 2320, 2321, 2322, 2323, 2324, 2325, 2326, 2327, 2328, 2329, 2330, 2331, 2332, 2333, 2334, 2335, 2336, 2337], "selected_count": 300, "selection_time": 0.004331925010774285, "selection_score_forward_time": 0.0038635589880868793}