{"example_id": 43, "sub_q_idx": 0, "method": "FusionRAG", "reprocess_method": "FusionRAG", "rate": 0.15, "system_len": 792, "passages_len": [792, 40, 89, 52, 75, 49, 64, 68, 180, 62, 159, 25], "chunk_ids": [0, 1, 2, 3, 4, 5, 6, 7, 8, 9, 10], "selected_abs": [792, 793, 794, 795, 796, 797, 798, 799, 800, 801, 802, 803, 804, 805, 806, 807, 808, 809, 810, 811, 812, 813, 814, 815, 816, 817, 818, 831, 832, 833, 834, 835, 836, 837, 838, 840, 841, 859, 919, 920, 921, 922, 923, 924, 925, 926, 927, 928, 943, 973, 976, 977, 1008, 1026, 1029, 1048, 1057, 1072, 1083, 1097, 1099, 1100, 1101, 1129, 1133, 1161, 1165, 1172, 1173, 1188, 1205, 1229, 1235, 1236, 1263, 1286, 1337, 1383, 1408, 1409, 1410, 1411, 1413, 1414, 1455, 1471, 1476, 1479, 1480, 1499, 1500, 1509, 1629, 1630, 1631, 1632, 1633, 1634, 1635, 1636, 1637, 1638, 1639, 1640, 1641, 1642, 1643, 1644, 1645, 1646, 1647, 1648, 1649, 1650, 1651, 1652, 1653, 1654], "selected_count": 118, "selection_time": 0.004189831000985578, "selection_score_forward_time": 0.0037479239981621504}