{"example_id": 27, "sub_q_idx": 1, "method": "FusionRAG", "reprocess_method": "FusionRAG", "rate": 0.15, "system_len": 792, "passages_len": [792, 147, 46, 112, 149, 297, 75, 122, 122, 131, 85, 112, 46, 27], "chunk_ids": [0, 11, 12, 3, 13, 14, 15, 16, 17, 18, 19, 3, 12], "selected_abs": [792, 793, 794, 795, 796, 797, 798, 804, 805, 812, 822, 851, 870, 881, 938, 939, 940, 941, 942, 943, 944, 945, 956, 957, 965, 966, 984, 985, 986, 987, 988, 990, 991, 992, 993, 999, 1000, 1021, 1055, 1056, 1057, 1096, 1097, 1098, 1099, 1100, 1101, 1102, 1103, 1107, 1108, 1110, 1152, 1198, 1245, 1246, 1247, 1248, 1249, 1251, 1280, 1300, 1304, 1376, 1413, 1414, 1453, 1492, 1493, 1494, 1495, 1496, 1500, 1501, 1520, 1528, 1542, 1543, 1544, 1545, 1546, 1548, 1549, 1582, 1583, 1617, 1618, 1619, 1620, 1625, 1632, 1639, 1654, 1686, 1704, 1739, 1740, 1741, 1742, 1743, 1744, 1745, 1746, 1747, 1748, 1753, 1756, 1757, 1758, 1759, 1760, 1761, 1762, 1763, 1764, 1765, 1766, 1768, 1779, 1783, 1784, 1811, 1847, 1861, 1862, 1863, 1864, 1865, 1866, 1867, 1868, 1869, 1875, 1904, 1906, 1907, 1908, 1909, 1910, 1949, 1965, 1991, 1992, 1993, 1994, 1995, 1996, 1997, 1998, 1999, 2000, 2001, 2002, 2003, 2004, 2005, 2006, 2007, 2008, 2009, 2010, 2011, 2012, 2013, 2014, 2015, 2016, 2017, 2018, 2019, 2020, 2021, 2022, 2023, 2024, 2025, 2026, 2027, 2028, 2031, 2032, 2033, 2034, 2035, 2036, 2037, 2038, 2039, 2040, 2041, 2042, 2043, 2044, 2045, 2046, 2047, 2048, 2049, 2050, 2051, 2052, 2053, 2054, 2055, 2056, 2057, 2058, 2059, 2060, 2061, 2062, 2063, 2064, 2065, 2066, 2067, 2068, 2069, 2070, 2071, 2072, 2073, 2074, 2075, 2076, 2077, 2078, 2079, 2080, 2081, 2083, 2084, 2085, 2086, 2092, 2093, 2114, 2148, 2149, 2150, 2189, 2190, 2191, 2192, 2193, 2194, 2195, 2196, 2207, 2208, 2216, 2217, 2235, 2236, 2237, 2238, 2239, 2240, 2241, 2242, 2243, 2244, 2245, 2246, 2247, 2248, 2249, 2250, 2251, 2252, 2253, 2254, 2255, 2256, 2257, 2258, 2259, 2260, 2261, 2262], "selected_count": 280, "selection_time": 0.004812330997083336, "selection_score_forward_time": 0.004308178002247587}