{"example_id": 32, "sub_q_idx": 0, "method": "FusionRAG", "reprocess_method": "FusionRAG", "rate": 0.15, "system_len": 792, "passages_len": [792, 221, 72, 114, 78, 285, 232, 90, 65, 182, 100, 31], "chunk_ids": [0, 1, 2, 3, 4, 5, 6, 7, 8, 9, 10], "selected_abs": [792, 793, 794, 795, 796, 797, 798, 799, 800, 801, 802, 803, 804, 805, 806, 807, 808, 815, 816, 817, 818, 819, 821, 822, 823, 824, 844, 845, 943, 1011, 1012, 1013, 1014, 1015, 1016, 1017, 1018, 1019, 1020, 1027, 1028, 1029, 1037, 1040, 1041, 1042, 1043, 1044, 1062, 1069, 1083, 1084, 1085, 1086, 1087, 1088, 1089, 1090, 1091, 1092, 1094, 1123, 1148, 1149, 1194, 1198, 1199, 1200, 1201, 1202, 1203, 1213, 1214, 1223, 1248, 1261, 1262, 1276, 1277, 1278, 1279, 1280, 1281, 1282, 1283, 1285, 1286, 1287, 1294, 1324, 1325, 1370, 1374, 1397, 1398, 1426, 1441, 1453, 1474, 1513, 1542, 1561, 1562, 1563, 1564, 1565, 1566, 1569, 1584, 1616, 1693, 1701, 1749, 1750, 1792, 1793, 1794, 1795, 1796, 1797, 1799, 1800, 1801, 1802, 1811, 1855, 1879, 1882, 1883, 1884, 1885, 1886, 1887, 1888, 1898, 1908, 1913, 1935, 1948, 1949, 1950, 1951, 1952, 1953, 1954, 1955, 1956, 1957, 1958, 1959, 1960, 1970, 1979, 2031, 2032, 2094, 2130, 2131, 2132, 2133, 2134, 2135, 2136, 2137, 2144, 2168, 2169, 2204, 2226, 2230, 2231, 2232, 2233, 2234, 2235, 2236, 2237, 2238, 2239, 2240, 2241, 2242, 2243, 2244, 2245, 2246, 2247, 2248, 2249, 2250, 2251, 2252, 2253, 2254, 2255, 2256, 2257, 2258, 2259, 2260, 2261], "selected_count": 201, "selection_time": 0.004298795975046232, "selection_score_forward_time": 0.003789000998949632}