{"example_id": 39, "sub_q_idx": 1, "method": "FusionRAG", "reprocess_method": "FusionRAG", "rate": 0.15, "system_len": 792, "passages_len": [792, 107, 84, 66, 103, 68, 239, 199, 168, 72, 58, 84, 107, 34], "chunk_ids": [0, 2, 1, 7, 4, 11, 12, 13, 14, 3, 15, 1, 2], "selected_abs": [792, 793, 794, 795, 796, 807, 814, 824, 854, 855, 856, 858, 861, 862, 898, 899, 900, 901, 902, 903, 904, 905, 906, 907, 908, 909, 910, 911, 912, 914, 915, 916, 917, 918, 919, 920, 921, 922, 923, 924, 925, 926, 927, 928, 929, 930, 931, 932, 933, 934, 935, 939, 940, 941, 976, 981, 982, 983, 984, 985, 986, 987, 990, 991, 1002, 1039, 1048, 1049, 1050, 1051, 1052, 1053, 1054, 1055, 1056, 1083, 1106, 1110, 1151, 1152, 1153, 1154, 1155, 1156, 1157, 1159, 1160, 1181, 1197, 1198, 1219, 1220, 1221, 1222, 1223, 1224, 1225, 1226, 1227, 1243, 1254, 1292, 1320, 1335, 1336, 1355, 1359, 1392, 1458, 1459, 1460, 1461, 1462, 1463, 1464, 1465, 1466, 1467, 1468, 1469, 1473, 1508, 1519, 1555, 1568, 1657, 1658, 1659, 1660, 1661, 1662, 1663, 1664, 1665, 1666, 1677, 1707, 1774, 1825, 1826, 1827, 1828, 1829, 1835, 1838, 1848, 1875, 1881, 1885, 1886, 1897, 1898, 1899, 1900, 1901, 1902, 1903, 1904, 1905, 1906, 1907, 1908, 1909, 1910, 1911, 1912, 1913, 1914, 1915, 1916, 1917, 1918, 1919, 1920, 1921, 1922, 1923, 1924, 1925, 1926, 1927, 1928, 1929, 1930, 1931, 1932, 1933, 1934, 1935, 1936, 1937, 1938, 1939, 1940, 1941, 1942, 1943, 1944, 1945, 1946, 1947, 1948, 1949, 1950, 1951, 1952, 1953, 1954, 1955, 1956, 1957, 1958, 1959, 1960, 1961, 1962, 1963, 1964, 1965, 1966, 1967, 1968, 1969, 1971, 1972, 1973, 1974, 1975, 1976, 1977, 1978, 1979, 1980, 1981, 1982, 1983, 1984, 1985, 1986, 1987, 1988, 1989, 1990, 1991, 1992, 1997, 1998, 2033, 2038, 2039, 2040, 2041, 2042, 2043, 2044, 2062, 2072, 2102, 2103, 2104, 2106, 2109, 2110, 2146, 2147, 2148, 2149, 2150, 2151, 2152, 2153, 2154, 2155, 2156, 2157, 2158, 2159, 2160, 2161, 2162, 2163, 2164, 2165, 2166, 2167, 2168, 2169, 2170, 2171, 2172, 2173, 2174, 2175, 2176, 2177, 2178, 2179, 2180], "selected_count": 298, "selection_time": 0.0046038280124776065, "selection_score_forward_time": 0.0040755950030870736}