{"example_id": 43, "sub_q_idx": 1, "method": "FusionRAG", "reprocess_method": "FusionRAG", "rate": 0.15, "system_len": 792, "passages_len": [792, 52, 40, 70, 115, 89, 89, 70, 112, 107, 63, 40, 52, 40, 52, 30], "chunk_ids": [0, 3, 1, 11, 12, 13, 2, 14, 15, 16, 17, 1, 3, 1, 3], "selected_abs": [792, 793, 794, 795, 796, 797, 798, 799, 800, 804, 814, 815, 844, 845, 846, 847, 848, 849, 850, 851, 852, 853, 854, 855, 856, 857, 858, 859, 860, 861, 862, 863, 864, 865, 866, 867, 868, 869, 870, 883, 884, 885, 886, 887, 888, 889, 890, 896, 897, 898, 907, 928, 929, 935, 953, 954, 955, 956, 957, 958, 959, 960, 963, 964, 970, 971, 1068, 1069, 1070, 1071, 1072, 1073, 1074, 1075, 1076, 1094, 1095, 1108, 1113, 1157, 1158, 1159, 1160, 1161, 1162, 1163, 1164, 1166, 1167, 1185, 1186, 1238, 1245, 1246, 1247, 1248, 1249, 1250, 1251, 1252, 1253, 1254, 1255, 1256, 1257, 1258, 1267, 1268, 1280, 1316, 1317, 1318, 1319, 1320, 1321, 1322, 1323, 1324, 1333, 1334, 1343, 1344, 1377, 1378, 1428, 1429, 1430, 1431, 1432, 1433, 1434, 1435, 1436, 1502, 1535, 1536, 1537, 1538, 1539, 1540, 1541, 1542, 1543, 1544, 1545, 1546, 1547, 1548, 1549, 1550, 1551, 1552, 1553, 1554, 1555, 1556, 1557, 1558, 1559, 1560, 1561, 1562, 1581, 1582, 1583, 1584, 1585, 1586, 1587, 1588, 1589, 1590, 1591, 1592, 1593, 1594, 1595, 1596, 1597, 1598, 1599, 1600, 1601, 1602, 1603, 1604, 1605, 1606, 1607, 1608, 1609, 1610, 1611, 1612, 1613, 1614, 1615, 1616, 1617, 1618, 1619, 1620, 1621, 1622, 1623, 1624, 1625, 1638, 1639, 1640, 1641, 1642, 1643, 1644, 1645, 1646, 1647, 1651, 1661, 1662, 1691, 1692, 1693, 1694, 1695, 1696, 1697, 1698, 1699, 1700, 1701, 1702, 1703, 1704, 1705, 1706, 1707, 1708, 1709, 1710, 1711, 1712, 1713, 1714, 1715, 1716, 1717, 1730, 1731, 1732, 1733, 1734, 1735, 1736, 1737, 1738, 1739, 1743, 1753, 1754, 1783, 1784, 1785, 1786, 1787, 1788, 1789, 1790, 1791, 1792, 1793, 1794, 1795, 1796, 1797, 1798, 1799, 1800, 1801, 1802, 1803, 1804, 1805, 1806, 1807, 1808, 1809, 1810, 1811, 1812], "selected_count": 290, "selection_time": 0.004915032011922449, "selection_score_forward_time": 0.0044134799973107874}