{"example_id": 46, "sub_q_idx": 0, "method": "FusionRAG", "reprocess_method": "FusionRAG", "rate": 0.15, "system_len": 792, "passages_len": [792, 127, 285, 114, 78, 90, 72, 221, 232, 170, 131, 32], "chunk_ids": [0, 1, 2, 3, 4, 5, 6, 7, 8, 9, 10], "selected_abs": [792, 793, 794, 795, 796, 797, 798, 799, 800, 806, 807, 808, 809, 828, 829, 834, 836, 837, 852, 876, 877, 917, 918, 919, 920, 921, 922, 923, 924, 927, 928, 929, 966, 967, 1012, 1014, 1016, 1039, 1040, 1068, 1083, 1095, 1116, 1117, 1155, 1184, 1203, 1204, 1205, 1206, 1207, 1208, 1209, 1210, 1211, 1213, 1232, 1233, 1234, 1235, 1236, 1237, 1238, 1267, 1268, 1313, 1317, 1318, 1319, 1320, 1321, 1322, 1323, 1324, 1333, 1342, 1367, 1380, 1381, 1394, 1395, 1396, 1397, 1398, 1400, 1401, 1402, 1404, 1413, 1481, 1484, 1485, 1486, 1487, 1488, 1489, 1490, 1501, 1510, 1535, 1542, 1543, 1557, 1558, 1559, 1560, 1561, 1562, 1564, 1565, 1568, 1582, 1583, 1584, 1587, 1588, 1589, 1590, 1610, 1611, 1709, 1778, 1779, 1780, 1781, 1783, 1786, 1788, 1791, 1801, 1833, 1910, 1966, 1967, 2009, 2010, 2011, 2012, 2013, 2014, 2015, 2016, 2018, 2020, 2022, 2053, 2077, 2093, 2097, 2180, 2181, 2182, 2183, 2184, 2185, 2186, 2187, 2188, 2189, 2190, 2191, 2192, 2193, 2194, 2195, 2196, 2203, 2204, 2205, 2206, 2207, 2208, 2210, 2211, 2212, 2308, 2310, 2311, 2312, 2313, 2314, 2315, 2316, 2317, 2318, 2319, 2320, 2321, 2322, 2323, 2324, 2325, 2326, 2327, 2328, 2329, 2330, 2331, 2332, 2333, 2334, 2335, 2336, 2337, 2338, 2339, 2340, 2341, 2342, 2343], "selected_count": 210, "selection_time": 0.004190498002571985, "selection_score_forward_time": 0.0037335320084821433}