{"example_id": 45, "sub_q_idx": 0, "method": "FusionRAG", "reprocess_method": "FusionRAG", "rate": 0.15, "system_len": 792, "passages_len": [792, 104, 184, 97, 209, 77, 253, 96, 149, 296, 73, 27], "chunk_ids": [0, 1, 2, 3, 4, 5, 6, 7, 8, 9, 10], "selected_abs": [792, 793, 794, 795, 796, 797, 798, 799, 800, 801, 802, 803, 804, 805, 806, 807, 808, 809, 810, 811, 812, 813, 814, 815, 829, 830, 831, 832, 833, 834, 835, 836, 837, 838, 839, 840, 841, 842, 843, 858, 859, 866, 867, 868, 894, 895, 896, 897, 898, 899, 900, 901, 902, 903, 904, 905, 906, 907, 912, 927, 947, 948, 977, 1038, 1067, 1076, 1077, 1079, 1080, 1081, 1082, 1083, 1084, 1085, 1086, 1087, 1095, 1096, 1159, 1176, 1177, 1178, 1179, 1180, 1181, 1182, 1183, 1184, 1191, 1203, 1281, 1282, 1331, 1345, 1385, 1386, 1387, 1388, 1389, 1390, 1391, 1392, 1400, 1412, 1462, 1463, 1464, 1465, 1466, 1468, 1469, 1470, 1471, 1472, 1479, 1502, 1526, 1564, 1605, 1606, 1660, 1692, 1715, 1716, 1717, 1718, 1719, 1720, 1721, 1729, 1730, 1756, 1757, 1784, 1785, 1811, 1812, 1813, 1814, 1815, 1816, 1817, 1819, 1820, 1827, 1828, 1842, 1868, 1869, 1960, 1961, 1962, 1963, 1964, 1965, 1966, 1967, 1968, 1969, 1970, 1971, 1972, 1975, 1989, 2024, 2043, 2088, 2161, 2162, 2231, 2256, 2257, 2258, 2259, 2260, 2261, 2262, 2263, 2311, 2312, 2313, 2329, 2330, 2331, 2332, 2333, 2334, 2335, 2336, 2337, 2338, 2339, 2340, 2341, 2342, 2343, 2344, 2345, 2346, 2347, 2348, 2349, 2350, 2351, 2352, 2353, 2354, 2355, 2356], "selected_count": 209, "selection_time": 0.004302610992453992, "selection_score_forward_time": 0.0038399700133595616}