{"example_id": 35, "sub_q_idx": 1, "method": "FusionRAG", "reprocess_method": "FusionRAG", "rate": 0.15, "system_len": 792, "passages_len": [792, 70, 45, 93, 125, 142, 138, 83, 119, 184, 101, 45, 70, 26], "chunk_ids": [0, 2, 1, 11, 8, 12, 13, 14, 15, 16, 17, 1, 2], "selected_abs": [792, 793, 794, 795, 796, 801, 811, 816, 833, 846, 847, 848, 849, 861, 862, 863, 864, 865, 866, 867, 868, 869, 870, 871, 873, 874, 875, 876, 877, 878, 879, 881, 892, 905, 906, 907, 908, 912, 916, 923, 939, 948, 999, 1000, 1001, 1002, 1003, 1004, 1005, 1006, 1007, 1008, 1009, 1010, 1014, 1019, 1052, 1114, 1124, 1125, 1126, 1127, 1128, 1129, 1149, 1168, 1172, 1180, 1231, 1266, 1267, 1268, 1269, 1270, 1274, 1275, 1282, 1304, 1342, 1384, 1394, 1400, 1404, 1405, 1406, 1407, 1408, 1409, 1412, 1413, 1419, 1420, 1446, 1467, 1468, 1475, 1487, 1488, 1489, 1490, 1491, 1492, 1493, 1494, 1505, 1554, 1606, 1607, 1608, 1609, 1610, 1611, 1612, 1613, 1615, 1628, 1633, 1682, 1772, 1790, 1791, 1792, 1793, 1794, 1795, 1796, 1797, 1798, 1799, 1800, 1801, 1802, 1803, 1804, 1806, 1808, 1809, 1810, 1811, 1812, 1814, 1815, 1816, 1817, 1818, 1819, 1820, 1821, 1822, 1823, 1824, 1825, 1826, 1827, 1828, 1829, 1830, 1831, 1832, 1833, 1834, 1835, 1836, 1837, 1838, 1839, 1840, 1841, 1842, 1843, 1848, 1849, 1850, 1851, 1852, 1853, 1854, 1855, 1856, 1857, 1859, 1861, 1863, 1864, 1865, 1866, 1867, 1868, 1869, 1870, 1871, 1872, 1873, 1874, 1875, 1876, 1877, 1878, 1879, 1880, 1881, 1882, 1883, 1884, 1885, 1886, 1887, 1888, 1889, 1890, 1891, 1892, 1893, 1894, 1895, 1896, 1897, 1898, 1899, 1900, 1901, 1903, 1904, 1905, 1906, 1907, 1908, 1909, 1911, 1922, 1935, 1936, 1937, 1938, 1939, 1940, 1941, 1946, 1956, 1961, 1978, 1991, 1992, 1993, 1994, 2006, 2007, 2008, 2009, 2010, 2011, 2012, 2013, 2014, 2015, 2016, 2017, 2018, 2019, 2020, 2021, 2022, 2023, 2024, 2025, 2026, 2027, 2028, 2029, 2030, 2031, 2032], "selected_count": 272, "selection_time": 0.004962803999660537, "selection_score_forward_time": 0.004442822013515979}