{"example_id": 37, "sub_q_idx": 1, "method": "FusionRAG", "reprocess_method": "FusionRAG", "rate": 0.15, "system_len": 792, "passages_len": [792, 109, 100, 59, 54, 106, 90, 98, 129, 95, 242, 109, 100, 54], "chunk_ids": [0, 1, 2, 5, 3, 4, 6, 8, 11, 12, 7, 1, 2], "selected_abs": [792, 793, 794, 795, 796, 797, 798, 799, 800, 801, 802, 806, 830, 838, 852, 853, 854, 899, 900, 901, 902, 903, 904, 908, 909, 914, 929, 939, 955, 1000, 1001, 1002, 1003, 1006, 1008, 1010, 1011, 1016, 1060, 1061, 1062, 1068, 1069, 1073, 1113, 1114, 1115, 1116, 1117, 1119, 1120, 1121, 1122, 1219, 1220, 1221, 1222, 1227, 1228, 1248, 1310, 1311, 1312, 1314, 1315, 1316, 1317, 1318, 1319, 1324, 1408, 1409, 1410, 1411, 1412, 1413, 1414, 1415, 1416, 1417, 1418, 1420, 1441, 1450, 1451, 1452, 1453, 1454, 1455, 1457, 1458, 1465, 1499, 1535, 1536, 1537, 1538, 1539, 1540, 1541, 1542, 1543, 1544, 1545, 1546, 1547, 1551, 1562, 1563, 1564, 1565, 1566, 1567, 1568, 1569, 1570, 1571, 1572, 1573, 1574, 1575, 1576, 1577, 1578, 1579, 1580, 1581, 1591, 1592, 1593, 1594, 1595, 1596, 1597, 1598, 1599, 1600, 1601, 1602, 1603, 1604, 1605, 1606, 1607, 1608, 1616, 1617, 1618, 1619, 1620, 1621, 1622, 1623, 1624, 1625, 1626, 1627, 1628, 1629, 1630, 1631, 1632, 1634, 1638, 1642, 1643, 1649, 1667, 1687, 1739, 1824, 1825, 1846, 1873, 1874, 1875, 1876, 1877, 1878, 1879, 1880, 1881, 1882, 1883, 1884, 1888, 1912, 1934, 1935, 1936, 1981, 1982, 1983, 1984, 1985, 1986, 1990, 1991, 1996, 2011, 2021, 2037, 2082, 2083, 2084, 2085, 2086, 2087, 2088, 2089, 2090, 2091, 2092, 2093, 2094, 2095, 2096, 2097, 2098, 2099, 2100, 2101, 2102, 2103, 2104, 2105, 2106, 2107, 2108, 2109, 2110, 2111, 2112, 2113, 2114, 2115, 2116, 2117, 2118, 2119, 2120, 2121, 2122, 2123, 2124, 2125, 2126, 2127, 2128, 2129, 2130, 2131, 2132, 2133, 2134, 2135, 2136], "selected_count": 257, "selection_time": 0.004760338022606447, "selection_score_forward_time": 0.004268297023372725}