{"example_id": 32, "sub_q_idx": 1, "method": "FusionRAG", "reprocess_method": "FusionRAG", "rate": 0.15, "system_len": 792, "passages_len": [792, 114, 116, 90, 285, 65, 72, 78, 127, 214, 226, 221, 114, 33], "chunk_ids": [0, 3, 11, 7, 5, 8, 2, 4, 12, 13, 14, 1, 3], "selected_abs": [792, 793, 794, 795, 796, 797, 798, 799, 801, 808, 828, 829, 830, 855, 856, 901, 905, 906, 907, 908, 909, 914, 915, 916, 917, 918, 919, 920, 921, 922, 923, 971, 1021, 1022, 1023, 1024, 1025, 1027, 1028, 1029, 1030, 1039, 1083, 1107, 1110, 1111, 1112, 1113, 1114, 1115, 1116, 1117, 1118, 1119, 1120, 1121, 1122, 1127, 1129, 1132, 1142, 1159, 1160, 1205, 1207, 1209, 1232, 1233, 1261, 1262, 1276, 1288, 1309, 1313, 1348, 1377, 1396, 1397, 1398, 1399, 1400, 1401, 1402, 1411, 1421, 1426, 1448, 1457, 1461, 1462, 1463, 1464, 1465, 1466, 1467, 1468, 1469, 1476, 1477, 1478, 1486, 1489, 1490, 1491, 1492, 1493, 1511, 1518, 1519, 1532, 1533, 1534, 1535, 1536, 1537, 1538, 1548, 1549, 1558, 1583, 1596, 1597, 1611, 1612, 1613, 1614, 1615, 1616, 1617, 1618, 1620, 1626, 1652, 1704, 1705, 1706, 1716, 1720, 1738, 1739, 1740, 1741, 1742, 1743, 1744, 1745, 1746, 1747, 1750, 1751, 1759, 1762, 1763, 1764, 1765, 1766, 1767, 1768, 1771, 1772, 1815, 1824, 1829, 1951, 1952, 1953, 1954, 1955, 1956, 1957, 1958, 1959, 1960, 1961, 1962, 1963, 1964, 1965, 1966, 1967, 1968, 1969, 1970, 1971, 1972, 1973, 1974, 1975, 1976, 1977, 1978, 1979, 1980, 1981, 2024, 2062, 2063, 2064, 2071, 2107, 2108, 2109, 2110, 2111, 2146, 2147, 2148, 2149, 2150, 2151, 2154, 2155, 2156, 2157, 2158, 2161, 2162, 2163, 2164, 2165, 2166, 2167, 2168, 2169, 2170, 2171, 2172, 2173, 2174, 2175, 2176, 2177, 2178, 2179, 2180, 2181, 2182, 2183, 2184, 2185, 2186, 2187, 2188, 2189, 2190, 2191, 2192, 2193, 2194, 2195, 2202, 2203, 2204, 2205, 2206, 2208, 2209, 2210, 2211, 2231, 2232, 2254, 2288, 2330, 2332, 2367, 2398, 2399, 2400, 2401, 2402, 2403, 2404, 2405, 2406, 2407, 2409, 2416, 2438, 2463, 2464, 2509, 2513, 2514, 2515, 2516, 2517, 2518, 2519, 2520, 2521, 2522, 2523, 2524, 2525, 2526, 2527, 2528, 2529, 2530, 2531, 2532, 2533, 2534, 2535, 2536, 2537, 2538, 2539, 2540, 2541, 2542, 2543, 2544, 2545, 2546], "selected_count": 316, "selection_time": 0.005268576001981273, "selection_score_forward_time": 0.004759611998451874}