{"example_id": 44, "sub_q_idx": 2, "method": "FusionRAG", "reprocess_method": "FusionRAG", "rate": 0.15, "system_len": 792, "passages_len": [792, 77, 62, 172, 220, 86, 242, 80, 219, 212, 94, 77, 62, 27], "chunk_ids": [0, 1, 11, 14, 16, 17, 6, 18, 19, 20, 13, 1, 11], "selected_abs": [792, 793, 794, 795, 796, 797, 798, 799, 800, 801, 802, 803, 804, 805, 806, 807, 808, 809, 810, 811, 812, 813, 814, 815, 816, 822, 823, 834, 835, 836, 837, 838, 839, 840, 867, 868, 869, 870, 871, 872, 873, 880, 900, 901, 902, 930, 931, 932, 933, 934, 935, 936, 941, 945, 946, 988, 1032, 1064, 1065, 1088, 1102, 1103, 1104, 1105, 1106, 1107, 1108, 1109, 1112, 1113, 1114, 1115, 1116, 1117, 1118, 1119, 1120, 1121, 1123, 1124, 1125, 1126, 1127, 1128, 1129, 1132, 1136, 1137, 1197, 1215, 1216, 1264, 1300, 1304, 1322, 1323, 1324, 1325, 1326, 1327, 1328, 1329, 1330, 1331, 1332, 1333, 1337, 1339, 1342, 1351, 1352, 1362, 1408, 1409, 1410, 1411, 1412, 1413, 1414, 1415, 1416, 1417, 1418, 1419, 1424, 1451, 1452, 1455, 1514, 1520, 1546, 1547, 1578, 1650, 1651, 1652, 1653, 1654, 1655, 1656, 1657, 1658, 1659, 1660, 1661, 1668, 1669, 1718, 1719, 1730, 1731, 1732, 1733, 1734, 1735, 1736, 1737, 1738, 1739, 1740, 1741, 1744, 1745, 1763, 1787, 1788, 1810, 1811, 1812, 1813, 1948, 1949, 1950, 1951, 1952, 1953, 1954, 1955, 1956, 1957, 1958, 1959, 1960, 1961, 1963, 1964, 1966, 1982, 1988, 1999, 2000, 2022, 2023, 2024, 2025, 2093, 2152, 2153, 2154, 2155, 2156, 2157, 2158, 2159, 2160, 2161, 2162, 2163, 2164, 2165, 2166, 2167, 2168, 2169, 2170, 2174, 2178, 2188, 2240, 2241, 2255, 2256, 2257, 2258, 2259, 2260, 2261, 2262, 2263, 2264, 2265, 2266, 2267, 2268, 2269, 2270, 2271, 2272, 2273, 2274, 2275, 2276, 2277, 2278, 2279, 2280, 2286, 2287, 2298, 2299, 2300, 2301, 2302, 2303, 2304, 2331, 2332, 2333, 2334, 2335, 2336, 2337, 2344, 2364, 2365, 2366, 2394, 2395, 2396, 2397, 2398, 2399, 2400, 2401, 2402, 2403, 2404, 2405, 2406, 2407, 2408, 2409, 2410, 2411, 2412, 2413, 2414, 2415, 2416, 2417, 2418, 2419, 2420, 2421], "selected_count": 294, "selection_time": 0.0047919609933160245, "selection_score_forward_time": 0.004249555990099907}