{"example_id": 46, "sub_q_idx": 1, "method": "FusionRAG", "reprocess_method": "FusionRAG", "rate": 0.15, "system_len": 792, "passages_len": [792, 114, 90, 116, 285, 72, 127, 78, 65, 214, 226, 285, 78, 72, 114, 34], "chunk_ids": [0, 3, 5, 11, 2, 6, 12, 4, 13, 14, 15, 2, 4, 6, 3], "selected_abs": [792, 793, 794, 795, 796, 797, 798, 799, 801, 808, 820, 821, 822, 823, 824, 825, 826, 830, 855, 856, 901, 905, 906, 907, 908, 910, 911, 912, 913, 914, 923, 967, 991, 994, 995, 996, 997, 998, 999, 1003, 1004, 1005, 1006, 1007, 1008, 1009, 1010, 1011, 1012, 1013, 1014, 1044, 1061, 1111, 1112, 1113, 1114, 1115, 1116, 1117, 1118, 1119, 1120, 1121, 1122, 1129, 1132, 1159, 1160, 1205, 1207, 1209, 1232, 1233, 1261, 1276, 1288, 1309, 1348, 1377, 1396, 1397, 1398, 1399, 1400, 1401, 1412, 1421, 1446, 1453, 1454, 1468, 1469, 1470, 1471, 1472, 1473, 1474, 1475, 1477, 1483, 1509, 1562, 1573, 1577, 1595, 1596, 1597, 1598, 1599, 1600, 1601, 1602, 1611, 1620, 1645, 1658, 1659, 1672, 1673, 1674, 1675, 1676, 1677, 1678, 1679, 1688, 1698, 1701, 1702, 1703, 1704, 1705, 1725, 1738, 1739, 1740, 1741, 1742, 1743, 1744, 1745, 1746, 1747, 1750, 1751, 1759, 1763, 1764, 1766, 1767, 1768, 1769, 1770, 1771, 1772, 1815, 1824, 1951, 1952, 1953, 1954, 1955, 1956, 1957, 1958, 1959, 1960, 1963, 1964, 1965, 1967, 1968, 1969, 1970, 1971, 1972, 1973, 1974, 1975, 1976, 1977, 1978, 1979, 1980, 1981, 1982, 1983, 1984, 2024, 2062, 2063, 2064, 2071, 2107, 2108, 2109, 2110, 2111, 2146, 2147, 2148, 2149, 2150, 2151, 2154, 2155, 2156, 2157, 2158, 2161, 2162, 2163, 2164, 2165, 2166, 2167, 2168, 2169, 2170, 2171, 2172, 2173, 2174, 2175, 2176, 2177, 2178, 2179, 2180, 2181, 2182, 2183, 2184, 2185, 2187, 2188, 2189, 2196, 2199, 2226, 2227, 2272, 2274, 2276, 2299, 2300, 2328, 2343, 2355, 2376, 2415, 2444, 2463, 2464, 2465, 2466, 2467, 2468, 2469, 2470, 2479, 2488, 2513, 2526, 2527, 2540, 2541, 2542, 2543, 2544, 2545, 2546, 2557, 2566, 2591, 2598, 2599, 2613, 2614, 2615, 2616, 2617, 2618, 2619, 2620, 2621, 2623, 2630, 2642, 2643, 2644, 2645, 2646, 2647, 2648, 2652, 2677, 2678, 2723, 2727, 2728, 2729, 2730, 2731, 2732, 2733, 2734, 2735, 2736, 2737, 2738, 2739, 2740, 2741, 2742, 2743, 2744, 2745, 2746, 2747, 2748, 2749, 2750, 2751, 2752, 2753, 2754, 2755, 2756, 2757, 2758, 2759, 2760, 2761], "selected_count": 335, "selection_time": 0.0046764250146225095, "selection_score_forward_time": 0.004220029979478568}