{"example_id": 44, "sub_q_idx": 0, "method": "FusionRAG", "reprocess_method": "FusionRAG", "rate": 0.15, "system_len": 792, "passages_len": [792, 77, 94, 119, 40, 92, 242, 75, 59, 77, 123, 26], "chunk_ids": [0, 1, 2, 3, 4, 5, 6, 7, 8, 9, 10], "selected_abs": [792, 793, 794, 795, 796, 797, 798, 799, 800, 801, 802, 803, 804, 805, 806, 807, 808, 809, 810, 811, 812, 813, 814, 815, 816, 834, 835, 836, 837, 838, 839, 840, 867, 868, 869, 870, 871, 872, 873, 874, 875, 876, 877, 909, 910, 933, 935, 936, 937, 962, 963, 964, 965, 966, 967, 968, 969, 970, 971, 972, 984, 1004, 1005, 1029, 1030, 1081, 1082, 1083, 1084, 1085, 1086, 1087, 1088, 1090, 1092, 1093, 1102, 1121, 1122, 1123, 1124, 1125, 1126, 1127, 1128, 1129, 1130, 1132, 1155, 1208, 1213, 1214, 1215, 1216, 1217, 1218, 1219, 1220, 1221, 1222, 1223, 1224, 1229, 1256, 1260, 1319, 1351, 1352, 1455, 1456, 1457, 1458, 1459, 1460, 1461, 1462, 1463, 1464, 1465, 1475, 1488, 1489, 1525, 1530, 1531, 1532, 1533, 1534, 1535, 1540, 1541, 1542, 1552, 1553, 1581, 1588, 1589, 1590, 1591, 1592, 1593, 1594, 1595, 1605, 1606, 1631, 1634, 1666, 1667, 1668, 1669, 1670, 1671, 1672, 1683, 1697, 1716, 1717, 1745, 1749, 1789, 1790, 1791, 1792, 1793, 1794, 1795, 1796, 1797, 1798, 1799, 1800, 1801, 1802, 1803, 1804, 1805, 1806, 1807, 1808, 1809, 1810, 1811, 1812, 1813, 1814, 1815], "selected_count": 187, "selection_time": 0.004703947983216494, "selection_score_forward_time": 0.004172868008026853}