{"example_id": 37, "sub_q_idx": 0, "method": "FusionRAG", "reprocess_method": "FusionRAG", "rate": 0.15, "system_len": 792, "passages_len": [792, 109, 100, 54, 106, 59, 90, 242, 98, 169, 45, 32], "chunk_ids": [0, 1, 2, 3, 4, 5, 6, 7, 8, 9, 10], "selected_abs": [792, 793, 794, 795, 796, 797, 798, 799, 800, 801, 802, 806, 853, 866, 899, 900, 901, 902, 903, 904, 908, 909, 914, 955, 1000, 1001, 1002, 1003, 1009, 1010, 1014, 1054, 1055, 1056, 1057, 1058, 1061, 1062, 1063, 1160, 1161, 1162, 1163, 1166, 1168, 1169, 1170, 1171, 1176, 1220, 1221, 1222, 1227, 1228, 1248, 1310, 1312, 1320, 1321, 1327, 1345, 1355, 1365, 1417, 1503, 1524, 1551, 1552, 1553, 1554, 1556, 1558, 1559, 1560, 1561, 1566, 1650, 1652, 1653, 1659, 1660, 1671, 1685, 1707, 1767, 1818, 1819, 1820, 1821, 1822, 1823, 1831, 1832, 1862, 1863, 1864, 1865, 1866, 1867, 1868, 1869, 1870, 1871, 1872, 1873, 1874, 1875, 1876, 1877, 1878, 1879, 1880, 1881, 1882, 1883, 1884, 1885, 1886, 1887, 1888, 1889, 1890, 1891, 1892, 1893, 1894, 1895], "selected_count": 127, "selection_time": 0.004508531012106687, "selection_score_forward_time": 0.004041212989250198}