{"example_id": 38, "sub_q_idx": 0, "method": "FusionRAG", "reprocess_method": "FusionRAG", "rate": 0.15, "system_len": 792, "passages_len": [792, 43, 96, 77, 83, 136, 80, 80, 53, 80, 81, 28], "chunk_ids": [0, 1, 2, 3, 4, 5, 6, 7, 8, 9, 10], "selected_abs": [792, 793, 794, 795, 796, 797, 798, 799, 800, 801, 802, 803, 804, 805, 806, 807, 808, 830, 831, 832, 833, 834, 835, 836, 837, 842, 846, 859, 860, 866, 920, 921, 922, 930, 931, 932, 933, 934, 935, 936, 937, 941, 974, 1007, 1008, 1009, 1010, 1011, 1013, 1015, 1052, 1053, 1090, 1091, 1092, 1093, 1094, 1095, 1096, 1097, 1126, 1141, 1226, 1227, 1228, 1229, 1230, 1231, 1233, 1234, 1235, 1236, 1262, 1280, 1306, 1307, 1308, 1309, 1310, 1313, 1314, 1316, 1342, 1387, 1392, 1422, 1440, 1442, 1445, 1484, 1520, 1526, 1527, 1529, 1530, 1532, 1601, 1602, 1603, 1604, 1605, 1606, 1607, 1608, 1609, 1610, 1611, 1612, 1613, 1614, 1615, 1616, 1617, 1618, 1619, 1620, 1621, 1622, 1623, 1624, 1625, 1626, 1627, 1628], "selected_count": 124, "selection_time": 0.004508696001721546, "selection_score_forward_time": 0.004021447995910421}