{"example_id": 27, "sub_q_idx": 0, "method": "FusionRAG", "reprocess_method": "FusionRAG", "rate": 0.15, "system_len": 792, "passages_len": [792, 41, 152, 112, 102, 308, 84, 190, 153, 61, 134, 30], "chunk_ids": [0, 1, 2, 3, 4, 5, 6, 7, 8, 9, 10], "selected_abs": [792, 793, 794, 795, 796, 797, 798, 801, 802, 803, 804, 805, 806, 807, 808, 809, 810, 811, 812, 813, 814, 815, 816, 817, 818, 819, 820, 830, 831, 832, 833, 834, 835, 836, 837, 838, 839, 840, 841, 844, 862, 866, 873, 911, 933, 939, 984, 985, 986, 987, 988, 989, 990, 991, 992, 993, 999, 1000, 1021, 1055, 1057, 1096, 1097, 1098, 1099, 1100, 1101, 1102, 1103, 1104, 1105, 1106, 1198, 1199, 1200, 1201, 1202, 1203, 1204, 1205, 1213, 1228, 1236, 1244, 1263, 1300, 1303, 1325, 1327, 1379, 1482, 1489, 1506, 1507, 1508, 1509, 1510, 1511, 1512, 1514, 1515, 1518, 1519, 1520, 1531, 1532, 1559, 1560, 1577, 1590, 1591, 1592, 1593, 1594, 1595, 1596, 1599, 1600, 1601, 1602, 1608, 1654, 1780, 1781, 1782, 1783, 1784, 1785, 1786, 1787, 1792, 1793, 1804, 1809, 1824, 1856, 1857, 1900, 1933, 1934, 1935, 1936, 1937, 1938, 1939, 1940, 1947, 1954, 1967, 1968, 1994, 1995, 1996, 1997, 1998, 1999, 2000, 2001, 2003, 2128, 2129, 2130, 2131, 2132, 2133, 2134, 2135, 2136, 2137, 2138, 2139, 2140, 2141, 2142, 2143, 2144, 2145, 2146, 2147, 2148, 2149, 2150, 2151, 2152, 2153, 2154, 2155, 2156, 2157, 2158], "selected_count": 190, "selection_time": 0.004565983981592581, "selection_score_forward_time": 0.004063389002112672}