{"example_id": 64, "sub_q_idx": 1, "method": "DraftModel", "reprocess_method": "DraftModel", "rate": 0.15, "system_len": 792, "passages_len": [792, 64, 75, 71, 51, 109, 115, 64, 173, 153, 85, 71, 64, 31], "chunk_ids": [0, 11, 12, 1, 13, 14, 15, 16, 17, 18, 19, 1, 11], "selected_abs": [792, 793, 794, 795, 796, 797, 798, 808, 809, 850, 855, 856, 857, 858, 859, 861, 867, 882, 886, 930, 931, 932, 933, 934, 935, 936, 937, 938, 939, 940, 941, 942, 943, 944, 945, 946, 947, 948, 949, 950, 951, 952, 953, 954, 955, 956, 957, 958, 959, 973, 974, 975, 976, 977, 978, 1000, 1001, 1002, 1003, 1004, 1005, 1008, 1009, 1010, 1011, 1012, 1031, 1052, 1053, 1054, 1055, 1098, 1161, 1162, 1163, 1164, 1165, 1167, 1168, 1169, 1170, 1171, 1172, 1191, 1192, 1202, 1203, 1213, 1214, 1227, 1275, 1276, 1277, 1278, 1279, 1280, 1281, 1282, 1283, 1284, 1285, 1288, 1340, 1341, 1342, 1343, 1344, 1345, 1346, 1347, 1422, 1513, 1514, 1515, 1516, 1517, 1518, 1519, 1520, 1521, 1522, 1523, 1524, 1537, 1665, 1666, 1667, 1668, 1669, 1670, 1671, 1672, 1673, 1674, 1675, 1676, 1677, 1678, 1679, 1680, 1681, 1682, 1683, 1684, 1685, 1686, 1687, 1688, 1689, 1690, 1691, 1692, 1693, 1694, 1695, 1696, 1697, 1698, 1699, 1701, 1702, 1703, 1704, 1710, 1711, 1714, 1715, 1716, 1717, 1718, 1719, 1720, 1721, 1722, 1723, 1724, 1725, 1726, 1727, 1728, 1729, 1730, 1731, 1732, 1733, 1734, 1735, 1736, 1737, 1738, 1739, 1740, 1741, 1742, 1743, 1744, 1745, 1746, 1747, 1748, 1749, 1750, 1751, 1752, 1753, 1754, 1755, 1756, 1757, 1758, 1759, 1760, 1761, 1762, 1763, 1764, 1765, 1766, 1767, 1768, 1769, 1770, 1771, 1772, 1773, 1774, 1775, 1776, 1777, 1778, 1779, 1780, 1794, 1795, 1796, 1797, 1798, 1799, 1801, 1821, 1822, 1823, 1824, 1825, 1826, 1827, 1828, 1829, 1830, 1831, 1832, 1833, 1836, 1837, 1838, 1839, 1840, 1842, 1843, 1844, 1847, 1849, 1850, 1851, 1852, 1853, 1855, 1860, 1861, 1863, 1864, 1870, 1871, 1872, 1873, 1874, 1875, 1877, 1878, 1879, 1880, 1881, 1882, 1883, 1884, 1885, 1886, 1887, 1888, 1889, 1890, 1891, 1892, 1893, 1894, 1895, 1896, 1897, 1898, 1899, 1900, 1901, 1902, 1903, 1904, 1905, 1906, 1907, 1908, 1909, 1910, 1911, 1912, 1913, 1914, 1915, 1916, 1917], "selected_count": 318, "selection_time": 0.017459482012782246, "selection_score_forward_time": 0.017134292022092268}