{"example_id": 72, "sub_q_idx": 0, "method": "DraftModel", "reprocess_method": "DraftModel", "rate": 0.15, "system_len": 792, "passages_len": [792, 58, 190, 153, 170, 137, 102, 192, 134, 140, 322, 26], "chunk_ids": [0, 1, 2, 3, 4, 5, 6, 7, 8, 9, 10], "selected_abs": [792, 793, 794, 795, 796, 797, 798, 799, 800, 801, 802, 803, 804, 805, 806, 807, 808, 809, 810, 820, 821, 822, 823, 824, 825, 848, 849, 850, 851, 852, 853, 854, 855, 856, 857, 858, 859, 860, 861, 862, 863, 864, 865, 869, 870, 871, 923, 962, 974, 975, 1039, 1040, 1041, 1042, 1043, 1047, 1048, 1049, 1068, 1071, 1072, 1073, 1074, 1184, 1185, 1186, 1192, 1193, 1194, 1195, 1196, 1197, 1198, 1199, 1200, 1201, 1202, 1203, 1204, 1206, 1207, 1208, 1209, 1210, 1211, 1226, 1227, 1320, 1361, 1362, 1363, 1364, 1365, 1366, 1499, 1500, 1501, 1502, 1503, 1504, 1505, 1506, 1523, 1524, 1525, 1526, 1548, 1552, 1567, 1570, 1571, 1581, 1589, 1600, 1601, 1602, 1603, 1604, 1605, 1606, 1607, 1608, 1609, 1610, 1611, 1618, 1619, 1620, 1621, 1622, 1623, 1626, 1627, 1653, 1662, 1664, 1696, 1728, 1789, 1793, 1794, 1795, 1796, 1797, 1798, 1812, 1813, 1814, 1815, 1816, 1857, 1867, 1914, 1927, 1928, 1929, 1930, 1931, 1934, 1937, 1944, 1952, 2029, 2067, 2068, 2069, 2070, 2071, 2073, 2074, 2076, 2077, 2083, 2087, 2102, 2144, 2169, 2208, 2270, 2271, 2274, 2277, 2278, 2279, 2293, 2301, 2318, 2320, 2323, 2326, 2328, 2335, 2337, 2341, 2342, 2343, 2344, 2345, 2351, 2352, 2356, 2358, 2359, 2360, 2362, 2363, 2364, 2365, 2366, 2367, 2368, 2369, 2370, 2372, 2373, 2374, 2375, 2376, 2378, 2379, 2380, 2382, 2383, 2384, 2385, 2386, 2387, 2388, 2389, 2390, 2391, 2392, 2393, 2394, 2395, 2396, 2397, 2398, 2399, 2400, 2401, 2402, 2403, 2404, 2405, 2406, 2407, 2408, 2409, 2410, 2411, 2412, 2413, 2414, 2415], "selected_count": 255, "selection_time": 0.019700723001733422, "selection_score_forward_time": 0.01933736097998917}