{"example_id": 51, "sub_q_idx": 0, "method": "DraftModel", "reprocess_method": "DraftModel", "rate": 0.15, "system_len": 792, "passages_len": [792, 83, 94, 162, 78, 106, 95, 169, 110, 109, 62, 31], "chunk_ids": [0, 1, 2, 3, 4, 5, 6, 7, 8, 9, 10], "selected_abs": [792, 793, 794, 795, 796, 797, 798, 799, 800, 801, 808, 809, 810, 811, 812, 813, 819, 820, 821, 822, 823, 824, 825, 826, 827, 828, 829, 835, 873, 874, 875, 876, 877, 878, 881, 884, 885, 921, 954, 968, 969, 970, 971, 972, 973, 974, 975, 1030, 1031, 1032, 1130, 1131, 1132, 1133, 1135, 1136, 1137, 1138, 1139, 1141, 1208, 1209, 1210, 1211, 1212, 1213, 1214, 1243, 1283, 1314, 1315, 1316, 1317, 1318, 1319, 1320, 1321, 1322, 1323, 1324, 1325, 1335, 1381, 1382, 1409, 1410, 1411, 1412, 1413, 1414, 1415, 1416, 1417, 1418, 1419, 1420, 1559, 1578, 1579, 1580, 1581, 1582, 1583, 1584, 1585, 1586, 1604, 1608, 1628, 1688, 1689, 1690, 1691, 1718, 1738, 1768, 1793, 1797, 1798, 1799, 1800, 1801, 1802, 1803, 1804, 1807, 1808, 1809, 1810, 1813, 1816, 1817, 1821, 1822, 1823, 1824, 1825, 1826, 1827, 1828, 1830, 1831, 1832, 1833, 1835, 1836, 1840, 1841, 1842, 1844, 1846, 1847, 1849, 1853, 1854, 1855, 1857, 1858, 1859, 1860, 1861, 1862, 1863, 1864, 1865, 1866, 1867, 1868, 1869, 1870, 1871, 1872, 1873, 1874, 1875, 1876, 1877, 1878, 1879, 1880, 1881, 1882, 1883, 1884, 1885, 1886, 1887, 1888, 1889, 1890], "selected_count": 190, "selection_time": 0.017997799994191155, "selection_score_forward_time": 0.0176806430099532}