{"example_id": 64, "sub_q_idx": 0, "method": "DraftModel", "reprocess_method": "DraftModel", "rate": 0.15, "system_len": 792, "passages_len": [792, 71, 72, 130, 37, 67, 61, 82, 92, 186, 113, 31], "chunk_ids": [0, 1, 2, 3, 4, 5, 6, 7, 8, 9, 10], "selected_abs": [792, 793, 794, 795, 796, 797, 798, 799, 800, 801, 802, 803, 804, 805, 806, 807, 808, 809, 810, 811, 812, 813, 814, 815, 816, 817, 818, 819, 820, 834, 835, 836, 837, 838, 839, 861, 862, 863, 864, 865, 866, 867, 868, 869, 870, 882, 934, 935, 936, 937, 938, 939, 940, 941, 942, 944, 1064, 1065, 1066, 1067, 1068, 1069, 1070, 1073, 1074, 1075, 1076, 1101, 1102, 1103, 1104, 1125, 1126, 1127, 1128, 1129, 1130, 1131, 1168, 1169, 1170, 1171, 1172, 1173, 1177, 1222, 1229, 1231, 1244, 1245, 1246, 1247, 1311, 1312, 1313, 1314, 1315, 1316, 1317, 1403, 1404, 1405, 1406, 1418, 1430, 1432, 1462, 1513, 1532, 1578, 1589, 1590, 1591, 1592, 1593, 1594, 1595, 1596, 1597, 1598, 1599, 1601, 1602, 1603, 1605, 1627, 1628, 1630, 1635, 1637, 1639, 1646, 1654, 1656, 1658, 1659, 1660, 1661, 1663, 1665, 1669, 1671, 1677, 1678, 1679, 1680, 1681, 1684, 1685, 1686, 1690, 1691, 1692, 1693, 1695, 1696, 1697, 1698, 1699, 1700, 1701, 1702, 1703, 1704, 1705, 1706, 1707, 1708, 1709, 1710, 1711, 1712, 1713, 1714, 1715, 1716, 1717, 1718, 1719, 1720, 1721, 1722, 1723, 1724, 1725, 1726, 1727, 1728, 1729, 1730, 1731, 1732, 1733], "selected_count": 193, "selection_time": 0.015860992978559807, "selection_score_forward_time": 0.015580140985548496}