{"example_id": 54, "sub_q_idx": 0, "method": "DraftModel", "reprocess_method": "DraftModel", "rate": 0.15, "system_len": 792, "passages_len": [792, 83, 94, 162, 95, 106, 109, 110, 78, 62, 78, 34], "chunk_ids": [0, 1, 2, 3, 4, 5, 6, 7, 8, 9, 10], "selected_abs": [792, 793, 794, 795, 796, 797, 798, 799, 800, 801, 802, 808, 809, 810, 811, 812, 813, 814, 819, 820, 821, 822, 823, 824, 825, 826, 827, 831, 848, 849, 850, 873, 874, 875, 876, 877, 878, 884, 885, 886, 921, 922, 949, 953, 954, 967, 968, 969, 970, 971, 972, 973, 974, 975, 1031, 1083, 1129, 1130, 1131, 1132, 1133, 1134, 1135, 1136, 1137, 1138, 1139, 1140, 1141, 1155, 1156, 1157, 1158, 1188, 1189, 1190, 1197, 1198, 1225, 1226, 1227, 1228, 1229, 1230, 1231, 1232, 1240, 1241, 1242, 1253, 1254, 1255, 1270, 1271, 1300, 1330, 1331, 1332, 1333, 1334, 1335, 1336, 1337, 1345, 1381, 1436, 1440, 1441, 1442, 1443, 1490, 1546, 1550, 1551, 1552, 1553, 1554, 1555, 1556, 1557, 1558, 1559, 1560, 1561, 1562, 1627, 1628, 1629, 1630, 1631, 1632, 1633, 1641, 1644, 1653, 1654, 1656, 1658, 1659, 1661, 1662, 1664, 1689, 1690, 1691, 1692, 1693, 1694, 1695, 1696, 1697, 1698, 1699, 1700, 1701, 1702, 1703, 1706, 1707, 1714, 1719, 1720, 1721, 1722, 1723, 1724, 1729, 1731, 1732, 1733, 1735, 1736, 1743, 1745, 1751, 1752, 1753, 1754, 1756, 1757, 1758, 1760, 1761, 1764, 1765, 1766, 1767, 1768, 1769, 1770, 1771, 1772, 1773, 1774, 1775, 1776, 1777, 1778, 1779, 1780, 1781, 1782, 1783, 1784, 1785, 1786, 1787, 1788, 1789, 1790, 1791, 1792, 1793, 1794, 1795, 1796, 1797, 1798, 1799, 1800, 1801, 1802], "selected_count": 222, "selection_time": 0.017408606014214456, "selection_score_forward_time": 0.017116319009801373}