{"example_id": 71, "sub_q_idx": 0, "method": "DraftModel", "reprocess_method": "DraftModel", "rate": 0.15, "system_len": 792, "passages_len": [792, 153, 268, 165, 249, 138, 176, 55, 176, 70, 170, 29], "chunk_ids": [0, 1, 2, 3, 4, 5, 6, 7, 8, 9, 10], "selected_abs": [792, 793, 794, 795, 796, 797, 798, 799, 800, 801, 802, 803, 804, 805, 806, 807, 811, 812, 826, 827, 828, 837, 840, 944, 945, 946, 947, 948, 949, 950, 951, 952, 959, 961, 985, 986, 1154, 1155, 1156, 1211, 1212, 1213, 1214, 1215, 1216, 1217, 1220, 1221, 1222, 1223, 1226, 1227, 1228, 1229, 1232, 1233, 1234, 1251, 1252, 1253, 1261, 1262, 1263, 1280, 1281, 1282, 1283, 1302, 1321, 1377, 1378, 1379, 1380, 1381, 1384, 1385, 1386, 1401, 1402, 1501, 1626, 1627, 1628, 1629, 1630, 1631, 1632, 1633, 1759, 1763, 1764, 1765, 1766, 1767, 1768, 1769, 1770, 1771, 1856, 1940, 1941, 1942, 1943, 1947, 1951, 1954, 1958, 1994, 1995, 1996, 1997, 1998, 1999, 2005, 2006, 2007, 2008, 2033, 2044, 2045, 2047, 2048, 2049, 2103, 2171, 2172, 2173, 2174, 2175, 2178, 2179, 2180, 2183, 2191, 2192, 2193, 2212, 2213, 2214, 2241, 2242, 2243, 2244, 2245, 2247, 2248, 2249, 2250, 2253, 2254, 2255, 2265, 2272, 2274, 2278, 2281, 2283, 2284, 2285, 2286, 2287, 2288, 2291, 2298, 2302, 2306, 2308, 2312, 2315, 2316, 2317, 2318, 2321, 2322, 2323, 2333, 2337, 2338, 2342, 2343, 2345, 2347, 2348, 2349, 2358, 2359, 2363, 2367, 2368, 2369, 2370, 2373, 2375, 2376, 2378, 2379, 2380, 2381, 2383, 2384, 2385, 2386, 2387, 2392, 2393, 2394, 2395, 2396, 2397, 2398, 2399, 2400, 2401, 2402, 2403, 2404, 2405, 2407, 2408, 2409, 2410, 2411, 2412, 2413, 2414, 2415, 2416, 2417, 2418, 2419, 2420, 2421, 2422, 2423, 2424, 2425, 2426, 2427, 2428, 2429, 2430, 2431, 2432, 2433, 2434, 2435, 2436, 2437, 2438, 2439, 2440], "selected_count": 251, "selection_time": 0.02148577501066029, "selection_score_forward_time": 0.021147343999473378}