{"example_id": 39, "sub_q_idx": 0, "method": "DraftModel", "reprocess_method": "DraftModel", "rate": 0.1, "system_len": 792, "passages_len": [792, 84, 107, 72, 103, 115, 70, 66, 106, 151, 91, 38], "chunk_ids": [0, 1, 2, 3, 4, 5, 6, 7, 8, 9, 10], "selected_abs": [792, 793, 794, 795, 796, 797, 798, 799, 800, 801, 802, 803, 804, 805, 807, 808, 809, 810, 811, 812, 813, 814, 815, 816, 817, 818, 819, 820, 821, 822, 823, 824, 825, 826, 830, 834, 869, 874, 875, 876, 877, 878, 879, 884, 898, 908, 912, 920, 927, 946, 972, 978, 982, 983, 984, 985, 986, 1000, 1007, 1022, 1038, 1054, 1055, 1056, 1057, 1058, 1059, 1060, 1061, 1062, 1079, 1116, 1157, 1158, 1159, 1160, 1175, 1197, 1272, 1273, 1274, 1275, 1342, 1343, 1344, 1345, 1346, 1347, 1350, 1358, 1362, 1376, 1383, 1384, 1399, 1408, 1409, 1427, 1445, 1449, 1514, 1515, 1516, 1521, 1634, 1647, 1661, 1665, 1666, 1667, 1668, 1669, 1670, 1672, 1673, 1684, 1711, 1714, 1731, 1750, 1756, 1757, 1758, 1759, 1760, 1761, 1762, 1763, 1764, 1765, 1766, 1767, 1768, 1769, 1770, 1771, 1772, 1773, 1774, 1775, 1776, 1777, 1778, 1779, 1780, 1781, 1782, 1783, 1784, 1785, 1786, 1787, 1788, 1789, 1790, 1791, 1792, 1793, 1794], "selected_count": 159, "selection_time": 0.06117366498801857, "selection_score_forward_time": 0.06086962702102028}