{"example_id": 40, "sub_q_idx": 0, "method": "DraftModel", "reprocess_method": "DraftModel", "rate": 0.1, "system_len": 792, "passages_len": [792, 114, 121, 219, 113, 170, 39, 44, 61, 80, 128, 26], "chunk_ids": [0, 1, 2, 3, 4, 5, 6, 7, 8, 9, 10], "selected_abs": [792, 793, 794, 795, 796, 797, 798, 799, 800, 801, 802, 803, 804, 805, 806, 807, 808, 809, 831, 874, 901, 905, 906, 907, 908, 909, 910, 911, 912, 913, 914, 915, 922, 943, 981, 985, 1002, 1026, 1027, 1028, 1029, 1030, 1033, 1057, 1075, 1102, 1164, 1201, 1245, 1246, 1247, 1248, 1249, 1250, 1251, 1286, 1326, 1358, 1359, 1360, 1361, 1362, 1363, 1364, 1365, 1376, 1394, 1410, 1446, 1476, 1512, 1518, 1524, 1528, 1529, 1530, 1531, 1532, 1533, 1534, 1535, 1536, 1537, 1538, 1539, 1540, 1551, 1552, 1567, 1568, 1569, 1570, 1571, 1576, 1577, 1580, 1584, 1585, 1593, 1602, 1603, 1606, 1607, 1610, 1611, 1612, 1613, 1614, 1615, 1616, 1626, 1631, 1637, 1672, 1673, 1674, 1675, 1676, 1677, 1678, 1683, 1690, 1691, 1719, 1720, 1721, 1734, 1752, 1753, 1754, 1755, 1756, 1759, 1760, 1770, 1771, 1774, 1778, 1781, 1782, 1799, 1846, 1848, 1850, 1851, 1880, 1881, 1882, 1883, 1884, 1885, 1886, 1887, 1888, 1889, 1890, 1891, 1892, 1893, 1894, 1895, 1896, 1897, 1898, 1899, 1900, 1901, 1902, 1903, 1904, 1905, 1906], "selected_count": 172, "selection_time": 0.07356837898259982, "selection_score_forward_time": 0.07325424699229188}