{"example_id": 25, "sub_q_idx": 1, "method": "DraftModel", "reprocess_method": "DraftModel", "rate": 0.1, "system_len": 792, "passages_len": [792, 48, 38, 113, 212, 143, 94, 112, 33, 135, 118, 33, 48, 29], "chunk_ids": [0, 1, 11, 7, 12, 13, 14, 15, 2, 16, 17, 2, 1], "selected_abs": [792, 793, 794, 795, 796, 797, 798, 799, 800, 804, 814, 818, 819, 820, 839, 840, 841, 842, 843, 844, 845, 858, 877, 878, 879, 880, 881, 882, 883, 884, 892, 924, 962, 990, 991, 992, 993, 994, 995, 996, 997, 998, 999, 1004, 1009, 1010, 1011, 1015, 1016, 1026, 1051, 1056, 1125, 1145, 1202, 1203, 1204, 1205, 1206, 1207, 1208, 1210, 1211, 1253, 1270, 1321, 1345, 1346, 1347, 1348, 1349, 1350, 1439, 1440, 1441, 1442, 1443, 1444, 1445, 1446, 1447, 1448, 1516, 1551, 1552, 1553, 1554, 1555, 1556, 1557, 1558, 1559, 1560, 1582, 1584, 1585, 1586, 1587, 1588, 1589, 1590, 1591, 1592, 1594, 1706, 1718, 1719, 1720, 1721, 1722, 1723, 1724, 1725, 1726, 1727, 1730, 1817, 1821, 1822, 1823, 1824, 1825, 1826, 1827, 1828, 1829, 1830, 1831, 1832, 1833, 1834, 1835, 1836, 1837, 1838, 1839, 1840, 1841, 1842, 1843, 1844, 1845, 1846, 1854, 1868, 1869, 1870, 1871, 1872, 1873, 1874, 1875, 1876, 1877, 1878, 1879, 1882, 1883, 1885, 1886, 1892, 1893, 1894, 1895, 1896, 1897, 1898, 1899, 1902, 1903, 1904, 1905, 1906, 1907, 1908, 1909, 1910, 1911, 1912, 1913, 1914, 1915, 1916, 1917, 1918, 1919, 1920, 1921, 1922, 1923, 1924, 1925, 1926, 1927, 1928, 1929, 1930, 1931, 1932, 1933, 1934, 1935, 1936, 1937, 1938, 1939, 1940, 1941, 1942, 1943, 1944, 1945, 1946, 1947], "selected_count": 214, "selection_time": 0.06403460001456551, "selection_score_forward_time": 0.06367384700570256}