{"example_id": 39, "sub_q_idx": 1, "method": "DraftModel", "reprocess_method": "DraftModel", "rate": 0.1, "system_len": 792, "passages_len": [792, 107, 84, 66, 103, 68, 239, 199, 168, 72, 58, 84, 107, 34], "chunk_ids": [0, 2, 1, 7, 4, 11, 12, 13, 14, 3, 15, 1, 2], "selected_abs": [792, 793, 794, 795, 796, 812, 814, 816, 817, 824, 828, 836, 843, 888, 898, 899, 900, 901, 902, 903, 904, 905, 906, 907, 908, 909, 910, 911, 912, 914, 915, 916, 917, 918, 919, 920, 921, 922, 923, 924, 925, 926, 927, 928, 929, 930, 931, 932, 933, 945, 981, 982, 983, 984, 985, 986, 987, 1002, 1048, 1049, 1050, 1051, 1052, 1053, 1054, 1055, 1056, 1151, 1152, 1153, 1154, 1155, 1156, 1157, 1219, 1220, 1221, 1222, 1223, 1224, 1225, 1226, 1227, 1292, 1355, 1458, 1459, 1460, 1461, 1462, 1463, 1464, 1465, 1466, 1467, 1468, 1469, 1473, 1598, 1653, 1657, 1658, 1659, 1660, 1661, 1662, 1663, 1664, 1665, 1666, 1825, 1826, 1827, 1828, 1829, 1881, 1897, 1898, 1899, 1900, 1901, 1902, 1903, 1904, 1905, 1906, 1907, 1908, 1909, 1910, 1911, 1912, 1913, 1914, 1915, 1916, 1917, 1918, 1919, 1920, 1921, 1922, 1923, 1924, 1925, 1926, 1927, 1928, 1929, 1930, 1931, 1932, 1933, 1934, 1935, 1936, 1937, 1938, 1939, 1940, 1941, 1942, 1943, 1944, 1945, 1946, 1947, 1948, 1949, 1950, 1951, 1952, 1953, 1954, 1955, 1956, 1957, 1958, 1959, 1960, 1961, 1962, 1963, 1964, 1965, 1966, 1967, 1968, 1969, 1971, 1972, 1973, 1974, 1975, 1976, 1977, 1978, 1979, 1980, 1981, 1982, 1983, 1984, 1985, 1986, 1987, 1988, 1989, 1990, 1994, 2038, 2039, 2040, 2041, 2042, 2043, 2044, 2045, 2046, 2047, 2048, 2049, 2051, 2052, 2054, 2055, 2056, 2061, 2062, 2064, 2072, 2074, 2075, 2076, 2079, 2080, 2083, 2084, 2088, 2089, 2090, 2091, 2092, 2094, 2101, 2102, 2103, 2104, 2105, 2106, 2107, 2109, 2110, 2112, 2113, 2117, 2121, 2122, 2123, 2130, 2135, 2136, 2142, 2146, 2147, 2148, 2149, 2150, 2151, 2152, 2153, 2154, 2155, 2156, 2157, 2158, 2159, 2160, 2161, 2162, 2163, 2164, 2165, 2166, 2167, 2168, 2169, 2170, 2171, 2172, 2173, 2174, 2175, 2176, 2177, 2178, 2179, 2180], "selected_count": 298, "selection_time": 0.06818943400867283, "selection_score_forward_time": 0.0677627449913416}