{"example_id": 32, "sub_q_idx": 0, "method": "DraftModel", "reprocess_method": "DraftModel", "rate": 0.1, "system_len": 792, "passages_len": [792, 221, 72, 114, 78, 285, 232, 90, 65, 182, 100, 31], "chunk_ids": [0, 1, 2, 3, 4, 5, 6, 7, 8, 9, 10], "selected_abs": [792, 793, 794, 795, 796, 797, 798, 799, 800, 801, 802, 803, 804, 805, 806, 807, 808, 810, 811, 812, 815, 816, 817, 818, 819, 822, 824, 829, 832, 839, 843, 844, 894, 895, 898, 905, 924, 943, 980, 985, 1011, 1012, 1013, 1014, 1015, 1016, 1017, 1018, 1019, 1020, 1027, 1028, 1029, 1037, 1040, 1041, 1042, 1043, 1044, 1062, 1069, 1083, 1084, 1085, 1086, 1087, 1088, 1089, 1090, 1091, 1092, 1114, 1198, 1199, 1200, 1201, 1202, 1203, 1213, 1214, 1223, 1227, 1248, 1276, 1277, 1278, 1279, 1324, 1453, 1478, 1561, 1562, 1563, 1564, 1565, 1575, 1693, 1701, 1749, 1792, 1793, 1794, 1795, 1796, 1797, 1855, 1881, 1882, 1883, 1884, 1885, 1886, 1887, 1888, 1898, 1901, 1908, 1912, 1935, 1948, 1949, 1950, 1951, 1952, 1953, 1954, 1955, 1956, 1957, 1959, 1960, 1987, 1991, 2007, 2031, 2094, 2123, 2130, 2131, 2132, 2133, 2134, 2135, 2136, 2137, 2138, 2140, 2149, 2154, 2168, 2169, 2171, 2175, 2176, 2177, 2182, 2183, 2186, 2199, 2204, 2205, 2206, 2208, 2210, 2214, 2217, 2218, 2226, 2229, 2230, 2231, 2232, 2233, 2234, 2235, 2236, 2237, 2238, 2239, 2240, 2241, 2242, 2243, 2244, 2245, 2246, 2247, 2248, 2249, 2250, 2251, 2252, 2253, 2254, 2255, 2256, 2257, 2258, 2259, 2260, 2261], "selected_count": 201, "selection_time": 0.07131010701414198, "selection_score_forward_time": 0.06829056100104935}