{"example_id": 27, "sub_q_idx": 0, "method": "DraftModel", "reprocess_method": "DraftModel", "rate": 0.1, "system_len": 792, "passages_len": [792, 41, 152, 112, 102, 308, 84, 190, 153, 61, 134, 30], "chunk_ids": [0, 1, 2, 3, 4, 5, 6, 7, 8, 9, 10], "selected_abs": [792, 793, 794, 795, 796, 797, 798, 801, 802, 803, 804, 805, 806, 807, 808, 809, 810, 811, 812, 813, 814, 815, 816, 817, 818, 819, 820, 830, 831, 832, 833, 834, 835, 836, 837, 843, 845, 862, 866, 873, 911, 921, 984, 985, 986, 987, 988, 990, 992, 993, 1005, 1021, 1096, 1097, 1098, 1099, 1100, 1105, 1198, 1199, 1200, 1201, 1202, 1203, 1204, 1205, 1250, 1251, 1271, 1506, 1507, 1508, 1509, 1510, 1511, 1512, 1514, 1515, 1531, 1590, 1591, 1592, 1593, 1594, 1598, 1602, 1605, 1780, 1781, 1782, 1783, 1784, 1785, 1786, 1787, 1804, 1807, 1808, 1811, 1812, 1824, 1834, 1853, 1856, 1900, 1914, 1933, 1934, 1935, 1936, 1937, 1938, 1939, 1943, 1945, 1952, 1953, 1954, 1956, 1957, 1960, 1961, 1962, 1963, 1964, 1965, 1966, 1967, 1971, 1976, 1994, 1995, 1996, 1997, 1998, 1999, 2000, 2003, 2006, 2007, 2009, 2010, 2011, 2012, 2016, 2017, 2021, 2023, 2034, 2038, 2039, 2042, 2047, 2049, 2052, 2062, 2098, 2100, 2101, 2128, 2129, 2130, 2131, 2132, 2133, 2134, 2135, 2136, 2137, 2138, 2139, 2140, 2141, 2142, 2143, 2144, 2145, 2146, 2147, 2148, 2149, 2150, 2151, 2152, 2153, 2154, 2155, 2156, 2157, 2158], "selected_count": 190, "selection_time": 0.06696180801372975, "selection_score_forward_time": 0.06654203400830738}