{"example_id": 37, "sub_q_idx": 0, "method": "DraftModel", "reprocess_method": "DraftModel", "rate": 0.1, "system_len": 792, "passages_len": [792, 109, 100, 54, 106, 59, 90, 242, 98, 169, 45, 32], "chunk_ids": [0, 1, 2, 3, 4, 5, 6, 7, 8, 9, 10], "selected_abs": [792, 793, 794, 795, 796, 797, 798, 799, 800, 801, 802, 805, 806, 809, 816, 819, 820, 829, 830, 833, 843, 853, 859, 866, 875, 884, 899, 900, 901, 902, 903, 904, 908, 914, 924, 1000, 1001, 1002, 1003, 1008, 1024, 1028, 1054, 1055, 1056, 1057, 1058, 1069, 1079, 1160, 1161, 1162, 1163, 1170, 1176, 1186, 1214, 1219, 1220, 1270, 1309, 1310, 1316, 1319, 1355, 1448, 1551, 1552, 1553, 1554, 1575, 1639, 1649, 1650, 1657, 1660, 1671, 1755, 1804, 1818, 1819, 1820, 1821, 1822, 1823, 1827, 1830, 1831, 1832, 1835, 1837, 1853, 1854, 1862, 1863, 1864, 1865, 1866, 1867, 1868, 1869, 1870, 1871, 1872, 1873, 1874, 1875, 1876, 1877, 1878, 1879, 1880, 1881, 1882, 1883, 1884, 1885, 1886, 1887, 1888, 1889, 1890, 1891, 1892, 1893, 1894, 1895], "selected_count": 127, "selection_time": 0.06210292599280365, "selection_score_forward_time": 0.06181252998067066}