{"example_id": 38, "sub_q_idx": 1, "method": "DraftModel", "reprocess_method": "DraftModel", "rate": 0.1, "system_len": 792, "passages_len": [792, 96, 43, 76, 80, 53, 100, 48, 219, 48, 90, 43, 96, 30], "chunk_ids": [0, 2, 1, 11, 12, 13, 14, 15, 16, 17, 18, 1, 2], "selected_abs": [792, 793, 794, 797, 799, 803, 816, 827, 840, 865, 868, 887, 888, 889, 890, 891, 892, 893, 894, 895, 896, 897, 898, 899, 900, 901, 902, 903, 904, 907, 926, 927, 928, 929, 930, 931, 932, 943, 973, 984, 1006, 1007, 1008, 1009, 1011, 1012, 1086, 1087, 1110, 1123, 1139, 1140, 1143, 1239, 1240, 1241, 1242, 1269, 1282, 1287, 1288, 1289, 1290, 1291, 1292, 1293, 1294, 1295, 1296, 1297, 1298, 1505, 1506, 1507, 1508, 1509, 1510, 1511, 1512, 1513, 1514, 1515, 1549, 1553, 1554, 1555, 1556, 1557, 1558, 1559, 1560, 1561, 1562, 1563, 1564, 1565, 1566, 1567, 1568, 1569, 1570, 1571, 1572, 1573, 1574, 1575, 1576, 1577, 1589, 1606, 1607, 1608, 1609, 1610, 1611, 1612, 1613, 1614, 1615, 1616, 1617, 1619, 1620, 1621, 1622, 1623, 1624, 1625, 1626, 1627, 1628, 1629, 1630, 1631, 1632, 1633, 1634, 1635, 1636, 1637, 1638, 1639, 1640, 1641, 1642, 1643, 1644, 1645, 1646, 1647, 1648, 1649, 1650, 1651, 1652, 1653, 1654, 1655, 1656, 1657, 1658, 1659, 1660, 1661, 1683, 1684, 1685, 1686, 1687, 1688, 1689, 1690, 1691, 1692, 1693, 1694, 1695, 1696, 1698, 1699, 1701, 1702, 1703, 1704, 1705, 1706, 1710, 1712, 1719, 1732, 1736, 1749, 1750, 1761, 1764, 1779, 1783, 1784, 1785, 1786, 1787, 1788, 1789, 1790, 1791, 1792, 1793, 1794, 1795, 1796, 1797, 1798, 1799, 1800, 1801, 1802, 1803, 1804, 1805, 1806, 1807, 1808, 1809, 1810, 1811, 1812, 1813], "selected_count": 227, "selection_time": 0.06146453198743984, "selection_score_forward_time": 0.06106426898622885}