{"example_id": 88, "sub_q_idx": 0, "method": "DraftModel", "reprocess_method": "DraftModel", "rate": 0.1, "system_len": 792, "passages_len": [792, 53, 28, 50, 255, 75, 102, 130, 226, 394, 85, 29], "chunk_ids": [0, 1, 2, 3, 4, 5, 6, 7, 8, 9, 10], "selected_abs": [792, 793, 794, 795, 796, 797, 798, 799, 800, 801, 802, 803, 804, 805, 806, 807, 808, 809, 810, 814, 815, 816, 817, 818, 819, 820, 821, 822, 823, 824, 825, 839, 844, 845, 846, 847, 848, 849, 856, 858, 859, 863, 872, 873, 874, 875, 922, 923, 924, 925, 926, 927, 929, 930, 931, 934, 935, 937, 938, 939, 940, 941, 942, 943, 966, 1087, 1088, 1176, 1177, 1178, 1179, 1180, 1181, 1182, 1183, 1191, 1252, 1253, 1254, 1255, 1256, 1354, 1355, 1356, 1357, 1358, 1359, 1360, 1361, 1362, 1363, 1364, 1370, 1406, 1484, 1485, 1486, 1487, 1488, 1489, 1491, 1555, 1643, 1644, 1710, 1711, 1712, 1713, 1714, 1723, 1725, 1726, 1729, 1782, 1785, 1883, 1987, 2104, 2105, 2106, 2107, 2108, 2109, 2110, 2111, 2112, 2113, 2116, 2117, 2118, 2119, 2120, 2121, 2123, 2124, 2125, 2126, 2127, 2128, 2130, 2131, 2132, 2134, 2136, 2137, 2140, 2141, 2145, 2150, 2163, 2166, 2167, 2168, 2169, 2170, 2171, 2173, 2174, 2175, 2176, 2177, 2178, 2179, 2180, 2181, 2185, 2186, 2187, 2188, 2189, 2190, 2191, 2192, 2193, 2194, 2195, 2196, 2197, 2198, 2199, 2200, 2201, 2202, 2203, 2204, 2205, 2206, 2207, 2208, 2209, 2210, 2211, 2212, 2213, 2214, 2215, 2216, 2217, 2218], "selected_count": 199, "selection_time": 0.019012011995073408, "selection_score_forward_time": 0.018676613981369883}