{"example_id": 89, "sub_q_idx": 1, "method": "DraftModel", "reprocess_method": "DraftModel", "rate": 0.1, "system_len": 792, "passages_len": [792, 51, 91, 107, 147, 130, 77, 149, 116, 297, 70, 107, 138, 51, 91, 28], "chunk_ids": [0, 11, 8, 1, 12, 13, 14, 15, 16, 17, 18, 1, 2, 11, 8], "selected_abs": [792, 793, 794, 795, 796, 797, 798, 799, 827, 828, 835, 836, 841, 842, 843, 844, 845, 846, 847, 848, 849, 850, 851, 880, 933, 934, 935, 936, 937, 938, 939, 940, 941, 942, 943, 944, 945, 946, 947, 948, 949, 950, 951, 952, 953, 954, 955, 956, 985, 986, 987, 988, 1039, 1040, 1041, 1042, 1043, 1044, 1046, 1075, 1079, 1083, 1187, 1188, 1189, 1190, 1191, 1192, 1193, 1194, 1198, 1225, 1226, 1227, 1228, 1229, 1316, 1317, 1318, 1319, 1320, 1321, 1394, 1395, 1396, 1397, 1398, 1399, 1400, 1401, 1405, 1434, 1457, 1542, 1543, 1544, 1545, 1546, 1547, 1548, 1549, 1550, 1551, 1568, 1572, 1648, 1650, 1659, 1660, 1661, 1662, 1663, 1664, 1665, 1666, 1669, 1688, 1933, 1934, 1935, 1937, 1949, 1955, 1956, 1957, 1958, 1959, 1960, 1961, 1962, 1963, 1964, 1965, 1966, 1967, 1968, 1969, 1970, 1971, 1972, 1973, 1974, 1975, 1976, 1977, 1981, 1982, 1983, 1984, 1985, 1986, 1987, 1988, 1993, 1994, 1995, 1996, 1997, 1998, 1999, 2000, 2001, 2002, 2003, 2004, 2005, 2006, 2007, 2008, 2009, 2010, 2011, 2012, 2013, 2014, 2015, 2016, 2017, 2018, 2019, 2020, 2021, 2022, 2023, 2024, 2025, 2026, 2027, 2028, 2029, 2030, 2031, 2032, 2033, 2034, 2035, 2036, 2037, 2038, 2039, 2040, 2041, 2042, 2043, 2044, 2045, 2046, 2047, 2048, 2049, 2078, 2079, 2080, 2081, 2122, 2132, 2133, 2134, 2135, 2136, 2137, 2138, 2142, 2143, 2144, 2145, 2146, 2147, 2148, 2149, 2209, 2211, 2247, 2271, 2272, 2273, 2274, 2275, 2276, 2277, 2278, 2279, 2283, 2284, 2289, 2290, 2291, 2292, 2305, 2307, 2308, 2310, 2311, 2315, 2316, 2317, 2318, 2320, 2321, 2322, 2323, 2324, 2325, 2326, 2327, 2328, 2329, 2330, 2331, 2336, 2340, 2341, 2351, 2352, 2353, 2354, 2355, 2356, 2357, 2358, 2359, 2360, 2361, 2366, 2367, 2368, 2369, 2371, 2372, 2373, 2374, 2376, 2378, 2379, 2380, 2382, 2383, 2390, 2391, 2393, 2394, 2397, 2398, 2399, 2401, 2402, 2404, 2405, 2406, 2408, 2410, 2411, 2412, 2413, 2414, 2415, 2416, 2417, 2418, 2419, 2420, 2421, 2422, 2423, 2424, 2425, 2426, 2427, 2428, 2429, 2430, 2431, 2432, 2433, 2434, 2435, 2436, 2437, 2438, 2439, 2440, 2441], "selected_count": 342, "selection_time": 0.021250638994388282, "selection_score_forward_time": 0.02089236699976027}