{"example_id": 78, "sub_q_idx": 0, "method": "DraftModel", "reprocess_method": "DraftModel", "rate": 0.1, "system_len": 792, "passages_len": [792, 106, 65, 93, 94, 69, 68, 113, 117, 127, 33, 27], "chunk_ids": [0, 1, 2, 3, 4, 5, 6, 7, 8, 9, 10], "selected_abs": [792, 793, 794, 795, 796, 797, 798, 799, 800, 801, 802, 812, 813, 814, 815, 816, 818, 819, 820, 821, 885, 887, 889, 890, 891, 896, 897, 898, 899, 900, 901, 902, 904, 905, 906, 907, 908, 909, 910, 911, 912, 962, 963, 964, 965, 966, 1055, 1056, 1057, 1058, 1060, 1064, 1149, 1150, 1151, 1152, 1153, 1154, 1155, 1156, 1157, 1218, 1219, 1220, 1221, 1222, 1223, 1224, 1225, 1241, 1242, 1243, 1244, 1245, 1246, 1247, 1248, 1249, 1286, 1287, 1288, 1289, 1290, 1291, 1292, 1293, 1294, 1399, 1400, 1401, 1402, 1403, 1404, 1407, 1408, 1409, 1459, 1499, 1516, 1517, 1518, 1519, 1520, 1521, 1522, 1523, 1524, 1525, 1526, 1527, 1530, 1563, 1564, 1575, 1581, 1595, 1614, 1616, 1617, 1620, 1622, 1626, 1627, 1630, 1637, 1638, 1639, 1643, 1644, 1645, 1646, 1647, 1648, 1649, 1650, 1651, 1652, 1653, 1654, 1655, 1656, 1657, 1658, 1659, 1660, 1661, 1662, 1663, 1665, 1668, 1669, 1670, 1671, 1672, 1673, 1674, 1675, 1676, 1677, 1678, 1679, 1680, 1681, 1682, 1683, 1684, 1685, 1686, 1687, 1688, 1689, 1690, 1691, 1692, 1693, 1694, 1695, 1696, 1697, 1698, 1699, 1700, 1701, 1702, 1703], "selected_count": 185, "selection_time": 0.015687914012232795, "selection_score_forward_time": 0.015405757003463805}