{"example_id": 98, "sub_q_idx": 1, "method": "DraftModel", "reprocess_method": "DraftModel", "rate": 0.1, "system_len": 792, "passages_len": [792, 91, 30, 118, 67, 154, 80, 97, 119, 158, 164, 79, 91, 30], "chunk_ids": [0, 5, 11, 10, 12, 13, 14, 9, 15, 16, 17, 1, 5], "selected_abs": [792, 793, 794, 795, 805, 838, 861, 862, 863, 882, 883, 884, 885, 886, 890, 901, 902, 904, 905, 912, 913, 914, 915, 916, 917, 918, 923, 1021, 1030, 1031, 1032, 1033, 1034, 1035, 1036, 1037, 1038, 1040, 1095, 1097, 1098, 1099, 1100, 1101, 1105, 1206, 1235, 1251, 1252, 1253, 1254, 1255, 1256, 1257, 1258, 1259, 1260, 1261, 1289, 1290, 1291, 1292, 1293, 1294, 1295, 1296, 1297, 1298, 1315, 1331, 1332, 1333, 1334, 1335, 1336, 1414, 1428, 1429, 1430, 1431, 1432, 1433, 1434, 1435, 1546, 1547, 1548, 1549, 1550, 1551, 1552, 1553, 1554, 1555, 1556, 1557, 1583, 1660, 1682, 1705, 1706, 1707, 1708, 1709, 1710, 1711, 1712, 1713, 1714, 1715, 1716, 1717, 1718, 1719, 1720, 1721, 1722, 1723, 1737, 1778, 1832, 1833, 1834, 1836, 1848, 1849, 1850, 1851, 1852, 1853, 1854, 1855, 1856, 1857, 1858, 1859, 1860, 1861, 1862, 1863, 1864, 1865, 1866, 1867, 1868, 1869, 1870, 1871, 1872, 1873, 1874, 1875, 1876, 1877, 1878, 1879, 1880, 1881, 1882, 1883, 1884, 1885, 1886, 1887, 1888, 1892, 1895, 1896, 1897, 1903, 1904, 1920, 1921, 1922, 1929, 1930, 1932, 1938, 1947, 1948, 1949, 1950, 1951, 1952, 1954, 1955, 1958, 1960, 1978, 1979, 1983, 1986, 1992, 1995, 2006, 2008, 2012, 2013, 2014, 2015, 2017, 2018, 2019, 2020, 2021, 2022, 2023, 2024, 2025, 2027, 2028, 2029, 2030, 2031, 2032, 2033, 2034, 2036, 2037, 2038, 2039, 2040, 2041, 2042, 2043, 2044, 2045, 2046, 2047, 2048, 2049, 2050, 2051, 2052, 2053, 2054, 2055, 2056, 2057, 2058, 2059, 2060, 2061, 2062, 2063, 2064, 2065, 2066, 2067, 2068, 2069], "selected_count": 251, "selection_time": 0.01833202998386696, "selection_score_forward_time": 0.018002383003477007}