{"example_id": 93, "sub_q_idx": 0, "method": "DraftModel", "reprocess_method": "DraftModel", "rate": 0.1, "system_len": 792, "passages_len": [792, 130, 116, 77, 297, 122, 166, 91, 72, 144, 51, 35], "chunk_ids": [0, 1, 2, 3, 4, 5, 6, 7, 8, 9, 10], "selected_abs": [792, 793, 794, 795, 796, 797, 798, 799, 800, 801, 802, 803, 804, 805, 806, 807, 808, 809, 810, 811, 814, 817, 818, 819, 820, 821, 822, 823, 824, 826, 827, 828, 829, 830, 831, 832, 835, 838, 920, 921, 922, 923, 924, 925, 950, 960, 1037, 1038, 1039, 1040, 1041, 1042, 1114, 1115, 1116, 1117, 1118, 1120, 1124, 1143, 1212, 1349, 1410, 1411, 1412, 1413, 1414, 1415, 1419, 1447, 1449, 1451, 1456, 1533, 1534, 1535, 1536, 1537, 1538, 1541, 1556, 1589, 1612, 1626, 1640, 1649, 1699, 1700, 1701, 1702, 1729, 1730, 1731, 1736, 1748, 1790, 1791, 1792, 1793, 1794, 1795, 1796, 1797, 1798, 1799, 1800, 1801, 1802, 1811, 1818, 1850, 1862, 1863, 1864, 1865, 1866, 1867, 1870, 1897, 1900, 1932, 1937, 1976, 1982, 1988, 2006, 2007, 2008, 2009, 2010, 2011, 2012, 2013, 2014, 2018, 2024, 2025, 2026, 2027, 2028, 2029, 2030, 2032, 2034, 2036, 2040, 2042, 2043, 2045, 2046, 2047, 2048, 2049, 2050, 2051, 2052, 2053, 2054, 2055, 2056, 2057, 2058, 2059, 2060, 2061, 2062, 2063, 2064, 2065, 2066, 2067, 2068, 2069, 2070, 2071, 2072, 2073, 2074, 2075, 2076, 2077, 2078, 2079, 2080, 2081, 2082, 2083, 2084, 2085, 2086, 2087, 2088, 2089, 2090, 2091, 2092], "selected_count": 196, "selection_time": 0.018334355991100892, "selection_score_forward_time": 0.01796881898189895}