{"example_id": 88, "sub_q_idx": 2, "method": "DraftModel", "reprocess_method": "DraftModel", "rate": 0.1, "system_len": 792, "passages_len": [792, 50, 244, 28, 137, 81, 184, 83, 51, 90, 62, 28, 50, 31], "chunk_ids": [0, 3, 17, 2, 18, 19, 20, 21, 22, 23, 24, 2, 3], "selected_abs": [792, 793, 794, 803, 804, 805, 809, 810, 815, 841, 842, 843, 844, 845, 846, 847, 848, 849, 1085, 1086, 1087, 1088, 1089, 1107, 1113, 1114, 1115, 1116, 1117, 1250, 1251, 1252, 1253, 1254, 1255, 1281, 1331, 1332, 1333, 1334, 1335, 1336, 1337, 1338, 1343, 1515, 1516, 1517, 1518, 1519, 1520, 1521, 1522, 1523, 1524, 1525, 1526, 1527, 1528, 1597, 1598, 1599, 1600, 1601, 1602, 1603, 1604, 1605, 1606, 1607, 1608, 1636, 1637, 1638, 1639, 1640, 1641, 1642, 1643, 1644, 1648, 1649, 1650, 1651, 1652, 1653, 1654, 1655, 1656, 1657, 1662, 1663, 1665, 1666, 1667, 1668, 1669, 1670, 1671, 1672, 1673, 1674, 1675, 1676, 1677, 1678, 1679, 1681, 1682, 1683, 1684, 1685, 1686, 1687, 1697, 1727, 1728, 1729, 1730, 1737, 1738, 1739, 1740, 1741, 1742, 1743, 1744, 1745, 1746, 1747, 1748, 1750, 1751, 1752, 1753, 1754, 1755, 1756, 1757, 1758, 1759, 1760, 1761, 1762, 1763, 1764, 1765, 1766, 1767, 1768, 1769, 1770, 1771, 1772, 1773, 1774, 1775, 1776, 1777, 1778, 1779, 1780, 1781, 1782, 1783, 1784, 1785, 1786, 1787, 1788, 1789, 1790, 1791, 1792, 1793, 1794, 1795, 1796, 1797, 1798, 1799, 1800, 1801, 1802, 1803, 1804, 1805, 1806, 1807, 1808, 1813, 1814, 1815, 1816, 1818, 1820, 1823, 1824, 1825, 1827, 1828, 1829, 1830, 1831, 1832, 1833, 1834, 1836, 1837, 1838, 1839, 1840, 1841, 1842, 1843, 1847, 1848, 1852, 1853, 1854, 1855, 1857, 1858, 1859, 1860, 1862, 1863, 1864, 1866, 1867, 1869, 1872, 1874, 1877, 1878, 1879, 1880, 1881, 1882, 1883, 1884, 1885, 1886, 1887, 1888, 1889, 1890, 1891, 1892, 1893, 1894, 1895, 1896, 1897, 1898, 1899, 1900, 1901, 1902, 1903, 1904, 1905, 1906, 1907, 1908, 1909, 1910], "selected_count": 267, "selection_time": 0.017565615999046713, "selection_score_forward_time": 0.017254735983442515}