{"example_id": 79, "sub_q_idx": 1, "method": "DraftModel", "reprocess_method": "DraftModel", "rate": 0.1, "system_len": 792, "passages_len": [792, 128, 147, 51, 121, 95, 76, 328, 92, 396, 135, 38], "chunk_ids": [0, 6, 11, 12, 13, 14, 5, 15, 16, 17, 4], "selected_abs": [792, 793, 794, 869, 870, 872, 878, 879, 881, 904, 917, 918, 919, 920, 921, 922, 923, 948, 954, 958, 967, 968, 970, 1014, 1026, 1066, 1067, 1068, 1069, 1070, 1107, 1110, 1117, 1118, 1119, 1120, 1121, 1124, 1230, 1237, 1238, 1239, 1240, 1241, 1242, 1243, 1244, 1245, 1250, 1274, 1277, 1321, 1332, 1333, 1334, 1335, 1336, 1409, 1410, 1411, 1412, 1413, 1414, 1415, 1416, 1417, 1418, 1419, 1420, 1421, 1689, 1705, 1737, 1738, 1739, 1740, 1741, 1742, 1743, 1752, 1769, 1789, 1829, 1830, 1831, 1832, 1833, 1834, 1835, 1838, 1849, 2181, 2224, 2225, 2226, 2227, 2228, 2229, 2232, 2235, 2236, 2238, 2239, 2240, 2241, 2242, 2256, 2286, 2289, 2290, 2291, 2294, 2298, 2299, 2300, 2301, 2302, 2303, 2304, 2311, 2312, 2313, 2314, 2325, 2326, 2331, 2332, 2333, 2338, 2341, 2342, 2343, 2344, 2345, 2346, 2347, 2349, 2352, 2353, 2354, 2355, 2356, 2357, 2358, 2359, 2360, 2361, 2362, 2363, 2364, 2365, 2366, 2367, 2368, 2369, 2370, 2371, 2372, 2373, 2374, 2375, 2376, 2377, 2378, 2379, 2380, 2381, 2382, 2383, 2384, 2385, 2386, 2387, 2388, 2389, 2390, 2391, 2392, 2393, 2394, 2395, 2396, 2397, 2398], "selected_count": 184, "selection_time": 0.020031952008139342, "selection_score_forward_time": 0.019686876999912784}