{"example_id": 90, "sub_q_idx": 0, "method": "DraftModel", "reprocess_method": "DraftModel", "rate": 0.1, "system_len": 792, "passages_len": [792, 101, 206, 103, 188, 136, 129, 202, 138, 188, 229, 27], "chunk_ids": [0, 1, 2, 3, 4, 5, 6, 7, 8, 9, 10], "selected_abs": [792, 793, 794, 795, 796, 797, 798, 799, 800, 801, 803, 804, 806, 865, 891, 892, 893, 894, 895, 896, 899, 930, 1003, 1070, 1071, 1098, 1099, 1100, 1101, 1102, 1103, 1104, 1105, 1114, 1165, 1201, 1202, 1203, 1204, 1205, 1206, 1207, 1267, 1277, 1283, 1389, 1390, 1391, 1392, 1525, 1526, 1527, 1528, 1529, 1532, 1654, 1656, 1688, 1794, 1856, 1857, 1858, 1859, 1862, 1865, 1866, 1994, 1996, 1999, 2001, 2006, 2055, 2103, 2107, 2182, 2183, 2184, 2185, 2186, 2188, 2189, 2190, 2192, 2193, 2213, 2217, 2248, 2288, 2292, 2317, 2322, 2323, 2324, 2325, 2336, 2337, 2338, 2340, 2341, 2346, 2347, 2348, 2349, 2350, 2351, 2352, 2353, 2354, 2368, 2374, 2378, 2383, 2385, 2386, 2388, 2389, 2390, 2392, 2393, 2394, 2395, 2396, 2397, 2398, 2399, 2400, 2401, 2402, 2404, 2408, 2409, 2410, 2411, 2412, 2413, 2414, 2415, 2416, 2417, 2418, 2419, 2420, 2421, 2422, 2423, 2424, 2425, 2426, 2427, 2428, 2429, 2430, 2431, 2432, 2433, 2434, 2435, 2436, 2437, 2438], "selected_count": 160, "selection_time": 0.02162099801353179, "selection_score_forward_time": 0.021238910994725302}