{"example_id": 14, "sub_q_idx": 1, "method": "DraftModel", "reprocess_method": "DraftModel", "rate": 0.15, "system_len": 792, "passages_len": [792, 47, 106, 144, 95, 210, 394, 168, 93, 51, 98, 144, 84, 47, 28], "chunk_ids": [0, 11, 8, 1, 12, 13, 14, 15, 6, 16, 17, 1, 4, 11], "selected_abs": [793, 794, 800, 801, 843, 844, 845, 909, 910, 911, 946, 947, 948, 953, 954, 958, 959, 962, 963, 1154, 1336, 1337, 1338, 1340, 1341, 1789, 1790, 1791, 1792, 1818, 1819, 1820, 1892, 1893, 1894, 1895, 1900, 1901, 1902, 1903, 1904, 1905, 1957, 1958, 1963, 1964, 1965, 1966, 1995, 1996, 1997, 2050, 2051, 2052, 2053, 2054, 2055, 2056, 2057, 2058, 2059, 2060, 2061, 2062, 2063, 2064, 2065, 2066, 2067, 2068, 2069, 2075, 2076, 2077, 2082, 2083, 2084, 2085, 2088, 2089, 2090, 2091, 2092, 2093, 2094, 2095, 2097, 2098, 2099, 2101, 2102, 2103, 2104, 2105, 2106, 2107, 2108, 2109, 2110, 2112, 2113, 2114, 2126, 2127, 2139, 2140, 2141, 2176, 2177, 2178, 2179, 2180, 2181, 2182, 2183, 2190, 2191, 2192, 2193, 2199, 2200, 2205, 2206, 2207, 2208, 2214, 2215, 2216, 2230, 2231, 2232, 2233, 2234, 2240, 2241, 2242, 2243, 2244, 2264, 2265, 2266, 2343, 2344, 2345, 2349, 2350, 2351, 2352, 2353, 2354, 2355, 2356, 2357, 2358, 2367, 2368, 2369, 2370, 2371, 2372, 2376, 2377, 2378, 2379, 2380, 2381, 2382, 2383, 2384, 2385, 2390, 2391, 2392, 2393, 2394, 2395, 2396, 2397, 2398, 2399, 2400, 2401, 2402, 2403, 2404, 2405, 2406, 2407, 2408, 2409, 2410, 2411, 2412, 2413, 2414, 2416, 2417, 2418, 2419, 2420, 2421, 2422, 2423, 2424, 2425, 2426, 2427, 2428, 2429, 2430, 2431, 2432, 2433, 2434, 2435, 2436, 2437, 2438, 2439, 2440, 2441, 2442, 2443, 2444, 2445, 2446, 2447, 2448, 2449, 2450, 2451, 2452, 2453, 2454, 2455, 2456, 2457, 2458, 2459, 2460, 2461, 2462, 2463, 2464, 2465, 2466, 2467, 2468, 2469, 2470, 2471, 2472, 2473, 2474, 2475, 2476, 2477, 2478, 2479, 2480, 2481, 2482, 2483, 2484, 2485, 2486, 2487, 2488, 2489, 2490, 2491, 2492, 2493, 2494, 2495, 2496, 2497, 2498, 2499, 2500], "selected_count": 280, "selection_time": 0.14756940500228666, "selection_score_forward_time": 0.1462922979844734}