{"example_id": 19, "sub_q_idx": 0, "method": "DraftModel", "reprocess_method": "DraftModel", "rate": 0.15, "system_len": 792, "passages_len": [792, 67, 37, 131, 46, 188, 190, 82, 135, 38, 120, 26], "chunk_ids": [0, 1, 2, 3, 4, 5, 6, 7, 8, 9, 10], "selected_abs": [793, 794, 795, 796, 797, 798, 799, 800, 801, 858, 860, 861, 862, 863, 897, 898, 899, 1027, 1028, 1029, 1030, 1031, 1074, 1075, 1076, 1077, 1078, 1079, 1080, 1081, 1082, 1269, 1270, 1271, 1272, 1451, 1452, 1453, 1454, 1455, 1456, 1457, 1458, 1459, 1470, 1531, 1532, 1534, 1535, 1536, 1537, 1538, 1592, 1593, 1594, 1666, 1667, 1668, 1669, 1670, 1671, 1672, 1673, 1674, 1675, 1676, 1677, 1678, 1679, 1680, 1681, 1682, 1692, 1693, 1694, 1695, 1704, 1705, 1707, 1708, 1709, 1710, 1712, 1713, 1714, 1715, 1719, 1720, 1721, 1722, 1723, 1724, 1725, 1726, 1732, 1733, 1734, 1735, 1736, 1737, 1738, 1739, 1740, 1741, 1742, 1743, 1744, 1745, 1746, 1747, 1748, 1749, 1750, 1751, 1752, 1753, 1754, 1755, 1756, 1757, 1758, 1759, 1765, 1766, 1767, 1768, 1769, 1772, 1773, 1774, 1775, 1776, 1777, 1778, 1779, 1780, 1781, 1782, 1783, 1784, 1785, 1786, 1787, 1788, 1796, 1798, 1799, 1814, 1815, 1816, 1817, 1822, 1823, 1824, 1825, 1826, 1827, 1828, 1829, 1830, 1831, 1832, 1833, 1834, 1835, 1836, 1837, 1838, 1839, 1840, 1841, 1842, 1843, 1844, 1845, 1846, 1847, 1848, 1849, 1850, 1851], "selected_count": 181, "selection_time": 0.11529153201263398, "selection_score_forward_time": 0.1144935010233894}