{"example_id": 6, "sub_q_idx": 0, "method": "DraftModel", "reprocess_method": "DraftModel", "rate": 0.15, "system_len": 792, "passages_len": [792, 183, 84, 154, 244, 86, 49, 203, 140, 113, 148, 86, 25], "chunk_ids": [0, 1, 2, 3, 4, 5, 6, 7, 8, 9, 10, 5], "selected_abs": [793, 794, 795, 796, 797, 798, 801, 802, 803, 804, 805, 974, 976, 977, 978, 979, 1060, 1061, 1062, 1072, 1215, 1216, 1218, 1219, 1455, 1456, 1457, 1458, 1459, 1460, 1461, 1464, 1465, 1466, 1467, 1468, 1469, 1473, 1474, 1475, 1476, 1477, 1488, 1489, 1490, 1511, 1512, 1513, 1541, 1542, 1543, 1544, 1545, 1546, 1547, 1548, 1549, 1550, 1551, 1552, 1553, 1554, 1555, 1556, 1557, 1558, 1559, 1593, 1594, 1595, 1596, 1602, 1603, 1684, 1685, 1686, 1796, 1797, 1798, 1799, 1800, 1801, 1802, 1891, 1936, 1937, 1938, 1939, 1940, 1941, 1942, 1943, 1944, 1945, 1946, 1947, 1948, 1950, 1951, 1964, 1965, 1966, 1967, 1968, 1969, 1992, 1993, 1994, 2000, 2001, 2031, 2032, 2033, 2049, 2050, 2051, 2052, 2053, 2054, 2055, 2056, 2057, 2058, 2059, 2060, 2061, 2062, 2063, 2064, 2068, 2069, 2070, 2071, 2072, 2073, 2075, 2076, 2077, 2095, 2096, 2097, 2098, 2109, 2110, 2111, 2117, 2118, 2119, 2128, 2129, 2130, 2131, 2132, 2148, 2149, 2150, 2151, 2152, 2153, 2154, 2195, 2196, 2197, 2198, 2199, 2200, 2201, 2202, 2203, 2204, 2205, 2206, 2207, 2208, 2209, 2210, 2211, 2212, 2213, 2214, 2215, 2216, 2217, 2218, 2219, 2220, 2221, 2222, 2223, 2224, 2225, 2226, 2227, 2228, 2229, 2230, 2231, 2232, 2233, 2247, 2248, 2249, 2250, 2251, 2252, 2253, 2254, 2259, 2260, 2261, 2264, 2265, 2266, 2267, 2268, 2269, 2270, 2271, 2272, 2278, 2279, 2280, 2281, 2282, 2283, 2284, 2285, 2286, 2287, 2288, 2289, 2290, 2291, 2292, 2293, 2294, 2295, 2296, 2297, 2298, 2299, 2300, 2301, 2302, 2303, 2304, 2305, 2306], "selected_count": 248, "selection_time": 0.13424064000719227, "selection_score_forward_time": 0.13309676898643374}