{"example_id": 7, "sub_q_idx": 0, "method": "DraftModel", "reprocess_method": "DraftModel", "rate": 0.15, "system_len": 792, "passages_len": [792, 154, 84, 152, 254, 49, 203, 37, 183, 244, 227, 31], "chunk_ids": [0, 1, 2, 3, 4, 5, 6, 7, 8, 9, 10], "selected_abs": [792, 793, 794, 795, 796, 797, 798, 799, 804, 805, 806, 807, 810, 811, 812, 813, 814, 817, 820, 821, 822, 823, 824, 825, 826, 872, 873, 946, 947, 948, 949, 950, 951, 952, 955, 956, 957, 958, 986, 987, 988, 1031, 1032, 1033, 1235, 1236, 1238, 1239, 1257, 1261, 1262, 1263, 1353, 1437, 1438, 1439, 1440, 1448, 1449, 1450, 1451, 1486, 1487, 1488, 1489, 1490, 1491, 1492, 1495, 1496, 1568, 1569, 1570, 1571, 1572, 1577, 1578, 1579, 1649, 1650, 1651, 1652, 1653, 1677, 1678, 1679, 1689, 1690, 1691, 1692, 1693, 1694, 1704, 1705, 1706, 1726, 1727, 1728, 1729, 1730, 1731, 1732, 1733, 1734, 1735, 1736, 1737, 1738, 1739, 1909, 1910, 1911, 1912, 1913, 1914, 1915, 1916, 1917, 1918, 1971, 1972, 1973, 1977, 1978, 1979, 1996, 1997, 1998, 1999, 2000, 2070, 2071, 2072, 2073, 2075, 2076, 2077, 2084, 2085, 2086, 2087, 2089, 2090, 2091, 2107, 2108, 2109, 2150, 2151, 2152, 2153, 2154, 2155, 2156, 2157, 2158, 2159, 2160, 2161, 2162, 2163, 2164, 2165, 2170, 2171, 2198, 2199, 2200, 2201, 2210, 2211, 2233, 2234, 2273, 2291, 2292, 2293, 2294, 2295, 2302, 2303, 2304, 2310, 2311, 2312, 2313, 2314, 2319, 2320, 2321, 2322, 2323, 2324, 2325, 2326, 2327, 2328, 2329, 2330, 2331, 2332, 2333, 2334, 2335, 2336, 2337, 2340, 2341, 2342, 2343, 2344, 2345, 2348, 2349, 2350, 2351, 2352, 2353, 2355, 2356, 2357, 2358, 2363, 2364, 2365, 2366, 2367, 2368, 2369, 2370, 2371, 2372, 2373, 2374, 2375, 2376, 2377, 2378, 2379, 2380, 2381, 2382, 2383, 2384, 2385, 2386, 2387, 2388, 2389, 2390, 2391, 2392, 2393, 2394, 2395, 2396, 2397, 2398, 2399, 2400, 2401, 2402, 2403, 2404, 2405, 2406, 2407, 2408, 2409], "selected_count": 269, "selection_time": 0.13736850998247974, "selection_score_forward_time": 0.13617559900740162}