{"example_id": 17, "sub_q_idx": 1, "method": "DraftModel", "reprocess_method": "DraftModel", "rate": 0.15, "system_len": 792, "passages_len": [792, 114, 90, 116, 285, 72, 127, 78, 65, 214, 226, 285, 78, 72, 114, 34], "chunk_ids": [0, 1, 4, 11, 2, 5, 12, 3, 8, 13, 14, 2, 3, 5, 1], "selected_abs": [792, 793, 794, 795, 796, 797, 798, 799, 808, 809, 810, 811, 812, 813, 814, 815, 818, 819, 820, 821, 822, 823, 824, 829, 830, 854, 855, 856, 857, 874, 875, 876, 879, 880, 897, 898, 904, 905, 906, 907, 908, 910, 911, 912, 913, 914, 915, 917, 918, 919, 943, 944, 945, 957, 958, 960, 966, 967, 968, 971, 972, 973, 974, 975, 976, 982, 983, 993, 994, 995, 996, 997, 998, 1003, 1004, 1005, 1006, 1007, 1008, 1009, 1023, 1024, 1025, 1093, 1114, 1115, 1116, 1398, 1399, 1400, 1421, 1585, 1586, 1597, 1598, 1599, 1600, 1743, 1744, 1745, 1746, 1747, 1748, 1925, 1926, 1933, 1934, 1935, 1936, 1937, 1938, 1939, 1940, 1941, 1951, 1952, 1953, 1954, 1955, 1956, 1957, 1958, 1959, 1960, 1970, 1971, 1972, 1973, 1987, 1988, 1989, 1992, 1993, 1994, 1995, 1996, 2002, 2003, 2180, 2181, 2182, 2183, 2184, 2185, 2226, 2227, 2228, 2329, 2417, 2418, 2419, 2444, 2445, 2446, 2464, 2465, 2466, 2467, 2468, 2525, 2526, 2527, 2528, 2529, 2530, 2539, 2540, 2541, 2542, 2543, 2544, 2545, 2546, 2547, 2548, 2570, 2571, 2572, 2614, 2615, 2616, 2617, 2618, 2619, 2620, 2621, 2622, 2625, 2626, 2627, 2628, 2629, 2630, 2631, 2632, 2633, 2634, 2635, 2636, 2637, 2638, 2639, 2640, 2641, 2642, 2643, 2644, 2645, 2646, 2647, 2648, 2649, 2650, 2651, 2652, 2653, 2654, 2655, 2656, 2657, 2658, 2659, 2660, 2661, 2662, 2663, 2664, 2665, 2666, 2667, 2668, 2669, 2670, 2671, 2672, 2673, 2674, 2675, 2676, 2677, 2678, 2679, 2680, 2681, 2682, 2683, 2684, 2685, 2686, 2687, 2688, 2689, 2690, 2691, 2692, 2693, 2694, 2695, 2696, 2697, 2698, 2699, 2700, 2701, 2702, 2703, 2704, 2705, 2706, 2707, 2708, 2709, 2710, 2711, 2712, 2713, 2714, 2715, 2716, 2717, 2718, 2719, 2720, 2721, 2722, 2723, 2724, 2725, 2726, 2727, 2728, 2729, 2730, 2731, 2732, 2733, 2734, 2735, 2736, 2737, 2738, 2739, 2740, 2741, 2742, 2743, 2744, 2745, 2746, 2747, 2748, 2749, 2750, 2751, 2752, 2753, 2754, 2755, 2756, 2757, 2758, 2759, 2760, 2761], "selected_count": 324, "selection_time": 0.16271723998943344, "selection_score_forward_time": 0.1613644789904356}