{"example_id": 18, "sub_q_idx": 0, "method": "DraftModel", "reprocess_method": "DraftModel", "rate": 0.15, "system_len": 792, "passages_len": [792, 106, 144, 84, 141, 113, 93, 101, 71, 120, 47, 32], "chunk_ids": [0, 1, 2, 3, 4, 5, 6, 7, 8, 9, 10], "selected_abs": [793, 794, 795, 796, 797, 798, 799, 897, 899, 900, 1042, 1043, 1044, 1127, 1128, 1129, 1419, 1420, 1421, 1422, 1423, 1439, 1440, 1442, 1482, 1483, 1484, 1505, 1506, 1507, 1508, 1509, 1575, 1576, 1577, 1578, 1608, 1609, 1614, 1615, 1616, 1617, 1618, 1626, 1627, 1630, 1631, 1632, 1633, 1634, 1642, 1643, 1645, 1646, 1647, 1648, 1649, 1650, 1651, 1652, 1653, 1654, 1655, 1656, 1657, 1658, 1661, 1662, 1663, 1664, 1666, 1667, 1668, 1669, 1687, 1688, 1689, 1697, 1698, 1701, 1702, 1703, 1704, 1722, 1723, 1724, 1733, 1734, 1735, 1736, 1737, 1738, 1739, 1740, 1741, 1742, 1743, 1744, 1745, 1746, 1747, 1748, 1749, 1750, 1763, 1764, 1765, 1766, 1767, 1768, 1769, 1770, 1771, 1772, 1773, 1774, 1775, 1776, 1777, 1778, 1779, 1780, 1781, 1782, 1783, 1784, 1785, 1786, 1787, 1788, 1789, 1790, 1791, 1792, 1793, 1794, 1795, 1796, 1797, 1798, 1799, 1800, 1801, 1802, 1803, 1804, 1805, 1806, 1807, 1808, 1809, 1810, 1811, 1812, 1813, 1814, 1815, 1816, 1817, 1818, 1819, 1820, 1821, 1822, 1823, 1824, 1825, 1826, 1827, 1828, 1829, 1830, 1831, 1832, 1833, 1834, 1835, 1836, 1837, 1838, 1839, 1840, 1841, 1842, 1843], "selected_count": 185, "selection_time": 0.11532581300707534, "selection_score_forward_time": 0.11455890798242763}