{"example_id": 18, "sub_q_idx": 1, "method": "DraftModel", "reprocess_method": "DraftModel", "rate": 0.15, "system_len": 792, "passages_len": [792, 86, 144, 106, 95, 51, 118, 47, 49, 80, 93, 84, 113, 93, 47, 26], "chunk_ids": [0, 11, 2, 1, 12, 13, 14, 15, 16, 17, 6, 3, 5, 6, 15], "selected_abs": [793, 794, 848, 849, 850, 878, 879, 880, 895, 896, 1024, 1025, 1026, 1027, 1028, 1177, 1178, 1179, 1180, 1181, 1192, 1193, 1223, 1224, 1225, 1226, 1228, 1229, 1230, 1231, 1232, 1262, 1263, 1264, 1265, 1266, 1271, 1272, 1273, 1275, 1276, 1277, 1278, 1393, 1394, 1395, 1396, 1397, 1398, 1399, 1400, 1401, 1468, 1469, 1470, 1489, 1490, 1491, 1492, 1569, 1570, 1571, 1580, 1581, 1582, 1584, 1585, 1599, 1600, 1601, 1602, 1603, 1604, 1605, 1607, 1608, 1609, 1610, 1662, 1663, 1664, 1669, 1670, 1671, 1672, 1709, 1710, 1711, 1746, 1747, 1748, 1784, 1785, 1786, 1794, 1795, 1796, 1797, 1798, 1807, 1808, 1809, 1810, 1811, 1812, 1813, 1814, 1815, 1816, 1831, 1832, 1833, 1834, 1838, 1839, 1840, 1859, 1860, 1861, 1865, 1866, 1867, 1868, 1869, 1870, 1917, 1918, 1919, 1920, 1930, 1931, 1932, 1933, 1934, 1949, 1950, 1951, 1952, 1953, 1954, 1955, 1956, 1957, 1958, 1959, 1960, 1961, 1962, 1963, 1964, 1965, 1966, 1968, 1969, 1970, 1971, 1972, 1973, 1974, 1975, 1976, 1977, 1978, 1979, 1982, 1983, 1984, 1985, 1986, 1987, 1988, 1989, 1990, 1991, 1992, 1993, 1994, 1995, 1996, 1997, 1998, 1999, 2000, 2001, 2002, 2003, 2004, 2005, 2006, 2007, 2008, 2009, 2010, 2011, 2012, 2013, 2014, 2015, 2016, 2017, 2018, 2019, 2020, 2021, 2022, 2023], "selected_count": 206, "selection_time": 0.12066001098719425, "selection_score_forward_time": 0.11974784400081262}