{"example_id": 3, "sub_q_idx": 1, "method": "DraftModel", "reprocess_method": "DraftModel", "rate": 0.15, "system_len": 792, "passages_len": [792, 92, 108, 170, 143, 200, 89, 52, 141, 68, 90, 108, 92, 31], "chunk_ids": [0, 2, 1, 4, 8, 6, 11, 7, 5, 9, 10, 1, 2], "selected_abs": [793, 794, 795, 798, 799, 800, 801, 802, 803, 804, 810, 811, 812, 836, 837, 993, 994, 995, 996, 997, 998, 999, 1000, 1001, 1308, 1309, 1310, 1315, 1316, 1317, 1323, 1325, 1326, 1327, 1413, 1414, 1415, 1506, 1507, 1509, 1510, 1513, 1514, 1516, 1517, 1518, 1550, 1551, 1552, 1553, 1554, 1595, 1596, 1597, 1598, 1647, 1648, 1649, 1653, 1654, 1655, 1656, 1657, 1658, 1788, 1789, 1790, 1791, 1792, 1793, 1794, 1818, 1819, 1820, 1821, 1822, 1831, 1832, 1833, 1834, 1835, 1836, 1837, 1838, 1856, 1857, 1858, 1859, 1860, 1861, 1873, 1874, 1906, 1907, 1946, 1947, 1948, 1949, 1950, 1951, 1952, 1953, 1954, 1955, 1956, 1957, 1958, 1959, 1960, 1962, 1963, 1981, 1982, 1983, 1984, 1995, 1996, 1997, 1998, 1999, 2000, 2001, 2039, 2040, 2041, 2042, 2045, 2046, 2047, 2048, 2050, 2051, 2052, 2053, 2054, 2055, 2056, 2057, 2058, 2059, 2062, 2063, 2064, 2065, 2066, 2067, 2068, 2070, 2071, 2072, 2073, 2074, 2075, 2076, 2077, 2079, 2080, 2081, 2082, 2083, 2084, 2085, 2086, 2087, 2098, 2099, 2100, 2101, 2102, 2103, 2104, 2105, 2106, 2107, 2108, 2109, 2110, 2111, 2112, 2113, 2114, 2119, 2120, 2121, 2122, 2123, 2124, 2125, 2131, 2132, 2133, 2134, 2135, 2136, 2137, 2138, 2139, 2140, 2141, 2142, 2143, 2144, 2145, 2146, 2147, 2148, 2149, 2150, 2151, 2152, 2153, 2154, 2155, 2156, 2157, 2158, 2159, 2160, 2161, 2162, 2163, 2164, 2165, 2166, 2167, 2168, 2169, 2170, 2171, 2172, 2173, 2174, 2175], "selected_count": 233, "selection_time": 0.1263645570143126, "selection_score_forward_time": 0.1251788130030036}