{"example_id": 1, "sub_q_idx": 0, "method": "DraftModel", "reprocess_method": "DraftModel", "rate": 0.15, "system_len": 792, "passages_len": [792, 90, 85, 130, 86, 135, 217, 56, 216, 113, 77, 90, 29], "chunk_ids": [0, 1, 2, 3, 4, 5, 6, 7, 8, 9, 10, 1], "selected_abs": [793, 795, 796, 855, 856, 857, 968, 969, 970, 1099, 1100, 1101, 1102, 1103, 1184, 1185, 1265, 1266, 1267, 1318, 1319, 1320, 1321, 1322, 1323, 1339, 1340, 1341, 1352, 1353, 1354, 1477, 1478, 1479, 1536, 1537, 1539, 1540, 1541, 1542, 1543, 1544, 1554, 1592, 1593, 1594, 1595, 1596, 1597, 1710, 1711, 1712, 1713, 1714, 1807, 1808, 1809, 1810, 1811, 1818, 1819, 1820, 1821, 1822, 1823, 1852, 1853, 1854, 1860, 1861, 1862, 1863, 1867, 1868, 1869, 1874, 1875, 1876, 1877, 1878, 1879, 1880, 1881, 1882, 1884, 1885, 1886, 1887, 1888, 1889, 1890, 1918, 1919, 1920, 1921, 1922, 1923, 1924, 1925, 1926, 1927, 1928, 1929, 1930, 1931, 1932, 1933, 1934, 1935, 1936, 1937, 1947, 1948, 1949, 1950, 1957, 1958, 1959, 1960, 1963, 1965, 1966, 1979, 1980, 1981, 1982, 1983, 1984, 1987, 1988, 1989, 1994, 1995, 1996, 1997, 1998, 1999, 2000, 2001, 2002, 2003, 2004, 2005, 2006, 2007, 2008, 2009, 2010, 2011, 2012, 2013, 2014, 2015, 2016, 2017, 2018, 2019, 2020, 2021, 2022, 2023, 2024, 2025, 2026, 2027, 2028, 2029, 2033, 2034, 2035, 2036, 2037, 2045, 2046, 2047, 2059, 2060, 2061, 2062, 2063, 2064, 2065, 2066, 2071, 2072, 2073, 2074, 2080, 2081, 2082, 2083, 2084, 2085, 2086, 2087, 2088, 2089, 2090, 2091, 2092, 2093, 2094, 2095, 2096, 2097, 2098, 2099, 2100, 2101, 2102, 2103, 2104, 2105, 2106, 2107, 2108, 2109, 2110, 2111, 2112, 2113, 2114, 2115], "selected_count": 223, "selection_time": 0.125698537012795, "selection_score_forward_time": 0.1247299219830893}