{"example_id": 16, "sub_q_idx": 0, "method": "DraftModel", "reprocess_method": "DraftModel", "rate": 0.15, "system_len": 792, "passages_len": [792, 225, 138, 198, 183, 148, 75, 195, 80, 162, 111, 32], "chunk_ids": [0, 1, 2, 3, 4, 5, 6, 7, 8, 9, 10], "selected_abs": [793, 794, 795, 796, 797, 798, 799, 800, 801, 817, 818, 822, 823, 839, 840, 841, 842, 864, 865, 866, 1156, 1157, 1169, 1170, 1171, 1197, 1536, 1537, 1538, 1539, 1540, 1541, 1542, 1564, 1565, 1566, 1567, 1568, 1569, 1575, 1576, 1577, 1592, 1593, 1594, 1595, 1684, 1685, 1686, 1687, 1688, 1689, 1690, 1696, 1697, 1698, 1699, 1700, 1704, 1705, 1706, 1707, 1760, 1761, 1762, 1763, 1764, 1826, 1827, 1828, 1892, 1893, 1894, 1895, 1896, 1897, 1898, 1921, 1922, 1923, 1927, 1928, 1929, 1955, 1956, 1957, 1958, 1959, 1964, 1965, 1966, 1967, 1969, 1970, 1984, 1985, 1986, 1996, 1997, 1998, 1999, 2000, 2005, 2006, 2007, 2008, 2011, 2012, 2013, 2014, 2015, 2016, 2035, 2036, 2037, 2065, 2066, 2067, 2068, 2069, 2082, 2083, 2084, 2085, 2086, 2087, 2104, 2105, 2106, 2134, 2135, 2136, 2141, 2142, 2143, 2196, 2197, 2198, 2199, 2200, 2201, 2202, 2204, 2205, 2206, 2207, 2209, 2210, 2211, 2212, 2213, 2214, 2215, 2216, 2217, 2218, 2219, 2220, 2221, 2222, 2223, 2224, 2226, 2227, 2228, 2229, 2230, 2231, 2232, 2233, 2234, 2235, 2236, 2237, 2238, 2239, 2240, 2241, 2242, 2243, 2244, 2245, 2246, 2247, 2248, 2249, 2250, 2251, 2257, 2258, 2259, 2260, 2261, 2262, 2263, 2264, 2265, 2266, 2267, 2268, 2269, 2270, 2277, 2278, 2279, 2280, 2281, 2282, 2283, 2284, 2285, 2286, 2287, 2288, 2289, 2290, 2291, 2292, 2293, 2299, 2300, 2301, 2302, 2303, 2304, 2305, 2306, 2307, 2308, 2309, 2310, 2311, 2312, 2313, 2314, 2315, 2316, 2317, 2318, 2319, 2320, 2321, 2322, 2323, 2324, 2325, 2326, 2327, 2328, 2329, 2330, 2331, 2332, 2333, 2334, 2335, 2336, 2337, 2338], "selected_count": 259, "selection_time": 0.13343237701337785, "selection_score_forward_time": 0.1323064850002993}