{"example_id": 9, "sub_q_idx": 0, "method": "DraftModel", "reprocess_method": "DraftModel", "rate": 0.15, "system_len": 792, "passages_len": [792, 205, 152, 321, 212, 228, 154, 139, 265, 196, 126, 29], "chunk_ids": [0, 1, 2, 3, 4, 5, 6, 7, 8, 9, 10], "selected_abs": [793, 794, 795, 796, 798, 799, 800, 801, 802, 803, 811, 812, 813, 824, 825, 835, 838, 839, 840, 974, 975, 976, 995, 996, 997, 998, 999, 1000, 1001, 1002, 1003, 1004, 1005, 1006, 1007, 1011, 1012, 1013, 1014, 1015, 1028, 1029, 1030, 1031, 1036, 1037, 1038, 1048, 1049, 1050, 1051, 1052, 1150, 1151, 1276, 1277, 1471, 1472, 1473, 1477, 1478, 1479, 1683, 1684, 1685, 1911, 1912, 1917, 1918, 1972, 1973, 1974, 2064, 2065, 2066, 2067, 2069, 2070, 2071, 2072, 2073, 2074, 2075, 2076, 2105, 2203, 2204, 2205, 2206, 2208, 2209, 2210, 2211, 2212, 2213, 2214, 2216, 2217, 2218, 2219, 2224, 2225, 2226, 2248, 2249, 2250, 2269, 2270, 2271, 2272, 2391, 2392, 2394, 2395, 2396, 2397, 2398, 2410, 2411, 2412, 2419, 2420, 2446, 2447, 2448, 2468, 2469, 2470, 2471, 2472, 2473, 2474, 2475, 2476, 2477, 2479, 2480, 2481, 2482, 2483, 2484, 2485, 2486, 2487, 2488, 2490, 2491, 2492, 2494, 2495, 2496, 2497, 2498, 2499, 2502, 2503, 2504, 2505, 2506, 2507, 2508, 2577, 2578, 2579, 2587, 2588, 2589, 2612, 2613, 2616, 2617, 2618, 2619, 2620, 2622, 2623, 2624, 2625, 2626, 2627, 2640, 2641, 2642, 2664, 2665, 2666, 2667, 2668, 2669, 2670, 2671, 2672, 2673, 2674, 2675, 2676, 2678, 2679, 2680, 2681, 2682, 2683, 2684, 2685, 2686, 2687, 2688, 2689, 2692, 2693, 2694, 2695, 2699, 2702, 2703, 2704, 2705, 2706, 2707, 2708, 2709, 2710, 2711, 2712, 2713, 2714, 2715, 2716, 2717, 2718, 2719, 2720, 2721, 2722, 2723, 2724, 2725, 2726, 2727, 2728, 2729, 2730, 2731, 2732, 2733, 2734, 2735, 2736, 2737, 2738, 2739, 2740, 2741, 2742, 2743, 2744, 2745, 2746, 2747, 2748, 2749, 2750, 2751, 2752, 2755, 2756, 2757, 2758, 2759, 2760, 2761, 2762, 2763, 2764, 2765, 2766, 2767, 2768, 2769, 2770, 2771, 2772, 2773, 2774, 2775, 2776, 2777, 2778, 2779, 2780, 2781, 2782, 2783, 2784, 2785, 2786, 2787, 2788, 2789, 2790, 2791, 2792, 2793, 2794, 2795, 2796, 2797, 2798, 2799, 2800, 2801, 2802, 2803, 2804, 2805, 2806, 2807, 2808, 2809, 2810, 2811, 2812, 2813, 2814, 2815, 2816, 2817, 2818], "selected_count": 328, "selection_time": 0.16918982498464175, "selection_score_forward_time": 0.1675799939839635}