{"example_id": 15, "sub_q_idx": 1, "method": "DraftModel", "reprocess_method": "DraftModel", "rate": 0.15, "system_len": 792, "passages_len": [792, 70, 89, 89, 127, 47, 112, 70, 153, 90, 115, 89, 70, 32], "chunk_ids": [0, 11, 1, 12, 13, 14, 15, 16, 17, 18, 19, 1, 11], "selected_abs": [793, 794, 795, 796, 797, 798, 799, 800, 801, 817, 818, 1041, 1042, 1167, 1168, 1169, 1170, 1171, 1172, 1173, 1174, 1175, 1177, 1178, 1182, 1183, 1184, 1185, 1196, 1197, 1198, 1199, 1203, 1204, 1215, 1216, 1217, 1228, 1229, 1327, 1328, 1329, 1330, 1331, 1332, 1333, 1334, 1397, 1398, 1399, 1549, 1550, 1551, 1552, 1553, 1554, 1555, 1556, 1557, 1640, 1641, 1642, 1643, 1644, 1645, 1657, 1658, 1659, 1660, 1678, 1679, 1680, 1687, 1688, 1689, 1690, 1754, 1755, 1756, 1757, 1758, 1759, 1760, 1761, 1762, 1763, 1764, 1765, 1770, 1771, 1772, 1773, 1814, 1815, 1816, 1817, 1819, 1820, 1821, 1822, 1832, 1833, 1834, 1835, 1836, 1840, 1841, 1842, 1843, 1844, 1845, 1846, 1847, 1848, 1849, 1850, 1851, 1852, 1853, 1854, 1855, 1856, 1857, 1858, 1859, 1860, 1861, 1862, 1863, 1864, 1865, 1866, 1867, 1868, 1869, 1870, 1871, 1872, 1873, 1874, 1875, 1876, 1881, 1882, 1883, 1884, 1885, 1886, 1887, 1888, 1889, 1890, 1891, 1898, 1899, 1900, 1901, 1902, 1903, 1904, 1905, 1906, 1907, 1908, 1909, 1910, 1911, 1912, 1913, 1914, 1915, 1916, 1917, 1918, 1919, 1920, 1921, 1922, 1923, 1924, 1925, 1926, 1927, 1928, 1929, 1930, 1931, 1932, 1933, 1934, 1935, 1936, 1937, 1938, 1939, 1940, 1941, 1942, 1943, 1944], "selected_count": 200, "selection_time": 0.11963944500894286, "selection_score_forward_time": 0.11885398600134067}