{"example_id": 2, "sub_q_idx": 0, "method": "DraftModel", "reprocess_method": "DraftModel", "rate": 0.15, "system_len": 792, "passages_len": [792, 64, 122, 88, 48, 185, 63, 99, 106, 234, 368, 64, 25], "chunk_ids": [0, 1, 2, 3, 4, 5, 6, 7, 8, 9, 10, 1], "selected_abs": [792, 793, 794, 795, 796, 802, 803, 804, 805, 806, 807, 808, 809, 810, 811, 812, 813, 814, 815, 827, 828, 829, 830, 857, 858, 859, 860, 861, 864, 865, 979, 980, 981, 982, 998, 999, 1067, 1068, 1069, 1070, 1071, 1072, 1073, 1074, 1075, 1115, 1116, 1300, 1301, 1302, 1303, 1363, 1364, 1365, 1366, 1461, 1462, 1463, 1464, 1465, 1466, 1467, 1468, 1469, 1502, 1503, 1504, 1506, 1507, 1508, 1509, 1510, 1511, 1568, 1569, 1570, 1571, 1572, 1573, 1574, 1575, 1576, 1629, 1630, 1638, 1639, 1682, 1710, 1711, 1712, 1759, 1760, 1762, 1763, 1764, 1801, 1802, 1803, 1804, 1805, 1806, 1807, 1808, 1809, 1810, 1811, 1815, 1816, 1817, 1844, 1845, 1846, 1847, 1854, 1855, 1856, 1921, 1922, 1923, 1924, 1925, 1926, 1927, 1954, 1955, 1956, 2016, 2017, 2018, 2025, 2026, 2027, 2028, 2029, 2030, 2031, 2042, 2043, 2101, 2102, 2105, 2106, 2107, 2108, 2109, 2144, 2145, 2146, 2147, 2149, 2150, 2151, 2152, 2167, 2168, 2169, 2170, 2171, 2172, 2173, 2174, 2175, 2176, 2177, 2178, 2179, 2180, 2181, 2182, 2183, 2184, 2185, 2186, 2187, 2188, 2189, 2190, 2191, 2192, 2193, 2194, 2195, 2196, 2197, 2198, 2199, 2203, 2204, 2205, 2206, 2207, 2208, 2209, 2210, 2211, 2212, 2213, 2214, 2215, 2216, 2217, 2218, 2219, 2220, 2221, 2222, 2223, 2224, 2225, 2226, 2227, 2228, 2229, 2230, 2231, 2232, 2233, 2234, 2235, 2236, 2237, 2238, 2239, 2240, 2241, 2242, 2243, 2244, 2245, 2246, 2247, 2248, 2249, 2250, 2251, 2252, 2253, 2254, 2255, 2256, 2257], "selected_count": 241, "selection_time": 0.13093038499937393, "selection_score_forward_time": 0.12963847198989242}