{"example_id": 19, "sub_q_idx": 1, "method": "DraftModel", "reprocess_method": "DraftModel", "rate": 0.15, "system_len": 792, "passages_len": [792, 131, 37, 46, 137, 340, 82, 49, 125, 124, 341, 37, 131, 31], "chunk_ids": [0, 3, 2, 4, 11, 12, 7, 13, 14, 15, 16, 2, 3], "selected_abs": [792, 793, 794, 795, 796, 797, 798, 799, 800, 801, 802, 806, 807, 808, 809, 816, 817, 818, 819, 889, 890, 891, 920, 921, 922, 924, 925, 926, 927, 928, 929, 951, 952, 956, 957, 958, 959, 961, 962, 963, 1144, 1145, 1146, 1147, 1150, 1151, 1152, 1484, 1485, 1486, 1502, 1566, 1567, 1568, 1569, 1570, 1571, 1572, 1573, 1574, 1615, 1616, 1617, 1618, 1619, 1620, 1621, 1622, 1630, 1631, 1632, 1633, 1634, 1649, 1650, 1651, 1652, 1740, 1741, 1742, 1743, 1744, 1745, 1746, 1747, 1748, 1749, 1750, 1751, 1752, 1759, 1760, 1761, 1762, 1764, 1765, 1766, 1781, 1782, 1783, 1784, 1788, 1789, 1790, 1791, 1799, 1800, 1802, 1803, 1828, 1829, 1830, 1831, 1832, 1864, 1865, 1866, 1867, 1868, 1869, 1967, 1968, 1969, 1984, 1985, 1986, 1987, 2001, 2002, 2003, 2004, 2005, 2103, 2143, 2144, 2169, 2170, 2171, 2175, 2176, 2177, 2202, 2203, 2204, 2205, 2206, 2207, 2208, 2209, 2221, 2222, 2223, 2224, 2229, 2230, 2231, 2232, 2233, 2234, 2235, 2236, 2237, 2238, 2239, 2240, 2242, 2243, 2244, 2245, 2246, 2247, 2248, 2249, 2250, 2251, 2252, 2253, 2254, 2256, 2257, 2258, 2259, 2266, 2267, 2268, 2269, 2270, 2271, 2290, 2291, 2292, 2305, 2306, 2307, 2308, 2309, 2310, 2311, 2317, 2318, 2319, 2320, 2321, 2338, 2339, 2340, 2341, 2342, 2343, 2344, 2345, 2346, 2347, 2348, 2349, 2350, 2351, 2352, 2353, 2354, 2355, 2356, 2357, 2358, 2359, 2360, 2361, 2362, 2363, 2364, 2365, 2366, 2367, 2368, 2369, 2370, 2371, 2372, 2373, 2374, 2375, 2376, 2377, 2378, 2379, 2380, 2381, 2382, 2383, 2384, 2385, 2386, 2387, 2388, 2389, 2390, 2391, 2392, 2393, 2394, 2395, 2396, 2397, 2398, 2399, 2400, 2401, 2402], "selected_count": 268, "selection_time": 0.13437720699585043, "selection_score_forward_time": 0.1332664770015981}