{"example_id": 11, "sub_q_idx": 0, "method": "DraftModel", "reprocess_method": "DraftModel", "rate": 0.15, "system_len": 792, "passages_len": [792, 34, 96, 149, 295, 140, 127, 153, 73, 90, 73, 31], "chunk_ids": [0, 1, 2, 3, 4, 5, 6, 7, 8, 9, 10], "selected_abs": [793, 794, 796, 797, 827, 828, 829, 867, 868, 1072, 1073, 1074, 1367, 1368, 1369, 1370, 1371, 1372, 1400, 1401, 1402, 1403, 1404, 1507, 1508, 1509, 1510, 1511, 1633, 1634, 1635, 1636, 1637, 1638, 1640, 1641, 1642, 1645, 1646, 1647, 1648, 1649, 1650, 1665, 1666, 1678, 1702, 1703, 1704, 1705, 1706, 1707, 1718, 1719, 1720, 1721, 1735, 1736, 1737, 1738, 1739, 1787, 1788, 1789, 1790, 1791, 1792, 1793, 1804, 1805, 1806, 1816, 1817, 1818, 1819, 1820, 1821, 1826, 1827, 1828, 1829, 1830, 1831, 1832, 1835, 1836, 1837, 1859, 1860, 1861, 1862, 1864, 1865, 1866, 1867, 1868, 1869, 1870, 1871, 1878, 1879, 1880, 1881, 1882, 1896, 1897, 1898, 1899, 1900, 1932, 1933, 1934, 1946, 1947, 1948, 1949, 1950, 1951, 1952, 1953, 1954, 1955, 1956, 1957, 1958, 1959, 1960, 1961, 1962, 1963, 1964, 1965, 1966, 1969, 1970, 1971, 1972, 1973, 1974, 1975, 1976, 1977, 1978, 1979, 1980, 1981, 1982, 1983, 1984, 1985, 1986, 1987, 1988, 1989, 1990, 1991, 1994, 1995, 1996, 1997, 1998, 1999, 2000, 2001, 2002, 2003, 2004, 2005, 2006, 2007, 2008, 2009, 2010, 2011, 2012, 2013, 2014, 2015, 2016, 2017, 2018, 2019, 2020, 2021, 2022, 2023, 2024, 2025, 2026, 2027, 2028, 2029, 2030, 2031, 2032, 2033, 2034, 2035, 2036, 2037, 2038, 2039, 2040, 2041, 2042, 2043, 2044, 2045, 2046, 2047, 2048, 2049, 2050, 2051, 2052], "selected_count": 215, "selection_time": 0.12501553699257784, "selection_score_forward_time": 0.12411480498849414}