{"example_id": 3, "sub_q_idx": 0, "method": "DraftModel", "reprocess_method": "DraftModel", "rate": 0.15, "system_len": 792, "passages_len": [792, 108, 92, 90, 170, 141, 200, 52, 143, 68, 90, 30], "chunk_ids": [0, 1, 2, 3, 4, 5, 6, 7, 8, 9, 10], "selected_abs": [793, 794, 795, 797, 799, 800, 801, 802, 803, 804, 805, 806, 807, 808, 809, 810, 828, 829, 830, 831, 898, 899, 901, 902, 903, 904, 917, 918, 919, 923, 924, 1083, 1084, 1085, 1253, 1254, 1255, 1258, 1259, 1260, 1261, 1262, 1263, 1264, 1394, 1395, 1396, 1397, 1398, 1399, 1594, 1595, 1596, 1614, 1615, 1616, 1617, 1620, 1621, 1622, 1623, 1624, 1635, 1636, 1646, 1647, 1648, 1649, 1650, 1653, 1654, 1655, 1656, 1657, 1658, 1659, 1660, 1661, 1662, 1663, 1665, 1666, 1667, 1668, 1751, 1752, 1753, 1788, 1789, 1790, 1791, 1792, 1793, 1794, 1795, 1796, 1797, 1798, 1799, 1806, 1807, 1808, 1809, 1819, 1820, 1821, 1822, 1823, 1824, 1832, 1833, 1834, 1835, 1836, 1837, 1838, 1839, 1854, 1855, 1856, 1857, 1858, 1859, 1860, 1861, 1862, 1863, 1864, 1865, 1866, 1873, 1874, 1875, 1876, 1891, 1892, 1893, 1894, 1895, 1896, 1897, 1898, 1899, 1900, 1901, 1906, 1907, 1908, 1909, 1910, 1911, 1912, 1913, 1914, 1915, 1916, 1924, 1925, 1926, 1927, 1928, 1929, 1930, 1931, 1932, 1933, 1934, 1940, 1941, 1942, 1943, 1944, 1945, 1946, 1947, 1948, 1949, 1950, 1951, 1952, 1953, 1954, 1955, 1956, 1957, 1958, 1959, 1960, 1961, 1962, 1963, 1964, 1965, 1966, 1967, 1968, 1969, 1970, 1971, 1972, 1973, 1974, 1975], "selected_count": 203, "selection_time": 0.12116658699233085, "selection_score_forward_time": 0.12000674701994285}