{"example_id": 10, "sub_q_idx": 1, "method": "DraftModel", "reprocess_method": "DraftModel", "rate": 0.15, "system_len": 792, "passages_len": [792, 203, 186, 138, 99, 122, 190, 124, 117, 57, 113, 186, 203, 28], "chunk_ids": [0, 2, 1, 11, 12, 13, 14, 15, 8, 16, 17, 1, 2], "selected_abs": [792, 793, 794, 795, 796, 797, 798, 799, 800, 802, 813, 814, 815, 965, 966, 967, 995, 996, 997, 998, 1019, 1020, 1021, 1078, 1079, 1080, 1081, 1185, 1186, 1187, 1188, 1558, 1559, 1575, 1576, 1585, 1586, 1587, 1730, 1731, 1732, 1733, 1734, 1735, 1736, 1763, 1764, 1765, 1786, 1787, 1788, 1789, 1808, 1809, 1810, 1820, 1821, 1822, 1823, 1855, 1856, 1857, 1858, 1859, 1860, 1861, 1862, 1871, 1872, 1914, 1915, 1916, 1919, 1921, 1928, 1929, 1941, 1942, 1943, 1944, 1946, 1947, 1948, 1958, 1959, 1960, 1972, 1973, 1974, 1975, 1976, 1977, 1978, 1979, 1985, 1986, 1987, 1988, 1989, 2008, 2009, 2029, 2030, 2031, 2032, 2033, 2034, 2035, 2036, 2037, 2038, 2054, 2055, 2056, 2105, 2106, 2129, 2130, 2131, 2132, 2135, 2136, 2137, 2139, 2140, 2141, 2142, 2143, 2144, 2145, 2146, 2147, 2148, 2149, 2150, 2153, 2154, 2155, 2156, 2160, 2161, 2162, 2163, 2165, 2166, 2167, 2168, 2169, 2170, 2171, 2172, 2223, 2224, 2225, 2226, 2227, 2228, 2237, 2238, 2239, 2268, 2269, 2305, 2306, 2307, 2312, 2313, 2314, 2323, 2324, 2325, 2326, 2327, 2328, 2329, 2330, 2331, 2332, 2333, 2334, 2335, 2336, 2337, 2348, 2349, 2350, 2351, 2352, 2353, 2354, 2355, 2356, 2357, 2362, 2363, 2364, 2365, 2366, 2367, 2368, 2369, 2371, 2372, 2373, 2379, 2380, 2381, 2406, 2407, 2408, 2409, 2410, 2419, 2420, 2432, 2433, 2434, 2435, 2436, 2437, 2449, 2450, 2451, 2452, 2465, 2466, 2467, 2468, 2469, 2482, 2483, 2484, 2485, 2492, 2493, 2494, 2495, 2496, 2497, 2498, 2499, 2500, 2501, 2502, 2503, 2504, 2505, 2517, 2518, 2519, 2520, 2521, 2522, 2523, 2524, 2525, 2526, 2527, 2528, 2529, 2530, 2531, 2532, 2533, 2534, 2535, 2536, 2537, 2538, 2539, 2540, 2541, 2542, 2543, 2544, 2545, 2546, 2547, 2548, 2549, 2550, 2551, 2552, 2553, 2554, 2555, 2556, 2557], "selected_count": 288, "selection_time": 0.14905171701684594, "selection_score_forward_time": 0.14778029400622472}