{"example_id": 14, "sub_q_idx": 0, "method": "DraftModel", "reprocess_method": "DraftModel", "rate": 0.15, "system_len": 792, "passages_len": [792, 144, 71, 113, 84, 141, 93, 101, 106, 93, 111, 40], "chunk_ids": [0, 1, 2, 3, 4, 5, 6, 7, 8, 9, 10], "selected_abs": [793, 794, 935, 937, 938, 1008, 1009, 1024, 1025, 1026, 1121, 1122, 1123, 1127, 1128, 1129, 1130, 1131, 1145, 1146, 1148, 1149, 1150, 1151, 1205, 1206, 1207, 1447, 1448, 1449, 1463, 1464, 1465, 1468, 1469, 1470, 1471, 1472, 1473, 1474, 1540, 1541, 1542, 1543, 1544, 1545, 1546, 1547, 1548, 1549, 1555, 1556, 1604, 1605, 1606, 1609, 1610, 1611, 1646, 1647, 1648, 1649, 1650, 1651, 1654, 1655, 1656, 1657, 1658, 1659, 1660, 1671, 1672, 1673, 1674, 1675, 1676, 1677, 1678, 1679, 1680, 1687, 1688, 1689, 1690, 1692, 1693, 1742, 1743, 1744, 1745, 1746, 1747, 1748, 1749, 1750, 1751, 1772, 1773, 1774, 1775, 1776, 1777, 1778, 1779, 1780, 1781, 1782, 1783, 1784, 1785, 1786, 1787, 1788, 1789, 1790, 1791, 1792, 1793, 1794, 1796, 1797, 1798, 1799, 1800, 1801, 1802, 1803, 1804, 1805, 1808, 1809, 1822, 1823, 1824, 1826, 1827, 1828, 1829, 1830, 1831, 1832, 1833, 1834, 1835, 1836, 1837, 1838, 1839, 1840, 1841, 1842, 1843, 1844, 1845, 1846, 1847, 1848, 1849, 1850, 1851, 1852, 1853, 1854, 1855, 1856, 1857, 1858, 1859, 1860, 1861, 1862, 1863, 1864, 1865, 1866, 1867, 1868, 1869, 1870, 1871, 1872, 1873, 1874, 1875, 1876, 1877, 1878, 1879, 1880, 1881, 1882, 1883, 1884, 1885, 1886, 1887, 1888], "selected_count": 198, "selection_time": 0.11583914799848571, "selection_score_forward_time": 0.11494207300711423}