{"example_id": 13, "sub_q_idx": 1, "method": "DraftModel", "reprocess_method": "DraftModel", "rate": 0.15, "system_len": 792, "passages_len": [792, 148, 139, 149, 265, 228, 196, 321, 72, 88, 104, 86, 148, 139, 29], "chunk_ids": [0, 9, 11, 12, 2, 13, 14, 15, 16, 17, 18, 1, 9, 11], "selected_abs": [792, 793, 794, 795, 796, 797, 798, 799, 800, 801, 802, 805, 806, 807, 808, 809, 810, 811, 812, 813, 814, 825, 826, 827, 828, 938, 939, 940, 941, 942, 943, 944, 945, 1074, 1075, 1077, 1078, 1080, 1081, 1082, 1083, 1084, 1085, 1086, 1087, 1088, 1089, 1093, 1094, 1115, 1116, 1117, 1133, 1134, 1135, 1225, 1226, 1234, 1235, 1236, 1237, 1314, 1315, 1316, 1494, 1495, 1496, 1499, 1500, 1722, 1723, 1724, 1726, 1727, 1728, 1737, 1738, 2053, 2054, 2056, 2142, 2143, 2188, 2189, 2238, 2239, 2240, 2241, 2242, 2243, 2244, 2305, 2306, 2308, 2309, 2311, 2312, 2313, 2314, 2315, 2316, 2321, 2322, 2323, 2324, 2336, 2337, 2338, 2339, 2341, 2342, 2343, 2361, 2362, 2363, 2364, 2379, 2380, 2381, 2399, 2400, 2401, 2402, 2403, 2472, 2473, 2474, 2478, 2479, 2480, 2481, 2502, 2503, 2504, 2505, 2506, 2507, 2508, 2531, 2532, 2533, 2539, 2546, 2547, 2548, 2549, 2550, 2553, 2554, 2564, 2565, 2566, 2567, 2568, 2569, 2570, 2571, 2572, 2573, 2574, 2575, 2576, 2579, 2580, 2581, 2585, 2586, 2587, 2588, 2589, 2590, 2591, 2592, 2593, 2594, 2595, 2596, 2597, 2598, 2599, 2606, 2607, 2608, 2609, 2611, 2612, 2613, 2622, 2623, 2624, 2625, 2633, 2634, 2635, 2636, 2637, 2643, 2644, 2645, 2646, 2651, 2652, 2653, 2654, 2655, 2656, 2663, 2664, 2665, 2666, 2667, 2668, 2669, 2670, 2683, 2684, 2685, 2694, 2695, 2696, 2700, 2701, 2702, 2734, 2735, 2736, 2737, 2738, 2739, 2740, 2741, 2742, 2743, 2744, 2761, 2762, 2765, 2766, 2767, 2768, 2769, 2772, 2773, 2774, 2775, 2782, 2783, 2784, 2785, 2786, 2787, 2788, 2789, 2790, 2791, 2792, 2801, 2802, 2803, 2804, 2805, 2806, 2815, 2816, 2817, 2818, 2819, 2820, 2821, 2822, 2823, 2824, 2825, 2826, 2827, 2828, 2829, 2830, 2831, 2832, 2833, 2834, 2835, 2836, 2837, 2838, 2839, 2843, 2844, 2845, 2849, 2850, 2851, 2856, 2857, 2858, 2859, 2860, 2861, 2862, 2863, 2864, 2865, 2866, 2867, 2868, 2869, 2870, 2871, 2872, 2873, 2874, 2875, 2876, 2877, 2878, 2879, 2880, 2881, 2882, 2883, 2884, 2885, 2886, 2887, 2888, 2889, 2890, 2891, 2892, 2893, 2894, 2895, 2896, 2897, 2898, 2899, 2900, 2901, 2902, 2903], "selected_count": 341, "selection_time": 0.17015436399378814, "selection_score_forward_time": 0.16842715299571864}