{"example_id": 12, "sub_q_idx": 0, "method": "DraftModel", "reprocess_method": "DraftModel", "rate": 0.15, "system_len": 792, "passages_len": [792, 138, 225, 198, 183, 148, 75, 195, 243, 336, 270, 36], "chunk_ids": [0, 1, 2, 3, 4, 5, 6, 7, 8, 9, 10], "selected_abs": [793, 794, 795, 796, 797, 798, 842, 843, 844, 845, 857, 858, 859, 862, 865, 866, 867, 868, 869, 928, 929, 930, 931, 932, 933, 934, 954, 955, 956, 957, 976, 977, 978, 979, 980, 1065, 1066, 1067, 1087, 1156, 1157, 1169, 1170, 1197, 1302, 1303, 1353, 1354, 1355, 1356, 1357, 1358, 1359, 1377, 1378, 1403, 1404, 1406, 1539, 1540, 1541, 1666, 1667, 1668, 1685, 1686, 1687, 1688, 1689, 1696, 1697, 1698, 1760, 1761, 1892, 1893, 1894, 1895, 1955, 1956, 1984, 1985, 2004, 2005, 2063, 2064, 2065, 2117, 2196, 2197, 2198, 2199, 2200, 2201, 2202, 2203, 2204, 2205, 2206, 2207, 2208, 2209, 2212, 2213, 2217, 2218, 2219, 2220, 2248, 2249, 2250, 2285, 2286, 2287, 2306, 2307, 2332, 2333, 2381, 2382, 2383, 2389, 2390, 2391, 2399, 2400, 2401, 2410, 2411, 2412, 2422, 2423, 2424, 2425, 2426, 2433, 2434, 2435, 2467, 2468, 2469, 2470, 2471, 2492, 2493, 2494, 2495, 2496, 2497, 2498, 2502, 2503, 2504, 2513, 2514, 2515, 2533, 2534, 2535, 2536, 2537, 2538, 2539, 2540, 2541, 2542, 2560, 2561, 2573, 2574, 2575, 2576, 2577, 2578, 2579, 2580, 2581, 2582, 2584, 2585, 2586, 2589, 2590, 2591, 2603, 2604, 2605, 2622, 2623, 2624, 2625, 2628, 2629, 2630, 2631, 2632, 2633, 2635, 2636, 2637, 2638, 2639, 2640, 2641, 2642, 2643, 2644, 2645, 2646, 2647, 2648, 2649, 2650, 2651, 2673, 2674, 2675, 2681, 2682, 2683, 2702, 2703, 2704, 2705, 2706, 2710, 2711, 2712, 2718, 2719, 2720, 2721, 2722, 2723, 2724, 2725, 2726, 2727, 2728, 2729, 2731, 2732, 2733, 2739, 2740, 2741, 2742, 2743, 2744, 2745, 2746, 2747, 2748, 2749, 2750, 2751, 2752, 2753, 2754, 2755, 2756, 2757, 2758, 2759, 2760, 2761, 2762, 2763, 2764, 2765, 2766, 2767, 2768, 2769, 2770, 2771, 2772, 2773, 2774, 2775, 2776, 2777, 2778, 2785, 2786, 2787, 2788, 2789, 2790, 2791, 2792, 2793, 2794, 2795, 2796, 2797, 2798, 2799, 2800, 2801, 2802, 2803, 2804, 2805, 2806, 2807, 2808, 2809, 2810, 2811, 2812, 2813, 2814, 2815, 2816, 2817, 2818, 2819, 2820, 2821, 2822, 2823, 2824, 2825, 2826, 2827, 2828, 2829, 2830, 2831, 2832, 2833, 2834, 2835, 2836, 2837, 2838], "selected_count": 337, "selection_time": 0.1689414169813972, "selection_score_forward_time": 0.16729808200034313}