{"example_id": 11, "sub_q_idx": 1, "method": "DraftModel", "reprocess_method": "DraftModel", "rate": 0.15, "system_len": 792, "passages_len": [792, 34, 36, 102, 101, 177, 178, 87, 162, 107, 151, 34, 36, 30], "chunk_ids": [0, 1, 11, 12, 13, 14, 15, 16, 17, 18, 19, 1, 11], "selected_abs": [793, 794, 827, 828, 965, 966, 967, 968, 1198, 1199, 1200, 1243, 1244, 1265, 1266, 1267, 1268, 1269, 1278, 1279, 1280, 1309, 1310, 1311, 1421, 1422, 1423, 1424, 1508, 1509, 1510, 1644, 1645, 1646, 1670, 1671, 1672, 1673, 1674, 1675, 1683, 1684, 1685, 1690, 1691, 1692, 1693, 1694, 1698, 1699, 1705, 1706, 1707, 1708, 1709, 1710, 1711, 1712, 1777, 1778, 1779, 1780, 1781, 1782, 1783, 1784, 1785, 1786, 1787, 1788, 1790, 1791, 1792, 1793, 1794, 1795, 1797, 1798, 1799, 1800, 1801, 1802, 1803, 1804, 1816, 1817, 1818, 1819, 1821, 1822, 1823, 1824, 1825, 1840, 1841, 1842, 1850, 1851, 1852, 1853, 1854, 1883, 1884, 1885, 1889, 1890, 1896, 1897, 1898, 1902, 1903, 1904, 1909, 1910, 1911, 1912, 1913, 1914, 1915, 1916, 1917, 1918, 1919, 1920, 1925, 1926, 1927, 1928, 1929, 1930, 1931, 1932, 1933, 1934, 1935, 1936, 1937, 1938, 1939, 1940, 1941, 1942, 1943, 1944, 1945, 1946, 1947, 1948, 1949, 1957, 1958, 1959, 1960, 1961, 1962, 1963, 1964, 1965, 1966, 1967, 1968, 1969, 1970, 1971, 1981, 1982, 1983, 1984, 1985, 1986, 1987, 1988, 1989, 1990, 1991, 1992, 1993, 1994, 1995, 1996, 1997, 1998, 1999, 2000, 2001, 2002, 2003, 2004, 2005, 2006, 2007, 2008, 2009, 2010, 2011, 2012, 2013, 2014, 2015, 2016, 2017, 2018, 2019, 2020, 2021, 2022, 2023, 2024, 2025, 2026], "selected_count": 210, "selection_time": 0.12121092600864358, "selection_score_forward_time": 0.1203333800076507}