{"example_id": 4, "sub_q_idx": 1, "method": "DraftModel", "reprocess_method": "DraftModel", "rate": 0.15, "system_len": 792, "passages_len": [792, 148, 139, 149, 265, 228, 196, 72, 88, 86, 321, 96, 148, 139, 28], "chunk_ids": [0, 11, 12, 13, 5, 14, 15, 16, 17, 18, 19, 1, 11, 12], "selected_abs": [792, 793, 794, 795, 796, 797, 798, 799, 800, 801, 802, 805, 806, 807, 808, 809, 810, 811, 812, 813, 814, 825, 826, 827, 828, 938, 939, 940, 941, 942, 943, 944, 945, 1074, 1075, 1076, 1077, 1078, 1080, 1081, 1082, 1083, 1084, 1085, 1086, 1087, 1088, 1089, 1093, 1094, 1115, 1116, 1117, 1234, 1235, 1236, 1237, 1314, 1315, 1316, 1494, 1495, 1722, 1723, 1724, 1726, 1727, 1728, 1729, 1737, 1738, 1919, 1920, 1921, 1922, 1990, 1991, 1992, 1993, 2040, 2041, 2042, 2043, 2058, 2059, 2060, 2064, 2065, 2066, 2067, 2077, 2078, 2079, 2080, 2081, 2082, 2114, 2121, 2122, 2123, 2124, 2125, 2126, 2127, 2128, 2142, 2143, 2144, 2147, 2148, 2149, 2161, 2162, 2163, 2164, 2165, 2166, 2168, 2169, 2170, 2171, 2172, 2173, 2174, 2183, 2245, 2246, 2435, 2482, 2483, 2484, 2485, 2486, 2487, 2488, 2490, 2491, 2492, 2493, 2496, 2497, 2501, 2502, 2510, 2511, 2541, 2542, 2543, 2553, 2554, 2555, 2556, 2557, 2558, 2559, 2561, 2562, 2563, 2564, 2565, 2566, 2567, 2568, 2571, 2572, 2573, 2574, 2575, 2576, 2580, 2581, 2582, 2583, 2584, 2585, 2586, 2587, 2588, 2589, 2590, 2591, 2599, 2600, 2601, 2603, 2604, 2605, 2614, 2615, 2616, 2617, 2621, 2622, 2623, 2624, 2625, 2626, 2627, 2628, 2629, 2636, 2637, 2638, 2643, 2644, 2645, 2646, 2647, 2648, 2655, 2656, 2657, 2658, 2659, 2660, 2661, 2662, 2675, 2676, 2677, 2686, 2687, 2688, 2692, 2693, 2694, 2726, 2727, 2728, 2729, 2730, 2731, 2732, 2733, 2734, 2735, 2736, 2753, 2754, 2757, 2758, 2759, 2760, 2761, 2764, 2765, 2766, 2767, 2775, 2776, 2777, 2778, 2779, 2780, 2781, 2782, 2783, 2784, 2793, 2794, 2795, 2796, 2797, 2798, 2807, 2808, 2809, 2810, 2811, 2812, 2813, 2814, 2815, 2816, 2817, 2818, 2819, 2820, 2821, 2822, 2823, 2824, 2825, 2826, 2827, 2828, 2829, 2830, 2831, 2835, 2836, 2837, 2848, 2849, 2850, 2851, 2852, 2853, 2854, 2855, 2856, 2857, 2858, 2859, 2860, 2861, 2862, 2863, 2864, 2865, 2866, 2867, 2868, 2869, 2870, 2871, 2872, 2873, 2874, 2875, 2876, 2877, 2878, 2879, 2880, 2881, 2882, 2883, 2884, 2885, 2886, 2887, 2888, 2889, 2890, 2891, 2892, 2893, 2894], "selected_count": 339, "selection_time": 0.17015822598477826, "selection_score_forward_time": 0.1684531170176342}