{"example_id": 4, "sub_q_idx": 0, "method": "DraftModel", "reprocess_method": "DraftModel", "rate": 0.15, "system_len": 792, "passages_len": [792, 96, 139, 192, 126, 265, 74, 60, 45, 79, 102, 36], "chunk_ids": [0, 1, 2, 3, 4, 5, 6, 7, 8, 9, 10], "selected_abs": [793, 794, 795, 797, 799, 800, 804, 805, 889, 890, 1220, 1221, 1222, 1223, 1224, 1225, 1254, 1257, 1258, 1259, 1260, 1346, 1347, 1348, 1350, 1351, 1352, 1353, 1354, 1355, 1610, 1611, 1612, 1613, 1614, 1615, 1619, 1620, 1621, 1622, 1623, 1624, 1625, 1626, 1627, 1628, 1629, 1630, 1631, 1634, 1635, 1636, 1637, 1643, 1644, 1645, 1648, 1649, 1650, 1679, 1680, 1681, 1682, 1683, 1684, 1685, 1686, 1687, 1688, 1689, 1693, 1694, 1695, 1745, 1746, 1747, 1748, 1749, 1753, 1754, 1755, 1756, 1777, 1778, 1779, 1786, 1787, 1788, 1790, 1791, 1792, 1793, 1794, 1795, 1799, 1800, 1801, 1802, 1803, 1868, 1869, 1870, 1871, 1872, 1873, 1874, 1883, 1884, 1885, 1886, 1887, 1888, 1889, 1890, 1891, 1892, 1904, 1905, 1906, 1907, 1908, 1909, 1910, 1911, 1912, 1914, 1915, 1916, 1917, 1918, 1919, 1920, 1921, 1922, 1923, 1924, 1925, 1926, 1927, 1928, 1929, 1930, 1931, 1934, 1935, 1936, 1937, 1941, 1942, 1943, 1944, 1945, 1946, 1947, 1948, 1949, 1950, 1951, 1952, 1953, 1954, 1955, 1956, 1957, 1958, 1959, 1960, 1961, 1962, 1963, 1964, 1965, 1966, 1967, 1968, 1969, 1970, 1971, 1972, 1973, 1974, 1975, 1976, 1977, 1978, 1979, 1980, 1981, 1982, 1983, 1984, 1985, 1986, 1987, 1988, 1989, 1990, 1991, 1992, 1993, 1994, 1995, 1996, 1997, 1998, 1999, 2000, 2001, 2002, 2003, 2004, 2005], "selected_count": 212, "selection_time": 0.1214412659755908, "selection_score_forward_time": 0.12037872499786317}