{"example_id": 46, "sub_q_idx": 1, "method": "DraftModel", "reprocess_method": "DraftModel", "rate": 0.1, "system_len": 792, "passages_len": [792, 114, 90, 116, 285, 72, 127, 78, 65, 214, 226, 285, 78, 72, 114, 34], "chunk_ids": [0, 3, 5, 11, 2, 6, 12, 4, 13, 14, 15, 2, 4, 6, 3], "selected_abs": [792, 793, 794, 795, 796, 797, 798, 799, 800, 801, 802, 804, 805, 807, 808, 809, 810, 811, 813, 814, 820, 821, 822, 823, 824, 825, 826, 827, 829, 830, 831, 841, 853, 854, 855, 856, 905, 906, 907, 908, 912, 913, 914, 923, 967, 994, 995, 996, 997, 998, 999, 1003, 1004, 1005, 1006, 1007, 1008, 1009, 1010, 1011, 1012, 1013, 1014, 1031, 1040, 1042, 1044, 1111, 1112, 1113, 1114, 1115, 1116, 1117, 1205, 1276, 1288, 1396, 1397, 1398, 1399, 1400, 1401, 1412, 1421, 1425, 1446, 1468, 1469, 1470, 1471, 1472, 1473, 1474, 1475, 1477, 1497, 1562, 1573, 1579, 1580, 1595, 1596, 1597, 1598, 1599, 1600, 1601, 1602, 1611, 1620, 1654, 1672, 1673, 1674, 1675, 1676, 1677, 1678, 1679, 1701, 1702, 1703, 1704, 1705, 1738, 1739, 1740, 1741, 1742, 1743, 1744, 1745, 1746, 1747, 1766, 1767, 1768, 1769, 1770, 1771, 1772, 1815, 1922, 1929, 1951, 1952, 1953, 1954, 1955, 1956, 1957, 1958, 1959, 1960, 1963, 1964, 1965, 1967, 1968, 1969, 1970, 1971, 1972, 1973, 1974, 1975, 1976, 1977, 1978, 1979, 1980, 1981, 1982, 1983, 1984, 2024, 2062, 2063, 2064, 2107, 2108, 2109, 2110, 2111, 2143, 2146, 2147, 2148, 2149, 2150, 2151, 2154, 2155, 2156, 2157, 2158, 2161, 2162, 2163, 2164, 2165, 2166, 2167, 2168, 2169, 2170, 2171, 2172, 2173, 2174, 2175, 2176, 2177, 2178, 2179, 2180, 2181, 2182, 2183, 2184, 2272, 2355, 2463, 2464, 2465, 2466, 2467, 2468, 2469, 2470, 2479, 2488, 2513, 2540, 2541, 2542, 2543, 2544, 2545, 2546, 2557, 2566, 2575, 2579, 2587, 2591, 2613, 2614, 2615, 2616, 2617, 2618, 2619, 2620, 2621, 2622, 2623, 2624, 2625, 2626, 2627, 2628, 2629, 2630, 2631, 2632, 2633, 2634, 2635, 2641, 2642, 2643, 2644, 2645, 2646, 2647, 2648, 2649, 2650, 2651, 2652, 2653, 2658, 2659, 2660, 2662, 2663, 2664, 2665, 2668, 2672, 2674, 2675, 2676, 2677, 2702, 2722, 2723, 2726, 2727, 2728, 2729, 2730, 2731, 2732, 2733, 2734, 2735, 2736, 2737, 2738, 2739, 2740, 2741, 2742, 2743, 2744, 2745, 2746, 2747, 2748, 2749, 2750, 2751, 2752, 2753, 2754, 2755, 2756, 2757, 2758, 2759, 2760, 2761], "selected_count": 335, "selection_time": 0.16680091299349442, "selection_score_forward_time": 0.1664293679932598}