{"example_id": 32, "sub_q_idx": 0, "method": "DraftModel", "reprocess_method": "DraftModel", "rate": 0.1, "system_len": 792, "passages_len": [792, 221, 72, 114, 78, 285, 232, 90, 65, 182, 100, 31], "chunk_ids": [0, 1, 2, 3, 4, 5, 6, 7, 8, 9, 10], "selected_abs": [792, 793, 794, 795, 796, 797, 798, 799, 800, 801, 802, 803, 804, 805, 806, 807, 808, 809, 810, 811, 812, 815, 816, 817, 818, 819, 820, 821, 822, 823, 824, 825, 844, 866, 867, 894, 895, 904, 905, 924, 985, 1011, 1012, 1013, 1014, 1015, 1016, 1017, 1018, 1019, 1020, 1021, 1027, 1028, 1029, 1037, 1040, 1041, 1042, 1043, 1044, 1046, 1061, 1062, 1065, 1069, 1083, 1084, 1085, 1086, 1087, 1088, 1089, 1090, 1091, 1092, 1120, 1122, 1123, 1198, 1199, 1200, 1201, 1202, 1203, 1204, 1213, 1214, 1222, 1223, 1229, 1232, 1276, 1277, 1278, 1279, 1280, 1281, 1283, 1292, 1293, 1561, 1562, 1563, 1564, 1565, 1569, 1575, 1617, 1701, 1792, 1793, 1794, 1795, 1796, 1797, 1801, 1836, 1854, 1855, 1882, 1883, 1884, 1885, 1886, 1887, 1888, 1898, 1908, 1912, 1914, 1944, 1948, 1949, 1950, 1951, 1952, 1953, 1954, 1955, 1956, 1957, 1959, 2007, 2031, 2094, 2130, 2131, 2132, 2133, 2134, 2135, 2136, 2137, 2147, 2149, 2150, 2152, 2154, 2156, 2157, 2165, 2168, 2169, 2175, 2176, 2199, 2204, 2226, 2230, 2231, 2232, 2233, 2234, 2235, 2236, 2237, 2238, 2239, 2240, 2241, 2242, 2243, 2244, 2245, 2246, 2247, 2248, 2249, 2250, 2251, 2252, 2253, 2254, 2255, 2256, 2257, 2258, 2259, 2260, 2261], "selected_count": 201, "selection_time": 0.1328467060229741, "selection_score_forward_time": 0.13249504400300793}