{"example_id": 35, "sub_q_idx": 0, "method": "DraftModel", "reprocess_method": "DraftModel", "rate": 0.1, "system_len": 792, "passages_len": [792, 45, 70, 113, 119, 173, 117, 126, 125, 136, 150, 29], "chunk_ids": [0, 1, 2, 3, 4, 5, 6, 7, 8, 9, 10], "selected_abs": [792, 793, 794, 795, 796, 797, 798, 799, 800, 801, 802, 803, 804, 805, 806, 807, 808, 809, 810, 811, 814, 815, 817, 818, 819, 821, 822, 823, 824, 826, 835, 836, 837, 838, 839, 840, 841, 846, 856, 860, 862, 863, 906, 907, 908, 909, 910, 914, 915, 919, 921, 924, 941, 1019, 1020, 1021, 1022, 1031, 1038, 1099, 1138, 1139, 1140, 1141, 1142, 1143, 1144, 1145, 1154, 1215, 1311, 1312, 1313, 1314, 1315, 1316, 1319, 1428, 1429, 1430, 1431, 1432, 1457, 1554, 1555, 1556, 1557, 1558, 1559, 1560, 1561, 1562, 1563, 1564, 1565, 1574, 1583, 1590, 1599, 1679, 1680, 1681, 1682, 1683, 1684, 1729, 1740, 1771, 1815, 1816, 1817, 1818, 1819, 1820, 1822, 1823, 1824, 1825, 1826, 1827, 1828, 1829, 1830, 1831, 1845, 1847, 1850, 1865, 1895, 1899, 1913, 1931, 1941, 1947, 1965, 1966, 1967, 1968, 1969, 1970, 1971, 1972, 1973, 1974, 1975, 1976, 1977, 1978, 1979, 1980, 1981, 1982, 1983, 1984, 1985, 1986, 1987, 1988, 1989, 1990, 1991, 1992, 1993, 1994], "selected_count": 164, "selection_time": 0.12448323599528521, "selection_score_forward_time": 0.12414928400539793}