{"example_id": 46, "sub_q_idx": 0, "method": "DraftModel", "reprocess_method": "DraftModel", "rate": 0.1, "system_len": 792, "passages_len": [792, 127, 285, 114, 78, 90, 72, 221, 232, 170, 131, 32], "chunk_ids": [0, 1, 2, 3, 4, 5, 6, 7, 8, 9, 10], "selected_abs": [792, 793, 794, 795, 796, 797, 798, 799, 800, 804, 806, 807, 808, 809, 828, 837, 852, 917, 918, 919, 920, 921, 922, 923, 924, 966, 1012, 1014, 1015, 1020, 1083, 1085, 1086, 1095, 1098, 1116, 1120, 1203, 1204, 1205, 1206, 1207, 1208, 1209, 1210, 1211, 1216, 1232, 1233, 1234, 1235, 1236, 1237, 1238, 1241, 1242, 1317, 1318, 1319, 1320, 1321, 1322, 1323, 1324, 1330, 1333, 1339, 1340, 1342, 1344, 1345, 1346, 1348, 1350, 1351, 1352, 1364, 1365, 1367, 1369, 1370, 1376, 1379, 1380, 1394, 1395, 1396, 1397, 1398, 1415, 1416, 1457, 1484, 1485, 1486, 1487, 1488, 1489, 1490, 1501, 1507, 1510, 1519, 1520, 1531, 1535, 1557, 1558, 1559, 1560, 1568, 1690, 1751, 1778, 1779, 1780, 1781, 1782, 1786, 1788, 1789, 1792, 1801, 2009, 2010, 2011, 2012, 2013, 2014, 2015, 2016, 2017, 2018, 2019, 2062, 2063, 2077, 2079, 2080, 2093, 2095, 2109, 2126, 2180, 2181, 2182, 2183, 2184, 2185, 2186, 2187, 2188, 2189, 2190, 2191, 2192, 2193, 2194, 2195, 2196, 2199, 2200, 2203, 2204, 2205, 2206, 2207, 2208, 2210, 2211, 2212, 2214, 2275, 2300, 2303, 2308, 2310, 2311, 2312, 2313, 2314, 2315, 2316, 2317, 2318, 2319, 2320, 2321, 2322, 2323, 2324, 2325, 2326, 2327, 2328, 2329, 2330, 2331, 2332, 2333, 2334, 2335, 2336, 2337, 2338, 2339, 2340, 2341, 2342, 2343], "selected_count": 210, "selection_time": 0.13724485799320973, "selection_score_forward_time": 0.1369067579798866}