{"example_id": 25, "sub_q_idx": 0, "method": "DraftModel", "reprocess_method": "DraftModel", "rate": 0.1, "system_len": 792, "passages_len": [792, 48, 33, 115, 102, 31, 80, 113, 104, 81, 82, 30], "chunk_ids": [0, 1, 2, 3, 4, 5, 6, 7, 8, 9, 10], "selected_abs": [792, 793, 794, 795, 796, 797, 798, 799, 800, 818, 819, 820, 839, 840, 841, 842, 843, 844, 845, 846, 847, 848, 852, 855, 856, 857, 872, 873, 874, 875, 876, 877, 878, 879, 897, 900, 901, 902, 903, 905, 906, 908, 909, 910, 926, 936, 986, 987, 988, 989, 990, 991, 992, 993, 996, 999, 1020, 1089, 1090, 1091, 1092, 1093, 1094, 1095, 1096, 1097, 1098, 1100, 1111, 1120, 1121, 1122, 1123, 1132, 1137, 1180, 1196, 1200, 1201, 1202, 1203, 1204, 1205, 1206, 1207, 1313, 1314, 1315, 1316, 1317, 1318, 1322, 1323, 1339, 1340, 1385, 1388, 1417, 1418, 1419, 1420, 1421, 1429, 1434, 1439, 1476, 1478, 1491, 1492, 1494, 1498, 1499, 1500, 1501, 1502, 1503, 1504, 1505, 1506, 1507, 1508, 1512, 1520, 1525, 1532, 1533, 1563, 1580, 1581, 1582, 1583, 1584, 1585, 1586, 1587, 1588, 1589, 1590, 1591, 1592, 1593, 1594, 1595, 1596, 1597, 1598, 1599, 1600, 1601, 1602, 1603, 1604, 1605, 1606, 1607, 1608, 1609, 1610], "selected_count": 158, "selection_time": 0.21447531998273917, "selection_score_forward_time": 0.2141222890058998}