{"example_id": 32, "sub_q_idx": 1, "method": "DraftModel", "reprocess_method": "DraftModel", "rate": 0.1, "system_len": 792, "passages_len": [792, 114, 116, 90, 285, 65, 72, 78, 127, 214, 226, 221, 114, 33], "chunk_ids": [0, 3, 11, 7, 5, 8, 2, 4, 12, 13, 14, 1, 3], "selected_abs": [792, 793, 794, 795, 796, 797, 798, 799, 800, 801, 802, 804, 808, 809, 810, 811, 813, 814, 821, 822, 823, 824, 825, 829, 830, 831, 853, 854, 855, 856, 905, 906, 907, 908, 909, 910, 914, 915, 916, 917, 918, 919, 920, 921, 922, 923, 941, 950, 952, 954, 1021, 1022, 1023, 1024, 1025, 1083, 1110, 1111, 1112, 1113, 1114, 1115, 1116, 1205, 1276, 1288, 1396, 1397, 1398, 1399, 1400, 1401, 1421, 1461, 1462, 1463, 1464, 1465, 1466, 1467, 1468, 1469, 1476, 1477, 1478, 1489, 1490, 1491, 1492, 1493, 1511, 1532, 1533, 1534, 1535, 1536, 1537, 1538, 1548, 1549, 1583, 1611, 1612, 1613, 1614, 1615, 1616, 1617, 1618, 1620, 1704, 1705, 1706, 1716, 1722, 1723, 1738, 1739, 1740, 1741, 1742, 1743, 1744, 1745, 1746, 1747, 1762, 1763, 1764, 1765, 1766, 1767, 1768, 1815, 1922, 1929, 1951, 1952, 1953, 1954, 1955, 1956, 1957, 1958, 1959, 1960, 1961, 1962, 1963, 1964, 1965, 1966, 1967, 1968, 1969, 1970, 1971, 1972, 1973, 1974, 1975, 1976, 1977, 1978, 1979, 1980, 1981, 2024, 2062, 2063, 2064, 2107, 2108, 2109, 2110, 2111, 2146, 2147, 2148, 2149, 2150, 2151, 2154, 2155, 2156, 2157, 2158, 2161, 2162, 2163, 2164, 2165, 2166, 2167, 2168, 2169, 2170, 2171, 2172, 2173, 2174, 2175, 2176, 2177, 2178, 2179, 2180, 2181, 2182, 2183, 2184, 2185, 2186, 2187, 2188, 2189, 2190, 2191, 2192, 2193, 2194, 2195, 2202, 2203, 2204, 2205, 2206, 2209, 2311, 2398, 2399, 2400, 2401, 2402, 2403, 2404, 2405, 2406, 2407, 2408, 2409, 2410, 2411, 2412, 2413, 2414, 2415, 2416, 2417, 2418, 2419, 2420, 2421, 2427, 2428, 2429, 2430, 2431, 2432, 2433, 2434, 2435, 2436, 2437, 2438, 2439, 2444, 2445, 2446, 2448, 2449, 2450, 2451, 2454, 2460, 2461, 2462, 2463, 2488, 2508, 2509, 2512, 2513, 2514, 2515, 2516, 2517, 2518, 2519, 2520, 2521, 2522, 2523, 2524, 2525, 2526, 2527, 2528, 2529, 2530, 2531, 2532, 2533, 2534, 2535, 2536, 2537, 2538, 2539, 2540, 2541, 2542, 2543, 2544, 2545, 2546], "selected_count": 316, "selection_time": 0.15338078798959032, "selection_score_forward_time": 0.1530261040024925}