{"example_id": 33, "sub_q_idx": 0, "method": "DraftModel", "reprocess_method": "DraftModel", "rate": 0.1, "system_len": 792, "passages_len": [792, 63, 112, 96, 62, 51, 89, 42, 67, 76, 54, 63, 28], "chunk_ids": [0, 1, 2, 3, 4, 5, 6, 7, 8, 9, 10, 1], "selected_abs": [792, 793, 794, 795, 796, 797, 798, 801, 802, 803, 804, 805, 806, 807, 808, 809, 810, 811, 812, 813, 825, 854, 855, 856, 857, 858, 871, 872, 873, 877, 881, 966, 967, 968, 969, 980, 992, 1030, 1040, 1058, 1062, 1063, 1065, 1112, 1127, 1226, 1284, 1306, 1309, 1310, 1376, 1397, 1449, 1450, 1451, 1452, 1453, 1454, 1455, 1456, 1457, 1458, 1459, 1460, 1461, 1462, 1470, 1471, 1472, 1473, 1474, 1475, 1476, 1477, 1478, 1479, 1480, 1481, 1482, 1483, 1484, 1485, 1486, 1487, 1488, 1489, 1490, 1491, 1492, 1495, 1496, 1497, 1498, 1499, 1500, 1501, 1502, 1503, 1504, 1505, 1506, 1507, 1508, 1509, 1510, 1513, 1514, 1515, 1516, 1517, 1518, 1519, 1520, 1521, 1522, 1523, 1524, 1525, 1527, 1528, 1532, 1536, 1537, 1538, 1539, 1545, 1555, 1559, 1565, 1566, 1567, 1568, 1569, 1570, 1571, 1572, 1573, 1574, 1575, 1576, 1577, 1578, 1579, 1580, 1581, 1582, 1583, 1584, 1585, 1586, 1587, 1588, 1589, 1590, 1591, 1592, 1593, 1594], "selected_count": 158, "selection_time": 0.10607124801026657, "selection_score_forward_time": 0.10571106997667812}