{"example_id": 44, "sub_q_idx": 2, "method": "DraftModel", "reprocess_method": "DraftModel", "rate": 0.1, "system_len": 792, "passages_len": [792, 77, 62, 172, 220, 86, 242, 80, 219, 212, 94, 77, 62, 27], "chunk_ids": [0, 1, 11, 14, 16, 17, 6, 18, 19, 20, 13, 1, 11], "selected_abs": [792, 793, 794, 795, 796, 797, 798, 799, 800, 801, 802, 803, 804, 805, 806, 807, 808, 809, 810, 811, 812, 813, 814, 815, 816, 819, 822, 823, 824, 825, 829, 834, 835, 836, 837, 838, 839, 840, 867, 868, 869, 870, 871, 872, 874, 875, 876, 877, 883, 884, 887, 888, 889, 890, 891, 892, 895, 897, 898, 899, 900, 930, 931, 932, 933, 934, 935, 936, 1102, 1103, 1104, 1105, 1106, 1107, 1108, 1109, 1112, 1113, 1114, 1115, 1116, 1117, 1118, 1119, 1123, 1124, 1125, 1126, 1127, 1128, 1129, 1322, 1323, 1324, 1325, 1326, 1327, 1328, 1329, 1330, 1331, 1332, 1333, 1336, 1337, 1339, 1341, 1388, 1408, 1409, 1410, 1411, 1412, 1413, 1414, 1415, 1416, 1417, 1418, 1419, 1455, 1650, 1651, 1652, 1653, 1654, 1655, 1656, 1657, 1658, 1659, 1663, 1667, 1730, 1731, 1732, 1733, 1734, 1735, 1736, 1737, 1738, 1739, 1740, 1741, 1948, 1949, 1950, 1951, 1952, 1953, 1954, 1955, 1956, 1957, 1958, 1959, 1960, 1961, 1975, 2046, 2120, 2152, 2153, 2154, 2155, 2156, 2157, 2158, 2159, 2160, 2161, 2162, 2163, 2164, 2165, 2166, 2167, 2168, 2169, 2170, 2176, 2178, 2180, 2188, 2240, 2255, 2256, 2257, 2258, 2259, 2260, 2261, 2262, 2263, 2264, 2265, 2266, 2267, 2268, 2269, 2270, 2271, 2272, 2273, 2274, 2275, 2276, 2277, 2278, 2279, 2280, 2283, 2284, 2285, 2286, 2287, 2288, 2292, 2293, 2294, 2298, 2299, 2300, 2301, 2302, 2303, 2304, 2331, 2332, 2333, 2334, 2335, 2336, 2337, 2338, 2339, 2340, 2341, 2342, 2343, 2344, 2346, 2347, 2348, 2349, 2350, 2351, 2352, 2353, 2354, 2355, 2356, 2357, 2358, 2359, 2360, 2361, 2362, 2363, 2364, 2370, 2383, 2390, 2391, 2393, 2394, 2395, 2396, 2397, 2398, 2399, 2400, 2401, 2402, 2403, 2404, 2405, 2406, 2407, 2408, 2409, 2410, 2411, 2412, 2413, 2414, 2415, 2416, 2417, 2418, 2419, 2420, 2421], "selected_count": 294, "selection_time": 0.1381533659878187, "selection_score_forward_time": 0.13765144802164286}