{
  "config": {
    "model": "/home/hming/models/Qwen3-235B-A22B",
    "dataset": "musique",
    "topk": 10,
    "rate": 1.0,
    "max_main_questions": 50,
    "max_sub_questions": 60,
    "warmup_sub_questions": 3,
    "raw_kv_cache": "/home/hming/fusionrag-qwen3-235b-three-groups-unified-prompt-cache/online_qk_rate015/Qwen3-235B-A22B/musique/kv_cache",
    "preprocess_kv_cache": "/home/hming/fusionrag-qwen3-235b-three-groups-unified-prompt-cache/online_qk_rate015/Qwen3-235B-A22B/musique/preprocess_kv_cache_global_topk10_bge"
  },
  "num_measured": 57,
  "full_ttft_compute_s_mean": 4.216907584876345,
  "full_ttft_compute_s_p50": 4.171260833740234,
  "full_ttft_compute_s_p95": 4.743838787078857,
  "full_ttft_wall_s_mean": 4.225206471268872,
  "full_ttft_wall_s_p50": 4.1772630806081,
  "full_ttft_wall_s_p95": 4.751923570875078,
  "full_exact_cache_ttft_s_mean": 4.2409154597767875,
  "full_exact_cache_ttft_s_p50": 4.159651619847864,
  "full_exact_cache_ttft_s_p95": 4.7263018088415265,
  "fusion_ttft_compute_s_mean": 4.225206471268872,
  "fusion_ttft_compute_s_p50": 4.1772630806081,
  "fusion_ttft_compute_s_p95": 4.751923570875078,
  "fusion_ttft_wall_s_mean": 4.225206471268872,
  "fusion_ttft_wall_s_p50": 4.1772630806081,
  "fusion_ttft_wall_s_p95": 4.751923570875078,
  "speedup_compute_mean": 0.9980129943556602,
  "ttft_reduction_pct_compute_mean": -0.20067825411674203,
  "speedup_full_exact_over_fusion_compute_mean": 1.0045413118713493,
  "ttft_reduction_pct_full_exact_vs_fusion_compute_mean": 0.3346940155658185,
  "speedup_wall_mean": 1.0,
  "ttft_reduction_pct_wall_mean": 0.0,
  "fusion_storage_time_s_mean": 0.0,
  "fusion_selection_time_s_mean": 0.0,
  "fusion_selection_score_forward_time_s_mean": 0.0,
  "fusion_reprocess_prefill_time_s_mean": 4.225206471268872,
  "fusion_selected_doc_tokens_mean": 1446.140350877193,
  "fusion_reprocess_prefill_tokens_mean": 2265.0526315789475,
  "full_tokens_mean": 2265.0526315789475,
  "end_to_end_ttft_s_mean": 4.225206471268872,
  "end_to_end_ttft_s_p50": 4.1772630806081,
  "end_to_end_ttft_s_p95": 4.751923570875078,
  "kv_load_copy_s_mean": 0.0,
  "selection_s_mean": 0.0,
  "online_update_query_prefill_s_mean": 4.225206471268872,
  "extra_impl_overhead_s_mean": 0.0,
  "rate1_baseline_candidate_s_mean": 4.225206471268872
}