{"example_id": 150, "sub_q_idx": 0, "method": "DraftModel", "reprocess_method": "DraftModel", "rate": 0.1, "system_len": 792, "passages_len": [792, 82, 81, 111, 83, 80, 80, 80, 81, 80, 82, 37], "chunk_ids": [0, 1, 2, 3, 4, 5, 6, 7, 8, 9, 10], "selected_abs": [792, 793, 794, 795, 796, 797, 799, 801, 802, 803, 804, 805, 806, 807, 808, 809, 810, 811, 812, 820, 844, 872, 873, 874, 875, 876, 948, 949, 950, 954, 955, 956, 957, 958, 959, 960, 961, 962, 963, 964, 965, 966, 978, 979, 980, 981, 982, 983, 1041, 1065, 1066, 1067, 1068, 1148, 1150, 1228, 1230, 1308, 1388, 1469, 1471, 1472, 1481, 1486, 1549, 1550, 1551, 1552, 1560, 1561, 1562, 1563, 1566, 1568, 1569, 1578, 1599, 1601, 1602, 1609, 1617, 1620, 1621, 1623, 1624, 1625, 1628, 1629, 1630, 1631, 1632, 1633, 1634, 1635, 1636, 1637, 1638, 1639, 1640, 1641, 1642, 1643, 1644, 1645, 1646, 1647, 1648, 1649, 1650, 1651, 1652, 1653, 1654, 1655, 1656, 1657, 1658, 1659, 1660, 1661, 1662, 1663, 1664, 1665, 1666, 1667, 1668], "selected_count": 127, "selection_time": 0.14425687299808487, "selection_score_forward_time": 0.14392701198812574}