{"example_id": 166, "sub_q_idx": 0, "method": "DraftModel", "reprocess_method": "DraftModel", "rate": 0.1, "system_len": 792, "passages_len": [792, 52, 170, 73, 160, 143, 89, 204, 200, 83, 143, 31], "chunk_ids": [0, 1, 2, 3, 4, 5, 6, 7, 8, 9, 10], "selected_abs": [792, 793, 794, 795, 796, 797, 798, 799, 800, 801, 802, 803, 804, 805, 806, 807, 808, 809, 810, 811, 812, 813, 814, 815, 816, 817, 818, 819, 820, 821, 822, 823, 831, 833, 834, 835, 836, 840, 841, 842, 843, 844, 845, 846, 848, 850, 906, 1013, 1014, 1015, 1016, 1017, 1086, 1087, 1088, 1089, 1090, 1105, 1246, 1247, 1248, 1249, 1338, 1389, 1390, 1391, 1392, 1399, 1478, 1508, 1586, 1682, 1683, 1684, 1685, 1686, 1687, 1688, 1748, 1786, 1832, 1882, 1883, 1884, 1885, 1886, 1887, 1888, 1889, 1906, 1907, 1931, 1932, 1965, 1966, 1967, 1968, 1969, 1970, 1974, 1975, 1976, 1977, 1982, 1985, 1986, 2004, 2005, 2006, 2022, 2033, 2039, 2040, 2045, 2063, 2064, 2065, 2066, 2067, 2068, 2070, 2071, 2078, 2083, 2084, 2085, 2086, 2087, 2088, 2089, 2090, 2091, 2092, 2093, 2094, 2095, 2096, 2098, 2099, 2102, 2103, 2104, 2105, 2106, 2107, 2108, 2109, 2110, 2111, 2112, 2113, 2114, 2115, 2116, 2117, 2118, 2119, 2120, 2121, 2122, 2123, 2124, 2125, 2126, 2127, 2128, 2129, 2130, 2131, 2132, 2133, 2134, 2135, 2136, 2137, 2138, 2139], "selected_count": 177, "selection_time": 0.04489364201435819, "selection_score_forward_time": 0.04450271400855854}