{"example_id": 166, "sub_q_idx": 1, "method": "DraftModel", "reprocess_method": "DraftModel", "rate": 0.1, "system_len": 792, "passages_len": [792, 52, 170, 89, 143, 83, 153, 77, 145, 160, 68, 52, 170, 52, 170, 31], "chunk_ids": [0, 1, 2, 6, 5, 9, 11, 12, 13, 4, 14, 1, 2, 1, 2], "selected_abs": [792, 793, 794, 795, 796, 797, 798, 799, 800, 801, 802, 803, 804, 805, 806, 807, 808, 809, 810, 811, 812, 813, 814, 815, 816, 817, 818, 819, 820, 821, 822, 823, 825, 826, 827, 828, 829, 830, 831, 833, 834, 835, 836, 840, 841, 842, 843, 844, 845, 846, 850, 901, 906, 973, 1013, 1014, 1015, 1016, 1102, 1103, 1104, 1105, 1194, 1209, 1210, 1245, 1246, 1247, 1248, 1249, 1250, 1251, 1328, 1329, 1330, 1331, 1332, 1345, 1350, 1442, 1481, 1482, 1483, 1484, 1485, 1486, 1487, 1488, 1489, 1490, 1491, 1492, 1493, 1494, 1495, 1496, 1497, 1498, 1499, 1500, 1501, 1502, 1507, 1508, 1509, 1510, 1511, 1558, 1559, 1560, 1561, 1562, 1563, 1564, 1565, 1566, 1602, 1703, 1704, 1705, 1706, 1707, 1710, 1746, 1863, 1864, 1865, 1866, 1867, 1868, 1869, 1870, 1871, 1872, 1873, 1874, 1875, 1876, 1877, 1878, 1879, 1880, 1881, 1882, 1883, 1884, 1885, 1889, 1893, 1894, 1895, 1896, 1897, 1898, 1899, 1900, 1906, 1908, 1909, 1910, 1911, 1912, 1913, 1914, 1915, 1916, 1917, 1918, 1919, 1920, 1921, 1922, 1923, 1924, 1925, 1926, 1927, 1928, 1929, 1930, 1931, 1932, 1933, 1934, 1935, 1936, 1937, 1938, 1939, 1940, 1941, 1942, 1943, 1944, 1945, 1946, 1947, 1948, 1949, 1950, 1951, 1952, 1953, 1954, 1955, 1956, 1957, 1958, 1959, 1960, 1961, 1962, 1963, 1965, 1966, 1967, 1968, 1969, 1970, 1971, 1973, 1974, 1975, 1976, 1980, 1981, 1982, 1983, 1984, 1985, 1986, 1990, 2046, 2113, 2128, 2153, 2154, 2155, 2156, 2157, 2158, 2159, 2160, 2161, 2162, 2163, 2164, 2165, 2166, 2167, 2168, 2169, 2170, 2171, 2172, 2173, 2174, 2175, 2176, 2177, 2178, 2179, 2180, 2181, 2182, 2183, 2184, 2185, 2187, 2188, 2189, 2190, 2191, 2192, 2193, 2195, 2196, 2197, 2198, 2202, 2203, 2204, 2205, 2206, 2207, 2208, 2211, 2212, 2262, 2263, 2264, 2268, 2293, 2306, 2315, 2317, 2328, 2334, 2335, 2336, 2337, 2350, 2351, 2352, 2353, 2354, 2355, 2357, 2358, 2359, 2360, 2361, 2362, 2363, 2364, 2365, 2366, 2367, 2368, 2369, 2370, 2371, 2372, 2373, 2374, 2375, 2376, 2377, 2378, 2379, 2380, 2381, 2382, 2383, 2384, 2385, 2386, 2387, 2388, 2389, 2390, 2391, 2392, 2393, 2394, 2395, 2396, 2397, 2398, 2399, 2400, 2401, 2402, 2403, 2404, 2405, 2406], "selected_count": 357, "selection_time": 0.0493355960061308, "selection_score_forward_time": 0.048955927981296554}