{"example_id": 158, "sub_q_idx": 0, "method": "DraftModel", "reprocess_method": "DraftModel", "rate": 0.1, "system_len": 792, "passages_len": [792, 127, 122, 146, 43, 245, 129, 126, 129, 123, 209, 30], "chunk_ids": [0, 1, 2, 3, 4, 5, 6, 7, 8, 9, 10], "selected_abs": [792, 793, 794, 795, 796, 797, 798, 799, 800, 801, 802, 803, 804, 805, 806, 807, 824, 889, 890, 891, 892, 893, 915, 916, 917, 918, 919, 920, 921, 922, 923, 924, 925, 961, 1001, 1040, 1041, 1042, 1043, 1044, 1045, 1046, 1186, 1187, 1188, 1189, 1190, 1191, 1192, 1193, 1194, 1229, 1245, 1272, 1474, 1475, 1476, 1477, 1478, 1479, 1480, 1603, 1604, 1605, 1606, 1607, 1608, 1609, 1610, 1627, 1647, 1675, 1708, 1729, 1730, 1731, 1732, 1749, 1785, 1858, 1859, 1860, 1861, 1862, 1863, 1864, 1865, 1866, 1867, 1875, 1876, 1889, 1942, 1981, 1982, 1983, 1984, 1985, 1986, 1987, 1988, 1991, 1992, 1996, 2000, 2001, 2028, 2050, 2068, 2095, 2118, 2119, 2121, 2126, 2128, 2136, 2137, 2142, 2143, 2146, 2150, 2154, 2157, 2159, 2160, 2162, 2163, 2164, 2165, 2171, 2172, 2173, 2174, 2175, 2176, 2177, 2178, 2181, 2182, 2183, 2184, 2185, 2186, 2187, 2188, 2189, 2190, 2191, 2192, 2193, 2194, 2195, 2196, 2197, 2198, 2199, 2200, 2201, 2202, 2203, 2204, 2205, 2206, 2207, 2208, 2209, 2210, 2211, 2212, 2213, 2214, 2215, 2216, 2217, 2218, 2219, 2220], "selected_count": 177, "selection_time": 0.04716024600202218, "selection_score_forward_time": 0.04669100898900069}