{"example_id": 155, "sub_q_idx": 0, "method": "DraftModel", "reprocess_method": "DraftModel", "rate": 0.1, "system_len": 792, "passages_len": [792, 86, 99, 250, 150, 106, 121, 112, 172, 43, 124, 35], "chunk_ids": [0, 1, 2, 3, 4, 5, 6, 7, 8, 9, 10], "selected_abs": [792, 793, 794, 795, 796, 797, 798, 799, 800, 801, 802, 803, 804, 805, 806, 807, 809, 810, 812, 815, 875, 876, 877, 878, 879, 880, 881, 882, 885, 886, 887, 888, 897, 898, 899, 900, 901, 902, 903, 906, 976, 977, 978, 979, 1226, 1227, 1228, 1229, 1230, 1306, 1376, 1377, 1378, 1379, 1380, 1381, 1382, 1383, 1384, 1385, 1386, 1387, 1395, 1396, 1397, 1398, 1399, 1400, 1401, 1402, 1403, 1482, 1483, 1484, 1485, 1486, 1603, 1604, 1605, 1609, 1610, 1611, 1715, 1716, 1717, 1718, 1719, 1720, 1721, 1722, 1723, 1733, 1753, 1807, 1808, 1810, 1869, 1870, 1887, 1888, 1889, 1890, 1891, 1892, 1895, 1897, 1918, 1919, 1928, 1929, 1930, 1931, 1932, 1933, 1934, 1935, 1936, 1937, 1947, 1953, 1957, 1958, 1959, 1960, 1961, 1963, 1964, 1967, 1968, 1970, 1971, 1975, 1988, 1989, 2004, 2008, 2012, 2014, 2016, 2017, 2018, 2022, 2023, 2024, 2025, 2029, 2030, 2032, 2033, 2034, 2035, 2036, 2037, 2038, 2040, 2041, 2042, 2043, 2044, 2045, 2046, 2047, 2048, 2049, 2050, 2051, 2052, 2053, 2054, 2055, 2056, 2057, 2058, 2059, 2060, 2061, 2062, 2063, 2064, 2065, 2066, 2067, 2068, 2069, 2070, 2071, 2072, 2073, 2074, 2075, 2076, 2077, 2078, 2079, 2080, 2081, 2082, 2083, 2084, 2085, 2086, 2087, 2088, 2089], "selected_count": 204, "selection_time": 0.044897755025886, "selection_score_forward_time": 0.0445554009929765}