{"example_id": 154, "sub_q_idx": 0, "method": "DraftModel", "reprocess_method": "DraftModel", "rate": 0.1, "system_len": 792, "passages_len": [792, 111, 190, 94, 77, 114, 140, 257, 53, 135, 204, 111, 28], "chunk_ids": [0, 1, 2, 3, 4, 5, 6, 7, 8, 9, 10, 1], "selected_abs": [792, 793, 794, 795, 796, 797, 798, 799, 800, 801, 802, 803, 804, 805, 806, 807, 808, 809, 810, 811, 812, 813, 814, 815, 816, 817, 818, 819, 820, 821, 822, 823, 824, 825, 826, 827, 828, 829, 834, 902, 903, 904, 905, 906, 909, 941, 942, 943, 944, 945, 946, 955, 1016, 1092, 1093, 1094, 1095, 1096, 1097, 1098, 1099, 1148, 1186, 1187, 1188, 1189, 1190, 1191, 1192, 1229, 1263, 1264, 1265, 1266, 1267, 1268, 1269, 1270, 1377, 1378, 1379, 1380, 1381, 1382, 1383, 1384, 1385, 1517, 1518, 1519, 1520, 1521, 1522, 1523, 1524, 1545, 1550, 1774, 1775, 1776, 1777, 1778, 1779, 1780, 1781, 1782, 1800, 1827, 1828, 1829, 1830, 1831, 1832, 1836, 1864, 1893, 1904, 1943, 1962, 1963, 1964, 1965, 1966, 1967, 1968, 1969, 1970, 1971, 1972, 1975, 1976, 1977, 1978, 1979, 1980, 1981, 1982, 1986, 1989, 2002, 2032, 2040, 2041, 2042, 2043, 2045, 2046, 2062, 2068, 2083, 2153, 2161, 2162, 2163, 2164, 2165, 2166, 2167, 2168, 2169, 2170, 2171, 2172, 2173, 2174, 2175, 2176, 2177, 2178, 2179, 2180, 2181, 2182, 2183, 2184, 2185, 2186, 2187, 2188, 2189, 2190, 2191, 2192, 2193, 2194, 2195, 2196, 2197, 2198, 2199, 2200, 2201, 2202, 2203, 2204, 2205, 2206, 2207, 2208, 2209, 2212, 2214, 2219, 2220, 2224, 2225, 2226, 2227, 2228, 2229, 2231, 2233, 2235, 2236, 2237, 2238, 2239, 2240, 2241, 2243, 2246, 2248, 2249, 2250, 2251, 2252, 2253, 2254, 2255, 2256, 2257, 2259, 2260, 2261, 2262, 2263, 2264, 2265, 2266, 2267, 2268, 2269, 2270, 2271, 2272, 2273, 2274, 2275, 2276, 2277, 2278, 2279, 2280, 2281, 2282, 2283, 2284, 2285, 2286, 2287, 2288, 2289, 2290, 2291, 2292, 2293, 2294, 2295, 2296, 2297, 2298, 2299, 2300, 2301, 2302, 2303, 2304, 2305], "selected_count": 278, "selection_time": 0.04758516600122675, "selection_score_forward_time": 0.047179436980513856}