split,val_jaccard_r0p05,val_jaccard_r0p1,val_jaccard_r0p15,val_jaccard_r0p3,val_kl,val_recall_r0p05,val_recall_r0p1,val_recall_r0p15,val_recall_r0p3
wiki,0.2631442256740111,0.32372931691799356,0.3717338435791548,0.43774207012559324,0.008318217121064663,0.4092631578947373,0.48357894736842166,0.5372105263157885,0.605652173913049
musique,0.24471446250873544,0.22810745517311815,0.22831452030594968,0.28088482350301597,0.01073056170648902,0.36913897448936256,0.3572539206094269,0.3630118197800376,0.4308118310995669
