rate,n,avg_offline_size,avg_online_size,avg_hit,avg_missing,avg_extra,micro_online_recall,micro_offline_precision,missing_frac_of_online
0.1,250,148.036,142.18,74.748,67.432,73.288,0.5257279504853003,0.5049312329433381,0.4742720495146997
0.15,250,221.892,244.16,126.772,117.388,95.12,0.5192169069462648,0.5713229859571323,0.48078309305373523
0.3,250,422.848,427.444,253.032,174.412,169.816,0.5919652632859509,0.5983994248524293,0.4080347367140491
