{"example_id": 179, "sub_q_idx": 0, "method": "DraftModel", "reprocess_method": "DraftModel", "rate": 0.1, "system_len": 792, "passages_len": [792, 108, 97, 159, 91, 115, 102, 42, 126, 96, 130, 28], "chunk_ids": [0, 1, 2, 3, 4, 5, 6, 7, 8, 9, 10], "selected_abs": [792, 793, 794, 795, 796, 797, 798, 799, 800, 801, 802, 803, 804, 805, 806, 807, 808, 809, 810, 811, 813, 814, 817, 818, 823, 824, 825, 848, 899, 900, 901, 902, 903, 904, 905, 906, 907, 908, 910, 918, 951, 967, 982, 996, 997, 998, 999, 1000, 1018, 1155, 1156, 1157, 1158, 1159, 1160, 1185, 1242, 1246, 1247, 1248, 1249, 1271, 1361, 1362, 1363, 1364, 1365, 1463, 1464, 1465, 1466, 1467, 1468, 1469, 1474, 1485, 1486, 1489, 1493, 1505, 1566, 1631, 1632, 1633, 1634, 1635, 1636, 1641, 1643, 1653, 1654, 1657, 1658, 1661, 1662, 1672, 1681, 1727, 1729, 1730, 1734, 1735, 1739, 1791, 1794, 1825, 1826, 1857, 1858, 1859, 1860, 1861, 1862, 1863, 1864, 1865, 1866, 1867, 1868, 1869, 1870, 1871, 1872, 1873, 1874, 1875, 1876, 1877, 1878, 1879, 1880, 1881, 1882, 1883, 1884, 1885], "selected_count": 136, "selection_time": 0.1217386040079873, "selection_score_forward_time": 0.12137721199542284}