{"example_id": 183, "sub_q_idx": 1, "method": "DraftModel", "reprocess_method": "DraftModel", "rate": 0.1, "system_len": 792, "passages_len": [792, 133, 102, 131, 45, 274, 141, 84, 168, 121, 135, 133, 131, 28], "chunk_ids": [0, 2, 11, 12, 13, 14, 15, 16, 17, 18, 19, 2, 12], "selected_abs": [792, 793, 794, 795, 800, 801, 802, 803, 834, 851, 900, 924, 925, 926, 927, 928, 929, 930, 931, 932, 1016, 1026, 1027, 1028, 1029, 1030, 1031, 1032, 1039, 1040, 1045, 1047, 1048, 1049, 1050, 1070, 1098, 1099, 1100, 1102, 1104, 1141, 1142, 1143, 1144, 1153, 1157, 1158, 1159, 1160, 1161, 1162, 1163, 1164, 1165, 1166, 1174, 1176, 1201, 1202, 1203, 1204, 1205, 1206, 1207, 1208, 1209, 1210, 1211, 1212, 1213, 1214, 1215, 1216, 1217, 1218, 1266, 1476, 1477, 1478, 1479, 1480, 1481, 1485, 1486, 1487, 1488, 1617, 1618, 1619, 1620, 1621, 1622, 1623, 1624, 1625, 1701, 1702, 1703, 1704, 1705, 1706, 1707, 1708, 1709, 1710, 1722, 1732, 1735, 1736, 1737, 1738, 1739, 1740, 1741, 1742, 1743, 1744, 1869, 1870, 1871, 1872, 1873, 1874, 1875, 1876, 1877, 1878, 1879, 1880, 1881, 1882, 1883, 1884, 1885, 1886, 1887, 1888, 1889, 1890, 1990, 1991, 1992, 1993, 1994, 1995, 1996, 1997, 1998, 1999, 2000, 2001, 2002, 2003, 2004, 2005, 2006, 2007, 2008, 2009, 2010, 2011, 2012, 2013, 2014, 2015, 2016, 2017, 2050, 2055, 2056, 2057, 2058, 2059, 2060, 2061, 2062, 2063, 2064, 2065, 2066, 2067, 2068, 2069, 2070, 2071, 2072, 2073, 2085, 2086, 2087, 2088, 2089, 2091, 2092, 2093, 2094, 2095, 2096, 2110, 2111, 2112, 2113, 2114, 2115, 2116, 2117, 2118, 2119, 2120, 2121, 2122, 2123, 2124, 2125, 2126, 2127, 2128, 2129, 2134, 2135, 2136, 2137, 2163, 2168, 2182, 2183, 2184, 2220, 2228, 2258, 2259, 2260, 2261, 2262, 2263, 2264, 2266, 2271, 2272, 2276, 2277, 2278, 2279, 2280, 2281, 2284, 2285, 2302, 2303, 2329, 2330, 2331, 2332, 2333, 2334, 2335, 2336, 2337, 2338, 2340, 2341, 2344, 2350, 2351, 2352, 2353, 2354, 2360, 2361, 2368, 2370, 2371, 2373, 2374, 2375, 2376, 2377, 2378, 2381, 2382, 2385, 2388, 2389, 2390, 2391, 2392, 2393, 2394, 2395, 2396, 2397, 2398, 2399, 2400, 2401, 2402, 2403, 2404, 2405, 2406, 2407, 2408, 2409, 2410, 2411, 2412, 2413, 2414, 2415, 2416, 2417], "selected_count": 312, "selection_time": 0.13923820297350176, "selection_score_forward_time": 0.13882603999809362}