{"example_id": 191, "sub_q_idx": 1, "method": "DraftModel", "reprocess_method": "DraftModel", "rate": 0.1, "system_len": 792, "passages_len": [792, 133, 102, 131, 45, 274, 141, 84, 168, 121, 135, 68, 131, 28], "chunk_ids": [0, 4, 11, 12, 13, 14, 15, 16, 17, 18, 19, 1, 12], "selected_abs": [792, 793, 794, 795, 796, 801, 802, 834, 851, 900, 924, 925, 926, 927, 928, 929, 1016, 1026, 1027, 1028, 1029, 1030, 1031, 1032, 1033, 1034, 1039, 1040, 1045, 1047, 1048, 1049, 1050, 1070, 1098, 1099, 1100, 1102, 1104, 1141, 1142, 1143, 1144, 1153, 1157, 1158, 1159, 1160, 1161, 1162, 1163, 1164, 1165, 1166, 1174, 1176, 1202, 1203, 1204, 1205, 1206, 1207, 1208, 1209, 1210, 1211, 1266, 1476, 1477, 1478, 1479, 1480, 1485, 1486, 1487, 1617, 1618, 1619, 1620, 1621, 1622, 1623, 1624, 1625, 1701, 1702, 1703, 1704, 1705, 1706, 1707, 1708, 1709, 1710, 1722, 1732, 1869, 1870, 1871, 1872, 1873, 1874, 1875, 1876, 1877, 1878, 1879, 1880, 1881, 1882, 1883, 1884, 1885, 1886, 1887, 1888, 1889, 1890, 1905, 1906, 1907, 1908, 1909, 1910, 1989, 1990, 1991, 1992, 1993, 1994, 1995, 1996, 1997, 1998, 1999, 2000, 2001, 2002, 2003, 2004, 2005, 2006, 2007, 2008, 2009, 2010, 2011, 2012, 2013, 2050, 2055, 2056, 2057, 2058, 2059, 2060, 2061, 2062, 2063, 2064, 2065, 2066, 2067, 2110, 2111, 2112, 2113, 2114, 2115, 2116, 2117, 2118, 2119, 2120, 2121, 2122, 2123, 2124, 2125, 2126, 2127, 2128, 2129, 2130, 2131, 2132, 2133, 2134, 2135, 2136, 2137, 2138, 2139, 2140, 2141, 2142, 2143, 2144, 2145, 2146, 2147, 2148, 2149, 2150, 2151, 2152, 2192, 2193, 2194, 2195, 2196, 2197, 2198, 2199, 2200, 2201, 2206, 2207, 2211, 2212, 2213, 2214, 2215, 2216, 2217, 2219, 2220, 2231, 2237, 2238, 2263, 2264, 2265, 2266, 2267, 2268, 2269, 2270, 2271, 2272, 2273, 2275, 2276, 2279, 2285, 2286, 2287, 2288, 2293, 2296, 2303, 2305, 2306, 2307, 2308, 2309, 2310, 2311, 2312, 2313, 2317, 2320, 2323, 2324, 2325, 2326, 2327, 2328, 2329, 2330, 2331, 2332, 2333, 2334, 2335, 2336, 2337, 2338, 2339, 2340, 2341, 2342, 2343, 2344, 2345, 2346, 2347, 2348, 2349, 2350, 2351, 2352], "selected_count": 292, "selection_time": 0.13873035099823028, "selection_score_forward_time": 0.13828993000788614}