{"example_id": 180, "sub_q_idx": 0, "method": "DraftModel", "reprocess_method": "DraftModel", "rate": 0.1, "system_len": 792, "passages_len": [792, 115, 159, 108, 322, 160, 114, 208, 60, 126, 178, 25], "chunk_ids": [0, 1, 2, 3, 4, 5, 6, 7, 8, 9, 10], "selected_abs": [792, 793, 794, 795, 796, 797, 798, 799, 800, 801, 802, 803, 804, 805, 806, 807, 808, 809, 810, 811, 812, 813, 814, 817, 818, 819, 820, 821, 822, 823, 824, 825, 826, 827, 828, 830, 831, 832, 833, 840, 863, 869, 871, 872, 873, 895, 896, 906, 907, 908, 909, 912, 913, 914, 915, 916, 919, 920, 922, 923, 924, 928, 930, 938, 939, 954, 955, 956, 957, 958, 1053, 1061, 1065, 1066, 1067, 1068, 1069, 1070, 1071, 1087, 1173, 1174, 1175, 1176, 1177, 1178, 1179, 1193, 1203, 1255, 1275, 1457, 1458, 1495, 1496, 1497, 1498, 1499, 1500, 1504, 1510, 1562, 1637, 1638, 1655, 1656, 1657, 1658, 1659, 1667, 1671, 1672, 1673, 1674, 1675, 1677, 1745, 1769, 1770, 1771, 1772, 1773, 1774, 1775, 1776, 1777, 1778, 1779, 1780, 1781, 1807, 1846, 1977, 1978, 1979, 1980, 1981, 1982, 1983, 1984, 1985, 1986, 1996, 2032, 2037, 2038, 2039, 2040, 2045, 2047, 2048, 2061, 2074, 2098, 2163, 2164, 2165, 2166, 2167, 2172, 2173, 2174, 2175, 2210, 2251, 2296, 2305, 2337, 2341, 2342, 2343, 2344, 2345, 2346, 2347, 2348, 2349, 2350, 2351, 2352, 2353, 2354, 2355, 2356, 2357, 2358, 2359, 2360, 2361, 2362, 2363, 2364, 2365, 2366], "selected_count": 194, "selection_time": 0.13978186700842343, "selection_score_forward_time": 0.1393465790024493}