{"example_id": 176, "sub_q_idx": 0, "method": "DraftModel", "reprocess_method": "DraftModel", "rate": 0.1, "system_len": 792, "passages_len": [792, 159, 115, 97, 126, 108, 42, 129, 96, 102, 40, 159, 29], "chunk_ids": [0, 1, 2, 3, 4, 5, 6, 7, 8, 9, 10, 1], "selected_abs": [792, 793, 794, 795, 796, 797, 798, 799, 800, 801, 802, 803, 804, 805, 806, 807, 808, 809, 810, 813, 817, 822, 823, 824, 865, 868, 869, 946, 950, 951, 952, 953, 972, 1055, 1057, 1058, 1065, 1066, 1067, 1068, 1069, 1133, 1148, 1162, 1223, 1288, 1289, 1290, 1291, 1310, 1396, 1397, 1398, 1399, 1400, 1418, 1419, 1426, 1438, 1441, 1567, 1568, 1569, 1570, 1571, 1577, 1593, 1597, 1608, 1663, 1664, 1665, 1666, 1667, 1668, 1669, 1672, 1687, 1691, 1692, 1693, 1694, 1695, 1696, 1697, 1698, 1699, 1700, 1746, 1764, 1765, 1766, 1767, 1768, 1769, 1770, 1771, 1772, 1773, 1774, 1775, 1776, 1777, 1778, 1779, 1780, 1781, 1782, 1783, 1784, 1785, 1786, 1787, 1788, 1789, 1790, 1791, 1792, 1793, 1794, 1795, 1796, 1797, 1798, 1799, 1800, 1801, 1802, 1803, 1804, 1805, 1806, 1807, 1808, 1809, 1810, 1811, 1812, 1813, 1814, 1815, 1816, 1817, 1818, 1819, 1820, 1821, 1822, 1823, 1824, 1826, 1827, 1828, 1829, 1830, 1831, 1834, 1835, 1836, 1837, 1838, 1863, 1866, 1877, 1878, 1879, 1881, 1882, 1883, 1890, 1903, 1920, 1921, 1930, 1932, 1938, 1952, 1960, 1963, 1964, 1965, 1966, 1967, 1968, 1969, 1970, 1971, 1972, 1973, 1974, 1975, 1976, 1977, 1978, 1979, 1980, 1981, 1982, 1983, 1984, 1985, 1986, 1987, 1988, 1989, 1990, 1991, 1992, 1993], "selected_count": 209, "selection_time": 0.22880014701513574, "selection_score_forward_time": 0.22841242200229317}