{"example_id": 191, "sub_q_idx": 0, "method": "DraftModel", "reprocess_method": "DraftModel", "rate": 0.1, "system_len": 792, "passages_len": [792, 68, 43, 57, 133, 94, 167, 132, 252, 69, 60, 27], "chunk_ids": [0, 1, 2, 3, 4, 5, 6, 7, 8, 9, 10], "selected_abs": [792, 793, 794, 795, 796, 797, 798, 799, 800, 801, 802, 803, 804, 805, 806, 807, 808, 809, 810, 811, 812, 813, 814, 815, 816, 817, 818, 842, 858, 859, 860, 861, 862, 863, 864, 865, 866, 867, 868, 869, 870, 871, 874, 875, 883, 902, 903, 904, 905, 906, 907, 908, 910, 917, 918, 919, 920, 924, 925, 959, 960, 961, 962, 963, 964, 969, 1017, 1092, 1093, 1094, 1095, 1096, 1185, 1186, 1187, 1188, 1189, 1353, 1354, 1355, 1356, 1441, 1485, 1486, 1487, 1488, 1491, 1492, 1493, 1494, 1556, 1598, 1737, 1738, 1739, 1740, 1741, 1742, 1743, 1744, 1745, 1746, 1755, 1756, 1757, 1758, 1761, 1763, 1765, 1767, 1778, 1806, 1807, 1808, 1809, 1810, 1811, 1812, 1813, 1814, 1815, 1821, 1823, 1825, 1830, 1832, 1838, 1848, 1850, 1858, 1859, 1860, 1861, 1863, 1865, 1866, 1867, 1868, 1869, 1870, 1871, 1872, 1873, 1874, 1875, 1876, 1877, 1878, 1879, 1880, 1881, 1882, 1883, 1884, 1885, 1886, 1887, 1888, 1889, 1890, 1891, 1892, 1893], "selected_count": 163, "selection_time": 0.11908237598254345, "selection_score_forward_time": 0.11869729799218476}