{"example_id": 183, "sub_q_idx": 0, "method": "DraftModel", "reprocess_method": "DraftModel", "rate": 0.1, "system_len": 792, "passages_len": [792, 331, 133, 162, 184, 81, 173, 127, 112, 139, 152, 27], "chunk_ids": [0, 1, 2, 3, 4, 5, 6, 7, 8, 9, 10], "selected_abs": [792, 793, 794, 795, 796, 797, 798, 799, 800, 801, 802, 803, 804, 805, 806, 807, 808, 809, 813, 831, 834, 836, 850, 851, 852, 1000, 1122, 1123, 1124, 1125, 1126, 1127, 1129, 1131, 1132, 1133, 1134, 1135, 1136, 1137, 1138, 1139, 1140, 1141, 1142, 1143, 1144, 1147, 1149, 1150, 1151, 1156, 1157, 1158, 1160, 1165, 1166, 1179, 1182, 1189, 1196, 1198, 1199, 1200, 1201, 1203, 1231, 1255, 1256, 1257, 1258, 1259, 1260, 1261, 1262, 1263, 1264, 1267, 1417, 1418, 1419, 1420, 1421, 1422, 1423, 1424, 1446, 1601, 1602, 1603, 1604, 1605, 1606, 1607, 1608, 1609, 1614, 1615, 1616, 1617, 1618, 1619, 1620, 1621, 1628, 1648, 1679, 1680, 1681, 1682, 1683, 1684, 1685, 1686, 1687, 1688, 1689, 1693, 1694, 1713, 1725, 1751, 1808, 1812, 1855, 1856, 1857, 1858, 1859, 1860, 1861, 1862, 1863, 1870, 1872, 1877, 1909, 1982, 1983, 1984, 1985, 1986, 1989, 1990, 2011, 2027, 2031, 2058, 2094, 2095, 2096, 2097, 2098, 2101, 2102, 2104, 2141, 2143, 2144, 2172, 2233, 2234, 2235, 2236, 2237, 2238, 2239, 2240, 2244, 2245, 2288, 2289, 2323, 2339, 2340, 2375, 2376, 2385, 2386, 2387, 2388, 2389, 2390, 2391, 2392, 2393, 2394, 2395, 2396, 2397, 2398, 2399, 2400, 2401, 2402, 2403, 2404, 2405, 2406, 2407, 2408, 2409, 2410, 2411, 2412], "selected_count": 205, "selection_time": 0.14027490798616782, "selection_score_forward_time": 0.13983501397888176}