source,kind,relative_l2,diff_norm,full_norm,source_norm,cosine_source_full,num_examples,num_chunks,num_tokens
raw,hidden_layer_input,0.7102575282642619,1535398.1496748668,2161748.5046967342,2346929.5692730392,0.7710487344819034,10,236,169122
preprocess,hidden_layer_input,0.7602380076057214,1643443.3761552924,2161748.5046967342,2122947.2212874787,0.7059013903407546,10,236,169122
