rate,kv,v_only,k_only
0.0,0.450999,0.450999,0.450999
0.15,0.495950,0.449763,0.468676
0.3,0.512186,0.442478,0.466754
0.5,0.529480,0.446461,0.474766
0.8,0.538032,0.454200,0.487878
1.0,0.566624,0.566624,0.566624
