rate,kv,v_only,k_only
0.0,0.160000,0.160000,0.160000
0.15,0.216000,0.188000,0.188000
0.3,0.192000,0.180000,0.192000
0.5,0.204000,0.184000,0.184000
0.8,0.208000,0.184000,0.192000
1.0,0.228000,0.228000,0.228000
