source,kind,relative_l2,diff_norm,full_norm,source_norm,cosine_source_full,num_examples,num_chunks,num_tokens
raw,hidden_layer_input,0.7123520009491257,2356891.892299435,3308605.7021797546,3572494.585674459,0.7679647610245892,25,581,399452
preprocess,hidden_layer_input,0.7169668988632888,2372160.769853213,3308605.7021797546,3280318.618168423,0.7407997421996014,25,581,399452
