{"example_id": 145, "sub_q_idx": 0, "method": "DraftModel", "reprocess_method": "DraftModel", "rate": 0.1, "system_len": 792, "passages_len": [792, 109, 150, 69, 53, 219, 59, 192, 88, 37, 51, 28], "chunk_ids": [0, 1, 2, 3, 4, 5, 6, 7, 8, 9, 10], "selected_abs": [792, 793, 794, 795, 796, 797, 798, 799, 800, 801, 802, 803, 804, 805, 806, 807, 808, 809, 810, 811, 812, 813, 900, 901, 902, 903, 904, 906, 907, 910, 1050, 1051, 1052, 1053, 1054, 1055, 1056, 1057, 1059, 1060, 1063, 1083, 1118, 1119, 1120, 1121, 1122, 1123, 1124, 1125, 1130, 1172, 1174, 1176, 1177, 1178, 1179, 1180, 1181, 1182, 1391, 1392, 1393, 1394, 1395, 1396, 1397, 1398, 1427, 1450, 1451, 1452, 1453, 1454, 1455, 1456, 1457, 1642, 1643, 1644, 1645, 1646, 1649, 1661, 1662, 1665, 1666, 1730, 1731, 1732, 1733, 1736, 1739, 1741, 1742, 1756, 1759, 1767, 1768, 1769, 1770, 1771, 1772, 1773, 1774, 1775, 1781, 1782, 1783, 1784, 1785, 1787, 1788, 1789, 1791, 1792, 1793, 1794, 1795, 1797, 1800, 1801, 1802, 1803, 1805, 1806, 1807, 1809, 1810, 1811, 1812, 1813, 1814, 1815, 1816, 1817, 1818, 1819, 1820, 1821, 1822, 1823, 1824, 1825, 1826, 1827, 1828, 1829, 1830, 1831, 1832, 1833, 1834, 1835, 1836, 1837, 1838, 1839, 1840, 1841, 1842, 1843, 1844, 1845, 1846], "selected_count": 165, "selection_time": 0.01755386099102907, "selection_score_forward_time": 0.017244654009118676}