{"example_id": 135, "sub_q_idx": 0, "method": "DraftModel", "reprocess_method": "DraftModel", "rate": 0.1, "system_len": 792, "passages_len": [792, 65, 197, 80, 158, 110, 216, 112, 29, 105, 155, 26], "chunk_ids": [0, 1, 2, 3, 4, 5, 6, 7, 8, 9, 10], "selected_abs": [792, 793, 794, 795, 796, 797, 798, 799, 800, 801, 802, 803, 804, 805, 806, 807, 808, 809, 810, 817, 820, 855, 856, 857, 858, 859, 860, 861, 862, 863, 864, 865, 866, 1052, 1053, 1054, 1055, 1056, 1057, 1058, 1059, 1060, 1061, 1133, 1134, 1135, 1136, 1137, 1138, 1139, 1140, 1143, 1291, 1292, 1293, 1294, 1295, 1296, 1297, 1298, 1401, 1402, 1403, 1423, 1617, 1618, 1619, 1620, 1621, 1622, 1623, 1624, 1724, 1729, 1730, 1731, 1732, 1733, 1734, 1735, 1736, 1737, 1738, 1758, 1759, 1760, 1761, 1762, 1765, 1769, 1771, 1772, 1796, 1797, 1802, 1816, 1831, 1837, 1863, 1864, 1865, 1866, 1870, 1871, 1872, 1873, 1874, 1877, 1878, 1889, 1890, 1891, 1911, 1917, 1937, 1950, 1951, 1955, 1956, 1957, 1958, 1961, 1964, 1965, 1966, 1978, 1981, 1982, 1984, 1987, 1992, 1993, 1994, 1995, 2001, 2002, 2003, 2004, 2005, 2006, 2007, 2008, 2009, 2013, 2014, 2015, 2016, 2017, 2018, 2019, 2020, 2021, 2022, 2023, 2024, 2025, 2026, 2027, 2028, 2029, 2030, 2031, 2032, 2033, 2034, 2035, 2036, 2037, 2038, 2039, 2040, 2041, 2042, 2043, 2044], "selected_count": 175, "selection_time": 0.02273159599280916, "selection_score_forward_time": 0.022413963015424088}