{"example_id": 125, "sub_q_idx": 0, "method": "DraftModel", "reprocess_method": "DraftModel", "rate": 0.1, "system_len": 792, "passages_len": [792, 263, 162, 213, 140, 72, 233, 202, 201, 132, 112, 263, 162, 31], "chunk_ids": [0, 1, 2, 3, 4, 5, 6, 7, 8, 9, 10, 1, 2], "selected_abs": [792, 793, 794, 795, 796, 797, 798, 800, 807, 827, 828, 829, 830, 831, 832, 833, 836, 843, 926, 1027, 1028, 1053, 1054, 1055, 1056, 1057, 1058, 1059, 1060, 1061, 1062, 1063, 1103, 1216, 1217, 1218, 1219, 1220, 1221, 1222, 1223, 1225, 1226, 1429, 1430, 1431, 1432, 1433, 1434, 1435, 1436, 1437, 1438, 1539, 1569, 1570, 1571, 1572, 1573, 1574, 1575, 1576, 1577, 1578, 1602, 1611, 1641, 1642, 1643, 1644, 1645, 1646, 1647, 1648, 1650, 1652, 1672, 1692, 1695, 1709, 1790, 1874, 1875, 1876, 1877, 1878, 1879, 1880, 1881, 1882, 1883, 1884, 1885, 1886, 1902, 2076, 2077, 2078, 2079, 2080, 2081, 2082, 2083, 2084, 2085, 2092, 2114, 2149, 2203, 2215, 2217, 2277, 2278, 2279, 2280, 2281, 2282, 2283, 2284, 2285, 2287, 2317, 2409, 2410, 2411, 2412, 2413, 2414, 2415, 2416, 2417, 2418, 2419, 2420, 2421, 2422, 2423, 2424, 2425, 2426, 2427, 2430, 2431, 2432, 2433, 2434, 2435, 2436, 2437, 2438, 2439, 2440, 2441, 2442, 2443, 2444, 2445, 2446, 2447, 2448, 2449, 2450, 2451, 2452, 2453, 2454, 2455, 2456, 2457, 2458, 2487, 2488, 2489, 2490, 2491, 2492, 2493, 2494, 2495, 2496, 2503, 2504, 2505, 2506, 2507, 2508, 2509, 2510, 2511, 2512, 2513, 2514, 2515, 2516, 2517, 2518, 2519, 2520, 2521, 2522, 2523, 2524, 2525, 2526, 2527, 2528, 2529, 2530, 2532, 2534, 2537, 2538, 2540, 2541, 2545, 2547, 2548, 2550, 2555, 2557, 2558, 2559, 2560, 2561, 2562, 2563, 2573, 2592, 2644, 2700, 2724, 2737, 2749, 2750, 2751, 2756, 2757, 2758, 2767, 2780, 2783, 2784, 2785, 2786, 2787, 2788, 2789, 2790, 2791, 2792, 2793, 2796, 2797, 2798, 2801, 2802, 2806, 2808, 2812, 2813, 2824, 2826, 2827, 2828, 2829, 2833, 2839, 2840, 2857, 2858, 2859, 2862, 2863, 2869, 2872, 2875, 2876, 2878, 2879, 2887, 2897, 2898, 2899, 2900, 2902, 2906, 2909, 2910, 2915, 2923, 2927, 2931, 2932, 2933, 2934, 2935, 2936, 2937, 2938, 2939, 2940, 2941, 2942, 2943, 2944, 2945, 2946, 2947, 2948, 2949, 2950, 2951, 2952, 2953, 2954, 2955, 2956, 2957, 2958, 2959, 2960, 2961, 2962, 2963, 2964, 2965, 2966, 2967, 2968, 2969, 2970, 2971, 2972, 2973, 2974, 2975, 2976, 2977], "selected_count": 338, "selection_time": 0.1192361920257099, "selection_score_forward_time": 0.11880226997891441}