split,val_jaccard_r0p05,val_jaccard_r0p1,val_jaccard_r0p15,val_jaccard_r0p3,val_kl,val_recall_r0p05,val_recall_r0p1,val_recall_r0p15,val_recall_r0p3
wiki,0.2573835072135991,0.31751444039729565,0.3586197594006702,0.43477317271858656,0.008084953329712152,0.4003052631578937,0.4757894736842106,0.5228456140350877,0.6030591304347805
musique,0.3205760431647033,0.3237695339049167,0.3334770777567508,0.3933250536981768,0.010402558972365665,0.46898538434741044,0.48147581009480567,0.49490080043345863,0.5603176578364855
