method,segments,main_correct,main_total,main_acc,sub_correct,sub_total,sub_acc,f1,em
draft_smart_frequency_global,8,94,135,0.6962962962962963,203,250,0.812,0.21377845816609325,0.016
draft_smart_max_score_global,7,54,76,0.7105263157894737,114,138,0.8260869565217391,0.20043322840516709,0.014492753623188406
draft_smart_mean_score_global,8,92,132,0.696969696969697,198,244,0.8114754098360656,0.19021277421762084,0.00819672131147541
draft_smart_top2_mean_global,3,11,13,0.8461538461538461,21,23,0.9130434782608695,0.2916306542374161,0.043478260869565216
