method,segments,main_correct,main_total,main_acc,sub_correct,sub_total,sub_acc,f1,em
draft_smart_frequency_global,8,94,135,0.6962962962962963,203,250,0.812,0.21377845816609325,0.016
draft_smart_mean_score_global,8,95,135,0.7037037037037037,204,250,0.816,0.19306036604909632,0.008
draft_smart_max_score_global,8,94,135,0.6962962962962963,200,250,0.8,0.2040790206109165,0.016
draft_smart_top2_mean_global,8,94,135,0.6962962962962963,201,250,0.804,0.1990932742785892,0.012
