method,main_correct,main_total,sub_correct,sub_total,avg_f1,avg_em,residual_select_time,draft_score_forward_time,added_tokens,prompt_eval_duration,prompt_eval_count,csv_files
first12,92,135,197,250,0.20716721612907843,0.012,0.05240073645953089,0.0,70.82,0.9139284106278792,249.52,8
middle,95,135,202,250,0.2044087248469584,0.016,0.07430036696011666,0.0,70.82,0.9328302437774837,249.52,8
