{"example_id": 105, "sub_q_idx": 0, "method": "DraftModel", "reprocess_method": "DraftModel", "rate": 0.1, "system_len": 792, "passages_len": [792, 228, 264, 335, 171, 167, 314, 248, 222, 201, 260, 35], "chunk_ids": [0, 1, 2, 3, 4, 5, 6, 7, 8, 9, 10], "selected_abs": [792, 793, 794, 795, 796, 797, 798, 799, 800, 801, 802, 803, 804, 805, 806, 807, 808, 809, 810, 811, 812, 815, 816, 817, 819, 820, 821, 822, 823, 824, 829, 830, 831, 832, 833, 838, 839, 840, 842, 843, 844, 845, 846, 847, 848, 849, 960, 961, 962, 963, 1007, 1011, 1012, 1019, 1020, 1021, 1022, 1023, 1024, 1025, 1027, 1028, 1029, 1030, 1031, 1032, 1047, 1064, 1120, 1194, 1222, 1283, 1284, 1285, 1286, 1287, 1291, 1292, 1293, 1294, 1295, 1296, 1464, 1608, 1617, 1618, 1619, 1620, 1621, 1622, 1623, 1624, 1625, 1634, 1635, 1637, 1638, 1640, 1645, 1646, 1647, 1651, 1667, 1710, 1771, 1789, 1790, 1791, 1792, 1793, 1794, 1795, 1796, 1798, 1799, 1800, 1801, 1802, 1803, 1805, 1806, 1807, 1821, 1838, 1862, 1899, 1922, 1956, 1957, 1958, 1959, 1960, 1961, 1963, 1965, 1966, 1967, 1968, 1969, 1970, 1971, 1972, 1973, 1974, 1975, 1977, 1997, 1998, 2023, 2069, 2078, 2213, 2254, 2266, 2269, 2270, 2271, 2272, 2273, 2274, 2275, 2276, 2279, 2280, 2281, 2285, 2294, 2295, 2296, 2297, 2324, 2330, 2341, 2396, 2474, 2518, 2519, 2520, 2521, 2522, 2523, 2524, 2525, 2532, 2536, 2541, 2549, 2564, 2664, 2673, 2674, 2675, 2676, 2680, 2681, 2698, 2699, 2721, 2740, 2741, 2742, 2743, 2744, 2745, 2746, 2747, 2749, 2750, 2751, 2752, 2753, 2758, 2759, 2767, 2782, 2824, 2851, 2861, 2871, 2885, 2912, 2931, 2932, 2933, 2934, 2940, 2941, 2942, 2943, 2944, 2945, 2946, 2947, 2948, 2949, 2950, 2951, 2952, 2953, 2954, 2955, 2956, 2957, 2958, 2959, 2962, 2963, 2965, 2966, 2967, 2970, 2971, 2983, 2995, 3005, 3006, 3008, 3009, 3010, 3027, 3028, 3042, 3048, 3049, 3050, 3051, 3052, 3053, 3054, 3055, 3058, 3067, 3069, 3070, 3098, 3101, 3108, 3113, 3120, 3131, 3133, 3138, 3145, 3146, 3147, 3163, 3166, 3168, 3171, 3173, 3175, 3177, 3178, 3180, 3200, 3201, 3202, 3203, 3204, 3205, 3206, 3207, 3208, 3209, 3210, 3211, 3212, 3213, 3214, 3215, 3216, 3217, 3218, 3219, 3220, 3221, 3222, 3223, 3224, 3225, 3226, 3227, 3228, 3229, 3230, 3231, 3232, 3233, 3234, 3235, 3236], "selected_count": 331, "selection_time": 0.10216945598949678, "selection_score_forward_time": 0.10175324598094448}