{"example_id": 100, "sub_q_idx": 1, "method": "DraftModel", "reprocess_method": "DraftModel", "rate": 0.1, "system_len": 792, "passages_len": [792, 55, 57, 108, 77, 143, 134, 97, 93, 120, 142, 57, 108, 143, 55, 25], "chunk_ids": [0, 5, 1, 2, 11, 3, 12, 13, 14, 15, 16, 1, 2, 3, 5], "selected_abs": [792, 793, 794, 795, 796, 797, 798, 799, 800, 801, 802, 803, 804, 805, 806, 807, 808, 810, 811, 812, 813, 814, 815, 818, 825, 828, 830, 831, 832, 833, 834, 837, 839, 842, 845, 846, 847, 848, 849, 850, 851, 852, 853, 854, 855, 856, 857, 864, 865, 867, 888, 891, 903, 904, 905, 906, 907, 910, 915, 922, 923, 924, 949, 969, 986, 1011, 1012, 1013, 1014, 1015, 1016, 1022, 1026, 1037, 1088, 1089, 1090, 1091, 1092, 1118, 1141, 1166, 1231, 1232, 1233, 1234, 1235, 1252, 1351, 1365, 1366, 1367, 1368, 1369, 1370, 1371, 1372, 1373, 1379, 1380, 1386, 1388, 1389, 1392, 1412, 1462, 1463, 1464, 1465, 1466, 1469, 1486, 1511, 1554, 1555, 1556, 1557, 1558, 1559, 1560, 1561, 1562, 1563, 1564, 1565, 1566, 1567, 1568, 1569, 1570, 1571, 1572, 1573, 1574, 1575, 1597, 1674, 1675, 1676, 1677, 1678, 1679, 1680, 1681, 1682, 1683, 1684, 1685, 1709, 1719, 1721, 1722, 1723, 1724, 1725, 1726, 1727, 1728, 1729, 1763, 1765, 1785, 1788, 1789, 1790, 1791, 1792, 1793, 1794, 1795, 1796, 1797, 1798, 1799, 1800, 1801, 1802, 1803, 1804, 1805, 1806, 1807, 1808, 1809, 1810, 1811, 1812, 1813, 1814, 1815, 1816, 1817, 1818, 1819, 1820, 1821, 1822, 1823, 1824, 1825, 1826, 1827, 1828, 1835, 1836, 1838, 1859, 1862, 1874, 1875, 1876, 1877, 1878, 1957, 1982, 1983, 1984, 1985, 1986, 1987, 2035, 2042, 2060, 2125, 2126, 2127, 2128, 2129, 2130, 2131, 2132, 2133, 2134, 2135, 2136, 2137, 2138, 2139, 2140, 2141, 2142, 2144, 2145, 2146, 2147, 2148, 2149, 2150, 2152, 2155, 2158, 2159, 2162, 2163, 2164, 2165, 2166, 2167, 2168, 2171, 2172, 2173, 2176, 2180, 2181, 2182, 2183, 2184, 2185, 2186, 2187, 2188, 2189, 2190, 2191, 2192, 2193, 2194, 2195, 2196, 2197, 2198, 2199, 2200, 2201, 2202, 2203, 2204, 2205], "selected_count": 289, "selection_time": 0.06917740701464936, "selection_score_forward_time": 0.06879044498782605}