{"example_id": 117, "sub_q_idx": 0, "method": "DraftModel", "reprocess_method": "DraftModel", "rate": 0.1, "system_len": 792, "passages_len": [792, 49, 123, 186, 59, 141, 124, 138, 189, 131, 203, 28], "chunk_ids": [0, 1, 2, 3, 4, 5, 6, 7, 8, 9, 10], "selected_abs": [792, 793, 794, 795, 796, 797, 798, 799, 800, 801, 802, 803, 804, 805, 806, 807, 808, 809, 810, 811, 812, 813, 814, 815, 816, 817, 818, 819, 820, 835, 836, 839, 840, 841, 842, 843, 844, 848, 858, 859, 868, 878, 881, 893, 963, 964, 965, 966, 967, 970, 977, 978, 995, 1022, 1107, 1149, 1150, 1151, 1152, 1153, 1154, 1169, 1207, 1208, 1209, 1210, 1211, 1212, 1213, 1214, 1215, 1229, 1248, 1329, 1340, 1345, 1349, 1350, 1351, 1352, 1353, 1355, 1377, 1391, 1473, 1474, 1475, 1476, 1477, 1478, 1479, 1480, 1481, 1482, 1485, 1499, 1525, 1529, 1559, 1607, 1611, 1612, 1613, 1614, 1615, 1618, 1619, 1620, 1621, 1630, 1641, 1643, 1798, 1800, 1801, 1802, 1803, 1804, 1805, 1811, 1822, 1824, 1844, 1902, 1903, 1931, 1932, 1933, 1934, 1935, 1938, 1944, 1945, 1947, 1950, 1954, 1955, 1956, 1957, 1958, 1963, 1967, 1970, 1972, 2011, 2012, 2054, 2055, 2064, 2097, 2098, 2099, 2100, 2107, 2108, 2124, 2129, 2133, 2134, 2135, 2136, 2137, 2138, 2139, 2140, 2141, 2142, 2143, 2144, 2145, 2146, 2147, 2148, 2149, 2150, 2151, 2152, 2153, 2154, 2155, 2156, 2157, 2158, 2159, 2160, 2161, 2162], "selected_count": 187, "selection_time": 0.06662289501400664, "selection_score_forward_time": 0.0662880000018049}