{"example_id": 123, "sub_q_idx": 0, "method": "DraftModel", "reprocess_method": "DraftModel", "rate": 0.1, "system_len": 792, "passages_len": [792, 105, 60, 420, 87, 196, 223, 231, 218, 241, 162, 26], "chunk_ids": [0, 1, 2, 3, 4, 5, 6, 7, 8, 9, 10], "selected_abs": [792, 793, 794, 795, 796, 797, 798, 799, 800, 801, 802, 803, 804, 805, 806, 807, 808, 809, 810, 811, 812, 813, 814, 818, 819, 820, 821, 822, 823, 824, 846, 847, 848, 849, 850, 857, 858, 859, 860, 862, 892, 893, 894, 895, 896, 897, 898, 899, 900, 901, 902, 903, 906, 907, 908, 910, 926, 933, 937, 953, 956, 957, 958, 959, 960, 961, 973, 988, 989, 1029, 1147, 1202, 1296, 1326, 1336, 1341, 1365, 1376, 1377, 1378, 1379, 1380, 1381, 1382, 1383, 1384, 1385, 1386, 1387, 1390, 1391, 1393, 1395, 1400, 1401, 1403, 1404, 1463, 1464, 1465, 1466, 1467, 1468, 1469, 1470, 1471, 1472, 1473, 1475, 1476, 1477, 1502, 1511, 1517, 1518, 1519, 1520, 1521, 1522, 1530, 1540, 1565, 1605, 1659, 1660, 1661, 1662, 1663, 1664, 1665, 1666, 1715, 1774, 1882, 1883, 1884, 1885, 1886, 1887, 1889, 1890, 1891, 1892, 1893, 1894, 1895, 1917, 1918, 1954, 2037, 2113, 2114, 2115, 2116, 2117, 2118, 2119, 2120, 2123, 2136, 2137, 2139, 2140, 2158, 2162, 2195, 2234, 2245, 2278, 2313, 2327, 2331, 2332, 2333, 2334, 2335, 2336, 2337, 2340, 2341, 2342, 2343, 2367, 2371, 2427, 2482, 2528, 2530, 2572, 2573, 2574, 2575, 2576, 2577, 2578, 2579, 2580, 2581, 2584, 2589, 2590, 2597, 2605, 2607, 2608, 2619, 2620, 2622, 2623, 2625, 2630, 2638, 2639, 2640, 2641, 2655, 2659, 2660, 2662, 2663, 2667, 2668, 2669, 2670, 2671, 2672, 2674, 2676, 2700, 2717, 2729, 2730, 2733, 2734, 2735, 2736, 2737, 2738, 2739, 2740, 2741, 2742, 2743, 2744, 2745, 2746, 2747, 2748, 2749, 2750, 2751, 2752, 2753, 2754, 2755, 2756, 2757, 2758, 2759, 2760], "selected_count": 260, "selection_time": 0.0862576219951734, "selection_score_forward_time": 0.08584768397849984}