{"example_id": 103, "sub_q_idx": 0, "method": "DraftModel", "reprocess_method": "DraftModel", "rate": 0.1, "system_len": 792, "passages_len": [792, 57, 118, 171, 143, 221, 189, 113, 108, 157, 96, 38], "chunk_ids": [0, 1, 2, 3, 4, 5, 6, 7, 8, 9, 10], "selected_abs": [792, 793, 794, 795, 796, 797, 798, 799, 800, 801, 802, 803, 806, 809, 810, 812, 816, 820, 825, 826, 829, 832, 833, 836, 838, 842, 848, 849, 850, 851, 857, 860, 873, 884, 893, 939, 966, 967, 968, 969, 970, 1012, 1101, 1137, 1138, 1139, 1140, 1141, 1145, 1167, 1177, 1215, 1280, 1281, 1282, 1283, 1366, 1452, 1480, 1501, 1502, 1503, 1619, 1690, 1691, 1692, 1693, 1694, 1698, 1752, 1799, 1803, 1804, 1808, 1811, 1816, 1822, 1824, 1849, 1869, 1911, 1912, 1913, 1914, 1919, 1922, 1936, 1993, 2021, 2068, 2069, 2070, 2071, 2072, 2073, 2074, 2077, 2080, 2088, 2090, 2094, 2098, 2099, 2111, 2116, 2120, 2122, 2133, 2134, 2148, 2158, 2160, 2163, 2164, 2165, 2166, 2167, 2168, 2169, 2170, 2171, 2172, 2173, 2174, 2175, 2176, 2177, 2178, 2179, 2180, 2181, 2182, 2183, 2184, 2185, 2186, 2187, 2188, 2189, 2190, 2191, 2192, 2193, 2194, 2195, 2196, 2197, 2198, 2199, 2200, 2201, 2202], "selected_count": 152, "selection_time": 0.06841099000303075, "selection_score_forward_time": 0.06798233700101264}