{"example_id": 123, "sub_q_idx": 2, "method": "DraftModel", "reprocess_method": "DraftModel", "rate": 0.1, "system_len": 792, "passages_len": [792, 105, 85, 135, 87, 157, 137, 352, 195, 110, 107, 33], "chunk_ids": [0, 1, 13, 12, 4, 14, 17, 15, 16, 18, 11], "selected_abs": [792, 793, 794, 795, 796, 797, 798, 799, 800, 801, 802, 803, 804, 805, 806, 807, 808, 809, 810, 811, 812, 813, 814, 815, 816, 817, 818, 819, 820, 821, 822, 823, 824, 836, 837, 838, 839, 841, 842, 843, 846, 847, 848, 849, 850, 854, 857, 858, 859, 860, 862, 869, 870, 871, 892, 893, 894, 895, 896, 897, 898, 899, 900, 901, 902, 903, 904, 905, 906, 907, 908, 909, 913, 914, 915, 917, 918, 919, 921, 922, 925, 927, 928, 981, 982, 983, 984, 985, 991, 1005, 1006, 1007, 1008, 1009, 1010, 1012, 1017, 1018, 1030, 1045, 1116, 1117, 1118, 1119, 1120, 1121, 1122, 1123, 1124, 1140, 1143, 1203, 1204, 1205, 1206, 1207, 1208, 1209, 1210, 1359, 1360, 1361, 1362, 1363, 1364, 1365, 1366, 1367, 1368, 1374, 1375, 1376, 1377, 1394, 1395, 1422, 1423, 1461, 1496, 1497, 1498, 1499, 1500, 1501, 1502, 1503, 1504, 1505, 1507, 1508, 1509, 1510, 1511, 1522, 1523, 1603, 1604, 1606, 1607, 1608, 1609, 1716, 1748, 1758, 1814, 1849, 1850, 1851, 1852, 1853, 1854, 1855, 1856, 1857, 1858, 1873, 1876, 1965, 2000, 2012, 2040, 2044, 2045, 2046, 2047, 2048, 2049, 2050, 2051, 2052, 2053, 2054, 2055, 2056, 2057, 2058, 2059, 2060, 2061, 2062, 2063, 2064, 2065, 2066, 2067, 2068, 2069, 2070, 2071, 2088, 2089, 2090, 2091, 2092, 2093, 2097, 2102, 2103, 2104, 2105, 2106, 2107, 2108, 2109, 2110, 2111, 2112, 2113, 2114, 2115, 2116, 2117, 2118, 2119, 2120, 2121, 2122, 2123, 2124, 2125, 2126, 2127, 2128, 2129, 2130, 2131, 2132, 2133, 2134, 2135, 2136, 2137, 2138, 2139, 2140, 2141, 2142, 2143, 2144, 2145, 2146, 2147, 2148, 2149, 2150, 2151, 2152, 2153, 2154, 2155, 2156, 2157, 2158, 2159, 2160, 2161, 2162, 2163, 2164, 2165, 2166, 2167, 2168, 2169, 2170, 2171, 2172, 2174, 2175, 2176, 2177, 2178, 2179, 2180, 2181, 2183, 2185, 2186, 2187, 2198, 2200, 2202, 2203, 2208, 2210, 2230, 2247, 2248, 2249, 2251, 2261, 2262, 2263, 2264, 2265, 2266, 2267, 2268, 2269, 2270, 2271, 2272, 2273, 2274, 2275, 2276, 2277, 2278, 2279, 2280, 2281, 2282, 2283, 2284, 2285, 2286, 2287, 2288, 2289, 2290, 2291, 2292, 2293, 2294], "selected_count": 344, "selection_time": 0.0686735319904983, "selection_score_forward_time": 0.06835040700389072}