{"example_id": 109, "sub_q_idx": 0, "method": "DraftModel", "reprocess_method": "DraftModel", "rate": 0.1, "system_len": 792, "passages_len": [792, 161, 141, 180, 125, 107, 160, 374, 110, 233, 130, 161, 36], "chunk_ids": [0, 1, 2, 3, 4, 5, 6, 7, 8, 9, 10, 1], "selected_abs": [792, 793, 794, 795, 796, 797, 798, 799, 800, 801, 805, 811, 813, 831, 832, 833, 834, 839, 851, 854, 875, 887, 891, 907, 910, 937, 938, 939, 940, 941, 946, 952, 953, 954, 955, 956, 957, 1020, 1093, 1094, 1095, 1096, 1097, 1098, 1099, 1100, 1105, 1113, 1116, 1120, 1197, 1205, 1212, 1245, 1246, 1273, 1274, 1275, 1276, 1277, 1278, 1279, 1280, 1281, 1287, 1298, 1302, 1306, 1307, 1312, 1345, 1377, 1388, 1397, 1398, 1399, 1400, 1401, 1404, 1405, 1413, 1430, 1505, 1506, 1507, 1508, 1509, 1510, 1511, 1512, 1513, 1514, 1515, 1516, 1517, 1518, 1519, 1540, 1552, 1593, 1665, 1666, 1667, 1668, 1669, 1670, 1671, 1672, 1673, 1674, 1675, 1676, 1737, 1744, 1759, 1772, 1831, 1850, 1861, 1890, 1940, 2015, 2035, 2039, 2040, 2041, 2042, 2043, 2045, 2046, 2048, 2049, 2050, 2051, 2052, 2053, 2054, 2086, 2094, 2115, 2145, 2149, 2150, 2151, 2152, 2153, 2154, 2156, 2157, 2160, 2167, 2175, 2194, 2251, 2255, 2274, 2282, 2346, 2349, 2369, 2370, 2371, 2381, 2382, 2383, 2384, 2385, 2386, 2387, 2388, 2389, 2390, 2391, 2392, 2393, 2394, 2404, 2405, 2406, 2407, 2408, 2409, 2418, 2419, 2420, 2421, 2422, 2449, 2450, 2451, 2452, 2453, 2454, 2455, 2456, 2457, 2458, 2459, 2460, 2461, 2462, 2463, 2464, 2465, 2469, 2470, 2471, 2472, 2473, 2474, 2475, 2476, 2477, 2478, 2479, 2480, 2488, 2489, 2490, 2491, 2492, 2493, 2494, 2495, 2496, 2497, 2498, 2499, 2500, 2501, 2502, 2503, 2504, 2505, 2506, 2507, 2508, 2509, 2510, 2511, 2512, 2513, 2514, 2515, 2516, 2517, 2518, 2519, 2520, 2521, 2522, 2526, 2532, 2533, 2534, 2548, 2552, 2553, 2554, 2555, 2560, 2571, 2572, 2596, 2608, 2611, 2613, 2615, 2625, 2627, 2631, 2633, 2634, 2654, 2657, 2658, 2659, 2660, 2661, 2662, 2665, 2667, 2671, 2672, 2673, 2674, 2675, 2676, 2677, 2678, 2679, 2680, 2681, 2682, 2683, 2684, 2685, 2686, 2687, 2688, 2689, 2690, 2691, 2692, 2693, 2694, 2695, 2696, 2697, 2698, 2699, 2700, 2701, 2702, 2703, 2704, 2705, 2706, 2707, 2708, 2709], "selected_count": 321, "selection_time": 0.08598810000694357, "selection_score_forward_time": 0.08559590499498881}