{"example_id": 102, "sub_q_idx": 1, "method": "DraftModel", "reprocess_method": "DraftModel", "rate": 0.1, "system_len": 792, "passages_len": [792, 73, 124, 121, 165, 151, 144, 103, 153, 260, 196, 124, 73, 24], "chunk_ids": [0, 11, 1, 12, 13, 14, 15, 16, 17, 18, 19, 1, 11], "selected_abs": [792, 793, 794, 795, 796, 799, 806, 810, 811, 812, 813, 814, 815, 816, 824, 830, 846, 851, 864, 865, 866, 867, 868, 869, 870, 871, 872, 873, 874, 875, 876, 877, 878, 879, 880, 881, 926, 946, 947, 962, 988, 989, 990, 991, 992, 994, 1001, 1007, 1042, 1064, 1109, 1110, 1111, 1112, 1113, 1114, 1120, 1121, 1122, 1123, 1124, 1125, 1127, 1128, 1129, 1133, 1136, 1137, 1141, 1142, 1143, 1146, 1147, 1172, 1244, 1248, 1274, 1275, 1276, 1277, 1287, 1338, 1421, 1425, 1426, 1427, 1428, 1429, 1435, 1520, 1521, 1556, 1569, 1570, 1571, 1572, 1573, 1574, 1575, 1576, 1577, 1578, 1579, 1580, 1581, 1585, 1618, 1655, 1671, 1672, 1673, 1674, 1675, 1676, 1677, 1678, 1679, 1715, 1760, 1825, 1826, 1827, 1828, 1829, 1830, 1831, 1832, 1865, 1902, 1963, 1971, 2016, 2085, 2086, 2087, 2088, 2089, 2090, 2091, 2092, 2093, 2094, 2095, 2096, 2097, 2098, 2099, 2100, 2101, 2102, 2103, 2104, 2105, 2106, 2107, 2119, 2120, 2121, 2122, 2123, 2124, 2125, 2127, 2179, 2180, 2181, 2182, 2183, 2184, 2192, 2193, 2194, 2195, 2196, 2197, 2198, 2199, 2200, 2201, 2202, 2204, 2205, 2206, 2207, 2208, 2209, 2210, 2211, 2212, 2213, 2220, 2221, 2222, 2223, 2224, 2225, 2226, 2227, 2228, 2238, 2239, 2240, 2241, 2242, 2243, 2244, 2245, 2246, 2247, 2248, 2249, 2257, 2258, 2259, 2260, 2261, 2262, 2263, 2264, 2265, 2266, 2267, 2268, 2269, 2270, 2271, 2272, 2273, 2274, 2275, 2276, 2277, 2278, 2279, 2280, 2281, 2282, 2283, 2284, 2285, 2286, 2287, 2288, 2289, 2290, 2291, 2292, 2293, 2294, 2295, 2296, 2297, 2298, 2306, 2338, 2343, 2351, 2363, 2379, 2385, 2405, 2406, 2407, 2408, 2409, 2410, 2411, 2412, 2413, 2414, 2415, 2418, 2419, 2420, 2421, 2423, 2424, 2425, 2426, 2427, 2428, 2429, 2430, 2431, 2432, 2433, 2435, 2436, 2437, 2438, 2440, 2442, 2443, 2444, 2446, 2448, 2449, 2450, 2457, 2458, 2460, 2465, 2474, 2476, 2477, 2478, 2479, 2480, 2481, 2482, 2483, 2484, 2485, 2486, 2487, 2488, 2489, 2490, 2491, 2492, 2493, 2494, 2495, 2496, 2497, 2498, 2499, 2500, 2501, 2502], "selected_count": 330, "selection_time": 0.08102272200630978, "selection_score_forward_time": 0.08027602202491835}