{"example_id": 113, "sub_q_idx": 0, "method": "DraftModel", "reprocess_method": "DraftModel", "rate": 0.1, "system_len": 792, "passages_len": [792, 131, 225, 210, 102, 102, 168, 61, 121, 216, 120, 27], "chunk_ids": [0, 1, 2, 3, 4, 5, 6, 7, 8, 9, 10], "selected_abs": [792, 793, 794, 795, 796, 797, 798, 799, 800, 803, 804, 805, 806, 807, 808, 809, 810, 811, 812, 813, 814, 820, 823, 824, 825, 826, 827, 828, 829, 830, 834, 836, 837, 838, 839, 840, 841, 879, 893, 894, 896, 914, 915, 918, 922, 923, 924, 925, 926, 927, 928, 933, 959, 991, 1075, 1082, 1147, 1148, 1149, 1150, 1151, 1153, 1159, 1160, 1161, 1163, 1164, 1182, 1198, 1202, 1294, 1357, 1358, 1359, 1360, 1384, 1395, 1399, 1459, 1460, 1461, 1462, 1463, 1502, 1506, 1561, 1562, 1563, 1564, 1565, 1603, 1623, 1634, 1729, 1730, 1731, 1732, 1733, 1734, 1735, 1736, 1737, 1738, 1749, 1751, 1779, 1790, 1791, 1792, 1793, 1794, 1795, 1796, 1825, 1829, 1842, 1911, 1912, 1913, 1914, 1915, 1920, 1941, 1954, 1999, 2031, 2110, 2127, 2128, 2129, 2130, 2131, 2132, 2133, 2134, 2135, 2136, 2138, 2140, 2141, 2143, 2144, 2145, 2146, 2148, 2150, 2155, 2156, 2157, 2159, 2162, 2167, 2169, 2178, 2179, 2186, 2190, 2196, 2197, 2203, 2204, 2205, 2214, 2223, 2234, 2239, 2240, 2243, 2246, 2247, 2248, 2249, 2250, 2251, 2252, 2253, 2254, 2255, 2256, 2257, 2258, 2259, 2260, 2261, 2262, 2263, 2264, 2265, 2266, 2267, 2268, 2269, 2270, 2271, 2272, 2273, 2274], "selected_count": 197, "selection_time": 0.06846482900436968, "selection_score_forward_time": 0.06810745599796064}