{"example_id": 119, "sub_q_idx": 1, "method": "DraftModel", "reprocess_method": "DraftModel", "rate": 0.1, "system_len": 792, "passages_len": [792, 82, 95, 43, 49, 68, 106, 110, 238, 112, 132, 68, 82, 27], "chunk_ids": [0, 11, 12, 13, 14, 1, 15, 16, 17, 18, 19, 1, 11], "selected_abs": [792, 793, 794, 795, 798, 800, 801, 814, 819, 821, 834, 835, 873, 874, 875, 876, 882, 883, 884, 885, 886, 887, 888, 908, 911, 930, 934, 968, 969, 970, 971, 972, 973, 974, 990, 994, 1011, 1012, 1013, 1014, 1015, 1016, 1017, 1018, 1019, 1020, 1035, 1036, 1056, 1060, 1061, 1062, 1063, 1064, 1065, 1066, 1067, 1068, 1069, 1070, 1071, 1072, 1073, 1074, 1075, 1076, 1077, 1078, 1079, 1080, 1081, 1082, 1083, 1084, 1085, 1086, 1087, 1088, 1127, 1128, 1129, 1130, 1131, 1132, 1133, 1134, 1135, 1136, 1148, 1149, 1150, 1151, 1152, 1153, 1154, 1163, 1194, 1234, 1235, 1236, 1237, 1238, 1239, 1240, 1241, 1242, 1287, 1344, 1345, 1346, 1347, 1348, 1349, 1350, 1351, 1396, 1447, 1582, 1583, 1584, 1585, 1586, 1587, 1588, 1589, 1590, 1591, 1624, 1649, 1665, 1694, 1695, 1696, 1697, 1698, 1699, 1700, 1701, 1702, 1703, 1704, 1705, 1706, 1707, 1708, 1709, 1710, 1711, 1712, 1713, 1714, 1715, 1716, 1717, 1718, 1722, 1724, 1725, 1726, 1727, 1728, 1729, 1730, 1731, 1732, 1733, 1734, 1735, 1736, 1737, 1765, 1788, 1789, 1790, 1791, 1792, 1793, 1801, 1802, 1803, 1804, 1805, 1806, 1807, 1808, 1809, 1810, 1811, 1812, 1813, 1814, 1815, 1816, 1817, 1818, 1819, 1820, 1821, 1822, 1823, 1824, 1825, 1826, 1827, 1828, 1829, 1830, 1831, 1832, 1833, 1834, 1835, 1836, 1837, 1838, 1839, 1840, 1841, 1842, 1843, 1844, 1845, 1846, 1847, 1848, 1849, 1850, 1851, 1852, 1853, 1854, 1866, 1875, 1893, 1894, 1895, 1896, 1897, 1898, 1899, 1900, 1901, 1902, 1903, 1904, 1906, 1907, 1908, 1911, 1916, 1917, 1918, 1920, 1922, 1923, 1924, 1926, 1937, 1938, 1942, 1945, 1946, 1950, 1951, 1957, 1962, 1975, 1976, 1977, 1978, 1979, 1980, 1981, 1982, 1983, 1984, 1985, 1986, 1987, 1988, 1989, 1990, 1991, 1992, 1993, 1994, 1995, 1996, 1997, 1998, 1999, 2000, 2001, 2002, 2003], "selected_count": 295, "selection_time": 0.06427865999285132, "selection_score_forward_time": 0.0639302339986898}