{
  "label": "offline_hybrid70_draftpath_rate015",
  "main_correct": 92,
  "main_total": 135,
  "sub_correct": 194,
  "sub_total": 248,
  "avg_f1": 0.20644825578126322,
  "avg_em": 0.008064516129032258,
  "missing_csv": 0,
  "finished": 8,
  "traceback": 0,
  "killed": 0,
  "main_acc": 0.6814814814814815,
  "sub_acc": 0.782258064516129
}