split,val_jaccard_r0p05,val_jaccard_r0p1,val_jaccard_r0p15,val_jaccard_r0p3,val_kl,val_recall_r0p05,val_recall_r0p1,val_recall_r0p15,val_recall_r0p3
wiki,0.2577232517226759,0.31774135635881673,0.3586995477271444,0.43500690424123634,0.008085080482810736,0.40070526315789384,0.4760684210526317,0.5229263157894743,0.603290434782605
musique,0.3191554114403976,0.3243047179524872,0.3332858687621067,0.3934923556341968,0.010403280253828006,0.4679181277494314,0.48206338192206033,0.4947019547381984,0.5604645138780744
