{"example_id": 14, "sub_q_idx": 0, "method": "DraftModel", "reprocess_method": "DraftModel", "rate": 0.1, "system_len": 792, "passages_len": [792, 144, 71, 113, 84, 141, 93, 101, 106, 93, 111, 40], "chunk_ids": [0, 1, 2, 3, 4, 5, 6, 7, 8, 9, 10], "selected_abs": [792, 793, 794, 795, 796, 797, 798, 799, 800, 801, 802, 803, 804, 805, 806, 807, 808, 890, 935, 936, 937, 938, 939, 940, 944, 962, 963, 964, 965, 966, 967, 968, 970, 971, 973, 977, 978, 979, 995, 1005, 1006, 1007, 1008, 1009, 1010, 1011, 1012, 1034, 1035, 1037, 1038, 1057, 1118, 1119, 1120, 1121, 1122, 1123, 1124, 1125, 1203, 1204, 1205, 1206, 1208, 1209, 1344, 1345, 1346, 1347, 1349, 1350, 1437, 1438, 1439, 1440, 1538, 1543, 1632, 1644, 1645, 1646, 1647, 1648, 1649, 1655, 1656, 1688, 1722, 1737, 1738, 1739, 1740, 1741, 1744, 1745, 1756, 1758, 1759, 1760, 1771, 1772, 1774, 1775, 1776, 1782, 1784, 1789, 1800, 1804, 1812, 1821, 1822, 1823, 1824, 1826, 1827, 1828, 1830, 1831, 1832, 1833, 1834, 1835, 1836, 1838, 1839, 1840, 1841, 1842, 1843, 1844, 1846, 1847, 1848, 1849, 1850, 1851, 1852, 1853, 1854, 1855, 1856, 1857, 1858, 1859, 1860, 1861, 1862, 1863, 1864, 1865, 1866, 1867, 1868, 1869, 1870, 1871, 1872, 1873, 1874, 1875, 1876, 1877, 1878, 1879, 1880, 1881, 1882, 1883, 1884, 1885, 1886, 1887, 1888], "selected_count": 175, "selection_time": 0.04288702001213096, "selection_score_forward_time": 0.042541976989014074}