{"example_id": 10, "sub_q_idx": 0, "method": "DraftModel", "reprocess_method": "DraftModel", "rate": 0.1, "system_len": 792, "passages_len": [792, 186, 203, 90, 310, 88, 123, 89, 117, 68, 231, 29], "chunk_ids": [0, 1, 2, 3, 4, 5, 6, 7, 8, 9, 10], "selected_abs": [792, 793, 794, 795, 796, 797, 798, 799, 800, 801, 802, 803, 804, 805, 806, 807, 808, 809, 810, 811, 812, 813, 814, 815, 816, 817, 818, 819, 820, 821, 822, 823, 824, 850, 875, 878, 880, 881, 976, 977, 978, 979, 980, 981, 1005, 1180, 1181, 1182, 1183, 1184, 1185, 1186, 1270, 1271, 1272, 1273, 1274, 1275, 1276, 1306, 1358, 1580, 1581, 1582, 1583, 1584, 1585, 1668, 1669, 1670, 1671, 1672, 1673, 1674, 1675, 1710, 1719, 1742, 1786, 1791, 1792, 1793, 1794, 1795, 1799, 1800, 1801, 1816, 1880, 1881, 1882, 1883, 1884, 1885, 1918, 1973, 1985, 1991, 1997, 1998, 1999, 2000, 2001, 2002, 2003, 2004, 2005, 2007, 2018, 2022, 2023, 2025, 2028, 2034, 2050, 2065, 2066, 2067, 2068, 2069, 2070, 2071, 2073, 2074, 2077, 2081, 2092, 2095, 2125, 2138, 2142, 2143, 2146, 2150, 2162, 2175, 2206, 2225, 2244, 2246, 2247, 2249, 2251, 2262, 2266, 2268, 2272, 2273, 2275, 2276, 2277, 2278, 2279, 2280, 2281, 2282, 2283, 2284, 2285, 2286, 2287, 2288, 2289, 2290, 2291, 2292, 2293, 2294, 2295, 2296, 2297, 2298, 2299, 2300, 2301, 2302, 2303, 2304, 2305, 2306, 2307, 2308, 2309, 2310, 2311, 2312, 2313, 2314, 2315, 2316, 2317, 2318, 2319, 2320, 2321, 2322, 2323, 2324, 2325], "selected_count": 199, "selection_time": 0.047811398981139064, "selection_score_forward_time": 0.04747127598966472}