{"example_id": 14, "sub_q_idx": 1, "method": "DraftModel", "reprocess_method": "DraftModel", "rate": 0.1, "system_len": 792, "passages_len": [792, 47, 106, 144, 95, 210, 394, 168, 93, 51, 98, 144, 84, 47, 28], "chunk_ids": [0, 11, 8, 1, 12, 13, 14, 15, 6, 16, 17, 1, 4, 11], "selected_abs": [792, 793, 794, 795, 796, 797, 799, 836, 837, 838, 839, 840, 867, 944, 945, 946, 947, 948, 949, 950, 951, 952, 953, 954, 955, 956, 957, 958, 959, 960, 961, 1070, 1088, 1089, 1090, 1091, 1092, 1104, 1135, 1139, 1140, 1183, 1184, 1185, 1186, 1187, 1238, 1242, 1330, 1393, 1394, 1395, 1396, 1397, 1400, 1406, 1408, 1427, 1468, 1511, 1787, 1788, 1789, 1790, 1791, 1792, 1793, 1794, 1798, 1799, 1801, 1802, 1803, 1804, 1805, 1806, 1807, 1808, 1810, 1865, 1955, 1956, 1957, 1958, 1960, 1961, 1965, 1992, 1997, 2048, 2049, 2050, 2051, 2052, 2053, 2054, 2055, 2056, 2057, 2058, 2086, 2087, 2088, 2089, 2090, 2091, 2092, 2093, 2094, 2095, 2096, 2097, 2098, 2099, 2100, 2101, 2102, 2103, 2104, 2105, 2106, 2107, 2108, 2109, 2110, 2111, 2112, 2113, 2114, 2115, 2116, 2117, 2118, 2119, 2120, 2121, 2122, 2123, 2124, 2125, 2126, 2127, 2128, 2130, 2131, 2135, 2136, 2137, 2138, 2139, 2140, 2141, 2142, 2146, 2147, 2148, 2149, 2150, 2151, 2176, 2177, 2178, 2179, 2180, 2181, 2182, 2183, 2184, 2185, 2186, 2187, 2188, 2189, 2190, 2191, 2192, 2193, 2194, 2195, 2196, 2197, 2198, 2199, 2200, 2201, 2202, 2203, 2204, 2205, 2206, 2207, 2208, 2209, 2210, 2211, 2212, 2213, 2214, 2323, 2341, 2342, 2343, 2344, 2345, 2346, 2347, 2350, 2351, 2357, 2367, 2369, 2370, 2380, 2384, 2386, 2389, 2391, 2392, 2417, 2422, 2423, 2425, 2426, 2427, 2428, 2429, 2430, 2431, 2432, 2433, 2434, 2435, 2436, 2437, 2438, 2439, 2440, 2441, 2442, 2443, 2444, 2445, 2446, 2447, 2448, 2449, 2451, 2452, 2453, 2454, 2455, 2456, 2457, 2458, 2459, 2460, 2461, 2462, 2463, 2464, 2465, 2466, 2467, 2468, 2469, 2470, 2471, 2472, 2473, 2474, 2475, 2476, 2477, 2478, 2479, 2480, 2481, 2482, 2483, 2484, 2485, 2486, 2487, 2488, 2489, 2490, 2491, 2492, 2493, 2494, 2495, 2496, 2497, 2498, 2499, 2500], "selected_count": 296, "selection_time": 0.053148106002481654, "selection_score_forward_time": 0.052790495014050975}