{"example_id": 10, "sub_q_idx": 1, "method": "DraftModel", "reprocess_method": "DraftModel", "rate": 0.1, "system_len": 792, "passages_len": [792, 203, 186, 138, 99, 122, 190, 124, 117, 57, 113, 186, 203, 28], "chunk_ids": [0, 2, 1, 11, 12, 13, 14, 15, 8, 16, 17, 1, 2], "selected_abs": [792, 793, 794, 795, 799, 802, 809, 815, 816, 817, 818, 827, 871, 994, 995, 996, 997, 998, 999, 1000, 1001, 1002, 1003, 1004, 1005, 1006, 1007, 1008, 1009, 1010, 1011, 1012, 1013, 1014, 1015, 1016, 1017, 1018, 1019, 1020, 1021, 1022, 1023, 1024, 1025, 1026, 1027, 1053, 1078, 1179, 1180, 1181, 1182, 1183, 1185, 1186, 1187, 1188, 1236, 1266, 1318, 1319, 1320, 1321, 1322, 1323, 1324, 1364, 1389, 1417, 1418, 1419, 1420, 1421, 1422, 1423, 1424, 1425, 1426, 1427, 1477, 1539, 1540, 1541, 1542, 1543, 1544, 1545, 1546, 1547, 1585, 1607, 1608, 1642, 1728, 1729, 1730, 1731, 1732, 1733, 1734, 1735, 1755, 1756, 1757, 1758, 1759, 1760, 1761, 1762, 1763, 1764, 1853, 1854, 1855, 1856, 1857, 1858, 1919, 1946, 1970, 1971, 1972, 1973, 1974, 1975, 1976, 1977, 1978, 1982, 1983, 1984, 1985, 1986, 1987, 1988, 1989, 1990, 2008, 2026, 2027, 2028, 2029, 2030, 2031, 2032, 2033, 2034, 2035, 2036, 2037, 2038, 2039, 2040, 2041, 2042, 2043, 2044, 2091, 2092, 2093, 2094, 2095, 2096, 2097, 2098, 2099, 2100, 2101, 2102, 2103, 2104, 2105, 2106, 2107, 2108, 2109, 2110, 2111, 2112, 2113, 2114, 2115, 2116, 2117, 2118, 2119, 2120, 2121, 2122, 2123, 2124, 2125, 2126, 2127, 2128, 2129, 2130, 2131, 2132, 2133, 2134, 2135, 2136, 2137, 2138, 2139, 2140, 2141, 2142, 2143, 2144, 2145, 2146, 2147, 2148, 2149, 2150, 2151, 2152, 2153, 2154, 2155, 2156, 2157, 2158, 2159, 2160, 2161, 2162, 2163, 2164, 2165, 2166, 2167, 2168, 2169, 2170, 2171, 2172, 2173, 2199, 2224, 2284, 2325, 2326, 2327, 2328, 2329, 2330, 2334, 2337, 2344, 2349, 2350, 2351, 2352, 2353, 2354, 2358, 2362, 2364, 2389, 2406, 2409, 2439, 2449, 2453, 2463, 2465, 2466, 2467, 2468, 2473, 2474, 2480, 2482, 2484, 2485, 2492, 2493, 2494, 2495, 2497, 2498, 2499, 2500, 2501, 2502, 2503, 2504, 2505, 2506, 2507, 2510, 2511, 2512, 2514, 2515, 2516, 2517, 2518, 2519, 2520, 2521, 2522, 2523, 2524, 2525, 2526, 2527, 2528, 2529, 2530, 2531, 2532, 2533, 2534, 2535, 2536, 2537, 2538, 2539, 2540, 2541, 2542, 2543, 2544, 2545, 2546, 2547, 2548, 2549, 2550, 2551, 2552, 2553, 2554, 2555, 2556, 2557], "selected_count": 341, "selection_time": 0.05344629398314282, "selection_score_forward_time": 0.053090366011019796}