{"example_id": 12, "sub_q_idx": 0, "method": "DraftModel", "reprocess_method": "DraftModel", "rate": 0.1, "system_len": 792, "passages_len": [792, 138, 225, 198, 183, 148, 75, 195, 243, 336, 270, 36], "chunk_ids": [0, 1, 2, 3, 4, 5, 6, 7, 8, 9, 10], "selected_abs": [792, 793, 794, 795, 796, 797, 798, 799, 800, 801, 802, 803, 804, 805, 807, 808, 809, 810, 811, 812, 831, 833, 834, 835, 836, 841, 862, 864, 865, 866, 867, 868, 869, 898, 929, 930, 931, 932, 933, 934, 935, 936, 937, 978, 1050, 1079, 1154, 1155, 1156, 1157, 1159, 1165, 1186, 1352, 1353, 1354, 1355, 1356, 1357, 1358, 1359, 1360, 1361, 1535, 1536, 1537, 1538, 1539, 1540, 1541, 1542, 1559, 1561, 1565, 1593, 1667, 1683, 1684, 1685, 1686, 1687, 1688, 1689, 1690, 1692, 1758, 1759, 1760, 1761, 1762, 1807, 1953, 1954, 1955, 1956, 2196, 2197, 2198, 2199, 2200, 2201, 2202, 2203, 2285, 2381, 2411, 2532, 2533, 2534, 2535, 2536, 2537, 2541, 2542, 2549, 2558, 2570, 2576, 2577, 2578, 2579, 2590, 2605, 2614, 2622, 2625, 2639, 2657, 2674, 2680, 2685, 2699, 2706, 2711, 2715, 2718, 2719, 2720, 2721, 2722, 2728, 2729, 2735, 2740, 2741, 2742, 2743, 2744, 2745, 2746, 2747, 2748, 2751, 2753, 2754, 2755, 2758, 2759, 2761, 2765, 2766, 2767, 2768, 2769, 2770, 2771, 2772, 2773, 2774, 2775, 2776, 2777, 2778, 2779, 2781, 2782, 2783, 2786, 2787, 2789, 2790, 2791, 2792, 2793, 2794, 2795, 2796, 2797, 2798, 2799, 2800, 2801, 2802, 2803, 2804, 2805, 2806, 2807, 2808, 2809, 2810, 2811, 2812, 2813, 2814, 2815, 2816, 2817, 2818, 2819, 2820, 2821, 2822, 2823, 2824, 2825, 2826, 2827, 2828, 2829, 2830, 2831, 2832, 2833, 2834, 2835, 2836, 2837, 2838], "selected_count": 229, "selection_time": 0.06049762197653763, "selection_score_forward_time": 0.06013767601689324}