{"example_id": 4, "sub_q_idx": 1, "method": "DraftModel", "reprocess_method": "DraftModel", "rate": 0.1, "system_len": 792, "passages_len": [792, 148, 139, 149, 265, 228, 196, 72, 88, 86, 321, 96, 148, 139, 28], "chunk_ids": [0, 11, 12, 13, 5, 14, 15, 16, 17, 18, 19, 1, 11, 12], "selected_abs": [792, 793, 794, 795, 796, 797, 798, 799, 800, 801, 802, 826, 838, 858, 869, 939, 940, 941, 942, 943, 944, 945, 980, 1027, 1074, 1075, 1076, 1077, 1078, 1079, 1080, 1081, 1082, 1083, 1084, 1085, 1086, 1087, 1088, 1089, 1134, 1143, 1224, 1225, 1226, 1227, 1228, 1229, 1230, 1231, 1235, 1433, 1492, 1493, 1494, 1495, 1496, 1497, 1498, 1499, 1500, 1501, 1502, 1624, 1720, 1721, 1722, 1723, 1724, 1728, 1732, 1759, 1877, 1916, 1917, 1918, 1919, 1920, 1921, 1922, 1923, 1924, 1925, 1966, 1988, 1989, 1990, 1991, 1992, 1993, 1994, 1995, 2076, 2077, 2078, 2079, 2080, 2081, 2082, 2083, 2084, 2085, 2086, 2087, 2098, 2105, 2106, 2107, 2108, 2109, 2110, 2111, 2112, 2114, 2123, 2143, 2145, 2161, 2162, 2163, 2164, 2165, 2166, 2167, 2168, 2169, 2170, 2171, 2172, 2173, 2174, 2175, 2176, 2239, 2240, 2299, 2347, 2388, 2395, 2432, 2433, 2434, 2435, 2436, 2437, 2438, 2439, 2440, 2441, 2463, 2464, 2465, 2466, 2467, 2468, 2469, 2470, 2471, 2472, 2473, 2474, 2475, 2476, 2477, 2478, 2479, 2480, 2481, 2482, 2483, 2484, 2485, 2486, 2487, 2488, 2489, 2490, 2491, 2492, 2493, 2494, 2495, 2496, 2497, 2498, 2499, 2500, 2502, 2504, 2505, 2506, 2507, 2508, 2509, 2510, 2511, 2512, 2513, 2514, 2515, 2516, 2517, 2518, 2519, 2520, 2521, 2522, 2523, 2524, 2525, 2526, 2527, 2528, 2529, 2542, 2579, 2580, 2581, 2582, 2583, 2584, 2585, 2586, 2587, 2588, 2589, 2590, 2614, 2615, 2626, 2646, 2656, 2657, 2659, 2687, 2693, 2694, 2727, 2728, 2729, 2730, 2731, 2732, 2733, 2735, 2736, 2745, 2746, 2753, 2757, 2762, 2765, 2768, 2775, 2776, 2777, 2778, 2782, 2784, 2791, 2792, 2794, 2795, 2796, 2797, 2804, 2807, 2808, 2810, 2812, 2814, 2815, 2816, 2817, 2818, 2819, 2820, 2822, 2823, 2826, 2827, 2828, 2829, 2831, 2832, 2833, 2834, 2836, 2837, 2838, 2839, 2840, 2841, 2843, 2844, 2845, 2847, 2848, 2849, 2850, 2851, 2852, 2853, 2854, 2855, 2856, 2857, 2858, 2859, 2860, 2861, 2862, 2863, 2864, 2865, 2866, 2867, 2868, 2869, 2870, 2871, 2872, 2873, 2874, 2875, 2876, 2877, 2878, 2879, 2880, 2881, 2882, 2883, 2884, 2885, 2886, 2887, 2888, 2889, 2890, 2891, 2892, 2893, 2894], "selected_count": 344, "selection_time": 0.06141216299147345, "selection_score_forward_time": 0.06099694001022726}