label,rate,main_correct,main_total,main_acc,sub_correct,sub_total,sub_acc,avg_f1,avg_em,missing_csv,note,log_files,finished_segments,traceback,killed,n_prefill_timing,prompt_eval_mean_s,storage_time_mean_s,selection_time_mean_s
online_qk_rate015,0.15,84,135,0.6222222222222222,189,248,0.7620967741935484,0.2075943784858685,0.008064516129032258,0,online FusionRAG-QK selector at rate=0.15,8,8,0,0,250,1.1724533408919233,0.0808862988518522,0.3230056284080638
online_draft_rate015,0.15,99,135,0.7333333333333333,209,248,0.842741935483871,0.1904525331302708,0.008064516129032258,0,online draft-model selector at rate=0.15,8,8,0,0,250,0.9924125642639847,0.08117286797206907,0.14173506170796463
offline_hybrid70_rate015,0.15,93,135,0.6888888888888889,196,248,0.7903225806451613,0.20644825578126322,0.008064516129032258,0,"offline fixed set, hybrid draft70/qk30 score per chunk, rate=0.15",8,8,0,0,250,0.8446556600276672,0.08090271059183579,0.0
