selector,n,f1_mean,em_mean
draft_selected_set,109,0.5798518731396629,0.27522935779816515
fusionrag_qk,109,0.538561535605675,0.22935779816513763
oracle_full_attention,109,0.48923624095484164,0.21100917431192662
