rate,draft_f1,fusionrag_qk_f1,oracle_f1,draft_em,fusionrag_qk_em,oracle_em
0.05,0.5199266355857559,0.4421245925607604,0.41894493245888487,0.22935779816513763,0.1926605504587156,0.1743119266055046
0.15,0.5383070174187152,0.47635963844900325,0.4394112540306496,0.22018348623853212,0.21100917431192662,0.1926605504587156
0.3,0.5619402473095954,0.5170001107063121,0.4746554029120647,0.24770642201834864,0.23853211009174313,0.22018348623853212
0.5,0.5798518731396629,0.538561535605675,0.48923624095484164,0.27522935779816515,0.22935779816513763,0.21100917431192662
0.8,0.57183197440905,0.5182810275515942,0.5738980352925306,0.25688073394495414,0.22935779816513763,0.26605504587155965
