selector,n,f1_mean,em_mean
draft_selected_set,109,0.5199266355857559,0.22935779816513763
fusionrag_qk,109,0.4421245925607604,0.1926605504587156
oracle_full_attention,109,0.41894493245888487,0.1743119266055046
