selector,n,f1_mean,em_mean
draft_selected_set,109,0.5383070174187152,0.22018348623853212
fusionrag_qk,109,0.47635963844900325,0.21100917431192662
oracle_full_attention,109,0.4394112540306496,0.1926605504587156
