selector,n,ideal_mass_all_layer_mean,ideal_mass_last_layer_mean,jaccard_with_oracle_all_layer_mean,score_cosine_all_layer_mean,score_js_all_layer_mean,score_spearman_all_layer_mean,selector_time_s_mean,full_attention_time_s_mean
draft_selected_set,109,0.8512855915848269,0.7654352778688484,0.6877451010625188,0.6195939199640117,0.12334065106530366,-0.18123947094000462,0.1391797217395191,0.3026216157173755
fusionrag_qk,109,0.8455564330477233,0.7359310410438328,0.7096945915899638,0.315061743243025,0.2204991041553469,0.20923847153301625,0.029315112461976774,0.3026216157173755
oracle_full_attention,109,0.9241355706792359,0.9989965180738256,1.0,1.0000000010936632,0.0,1.0,0.3026216157173755,0.3026216157173755
random,109,0.799073047594193,0.8012517750810045,0.6667468297002871,0.6509990593708983,0.07054817839139094,-0.3914497050588545,0.0,0.3026216157173755
