selector,n,ideal_mass_all_layer_mean,ideal_mass_last_layer_mean,jaccard_with_oracle_all_layer_mean,score_cosine_all_layer_mean,score_js_all_layer_mean,score_spearman_all_layer_mean,selector_time_s_mean,full_attention_time_s_mean
draft_selected_set,109,0.3907477215889397,0.336741419150195,0.25949537295033764,0.463620317911883,0.3334749053818795,0.023723706920675963,0.1381845333989402,0.30243129587364853
fusionrag_qk,109,0.3490640255836172,0.2339078579610641,0.2348063667082952,0.315061743243025,0.2204991041553469,0.20923847153301625,0.0271362580846004,0.30243129587364853
oracle_full_attention,109,0.6001723676646521,0.9774844427721217,1.0,1.0000000010936632,0.0,1.0,0.30243129587364853,0.30243129587364853
random,109,0.2999482430996151,0.29382180607100145,0.1743783223324111,0.6509990593708983,0.07054817839139094,-0.3914497050588545,0.0,0.30243129587364853
