selector,n,f1_mean,em_mean
fusionrag_qk,109,0.5170001107063121,0.23853211009174313
oracle_full_attention,109,0.4746554029120647,0.22018348623853212
