selector,n,f1_mean,em_mean
fusionrag_qk,109,0.538561535605675,0.22935779816513763
oracle_full_attention,109,0.48923624095484164,0.21100917431192662
