selector,n,f1_mean,em_mean
fusionrag_qk,109,0.5182810275515942,0.22935779816513763
oracle_full_attention,109,0.5738980352925306,0.26605504587155965
