selector,n,ideal_mass_all_layer_mean,ideal_mass_last_layer_mean,jaccard_with_oracle_all_layer_mean,score_cosine_all_layer_mean,score_js_all_layer_mean,score_spearman_all_layer_mean,selector_time_s_mean,full_attention_time_s_mean
draft_selected_set,109,0.08519439587215764,0.04437238158039699,0.09312356093249073,0.24790334387109914,0.5629984693541273,-0.28926316904006905,0.13809985455997084,0.3032147538796956
fusionrag_qk,109,0.0643820383953392,0.03744267121287924,0.031440902997659094,0.315061743243025,0.2204991041553469,0.20923847153301625,0.02857357572866689,0.3032147538796956
oracle_full_attention,109,0.23766946027038294,0.4179421361159841,1.0,1.0000000010936632,0.0,1.0,0.3032147538796956,0.3032147538796956
random,109,0.04964638286090772,0.04293467553603058,0.02453964127431937,0.6509990593708983,0.07054817839139094,-0.3914497050588545,0.0,0.3032147538796956
