selector,n,ideal_mass_all_layer_mean,ideal_mass_last_layer_mean,jaccard_with_oracle_all_layer_mean,score_cosine_all_layer_mean,score_js_all_layer_mean,score_spearman_all_layer_mean,selector_time_s_mean,full_attention_time_s_mean
draft_selected_set,109,0.5949738750217157,0.5003258767751378,0.39560045682140366,0.5473015010356903,0.229857483714555,0.03164835386406756,0.13851557497293987,0.30306548979389697
fusionrag_qk,109,0.5565030096320931,0.4126182331131139,0.3981236810801209,0.315061743243025,0.2204991041553469,0.20923847153301625,0.027042049372038985,0.30306548979389697
oracle_full_attention,109,0.7565955825901907,0.994575715939933,1.0,1.0000000010936632,0.0,1.0,0.30306548979389697,0.30306548979389697
random,109,0.4997462827131289,0.5028407420587102,0.33409577413762886,0.6509990593708983,0.07054817839139094,-0.3914497050588545,0.0,0.30306548979389697
