selector,n,ideal_mass_all_layer_mean,ideal_mass_last_layer_mean,jaccard_with_oracle_all_layer_mean,score_cosine_all_layer_mean,score_js_all_layer_mean,score_spearman_all_layer_mean,selector_time_s_mean,full_attention_time_s_mean
draft_selected_set,109,0.218684679051058,0.13265724047813393,0.16264581276382448,0.36669225279891166,0.4454340297766544,-0.088427354278514,0.1382855744263448,0.30264762163572356
fusionrag_qk,109,0.18635953962802887,0.11855584294150728,0.11724160357847446,0.315061743243025,0.2204991041553469,0.20923847153301625,0.02673111177570776,0.30264762163572356
oracle_full_attention,109,0.43059239256272624,0.815015966192298,1.0,1.0000000010936632,0.0,1.0,0.30264762163572356,0.30264762163572356
random,109,0.15008609625724478,0.1457726225222743,0.08056603778603487,0.6509990593708983,0.07054817839139094,-0.3914497050588545,0.0,0.30264762163572356
