{"example_id": 136, "sub_q_idx": 1, "method": "DraftModel", "reprocess_method": "DraftModel", "rate": 0.15, "system_len": 792, "passages_len": [792, 133, 93, 139, 253, 88, 67, 41, 79, 172, 95, 88, 133, 34], "chunk_ids": [0, 2, 11, 12, 13, 1, 14, 15, 16, 10, 17, 1, 2], "selected_abs": [792, 793, 794, 795, 796, 797, 799, 800, 801, 802, 803, 804, 805, 807, 810, 811, 812, 841, 843, 844, 851, 892, 893, 924, 925, 926, 927, 928, 940, 949, 956, 1017, 1018, 1019, 1020, 1021, 1022, 1033, 1156, 1157, 1158, 1159, 1160, 1161, 1162, 1163, 1164, 1165, 1166, 1409, 1410, 1411, 1412, 1413, 1414, 1415, 1416, 1417, 1418, 1419, 1420, 1421, 1422, 1423, 1424, 1425, 1426, 1427, 1428, 1429, 1432, 1433, 1434, 1435, 1436, 1437, 1438, 1439, 1440, 1441, 1442, 1443, 1444, 1445, 1446, 1447, 1448, 1449, 1450, 1452, 1453, 1454, 1497, 1498, 1499, 1500, 1501, 1502, 1503, 1504, 1505, 1506, 1507, 1508, 1509, 1528, 1536, 1563, 1564, 1565, 1566, 1567, 1568, 1569, 1570, 1571, 1572, 1573, 1574, 1575, 1576, 1577, 1578, 1579, 1580, 1581, 1582, 1586, 1587, 1588, 1589, 1605, 1606, 1607, 1608, 1609, 1610, 1611, 1612, 1613, 1614, 1632, 1684, 1685, 1686, 1687, 1688, 1689, 1690, 1691, 1692, 1693, 1713, 1723, 1725, 1732, 1752, 1806, 1856, 1857, 1858, 1859, 1860, 1861, 1862, 1863, 1864, 1865, 1866, 1873, 1874, 1875, 1876, 1877, 1878, 1879, 1882, 1883, 1884, 1885, 1886, 1887, 1888, 1889, 1890, 1917, 1918, 1920, 1921, 1922, 1923, 1924, 1925, 1926, 1927, 1930, 1931, 1932, 1933, 1934, 1937, 1938, 1939, 1940, 1941, 1942, 1943, 1944, 1945, 1946, 1947, 1948, 1949, 1950, 1951, 1952, 1953, 1954, 1955, 1956, 1957, 1958, 1959, 1960, 1961, 1962, 1963, 1964, 1965, 1966, 1967, 1968, 1969, 1970, 1971, 1972, 1974, 1975, 1976, 1977, 1978, 1979, 1980, 1981, 1982, 1983, 1984, 1985, 1986, 1987, 1988, 1989, 1990, 1991, 1992, 1994, 1995, 1996, 2021, 2039, 2040, 2041, 2042, 2043, 2044, 2045, 2047, 2048, 2049, 2050, 2051, 2052, 2053, 2055, 2058, 2059, 2060, 2061, 2068, 2091, 2092, 2093, 2099, 2100, 2101, 2102, 2111, 2113, 2115, 2123, 2129, 2132, 2138, 2139, 2140, 2141, 2142, 2144, 2145, 2146, 2147, 2149, 2151, 2152, 2153, 2154, 2156, 2157, 2159, 2160, 2161, 2162, 2163, 2164, 2165, 2167, 2171, 2172, 2173, 2174, 2175, 2176, 2177, 2178, 2179, 2180, 2181, 2182, 2183, 2184, 2185, 2186, 2187, 2188, 2189, 2190, 2191, 2192, 2193, 2194, 2195, 2196, 2197, 2198, 2199, 2200, 2201, 2202, 2203, 2204, 2205, 2206], "selected_count": 352, "selection_time": 0.018872432003263384, "selection_score_forward_time": 0.018522361991927028}