{"example_id": 142, "sub_q_idx": 0, "method": "DraftModel", "reprocess_method": "DraftModel", "rate": 0.15, "system_len": 792, "passages_len": [792, 263, 140, 213, 162, 72, 146, 204, 233, 202, 155, 31], "chunk_ids": [0, 1, 2, 3, 4, 5, 6, 7, 8, 9, 10], "selected_abs": [792, 793, 794, 795, 796, 797, 798, 799, 800, 801, 804, 805, 806, 807, 808, 809, 810, 814, 815, 816, 817, 827, 828, 829, 830, 831, 832, 833, 843, 861, 862, 863, 914, 915, 916, 917, 970, 971, 1007, 1008, 1009, 1027, 1028, 1053, 1054, 1055, 1056, 1057, 1058, 1059, 1060, 1061, 1062, 1063, 1064, 1164, 1194, 1195, 1196, 1197, 1198, 1199, 1200, 1202, 1203, 1204, 1205, 1215, 1225, 1226, 1227, 1231, 1246, 1332, 1407, 1408, 1409, 1410, 1411, 1412, 1413, 1414, 1415, 1416, 1419, 1420, 1421, 1456, 1458, 1459, 1569, 1570, 1571, 1572, 1573, 1574, 1575, 1576, 1577, 1640, 1641, 1642, 1643, 1644, 1645, 1646, 1647, 1650, 1651, 1652, 1655, 1656, 1669, 1691, 1729, 1730, 1731, 1787, 1788, 1789, 1790, 1791, 1792, 1793, 1794, 1795, 1796, 1797, 1800, 1813, 1814, 1815, 1876, 1931, 1932, 1933, 1934, 1935, 1990, 1991, 1992, 1993, 1994, 1995, 1996, 1997, 1998, 2000, 2001, 2002, 2003, 2059, 2133, 2140, 2170, 2175, 2193, 2194, 2195, 2196, 2223, 2224, 2225, 2226, 2227, 2228, 2229, 2230, 2231, 2232, 2233, 2234, 2238, 2239, 2240, 2241, 2242, 2243, 2244, 2245, 2246, 2247, 2248, 2249, 2250, 2251, 2252, 2253, 2254, 2266, 2273, 2274, 2276, 2278, 2286, 2342, 2368, 2379, 2410, 2426, 2427, 2428, 2429, 2430, 2431, 2432, 2433, 2434, 2438, 2439, 2440, 2441, 2442, 2447, 2450, 2451, 2453, 2454, 2455, 2456, 2458, 2461, 2466, 2472, 2473, 2479, 2486, 2487, 2488, 2489, 2492, 2498, 2499, 2500, 2501, 2505, 2506, 2508, 2509, 2513, 2514, 2517, 2526, 2527, 2539, 2540, 2541, 2542, 2549, 2550, 2551, 2557, 2558, 2559, 2560, 2564, 2565, 2567, 2569, 2570, 2571, 2574, 2576, 2577, 2578, 2579, 2580, 2581, 2582, 2583, 2584, 2585, 2586, 2587, 2588, 2589, 2590, 2591, 2592, 2593, 2594, 2595, 2596, 2597, 2598, 2599, 2600, 2601, 2602, 2603, 2604, 2605, 2606, 2607, 2608, 2609, 2610, 2611, 2612], "selected_count": 299, "selection_time": 0.023243909992743284, "selection_score_forward_time": 0.02288811100879684}