{"example_id": 130, "sub_q_idx": 0, "method": "DraftModel", "reprocess_method": "DraftModel", "rate": 0.15, "system_len": 792, "passages_len": [792, 66, 78, 124, 107, 61, 57, 111, 41, 158, 147, 28], "chunk_ids": [0, 1, 2, 3, 4, 5, 6, 7, 8, 9, 10], "selected_abs": [792, 793, 794, 795, 796, 797, 798, 799, 800, 801, 802, 803, 804, 805, 807, 808, 809, 810, 811, 812, 813, 814, 815, 816, 817, 818, 819, 820, 821, 822, 823, 847, 848, 850, 855, 856, 857, 858, 859, 860, 861, 862, 863, 864, 884, 934, 935, 936, 937, 938, 939, 940, 966, 1038, 1055, 1058, 1059, 1060, 1061, 1062, 1068, 1146, 1162, 1165, 1166, 1167, 1168, 1169, 1170, 1171, 1172, 1173, 1174, 1175, 1227, 1228, 1229, 1230, 1231, 1244, 1248, 1283, 1284, 1285, 1286, 1287, 1288, 1289, 1297, 1394, 1395, 1396, 1397, 1398, 1399, 1400, 1401, 1405, 1406, 1407, 1417, 1421, 1436, 1437, 1438, 1439, 1440, 1442, 1443, 1444, 1448, 1482, 1526, 1552, 1556, 1594, 1595, 1596, 1597, 1598, 1599, 1600, 1601, 1602, 1603, 1610, 1627, 1628, 1631, 1640, 1651, 1682, 1689, 1690, 1696, 1697, 1703, 1707, 1709, 1716, 1717, 1718, 1719, 1720, 1727, 1728, 1729, 1732, 1734, 1736, 1738, 1740, 1741, 1742, 1743, 1744, 1745, 1746, 1747, 1748, 1749, 1750, 1751, 1752, 1753, 1754, 1755, 1756, 1757, 1758, 1759, 1760, 1761, 1762, 1763, 1764, 1765, 1766, 1767, 1768, 1769], "selected_count": 181, "selection_time": 0.01575506999506615, "selection_score_forward_time": 0.015411750006023794}