{"example_id": 146, "sub_q_idx": 0, "method": "DraftModel", "reprocess_method": "DraftModel", "rate": 0.15, "system_len": 792, "passages_len": [792, 86, 72, 53, 33, 52, 68, 73, 240, 130, 209, 27], "chunk_ids": [0, 1, 2, 3, 4, 5, 6, 7, 8, 9, 10], "selected_abs": [792, 793, 794, 795, 796, 797, 798, 799, 800, 801, 802, 803, 804, 805, 806, 807, 808, 809, 810, 811, 812, 815, 816, 817, 818, 819, 829, 834, 835, 836, 837, 876, 877, 878, 879, 880, 881, 882, 883, 884, 885, 886, 887, 896, 897, 898, 899, 900, 901, 917, 918, 919, 948, 949, 950, 951, 952, 953, 954, 955, 956, 961, 962, 972, 976, 978, 979, 980, 981, 982, 1001, 1002, 1003, 1004, 1005, 1006, 1007, 1008, 1009, 1010, 1011, 1012, 1014, 1015, 1016, 1017, 1018, 1019, 1020, 1021, 1022, 1032, 1033, 1034, 1035, 1036, 1037, 1038, 1039, 1040, 1041, 1064, 1086, 1087, 1088, 1089, 1090, 1091, 1092, 1093, 1094, 1095, 1096, 1097, 1098, 1099, 1102, 1103, 1104, 1114, 1115, 1116, 1117, 1154, 1155, 1156, 1157, 1158, 1159, 1160, 1161, 1162, 1163, 1164, 1228, 1229, 1230, 1231, 1232, 1235, 1236, 1237, 1239, 1253, 1259, 1261, 1402, 1467, 1468, 1469, 1470, 1471, 1472, 1473, 1474, 1475, 1476, 1477, 1489, 1490, 1498, 1499, 1500, 1501, 1503, 1505, 1506, 1507, 1541, 1542, 1560, 1561, 1562, 1563, 1564, 1578, 1598, 1599, 1600, 1601, 1602, 1603, 1605, 1608, 1611, 1613, 1622, 1675, 1681, 1682, 1685, 1687, 1699, 1705, 1713, 1725, 1730, 1737, 1744, 1745, 1750, 1757, 1759, 1760, 1774, 1777, 1778, 1780, 1787, 1788, 1790, 1794, 1795, 1796, 1797, 1799, 1800, 1801, 1802, 1803, 1804, 1805, 1806, 1807, 1808, 1809, 1810, 1811, 1812, 1813, 1814, 1815, 1816, 1817, 1818, 1819, 1820, 1821, 1822, 1823, 1824, 1825, 1826, 1827, 1828, 1829, 1830, 1831, 1832, 1833, 1834], "selected_count": 251, "selection_time": 0.019928235007682815, "selection_score_forward_time": 0.01962641900172457}