{"example_id": 126, "sub_q_idx": 0, "method": "DraftModel", "reprocess_method": "DraftModel", "rate": 0.15, "system_len": 792, "passages_len": [792, 204, 91, 102, 305, 84, 95, 96, 80, 87, 170, 30], "chunk_ids": [0, 1, 2, 3, 4, 5, 6, 7, 8, 9, 10], "selected_abs": [792, 793, 794, 795, 796, 797, 798, 799, 800, 801, 802, 803, 804, 805, 806, 808, 809, 816, 817, 818, 826, 827, 829, 830, 831, 832, 833, 834, 835, 839, 846, 847, 848, 859, 860, 861, 862, 895, 994, 995, 996, 997, 998, 999, 1003, 1004, 1005, 1006, 1007, 1008, 1085, 1086, 1087, 1088, 1089, 1090, 1100, 1137, 1148, 1153, 1187, 1188, 1189, 1190, 1191, 1192, 1208, 1234, 1240, 1449, 1471, 1472, 1493, 1494, 1495, 1496, 1497, 1498, 1499, 1500, 1517, 1518, 1519, 1520, 1521, 1522, 1525, 1526, 1527, 1559, 1561, 1562, 1563, 1564, 1577, 1578, 1579, 1580, 1581, 1601, 1607, 1612, 1613, 1672, 1673, 1674, 1675, 1676, 1679, 1700, 1712, 1768, 1769, 1770, 1771, 1772, 1773, 1775, 1776, 1777, 1778, 1779, 1780, 1795, 1799, 1827, 1828, 1847, 1848, 1849, 1850, 1851, 1852, 1853, 1854, 1855, 1856, 1879, 1935, 1936, 1937, 1938, 1942, 1943, 1951, 1969, 1970, 1971, 1973, 1974, 1975, 1976, 1985, 1986, 2000, 2006, 2009, 2026, 2032, 2036, 2042, 2048, 2049, 2054, 2063, 2068, 2071, 2072, 2075, 2077, 2089, 2090, 2091, 2093, 2094, 2095, 2096, 2097, 2098, 2100, 2101, 2103, 2104, 2105, 2106, 2107, 2108, 2109, 2110, 2111, 2112, 2113, 2114, 2115, 2116, 2117, 2118, 2119, 2120, 2121, 2122, 2123, 2124, 2125, 2126, 2127, 2128, 2129, 2130, 2131, 2132, 2133, 2134, 2135], "selected_count": 214, "selection_time": 0.01877047898597084, "selection_score_forward_time": 0.018418093997752294}