{"example_id": 143, "sub_q_idx": 0, "method": "DraftModel", "reprocess_method": "DraftModel", "rate": 0.15, "system_len": 792, "passages_len": [792, 209, 44, 107, 63, 159, 184, 257, 83, 94, 92, 26], "chunk_ids": [0, 1, 2, 3, 4, 5, 6, 7, 8, 9, 10], "selected_abs": [792, 793, 794, 795, 796, 797, 798, 799, 800, 801, 802, 803, 804, 805, 812, 814, 815, 816, 817, 818, 822, 851, 859, 861, 862, 863, 870, 872, 878, 906, 907, 941, 1000, 1001, 1002, 1003, 1004, 1005, 1006, 1007, 1008, 1009, 1010, 1011, 1012, 1013, 1014, 1039, 1043, 1044, 1045, 1046, 1047, 1048, 1049, 1050, 1106, 1151, 1152, 1153, 1154, 1155, 1156, 1157, 1158, 1160, 1161, 1162, 1163, 1164, 1189, 1190, 1191, 1192, 1214, 1215, 1216, 1217, 1218, 1237, 1351, 1373, 1374, 1375, 1376, 1377, 1378, 1379, 1420, 1421, 1422, 1500, 1515, 1516, 1517, 1518, 1519, 1520, 1521, 1557, 1558, 1559, 1560, 1561, 1562, 1563, 1564, 1814, 1815, 1816, 1817, 1818, 1819, 1820, 1821, 1836, 1897, 1898, 1899, 1900, 1901, 1902, 1903, 1906, 1909, 1910, 1911, 1912, 1915, 1938, 1940, 1947, 1964, 1966, 1975, 1978, 1980, 1991, 1992, 1993, 1994, 1995, 1996, 1997, 1998, 1999, 2000, 2001, 2002, 2005, 2009, 2016, 2025, 2026, 2027, 2028, 2029, 2030, 2034, 2035, 2037, 2038, 2040, 2042, 2052, 2054, 2058, 2059, 2060, 2061, 2064, 2065, 2066, 2069, 2072, 2073, 2074, 2075, 2077, 2080, 2081, 2082, 2083, 2084, 2085, 2086, 2087, 2088, 2089, 2090, 2091, 2092, 2093, 2094, 2095, 2096, 2097, 2098, 2099, 2100, 2101, 2102, 2103, 2104, 2105, 2106, 2107, 2108, 2109], "selected_count": 209, "selection_time": 0.01840102198184468, "selection_score_forward_time": 0.018062490999000147}