{"example_id": 136, "sub_q_idx": 0, "method": "DraftModel", "reprocess_method": "DraftModel", "rate": 0.15, "system_len": 792, "passages_len": [792, 88, 133, 59, 63, 37, 73, 59, 57, 51, 172, 29], "chunk_ids": [0, 1, 2, 3, 4, 5, 6, 7, 8, 9, 10], "selected_abs": [792, 793, 794, 795, 796, 797, 798, 799, 800, 801, 802, 803, 804, 805, 806, 807, 808, 809, 810, 814, 815, 816, 817, 818, 819, 820, 821, 822, 823, 824, 825, 826, 827, 828, 829, 830, 831, 832, 834, 835, 836, 850, 879, 880, 881, 882, 883, 887, 888, 889, 890, 891, 892, 893, 898, 899, 900, 1012, 1013, 1014, 1015, 1016, 1021, 1022, 1040, 1044, 1071, 1072, 1073, 1074, 1075, 1076, 1077, 1078, 1079, 1134, 1135, 1136, 1137, 1138, 1139, 1140, 1171, 1172, 1173, 1174, 1178, 1244, 1245, 1246, 1247, 1248, 1249, 1271, 1272, 1278, 1303, 1304, 1305, 1306, 1313, 1332, 1359, 1360, 1361, 1362, 1363, 1364, 1368, 1371, 1399, 1411, 1412, 1413, 1414, 1415, 1416, 1417, 1418, 1419, 1420, 1428, 1440, 1447, 1450, 1452, 1459, 1460, 1461, 1479, 1489, 1509, 1511, 1520, 1521, 1524, 1532, 1534, 1538, 1557, 1558, 1559, 1560, 1563, 1581, 1582, 1583, 1584, 1585, 1586, 1587, 1588, 1589, 1590, 1591, 1592, 1593, 1594, 1595, 1596, 1597, 1598, 1599, 1600, 1601, 1602, 1603, 1604, 1605, 1606, 1607, 1608, 1609, 1610, 1611, 1612], "selected_count": 176, "selection_time": 0.014797365001868457, "selection_score_forward_time": 0.014510953013086691}