{"example_id": 133, "sub_q_idx": 0, "method": "DraftModel", "reprocess_method": "DraftModel", "rate": 0.15, "system_len": 792, "passages_len": [792, 41, 34, 76, 169, 225, 74, 135, 93, 168, 189, 29], "chunk_ids": [0, 1, 2, 3, 4, 5, 6, 7, 8, 9, 10], "selected_abs": [792, 793, 794, 795, 796, 797, 798, 799, 800, 801, 802, 803, 804, 805, 806, 807, 808, 809, 810, 811, 812, 813, 814, 815, 816, 817, 818, 819, 820, 821, 822, 823, 824, 825, 830, 831, 832, 833, 834, 835, 836, 837, 838, 839, 840, 841, 842, 866, 867, 868, 869, 870, 877, 880, 881, 887, 888, 889, 890, 895, 896, 897, 898, 920, 939, 940, 941, 942, 943, 944, 945, 946, 947, 948, 949, 968, 1110, 1111, 1112, 1113, 1114, 1115, 1116, 1117, 1118, 1144, 1169, 1258, 1259, 1260, 1261, 1262, 1266, 1335, 1336, 1337, 1338, 1339, 1340, 1341, 1342, 1343, 1347, 1350, 1351, 1352, 1353, 1366, 1403, 1410, 1411, 1412, 1413, 1414, 1415, 1416, 1417, 1418, 1419, 1420, 1421, 1461, 1541, 1545, 1546, 1547, 1548, 1549, 1550, 1551, 1552, 1553, 1554, 1555, 1556, 1638, 1639, 1640, 1641, 1642, 1643, 1644, 1645, 1665, 1718, 1720, 1744, 1745, 1785, 1794, 1803, 1806, 1807, 1808, 1809, 1810, 1811, 1812, 1814, 1815, 1816, 1817, 1818, 1820, 1823, 1824, 1825, 1826, 1852, 1853, 1856, 1862, 1868, 1873, 1883, 1899, 1910, 1913, 1916, 1917, 1920, 1922, 1924, 1925, 1926, 1936, 1937, 1939, 1941, 1943, 1946, 1947, 1948, 1952, 1954, 1956, 1957, 1958, 1962, 1963, 1964, 1966, 1967, 1968, 1969, 1970, 1971, 1972, 1973, 1976, 1981, 1982, 1983, 1984, 1986, 1987, 1990, 1992, 1993, 1994, 1995, 1996, 1997, 1998, 1999, 2000, 2001, 2002, 2003, 2004, 2005, 2006, 2007, 2008, 2009, 2010, 2011, 2012, 2013, 2014, 2015, 2016, 2017, 2018, 2019, 2020, 2021, 2022, 2023, 2024], "selected_count": 250, "selection_time": 0.01834346301620826, "selection_score_forward_time": 0.01801206500385888}