{"example_id": 138, "sub_q_idx": 0, "method": "DraftModel", "reprocess_method": "DraftModel", "rate": 0.15, "system_len": 792, "passages_len": [792, 83, 83, 105, 245, 134, 161, 65, 296, 307, 87, 25], "chunk_ids": [0, 1, 2, 3, 4, 5, 6, 7, 8, 9, 10], "selected_abs": [792, 793, 794, 795, 796, 797, 798, 799, 800, 801, 802, 803, 804, 805, 806, 807, 808, 809, 810, 811, 812, 813, 814, 815, 817, 819, 824, 825, 826, 827, 828, 844, 845, 846, 847, 848, 849, 850, 873, 874, 875, 876, 877, 878, 879, 880, 881, 885, 886, 918, 919, 956, 957, 958, 959, 960, 961, 962, 976, 977, 995, 1015, 1058, 1059, 1060, 1061, 1062, 1063, 1064, 1065, 1066, 1067, 1068, 1069, 1090, 1095, 1101, 1129, 1130, 1131, 1132, 1204, 1205, 1307, 1308, 1309, 1310, 1311, 1312, 1313, 1314, 1315, 1316, 1317, 1318, 1319, 1320, 1321, 1323, 1345, 1346, 1347, 1351, 1405, 1414, 1426, 1440, 1441, 1442, 1443, 1444, 1445, 1446, 1447, 1450, 1451, 1452, 1484, 1508, 1509, 1534, 1558, 1601, 1602, 1603, 1604, 1605, 1606, 1607, 1613, 1616, 1617, 1623, 1666, 1667, 1668, 1669, 1670, 1671, 1675, 1745, 1784, 1821, 1858, 1963, 1964, 1965, 1966, 1967, 1971, 1976, 1977, 1978, 1982, 1983, 1999, 2013, 2019, 2041, 2044, 2048, 2071, 2080, 2104, 2113, 2117, 2166, 2167, 2242, 2248, 2254, 2270, 2271, 2272, 2273, 2274, 2275, 2276, 2277, 2278, 2279, 2280, 2281, 2282, 2283, 2284, 2285, 2286, 2287, 2288, 2289, 2290, 2291, 2292, 2294, 2295, 2296, 2297, 2298, 2299, 2300, 2301, 2302, 2303, 2305, 2308, 2309, 2311, 2312, 2313, 2314, 2315, 2318, 2324, 2325, 2326, 2328, 2329, 2330, 2331, 2332, 2333, 2334, 2335, 2336, 2339, 2340, 2341, 2342, 2343, 2344, 2345, 2346, 2347, 2348, 2349, 2350, 2351, 2352, 2353, 2354, 2355, 2356, 2357, 2358, 2359, 2360, 2361, 2362, 2363, 2364, 2365, 2366, 2367, 2368, 2369, 2370, 2371, 2372, 2373, 2374, 2375, 2376, 2377, 2378, 2379, 2380, 2381, 2382], "selected_count": 269, "selection_time": 0.019647620007162914, "selection_score_forward_time": 0.01930208399426192}