{"example_id": 127, "sub_q_idx": 0, "method": "DraftModel", "reprocess_method": "DraftModel", "rate": 0.15, "system_len": 792, "passages_len": [792, 67, 58, 130, 112, 111, 149, 94, 76, 49, 116, 67, 25], "chunk_ids": [0, 1, 2, 3, 4, 5, 6, 7, 8, 9, 10, 1], "selected_abs": [792, 793, 794, 795, 796, 797, 798, 799, 800, 801, 802, 803, 827, 828, 829, 830, 831, 832, 833, 834, 835, 836, 837, 838, 839, 840, 841, 858, 859, 860, 861, 862, 872, 876, 882, 893, 916, 917, 918, 919, 920, 921, 922, 1023, 1024, 1046, 1047, 1048, 1049, 1050, 1051, 1052, 1053, 1054, 1055, 1056, 1058, 1061, 1084, 1110, 1157, 1158, 1159, 1160, 1161, 1162, 1164, 1193, 1198, 1199, 1269, 1270, 1271, 1272, 1273, 1293, 1296, 1299, 1418, 1419, 1420, 1421, 1422, 1423, 1424, 1425, 1426, 1427, 1429, 1430, 1511, 1512, 1513, 1514, 1515, 1516, 1517, 1519, 1531, 1541, 1542, 1544, 1556, 1564, 1588, 1589, 1590, 1591, 1592, 1593, 1594, 1595, 1596, 1607, 1608, 1609, 1610, 1611, 1612, 1622, 1623, 1624, 1625, 1637, 1638, 1639, 1640, 1641, 1642, 1643, 1644, 1645, 1646, 1647, 1648, 1649, 1650, 1651, 1652, 1653, 1654, 1658, 1667, 1668, 1669, 1683, 1684, 1685, 1703, 1704, 1705, 1706, 1713, 1721, 1722, 1726, 1740, 1741, 1742, 1743, 1744, 1745, 1746, 1747, 1748, 1749, 1750, 1751, 1752, 1753, 1754, 1755, 1756, 1757, 1758, 1759, 1760, 1761, 1762, 1763, 1764, 1765, 1766, 1767, 1768, 1769, 1770, 1771, 1772, 1773, 1777, 1784, 1789, 1790, 1791, 1792, 1793, 1794, 1795, 1796, 1797, 1798, 1799, 1800, 1801, 1802, 1803, 1804, 1805, 1806, 1807, 1810, 1811, 1812, 1813, 1814, 1815, 1816, 1817, 1818, 1819, 1820, 1821, 1822, 1823, 1824, 1825, 1826, 1827, 1828, 1829, 1830, 1831, 1832, 1833, 1834, 1835, 1836, 1837, 1838, 1839, 1840, 1841, 1842, 1843, 1844, 1845], "selected_count": 247, "selection_time": 0.017631724011152983, "selection_score_forward_time": 0.01732100802473724}