{"example_id": 131, "sub_q_idx": 0, "method": "DraftModel", "reprocess_method": "DraftModel", "rate": 0.15, "system_len": 792, "passages_len": [792, 115, 62, 118, 94, 66, 125, 134, 42, 115, 104, 28], "chunk_ids": [0, 1, 2, 3, 4, 5, 6, 7, 8, 9, 10], "selected_abs": [792, 793, 794, 795, 796, 797, 798, 799, 800, 801, 802, 806, 807, 808, 809, 810, 811, 812, 813, 814, 815, 816, 817, 818, 819, 820, 821, 822, 831, 832, 833, 834, 835, 836, 837, 838, 839, 840, 841, 842, 843, 844, 855, 856, 857, 858, 882, 883, 884, 888, 905, 906, 907, 908, 909, 910, 917, 918, 919, 920, 968, 969, 970, 971, 972, 973, 974, 975, 1053, 1086, 1087, 1088, 1089, 1090, 1091, 1092, 1093, 1094, 1107, 1108, 1159, 1160, 1180, 1181, 1182, 1183, 1184, 1185, 1186, 1187, 1188, 1246, 1247, 1248, 1249, 1250, 1255, 1268, 1269, 1270, 1271, 1371, 1372, 1373, 1374, 1375, 1376, 1377, 1378, 1505, 1506, 1507, 1508, 1509, 1510, 1511, 1518, 1529, 1530, 1544, 1545, 1546, 1547, 1548, 1549, 1550, 1551, 1552, 1553, 1558, 1562, 1563, 1578, 1580, 1619, 1620, 1654, 1662, 1663, 1664, 1665, 1666, 1667, 1669, 1681, 1682, 1683, 1684, 1685, 1691, 1697, 1700, 1712, 1713, 1715, 1720, 1721, 1723, 1727, 1729, 1731, 1738, 1741, 1742, 1743, 1750, 1751, 1752, 1754, 1756, 1757, 1758, 1760, 1761, 1765, 1766, 1767, 1768, 1769, 1770, 1771, 1772, 1773, 1774, 1775, 1776, 1777, 1778, 1779, 1780, 1781, 1782, 1783, 1784, 1785, 1786, 1787, 1788, 1789, 1790, 1791, 1792, 1793, 1794], "selected_count": 204, "selection_time": 0.01735171099426225, "selection_score_forward_time": 0.01705547102028504}