{"example_id": 145, "sub_q_idx": 1, "method": "DraftModel", "reprocess_method": "DraftModel", "rate": 0.15, "system_len": 792, "passages_len": [792, 150, 109, 310, 84, 66, 124, 60, 78, 75, 86, 109, 150, 29], "chunk_ids": [0, 2, 1, 11, 12, 13, 14, 15, 16, 17, 18, 1, 2], "selected_abs": [792, 793, 794, 795, 796, 797, 798, 801, 813, 814, 823, 865, 941, 942, 943, 944, 945, 946, 947, 948, 949, 950, 951, 952, 953, 954, 955, 956, 957, 958, 959, 960, 961, 962, 963, 969, 970, 1050, 1051, 1052, 1053, 1054, 1055, 1134, 1360, 1361, 1362, 1363, 1364, 1365, 1366, 1367, 1368, 1373, 1444, 1445, 1446, 1447, 1448, 1449, 1450, 1451, 1452, 1453, 1454, 1461, 1462, 1463, 1464, 1465, 1466, 1467, 1468, 1469, 1481, 1482, 1483, 1509, 1510, 1511, 1512, 1513, 1514, 1515, 1516, 1517, 1518, 1525, 1634, 1635, 1636, 1637, 1638, 1639, 1640, 1641, 1642, 1643, 1644, 1645, 1646, 1650, 1653, 1654, 1655, 1656, 1694, 1695, 1696, 1697, 1698, 1699, 1700, 1701, 1702, 1710, 1772, 1773, 1774, 1775, 1776, 1777, 1778, 1779, 1780, 1794, 1795, 1798, 1799, 1800, 1801, 1802, 1803, 1804, 1805, 1808, 1809, 1810, 1811, 1812, 1813, 1816, 1817, 1818, 1846, 1847, 1848, 1849, 1850, 1851, 1852, 1853, 1854, 1855, 1856, 1857, 1858, 1859, 1860, 1861, 1862, 1863, 1864, 1865, 1866, 1867, 1868, 1869, 1870, 1871, 1894, 1895, 1896, 1897, 1898, 1899, 1900, 1901, 1902, 1903, 1904, 1907, 1908, 1910, 1914, 1915, 1916, 1917, 1918, 1919, 1920, 1923, 1924, 1925, 1926, 1927, 1928, 1929, 1930, 1931, 1932, 1933, 1934, 1935, 1936, 1937, 1938, 1939, 1940, 1941, 1942, 1943, 1944, 1945, 1946, 1947, 1948, 1949, 1950, 1951, 1952, 1953, 1954, 1955, 1961, 1962, 2042, 2043, 2044, 2045, 2046, 2047, 2048, 2049, 2050, 2052, 2057, 2058, 2059, 2060, 2061, 2062, 2063, 2064, 2065, 2066, 2074, 2075, 2076, 2077, 2080, 2081, 2116, 2120, 2124, 2126, 2128, 2129, 2130, 2131, 2138, 2141, 2148, 2149, 2150, 2151, 2152, 2153, 2154, 2156, 2160, 2164, 2166, 2167, 2168, 2169, 2170, 2172, 2173, 2174, 2176, 2177, 2178, 2179, 2180, 2181, 2182, 2183, 2184, 2185, 2186, 2187, 2188, 2189, 2190, 2191, 2192, 2193, 2194, 2195, 2196, 2197, 2198, 2199, 2200, 2201, 2202, 2203, 2204, 2205, 2206, 2207, 2208, 2209, 2210, 2211, 2212, 2213, 2214, 2215, 2216, 2217, 2218, 2219, 2220, 2221], "selected_count": 326, "selection_time": 0.018865677993744612, "selection_score_forward_time": 0.018524265004089102}