{"example_id": 10, "sub_q_idx": 1, "method": "DraftModel", "reprocess_method": "DraftModel", "rate": 0.15, "system_len": 792, "passages_len": [792, 203, 186, 138, 99, 122, 190, 124, 117, 57, 113, 186, 203, 28], "chunk_ids": [0, 2, 1, 11, 12, 13, 14, 15, 8, 16, 17, 1, 2], "selected_abs": [792, 793, 794, 795, 796, 797, 798, 799, 808, 809, 814, 815, 816, 817, 818, 819, 827, 828, 871, 993, 994, 995, 996, 997, 1008, 1009, 1010, 1017, 1018, 1019, 1022, 1023, 1024, 1025, 1026, 1027, 1179, 1180, 1181, 1182, 1183, 1184, 1185, 1186, 1187, 1318, 1319, 1320, 1321, 1322, 1323, 1324, 1325, 1417, 1418, 1419, 1420, 1421, 1422, 1423, 1424, 1425, 1426, 1427, 1539, 1540, 1541, 1542, 1543, 1544, 1545, 1546, 1607, 1608, 1609, 1728, 1729, 1730, 1731, 1732, 1733, 1734, 1735, 1853, 1854, 1855, 1856, 1857, 1858, 1859, 1918, 1919, 1920, 1921, 1926, 1927, 1928, 1946, 1947, 1957, 1958, 1959, 1960, 1970, 1971, 1972, 1973, 1974, 1975, 1976, 1977, 1978, 2008, 2009, 2027, 2028, 2029, 2030, 2031, 2032, 2033, 2034, 2039, 2040, 2041, 2129, 2130, 2140, 2141, 2142, 2143, 2144, 2146, 2147, 2148, 2168, 2169, 2170, 2171, 2172, 2173, 2325, 2326, 2327, 2328, 2329, 2330, 2331, 2332, 2333, 2334, 2349, 2350, 2351, 2352, 2353, 2354, 2355, 2361, 2362, 2363, 2364, 2365, 2366, 2367, 2368, 2369, 2405, 2406, 2407, 2408, 2409, 2410, 2411, 2438, 2439, 2440, 2441, 2442, 2443, 2444, 2445, 2448, 2449, 2450, 2452, 2453, 2454, 2455, 2456, 2457, 2458, 2459, 2460, 2462, 2463, 2464, 2465, 2466, 2467, 2468, 2469, 2470, 2471, 2472, 2473, 2474, 2475, 2476, 2477, 2478, 2479, 2480, 2481, 2482, 2483, 2484, 2485, 2486, 2487, 2488, 2491, 2492, 2493, 2494, 2495, 2496, 2497, 2498, 2499, 2500, 2501, 2502, 2503, 2504, 2505, 2506, 2507, 2508, 2509, 2510, 2511, 2512, 2513, 2514, 2515, 2516, 2517, 2518, 2519, 2520, 2521, 2522, 2523, 2524, 2525, 2526, 2527, 2528, 2529, 2530, 2531, 2532, 2533, 2534, 2535, 2536, 2537, 2538, 2539, 2540, 2541, 2542, 2543, 2544, 2545, 2546, 2547, 2548, 2549, 2550, 2551, 2552, 2553, 2554, 2555, 2556, 2557], "selected_count": 288, "selection_time": 0.05433330999221653, "selection_score_forward_time": 0.0529827130085323}