{"example_id": 17, "sub_q_idx": 0, "method": "DraftModel", "reprocess_method": "DraftModel", "rate": 0.15, "system_len": 792, "passages_len": [792, 114, 285, 78, 90, 72, 232, 221, 65, 170, 88, 32], "chunk_ids": [0, 1, 2, 3, 4, 5, 6, 7, 8, 9, 10], "selected_abs": [792, 793, 794, 795, 796, 797, 798, 799, 800, 803, 804, 805, 806, 807, 808, 809, 820, 821, 822, 854, 855, 856, 905, 906, 907, 908, 953, 1072, 1073, 1190, 1191, 1192, 1193, 1194, 1195, 1209, 1210, 1218, 1219, 1220, 1221, 1222, 1223, 1267, 1268, 1269, 1270, 1271, 1275, 1276, 1277, 1288, 1289, 1290, 1356, 1357, 1358, 1359, 1360, 1361, 1430, 1431, 1432, 1433, 1662, 1663, 1664, 1665, 1687, 1688, 1689, 1690, 1814, 1815, 1882, 1883, 1884, 1885, 1886, 1887, 1888, 1889, 1900, 1901, 1902, 1911, 1912, 1913, 1914, 1915, 1948, 1949, 1950, 1951, 1952, 1953, 1954, 1955, 1956, 1957, 1958, 1959, 1960, 1961, 1967, 1968, 1969, 1970, 1990, 1991, 1992, 2035, 2036, 2068, 2069, 2070, 2071, 2073, 2074, 2075, 2085, 2086, 2094, 2095, 2096, 2097, 2117, 2118, 2119, 2120, 2121, 2122, 2123, 2124, 2125, 2126, 2127, 2128, 2129, 2130, 2131, 2132, 2133, 2134, 2135, 2136, 2137, 2138, 2139, 2140, 2141, 2142, 2143, 2144, 2145, 2146, 2147, 2148, 2149, 2150, 2151, 2152, 2153, 2154, 2155, 2156, 2157, 2158, 2159, 2160, 2161, 2162, 2163, 2164, 2165, 2166, 2167, 2168, 2169, 2170, 2171, 2172, 2173, 2174, 2175, 2176, 2177, 2182, 2183, 2184, 2185, 2186, 2187, 2188, 2189, 2190, 2191, 2192, 2193, 2194, 2195, 2196, 2197, 2198, 2199, 2200, 2201, 2202, 2203, 2204, 2205, 2206, 2207, 2208, 2209, 2210, 2211, 2212, 2213, 2214, 2215, 2216, 2217, 2218, 2219, 2220, 2221, 2222, 2223, 2224, 2225, 2226, 2227, 2228, 2229, 2230, 2231, 2232, 2233, 2234, 2235, 2236, 2237, 2238], "selected_count": 244, "selection_time": 0.04823629299062304, "selection_score_forward_time": 0.04706595200696029}