{"example_id": 13, "sub_q_idx": 1, "method": "DraftModel", "reprocess_method": "DraftModel", "rate": 0.15, "system_len": 792, "passages_len": [792, 148, 139, 149, 265, 228, 196, 321, 72, 88, 104, 86, 148, 139, 29], "chunk_ids": [0, 9, 11, 12, 2, 13, 14, 15, 16, 17, 18, 1, 9, 11], "selected_abs": [792, 793, 794, 795, 796, 797, 798, 799, 800, 801, 802, 826, 827, 868, 869, 870, 939, 940, 941, 942, 943, 944, 945, 980, 1075, 1076, 1077, 1078, 1079, 1080, 1081, 1082, 1083, 1084, 1134, 1135, 1226, 1227, 1228, 1229, 1230, 1231, 1234, 1235, 1492, 1493, 1494, 1495, 1496, 1499, 1500, 1501, 1720, 1721, 1722, 1723, 1724, 1727, 1728, 1729, 1759, 1760, 1876, 1877, 1916, 1917, 1918, 1919, 1923, 1924, 1925, 1926, 1952, 1953, 1954, 2148, 2149, 2237, 2238, 2239, 2240, 2241, 2242, 2243, 2244, 2245, 2246, 2247, 2286, 2287, 2309, 2310, 2311, 2312, 2313, 2314, 2315, 2337, 2347, 2348, 2349, 2350, 2361, 2362, 2363, 2379, 2380, 2381, 2396, 2397, 2398, 2399, 2400, 2401, 2402, 2403, 2404, 2407, 2408, 2409, 2410, 2411, 2412, 2413, 2414, 2440, 2441, 2442, 2444, 2445, 2446, 2447, 2478, 2479, 2480, 2501, 2502, 2503, 2504, 2505, 2506, 2507, 2508, 2509, 2510, 2511, 2512, 2532, 2533, 2534, 2535, 2536, 2537, 2538, 2539, 2540, 2541, 2547, 2548, 2549, 2550, 2567, 2568, 2569, 2570, 2571, 2582, 2583, 2586, 2587, 2588, 2589, 2590, 2591, 2592, 2593, 2594, 2595, 2596, 2597, 2598, 2621, 2622, 2623, 2624, 2633, 2634, 2635, 2654, 2655, 2663, 2664, 2665, 2666, 2667, 2695, 2696, 2700, 2701, 2702, 2703, 2735, 2736, 2737, 2738, 2739, 2740, 2741, 2742, 2743, 2744, 2745, 2752, 2753, 2754, 2755, 2760, 2761, 2762, 2772, 2773, 2774, 2775, 2776, 2777, 2782, 2783, 2784, 2785, 2786, 2787, 2789, 2790, 2791, 2792, 2793, 2797, 2798, 2799, 2800, 2801, 2802, 2803, 2804, 2805, 2806, 2809, 2810, 2811, 2812, 2813, 2814, 2815, 2816, 2817, 2818, 2819, 2820, 2821, 2822, 2823, 2824, 2825, 2826, 2827, 2828, 2829, 2830, 2831, 2832, 2833, 2834, 2835, 2836, 2837, 2838, 2839, 2840, 2841, 2842, 2843, 2844, 2845, 2846, 2847, 2848, 2849, 2850, 2851, 2852, 2853, 2854, 2855, 2856, 2857, 2858, 2859, 2860, 2861, 2862, 2863, 2864, 2865, 2866, 2867, 2868, 2869, 2870, 2871, 2872, 2873, 2874, 2875, 2876, 2877, 2878, 2879, 2880, 2881, 2882, 2883, 2884, 2885, 2886, 2887, 2888, 2889, 2890, 2891, 2892, 2893, 2894, 2895, 2896, 2897, 2898, 2899, 2900, 2901, 2902, 2903], "selected_count": 341, "selection_time": 0.061641031003091484, "selection_score_forward_time": 0.05976272901170887}