{"example_id": 12, "sub_q_idx": 0, "method": "DraftModel", "reprocess_method": "DraftModel", "rate": 0.15, "system_len": 792, "passages_len": [792, 138, 225, 198, 183, 148, 75, 195, 243, 336, 270, 36], "chunk_ids": [0, 1, 2, 3, 4, 5, 6, 7, 8, 9, 10], "selected_abs": [792, 793, 794, 795, 796, 797, 807, 808, 809, 810, 811, 812, 813, 830, 831, 832, 833, 834, 835, 836, 837, 838, 839, 840, 841, 842, 843, 865, 866, 867, 898, 929, 930, 931, 932, 933, 934, 935, 978, 1049, 1050, 1051, 1078, 1079, 1080, 1154, 1155, 1156, 1157, 1186, 1351, 1352, 1353, 1354, 1355, 1357, 1358, 1359, 1360, 1361, 1535, 1536, 1537, 1538, 1539, 1540, 1541, 1542, 1558, 1559, 1561, 1564, 1565, 1592, 1593, 1594, 1666, 1667, 1668, 1682, 1683, 1684, 1685, 1686, 1687, 1688, 1689, 1690, 1693, 1694, 1695, 1696, 1758, 1759, 1760, 1761, 1762, 1778, 1779, 1807, 1808, 1953, 1954, 1955, 1956, 2064, 2065, 2066, 2067, 2196, 2197, 2198, 2199, 2200, 2201, 2202, 2203, 2204, 2205, 2206, 2285, 2286, 2381, 2382, 2383, 2410, 2411, 2412, 2532, 2533, 2534, 2535, 2536, 2537, 2538, 2539, 2540, 2541, 2542, 2543, 2544, 2547, 2548, 2549, 2550, 2551, 2552, 2553, 2556, 2557, 2558, 2559, 2569, 2570, 2571, 2573, 2574, 2575, 2576, 2577, 2578, 2579, 2580, 2581, 2582, 2583, 2589, 2590, 2591, 2601, 2602, 2603, 2604, 2605, 2606, 2613, 2614, 2615, 2621, 2622, 2623, 2624, 2625, 2626, 2627, 2628, 2629, 2630, 2638, 2639, 2640, 2641, 2642, 2657, 2658, 2673, 2674, 2675, 2679, 2680, 2681, 2682, 2683, 2703, 2704, 2705, 2706, 2707, 2710, 2711, 2712, 2713, 2714, 2715, 2716, 2717, 2718, 2719, 2720, 2721, 2722, 2723, 2724, 2725, 2726, 2727, 2728, 2729, 2730, 2731, 2732, 2733, 2734, 2735, 2736, 2737, 2738, 2739, 2740, 2741, 2742, 2743, 2744, 2745, 2746, 2747, 2748, 2749, 2750, 2751, 2752, 2753, 2754, 2755, 2756, 2757, 2758, 2759, 2760, 2761, 2762, 2763, 2764, 2765, 2766, 2767, 2768, 2769, 2770, 2771, 2772, 2773, 2774, 2775, 2776, 2777, 2778, 2779, 2780, 2781, 2782, 2783, 2784, 2785, 2786, 2787, 2788, 2789, 2790, 2791, 2792, 2793, 2794, 2795, 2796, 2797, 2798, 2799, 2800, 2801, 2802, 2803, 2804, 2805, 2806, 2807, 2808, 2809, 2810, 2811, 2812, 2813, 2814, 2815, 2816, 2817, 2818, 2819, 2820, 2821, 2822, 2823, 2824, 2825, 2826, 2827, 2828, 2829, 2830, 2831, 2832, 2833, 2834, 2835, 2836, 2837, 2838], "selected_count": 337, "selection_time": 0.06181971399928443, "selection_score_forward_time": 0.06021603199769743}