{"example_id": 4, "sub_q_idx": 1, "method": "DraftModel", "reprocess_method": "DraftModel", "rate": 0.15, "system_len": 792, "passages_len": [792, 148, 139, 149, 265, 228, 196, 72, 88, 86, 321, 96, 148, 139, 28], "chunk_ids": [0, 11, 12, 13, 5, 14, 15, 16, 17, 18, 19, 1, 11, 12], "selected_abs": [792, 793, 794, 795, 796, 797, 798, 799, 800, 801, 802, 826, 827, 858, 859, 939, 940, 941, 942, 943, 944, 945, 946, 980, 1075, 1076, 1077, 1078, 1079, 1080, 1081, 1082, 1083, 1084, 1226, 1227, 1228, 1229, 1230, 1234, 1235, 1492, 1493, 1494, 1495, 1496, 1499, 1500, 1501, 1720, 1721, 1722, 1723, 1724, 1727, 1728, 1729, 1916, 1917, 1918, 1919, 1920, 1921, 1922, 1923, 1924, 1925, 1926, 1965, 1966, 1967, 1988, 1989, 1990, 1991, 1992, 1993, 1994, 2075, 2076, 2077, 2078, 2079, 2080, 2081, 2082, 2083, 2084, 2085, 2086, 2087, 2107, 2108, 2109, 2113, 2114, 2115, 2123, 2124, 2142, 2143, 2145, 2161, 2162, 2163, 2164, 2165, 2169, 2170, 2171, 2238, 2239, 2299, 2346, 2347, 2388, 2389, 2394, 2395, 2465, 2466, 2467, 2482, 2483, 2484, 2485, 2486, 2487, 2488, 2489, 2490, 2491, 2492, 2493, 2494, 2495, 2496, 2497, 2498, 2501, 2502, 2510, 2511, 2512, 2513, 2514, 2519, 2520, 2521, 2522, 2523, 2524, 2525, 2526, 2541, 2542, 2543, 2579, 2580, 2581, 2582, 2583, 2584, 2585, 2586, 2587, 2588, 2589, 2590, 2613, 2614, 2615, 2616, 2621, 2622, 2623, 2624, 2625, 2626, 2627, 2646, 2647, 2648, 2655, 2656, 2657, 2658, 2659, 2660, 2687, 2688, 2692, 2693, 2694, 2695, 2727, 2728, 2729, 2730, 2731, 2732, 2733, 2734, 2735, 2736, 2737, 2744, 2745, 2746, 2747, 2752, 2753, 2754, 2759, 2760, 2761, 2762, 2763, 2764, 2765, 2766, 2767, 2768, 2769, 2774, 2775, 2776, 2777, 2778, 2779, 2781, 2782, 2783, 2784, 2785, 2789, 2790, 2791, 2792, 2793, 2794, 2795, 2796, 2797, 2798, 2801, 2802, 2803, 2804, 2805, 2806, 2807, 2808, 2809, 2810, 2811, 2812, 2813, 2814, 2815, 2816, 2817, 2818, 2819, 2820, 2821, 2822, 2823, 2824, 2825, 2826, 2827, 2828, 2829, 2830, 2831, 2832, 2833, 2834, 2835, 2836, 2837, 2838, 2839, 2840, 2841, 2842, 2843, 2844, 2845, 2846, 2847, 2848, 2849, 2850, 2851, 2852, 2853, 2854, 2855, 2856, 2857, 2858, 2859, 2860, 2861, 2862, 2863, 2864, 2865, 2866, 2867, 2868, 2869, 2870, 2871, 2872, 2873, 2874, 2875, 2876, 2877, 2878, 2879, 2880, 2881, 2882, 2883, 2884, 2885, 2886, 2887, 2888, 2889, 2890, 2891, 2892, 2893, 2894], "selected_count": 339, "selection_time": 0.06263979399227537, "selection_score_forward_time": 0.06086649702046998}