example_id,sub_question_id,selector,rate,doc_len,selected_tokens,ideal_mass_all_layer,ideal_mass_last_layer,jaccard_with_oracle_all_layer,score_cosine_all_layer,score_js_all_layer,score_spearman_all_layer,full_attention_time_s,selector_time_s
0,0,oracle_full_attention,0.15,1313,196,0.43642672896385193,0.7182172536849976,1.0,0.9999999403953552,0.0,1.0,0.46404640283435583,0.46404640283435583
0,0,fusionrag_qk,0.15,1313,196,0.20762306451797485,0.01876932382583618,0.14285714285714285,0.2866208255290985,0.20520418086985415,0.26812995237173104,0.46404640283435583,0.06558053102344275
0,0,random,0.15,1313,196,0.1513378620147705,0.18966448307037354,0.09497206703910614,0.6625954508781433,0.07077445300170213,-0.2638967101624193,0.46404640283435583,0.0
1,0,oracle_full_attention,0.15,1295,194,0.42661094665527344,0.7752962112426758,1.0,0.9999997615814209,0.0,1.0,0.2812373489141464,0.2812373489141464
1,0,fusionrag_qk,0.15,1295,194,0.2038394659757614,0.06683959811925888,0.1513353115727003,0.29164788126945496,0.21053769820146762,0.2228674148704936,0.2812373489141464,0.026911131106317043
1,0,random,0.15,1295,194,0.13091786205768585,0.11185021698474884,0.060109289617486336,0.6499712467193604,0.06868462204852319,-0.3187296893391652,0.2812373489141464,0.0
