selector,n,ideal_mass_all_layer_mean,ideal_mass_last_layer_mean,jaccard_with_oracle_all_layer_mean,score_cosine_all_layer_mean,score_js_all_layer_mean,score_spearman_all_layer_mean,selector_time_s_mean,full_attention_time_s_mean
fusionrag_qk,2,0.20573126524686813,0.04280446097254753,0.14709622721492158,0.28913435339927673,0.20787093953566088,0.24549868362111232,0.046245831064879894,0.3726418758742511
oracle_full_attention,2,0.4315188378095627,0.7467567324638367,1.0,0.9999998509883881,0.0,1.0,0.3726418758742511,0.3726418758742511
random,2,0.14112786203622818,0.1507573500275612,0.07754067832829624,0.6562833487987518,0.06972953752511266,-0.29131319975079223,0.0,0.3726418758742511
