split,val_jaccard_r0p05,val_jaccard_r0p1,val_jaccard_r0p15,val_jaccard_r0p3,val_kl,val_recall_r0p05,val_recall_r0p1,val_recall_r0p15,val_recall_r0p3
wiki,0.261894332029362,0.3229477778081249,0.37121764367359184,0.43576265007182924,0.008319033496081828,0.40784210526315845,0.48278947368421127,0.5366842105263147,0.6037304347826143
musique,0.2504771401972144,0.2333442316317119,0.2308180387046854,0.2824522031849166,0.01072588883285975,0.3762325620352,0.364390318878451,0.3664480273656862,0.4326806902471802
