{"example_id": 103, "sub_q_idx": 0, "method": "DraftModel", "reprocess_method": "DraftModel", "rate": 0.1, "system_len": 792, "passages_len": [792, 57, 118, 171, 143, 221, 189, 113, 108, 157, 96, 38], "chunk_ids": [0, 1, 2, 3, 4, 5, 6, 7, 8, 9, 10], "selected_abs": [792, 793, 794, 795, 796, 797, 798, 799, 800, 801, 802, 803, 808, 809, 810, 811, 812, 813, 816, 833, 836, 837, 838, 839, 840, 841, 842, 843, 844, 845, 846, 847, 848, 849, 850, 851, 854, 859, 860, 868, 870, 872, 873, 874, 878, 884, 893, 903, 939, 966, 967, 968, 969, 970, 1101, 1137, 1138, 1139, 1140, 1141, 1159, 1160, 1177, 1190, 1215, 1280, 1281, 1282, 1283, 1300, 1303, 1305, 1314, 1501, 1502, 1503, 1690, 1691, 1692, 1693, 1694, 1695, 1696, 1698, 1700, 1799, 1803, 1810, 1822, 1823, 1824, 1911, 1912, 1913, 1914, 1915, 1916, 1919, 1921, 1993, 2021, 2068, 2069, 2070, 2071, 2073, 2074, 2077, 2079, 2080, 2094, 2096, 2134, 2164, 2165, 2166, 2167, 2168, 2169, 2170, 2171, 2172, 2173, 2174, 2175, 2176, 2177, 2178, 2179, 2180, 2181, 2182, 2183, 2184, 2185, 2186, 2187, 2188, 2189, 2190, 2191, 2192, 2193, 2194, 2195, 2196, 2197, 2198, 2199, 2200, 2201, 2202], "selected_count": 152, "selection_time": 0.1331248520000372, "selection_score_forward_time": 0.13276355300331488}