{"example_id": 105, "sub_q_idx": 0, "method": "DraftModel", "reprocess_method": "DraftModel", "rate": 0.1, "system_len": 792, "passages_len": [792, 228, 264, 335, 171, 167, 314, 248, 222, 201, 260, 35], "chunk_ids": [0, 1, 2, 3, 4, 5, 6, 7, 8, 9, 10], "selected_abs": [792, 793, 794, 795, 796, 797, 798, 799, 800, 801, 802, 803, 804, 805, 806, 807, 808, 809, 810, 811, 812, 815, 816, 817, 818, 819, 820, 821, 822, 823, 824, 825, 827, 829, 830, 831, 832, 833, 834, 835, 836, 837, 838, 839, 840, 842, 843, 844, 845, 846, 847, 848, 849, 850, 856, 857, 873, 889, 900, 901, 935, 936, 960, 961, 962, 963, 1007, 1011, 1012, 1019, 1020, 1021, 1022, 1023, 1024, 1025, 1026, 1027, 1028, 1029, 1030, 1031, 1032, 1035, 1036, 1060, 1064, 1194, 1283, 1284, 1285, 1286, 1287, 1288, 1289, 1290, 1291, 1292, 1293, 1294, 1295, 1296, 1487, 1617, 1618, 1619, 1620, 1621, 1622, 1623, 1624, 1625, 1634, 1635, 1636, 1637, 1638, 1639, 1640, 1645, 1646, 1647, 1667, 1676, 1710, 1771, 1789, 1790, 1791, 1792, 1793, 1794, 1795, 1796, 1798, 1799, 1800, 1801, 1802, 1803, 1807, 1821, 1956, 1957, 1958, 1959, 1960, 1961, 1962, 1963, 1965, 1966, 1967, 1968, 1969, 1970, 1971, 1972, 1973, 1975, 1978, 1994, 1995, 1999, 2266, 2269, 2270, 2271, 2272, 2273, 2274, 2276, 2277, 2279, 2280, 2281, 2285, 2294, 2295, 2296, 2297, 2518, 2519, 2520, 2521, 2522, 2523, 2524, 2525, 2527, 2529, 2535, 2673, 2674, 2675, 2676, 2740, 2741, 2742, 2743, 2744, 2745, 2746, 2747, 2749, 2750, 2751, 2752, 2753, 2931, 2941, 2942, 2943, 2944, 2945, 2946, 2947, 2948, 2949, 2950, 2951, 2952, 2953, 2954, 2955, 2956, 2957, 2958, 2959, 2961, 2962, 2963, 2964, 2965, 2966, 2967, 2968, 2969, 2970, 2971, 2972, 2973, 2974, 2975, 2977, 2978, 2980, 2982, 2983, 2986, 2987, 2988, 2993, 2995, 2997, 3005, 3006, 3007, 3008, 3009, 3010, 3011, 3014, 3027, 3028, 3048, 3049, 3050, 3051, 3052, 3053, 3054, 3055, 3056, 3057, 3058, 3061, 3064, 3066, 3067, 3068, 3069, 3070, 3098, 3099, 3120, 3145, 3146, 3147, 3148, 3163, 3171, 3176, 3178, 3200, 3201, 3202, 3203, 3204, 3205, 3206, 3207, 3208, 3209, 3210, 3211, 3212, 3213, 3214, 3215, 3216, 3217, 3218, 3219, 3220, 3221, 3222, 3223, 3224, 3225, 3226, 3227, 3228, 3229, 3230, 3231, 3232, 3233, 3234, 3235, 3236], "selected_count": 331, "selection_time": 0.19960486300988123, "selection_score_forward_time": 0.19919521300471388}