{"example_id": 114, "sub_q_idx": 0, "method": "DraftModel", "reprocess_method": "DraftModel", "rate": 0.1, "system_len": 792, "passages_len": [792, 340, 149, 184, 170, 180, 95, 109, 170, 136, 192, 28], "chunk_ids": [0, 1, 2, 3, 4, 5, 6, 7, 8, 9, 10], "selected_abs": [792, 793, 794, 795, 796, 797, 798, 799, 800, 801, 804, 806, 807, 808, 809, 810, 825, 860, 874, 880, 949, 1025, 1028, 1029, 1131, 1132, 1133, 1134, 1135, 1136, 1137, 1138, 1140, 1141, 1142, 1143, 1185, 1265, 1278, 1280, 1281, 1282, 1283, 1284, 1285, 1286, 1287, 1288, 1334, 1464, 1465, 1466, 1467, 1522, 1634, 1635, 1636, 1637, 1638, 1640, 1641, 1642, 1643, 1645, 1646, 1647, 1650, 1660, 1661, 1662, 1664, 1667, 1669, 1700, 1703, 1704, 1705, 1707, 1708, 1709, 1721, 1725, 1728, 1731, 1740, 1741, 1743, 1748, 1757, 1814, 1815, 1816, 1817, 1818, 1819, 1820, 1821, 1822, 1824, 1825, 1835, 1846, 1850, 1852, 1853, 1854, 1855, 1856, 1857, 1858, 1859, 1860, 1861, 1895, 1909, 1910, 1911, 1912, 1913, 1914, 1915, 1916, 1917, 1918, 1920, 1925, 1937, 1938, 1944, 1954, 1976, 1985, 1995, 2018, 2019, 2020, 2021, 2023, 2025, 2064, 2070, 2085, 2134, 2188, 2189, 2190, 2191, 2192, 2194, 2195, 2196, 2197, 2198, 2199, 2200, 2202, 2228, 2259, 2324, 2325, 2326, 2327, 2328, 2330, 2331, 2332, 2335, 2339, 2349, 2350, 2374, 2379, 2432, 2469, 2484, 2487, 2498, 2502, 2516, 2517, 2518, 2519, 2520, 2521, 2522, 2523, 2524, 2525, 2526, 2527, 2528, 2529, 2530, 2531, 2532, 2533, 2534, 2535, 2536, 2537, 2538, 2539, 2540, 2541, 2542, 2543, 2544], "selected_count": 207, "selection_time": 0.15967448498122394, "selection_score_forward_time": 0.15930826900876127}