{"example_id": 123, "sub_q_idx": 0, "method": "DraftModel", "reprocess_method": "DraftModel", "rate": 0.1, "system_len": 792, "passages_len": [792, 105, 60, 420, 87, 196, 223, 231, 218, 241, 162, 26], "chunk_ids": [0, 1, 2, 3, 4, 5, 6, 7, 8, 9, 10], "selected_abs": [792, 793, 794, 795, 796, 797, 798, 799, 800, 801, 802, 803, 804, 805, 806, 807, 808, 809, 810, 811, 812, 813, 814, 815, 816, 818, 819, 820, 821, 822, 823, 824, 825, 826, 836, 837, 838, 839, 840, 841, 842, 843, 844, 845, 846, 847, 848, 849, 850, 851, 852, 853, 854, 855, 857, 858, 859, 860, 861, 862, 864, 865, 866, 869, 870, 871, 892, 893, 894, 895, 896, 897, 898, 899, 900, 901, 902, 903, 904, 905, 906, 907, 908, 910, 913, 914, 915, 917, 919, 920, 922, 925, 926, 928, 932, 933, 937, 953, 956, 957, 958, 959, 960, 961, 968, 972, 973, 976, 989, 1212, 1243, 1326, 1336, 1365, 1376, 1377, 1378, 1379, 1380, 1381, 1382, 1383, 1384, 1395, 1396, 1398, 1399, 1400, 1401, 1402, 1403, 1404, 1431, 1463, 1464, 1465, 1466, 1467, 1468, 1469, 1470, 1471, 1472, 1474, 1477, 1483, 1517, 1518, 1519, 1520, 1521, 1533, 1539, 1540, 1548, 1549, 1551, 1552, 1553, 1565, 1605, 1659, 1660, 1661, 1662, 1663, 1664, 1665, 1666, 1774, 1882, 1883, 1884, 1885, 1886, 1887, 1889, 1890, 1891, 1892, 1893, 1894, 1895, 1904, 1954, 2037, 2113, 2114, 2115, 2116, 2117, 2118, 2119, 2120, 2136, 2139, 2140, 2245, 2313, 2327, 2331, 2332, 2333, 2334, 2335, 2336, 2337, 2340, 2572, 2573, 2574, 2575, 2576, 2577, 2578, 2579, 2580, 2581, 2584, 2589, 2590, 2607, 2619, 2620, 2622, 2640, 2659, 2667, 2668, 2669, 2670, 2673, 2733, 2734, 2735, 2736, 2737, 2738, 2739, 2740, 2741, 2742, 2743, 2744, 2745, 2746, 2747, 2748, 2749, 2750, 2751, 2752, 2753, 2754, 2755, 2756, 2757, 2758, 2759, 2760], "selected_count": 260, "selection_time": 0.16782888601301238, "selection_score_forward_time": 0.16745523898862302}