{"example_id": 101, "sub_q_idx": 0, "method": "DraftModel", "reprocess_method": "DraftModel", "rate": 0.1, "system_len": 792, "passages_len": [792, 135, 77, 176, 126, 52, 79, 87, 58, 51, 52, 27], "chunk_ids": [0, 1, 2, 3, 4, 5, 6, 7, 8, 9, 10], "selected_abs": [792, 793, 794, 795, 796, 797, 798, 799, 801, 802, 803, 804, 805, 807, 808, 809, 811, 812, 813, 814, 816, 817, 818, 819, 821, 822, 823, 824, 825, 827, 848, 866, 892, 903, 926, 927, 928, 929, 930, 935, 1003, 1004, 1005, 1006, 1007, 1009, 1012, 1018, 1087, 1179, 1180, 1181, 1182, 1305, 1306, 1307, 1308, 1309, 1357, 1436, 1437, 1438, 1439, 1440, 1522, 1523, 1524, 1525, 1526, 1527, 1581, 1582, 1583, 1584, 1585, 1587, 1589, 1590, 1591, 1592, 1594, 1613, 1632, 1633, 1634, 1635, 1637, 1638, 1649, 1653, 1676, 1684, 1685, 1686, 1687, 1688, 1689, 1690, 1691, 1692, 1693, 1694, 1695, 1696, 1697, 1698, 1699, 1700, 1701, 1702, 1703, 1704, 1705, 1706, 1707, 1708, 1709, 1710, 1711], "selected_count": 119, "selection_time": 0.10387067100964487, "selection_score_forward_time": 0.10357976701925509}