{"example_id": 121, "sub_q_idx": 0, "method": "DraftModel", "reprocess_method": "DraftModel", "rate": 0.1, "system_len": 792, "passages_len": [792, 100, 325, 208, 270, 84, 190, 120, 126, 168, 205, 28], "chunk_ids": [0, 1, 2, 3, 4, 5, 6, 7, 8, 9, 10], "selected_abs": [792, 793, 794, 795, 796, 797, 798, 799, 800, 801, 803, 804, 805, 806, 807, 808, 809, 811, 812, 813, 815, 816, 817, 818, 819, 820, 821, 822, 823, 824, 825, 826, 827, 828, 829, 830, 831, 832, 833, 834, 835, 836, 837, 838, 839, 840, 843, 844, 845, 846, 855, 868, 869, 871, 873, 876, 877, 878, 881, 890, 891, 892, 893, 894, 895, 896, 898, 926, 987, 1032, 1078, 1084, 1116, 1216, 1217, 1218, 1219, 1220, 1221, 1222, 1424, 1425, 1426, 1427, 1428, 1429, 1430, 1431, 1432, 1524, 1694, 1695, 1696, 1697, 1698, 1699, 1700, 1701, 1702, 1703, 1726, 1732, 1778, 1779, 1780, 1781, 1782, 1783, 1784, 1785, 1788, 1804, 1846, 1867, 1899, 1968, 1969, 1970, 1971, 1972, 1973, 1974, 2000, 2028, 2088, 2089, 2090, 2091, 2092, 2093, 2094, 2214, 2215, 2216, 2217, 2218, 2219, 2232, 2255, 2256, 2257, 2288, 2296, 2342, 2382, 2383, 2384, 2385, 2386, 2387, 2390, 2392, 2393, 2399, 2400, 2407, 2421, 2426, 2432, 2434, 2474, 2508, 2527, 2528, 2530, 2532, 2533, 2534, 2536, 2539, 2566, 2568, 2569, 2574, 2578, 2579, 2581, 2583, 2586, 2587, 2588, 2589, 2590, 2591, 2592, 2593, 2594, 2595, 2596, 2597, 2598, 2599, 2600, 2601, 2602, 2603, 2604, 2605, 2606, 2607, 2608, 2609, 2610, 2611, 2612, 2613, 2614, 2615], "selected_count": 208, "selection_time": 0.16119264301960357, "selection_score_forward_time": 0.1608093649847433}