{"example_id": 102, "sub_q_idx": 0, "method": "DraftModel", "reprocess_method": "DraftModel", "rate": 0.1, "system_len": 792, "passages_len": [792, 124, 59, 158, 99, 147, 78, 156, 118, 185, 136, 27], "chunk_ids": [0, 1, 2, 3, 4, 5, 6, 7, 8, 9, 10], "selected_abs": [792, 793, 794, 795, 796, 797, 798, 799, 800, 801, 802, 803, 804, 805, 806, 807, 808, 853, 861, 863, 866, 873, 874, 875, 876, 888, 889, 915, 916, 917, 918, 919, 920, 921, 922, 923, 924, 925, 926, 927, 935, 938, 974, 975, 976, 977, 978, 979, 980, 981, 991, 995, 1017, 1090, 1091, 1131, 1132, 1133, 1134, 1135, 1136, 1137, 1231, 1232, 1233, 1234, 1235, 1236, 1237, 1238, 1239, 1253, 1378, 1379, 1380, 1381, 1382, 1383, 1384, 1385, 1387, 1388, 1389, 1390, 1400, 1408, 1415, 1434, 1441, 1444, 1456, 1457, 1458, 1459, 1460, 1612, 1613, 1614, 1615, 1616, 1617, 1730, 1731, 1732, 1733, 1735, 1741, 1742, 1743, 1770, 1774, 1915, 1916, 1917, 1918, 1919, 1920, 1923, 1924, 1925, 1926, 1927, 1928, 1929, 1930, 1931, 1934, 1935, 1955, 1988, 1989, 1990, 1991, 1992, 1995, 1996, 1997, 1998, 2001, 2005, 2006, 2009, 2028, 2036, 2037, 2040, 2041, 2044, 2045, 2050, 2051, 2052, 2053, 2054, 2055, 2056, 2057, 2058, 2059, 2060, 2061, 2062, 2063, 2064, 2065, 2066, 2067, 2068, 2069, 2070, 2071, 2072, 2073, 2074, 2075, 2076, 2077, 2078], "selected_count": 178, "selection_time": 0.12937930901534855, "selection_score_forward_time": 0.12902993100578897}