{"example_id": 100, "sub_q_idx": 0, "method": "DraftModel", "reprocess_method": "DraftModel", "rate": 0.1, "system_len": 792, "passages_len": [792, 57, 108, 143, 171, 55, 297, 163, 149, 105, 85, 30], "chunk_ids": [0, 1, 2, 3, 4, 5, 6, 7, 8, 9, 10], "selected_abs": [792, 793, 794, 795, 796, 797, 798, 799, 800, 801, 802, 803, 805, 806, 807, 808, 809, 810, 812, 833, 836, 848, 849, 850, 851, 852, 853, 854, 855, 856, 860, 865, 867, 868, 869, 914, 931, 956, 957, 958, 959, 960, 978, 979, 985, 1009, 1016, 1034, 1099, 1100, 1101, 1102, 1103, 1107, 1108, 1270, 1271, 1272, 1273, 1274, 1275, 1276, 1277, 1278, 1279, 1280, 1281, 1282, 1283, 1284, 1285, 1286, 1287, 1291, 1292, 1293, 1304, 1309, 1325, 1326, 1327, 1328, 1329, 1331, 1360, 1452, 1475, 1622, 1623, 1624, 1625, 1626, 1627, 1633, 1634, 1711, 1712, 1785, 1786, 1787, 1788, 1789, 1790, 1791, 1792, 1795, 1796, 1807, 1929, 1930, 1931, 1932, 1933, 1934, 1935, 1936, 1937, 1938, 1940, 1941, 1960, 2031, 2039, 2040, 2041, 2042, 2043, 2044, 2045, 2046, 2047, 2048, 2050, 2051, 2052, 2054, 2055, 2056, 2057, 2058, 2059, 2060, 2061, 2062, 2063, 2067, 2069, 2073, 2074, 2075, 2079, 2080, 2081, 2089, 2091, 2092, 2100, 2101, 2102, 2106, 2120, 2121, 2123, 2124, 2125, 2126, 2127, 2128, 2129, 2130, 2131, 2132, 2133, 2134, 2135, 2136, 2137, 2138, 2139, 2140, 2141, 2142, 2143, 2144, 2145, 2146, 2147, 2148, 2149, 2150, 2151, 2152, 2153, 2154], "selected_count": 194, "selection_time": 0.22298456099815667, "selection_score_forward_time": 0.2226461370009929}