{
  "config": {
    "model": "/mnt/qjhs-sh-lab-01/models/Qwen2.5-7B-Instruct",
    "dataset": "musique",
    "topk": 10,
    "rate": 1.0,
    "max_main_questions": 120,
    "max_sub_questions": 120,
    "warmup_sub_questions": 8,
    "raw_kv_cache": "/raid/home/hming/fusionrag-reflect-full-cache/Qwen2.5-7B-Instruct/musique/kv_cache",
    "preprocess_kv_cache": "/raid/home/hming/fusionrag-reflect-full-cache/Qwen2.5-7B-Instruct/musique/preprocess_kv_cache_global_topk10_bge"
  },
  "num_measured": 112,
  "full_ttft_compute_s_mean": 0.11163503357342311,
  "full_ttft_compute_s_p50": 0.1136404275894165,
  "full_ttft_compute_s_p95": 0.15637826919555664,
  "full_ttft_wall_s_mean": 0.299647177478099,
  "full_ttft_wall_s_p50": 0.29184473981149495,
  "full_ttft_wall_s_p95": 0.39246954722329974,
  "full_exact_cache_ttft_s_mean": 0.2984253908091757,
  "full_exact_cache_ttft_s_p50": 0.2906127260066569,
  "full_exact_cache_ttft_s_p95": 0.38661953806877136,
  "fusion_ttft_compute_s_mean": 0.3682997488691139,
  "fusion_ttft_compute_s_p50": 0.3560186845716089,
  "fusion_ttft_compute_s_p95": 0.45307119796052575,
  "fusion_ttft_wall_s_mean": 0.4249099289549382,
  "fusion_ttft_wall_s_p50": 0.40999409230425954,
  "fusion_ttft_wall_s_p95": 0.5272634718567133,
  "speedup_compute_mean": 0.30338593600178937,
  "ttft_reduction_pct_compute_mean": -235.74565987713223,
  "speedup_full_exact_over_fusion_compute_mean": 0.8119201047771952,
  "ttft_reduction_pct_full_exact_vs_fusion_compute_mean": -25.109145040894557,
  "speedup_wall_mean": 0.7059712607172347,
  "ttft_reduction_pct_wall_mean": -43.48351559946263,
  "fusion_storage_time_s_mean": 0.02388357524926375,
  "fusion_selection_time_s_mean": 0.10277810714407158,
  "fusion_selection_score_forward_time_s_mean": 0.10196701198583469,
  "fusion_reprocess_prefill_time_s_mean": 0.24163806647577854,
  "fusion_selected_doc_tokens_mean": 1447.919642857143,
  "fusion_reprocess_prefill_tokens_mean": 1475.1160714285713,
  "full_tokens_mean": 2267.1160714285716
}