split,val_jaccard_r0p05,val_jaccard_r0p1,val_jaccard_r0p15,val_jaccard_r0p3,val_kl,val_recall_r0p05,val_recall_r0p1,val_recall_r0p15,val_recall_r0p3
wiki,0.2557859299833273,0.31558685604251363,0.35663572975900437,0.43328112006179054,0.008086966671049595,0.3982105263157888,0.47357894736842193,0.5206526315789471,0.6016278260869526
musique,0.32045227628210693,0.32403435649843043,0.3335907288650572,0.3928166238169169,0.010405229021162882,0.4693835859263763,0.4817487215852525,0.4949394118194549,0.5598253899478255
