{"example_id": 59, "sub_q_idx": 0, "method": "FusionRAG", "reprocess_method": "FusionRAG", "rate": 0.15, "system_len": 792, "passages_len": [792, 56, 120, 127, 156, 273, 181, 115, 75, 94, 89, 27], "chunk_ids": [0, 1, 2, 3, 4, 5, 6, 7, 8, 9, 10], "selected_abs": [792, 793, 794, 795, 796, 797, 798, 799, 800, 801, 802, 803, 804, 805, 806, 808, 832, 833, 847, 848, 849, 850, 851, 873, 876, 920, 955, 967, 968, 969, 970, 971, 972, 973, 1011, 1012, 1021, 1063, 1094, 1095, 1096, 1097, 1098, 1103, 1123, 1124, 1127, 1148, 1152, 1153, 1169, 1250, 1251, 1252, 1253, 1254, 1256, 1257, 1258, 1263, 1299, 1334, 1375, 1408, 1490, 1523, 1524, 1525, 1526, 1527, 1528, 1529, 1530, 1531, 1532, 1534, 1535, 1536, 1537, 1565, 1578, 1646, 1664, 1685, 1704, 1705, 1706, 1707, 1708, 1709, 1710, 1711, 1712, 1715, 1743, 1819, 1820, 1821, 1822, 1823, 1824, 1825, 1826, 1827, 1833, 1834, 1836, 1855, 1856, 1894, 1895, 1896, 1897, 1898, 1899, 1901, 1902, 1903, 1905, 1934, 1963, 1964, 1989, 1990, 1998, 2006, 2028, 2076, 2077, 2078, 2079, 2080, 2081, 2082, 2083, 2084, 2085, 2086, 2087, 2088, 2089, 2090, 2091, 2092, 2093, 2094, 2095, 2096, 2097, 2098, 2099, 2100, 2101, 2102, 2103, 2104], "selected_count": 156, "selection_time": 0.00400518300011754, "selection_score_forward_time": 0.003573466994566843}