{"example_id": 68, "sub_q_idx": 1, "method": "FusionRAG", "reprocess_method": "FusionRAG", "rate": 0.15, "system_len": 792, "passages_len": [792, 103, 47, 79, 134, 84, 78, 55, 67, 194, 62, 103, 47, 29], "chunk_ids": [0, 1, 11, 12, 13, 14, 15, 16, 17, 18, 19, 1, 11], "selected_abs": [792, 793, 794, 795, 796, 797, 802, 803, 814, 816, 817, 818, 819, 820, 821, 830, 831, 894, 895, 896, 897, 898, 899, 900, 901, 902, 903, 904, 923, 924, 942, 944, 947, 948, 949, 950, 951, 962, 963, 973, 1021, 1026, 1027, 1028, 1029, 1086, 1108, 1154, 1155, 1156, 1157, 1158, 1159, 1160, 1161, 1162, 1163, 1164, 1165, 1166, 1213, 1218, 1227, 1239, 1242, 1244, 1245, 1247, 1248, 1264, 1316, 1317, 1318, 1319, 1320, 1321, 1322, 1323, 1324, 1329, 1355, 1371, 1372, 1373, 1374, 1375, 1376, 1377, 1389, 1417, 1418, 1438, 1439, 1440, 1441, 1442, 1443, 1447, 1470, 1508, 1509, 1573, 1631, 1632, 1633, 1634, 1635, 1636, 1637, 1638, 1639, 1640, 1641, 1642, 1643, 1644, 1645, 1646, 1647, 1648, 1649, 1650, 1651, 1652, 1653, 1654, 1655, 1656, 1657, 1658, 1659, 1660, 1661, 1662, 1665, 1666, 1667, 1668, 1669, 1670, 1671, 1672, 1673, 1674, 1675, 1676, 1679, 1681, 1682, 1683, 1684, 1685, 1686, 1687, 1688, 1689, 1690, 1691, 1692, 1693, 1694, 1695, 1696, 1697, 1698, 1699, 1700, 1705, 1706, 1717, 1719, 1720, 1721, 1722, 1723, 1724, 1733, 1734, 1797, 1798, 1799, 1800, 1801, 1802, 1803, 1804, 1805, 1806, 1807, 1826, 1827, 1845, 1846, 1847, 1848, 1849, 1850, 1851, 1852, 1853, 1854, 1855, 1856, 1857, 1858, 1859, 1860, 1861, 1862, 1863, 1864, 1865, 1866, 1867, 1868, 1869, 1870, 1871, 1872, 1873], "selected_count": 220, "selection_time": 0.004394087009131908, "selection_score_forward_time": 0.003959263005526736}