{"example_id": 50, "sub_q_idx": 0, "method": "FusionRAG", "reprocess_method": "FusionRAG", "rate": 0.15, "system_len": 792, "passages_len": [792, 265, 321, 189, 212, 98, 57, 139, 85, 152, 154, 26], "chunk_ids": [0, 1, 2, 3, 4, 5, 6, 7, 8, 9, 10], "selected_abs": [792, 793, 794, 795, 796, 797, 798, 799, 800, 801, 802, 803, 804, 805, 806, 813, 819, 833, 836, 837, 838, 839, 879, 880, 881, 882, 883, 884, 885, 886, 887, 891, 912, 931, 943, 980, 1036, 1055, 1056, 1057, 1058, 1059, 1060, 1061, 1062, 1063, 1064, 1065, 1066, 1067, 1069, 1070, 1071, 1072, 1076, 1080, 1081, 1093, 1094, 1133, 1134, 1193, 1241, 1242, 1282, 1328, 1360, 1361, 1377, 1378, 1379, 1380, 1381, 1382, 1383, 1384, 1403, 1412, 1414, 1415, 1428, 1429, 1468, 1491, 1566, 1567, 1568, 1569, 1570, 1571, 1572, 1573, 1574, 1575, 1576, 1588, 1606, 1657, 1673, 1712, 1716, 1778, 1779, 1780, 1781, 1782, 1783, 1784, 1785, 1786, 1787, 1788, 1789, 1790, 1792, 1816, 1817, 1818, 1828, 1849, 1850, 1857, 1858, 1876, 1877, 1878, 1879, 1880, 1881, 1882, 1884, 1885, 1894, 1909, 1913, 1914, 1915, 1916, 1917, 1918, 1924, 1933, 1934, 1935, 1936, 1937, 1938, 1940, 1941, 1942, 1945, 1946, 1987, 2030, 2072, 2073, 2074, 2075, 2076, 2077, 2078, 2079, 2080, 2081, 2083, 2084, 2085, 2086, 2097, 2107, 2157, 2158, 2159, 2160, 2161, 2162, 2163, 2164, 2170, 2190, 2191, 2200, 2212, 2214, 2217, 2259, 2260, 2309, 2310, 2311, 2312, 2313, 2314, 2315, 2316, 2317, 2318, 2319, 2320, 2321, 2323, 2324, 2333, 2334, 2336, 2337, 2344, 2346, 2347, 2366, 2418, 2463, 2464, 2465, 2466, 2467, 2468, 2469, 2470, 2471, 2472, 2473, 2474, 2475, 2476, 2477, 2478, 2479, 2480, 2481, 2482, 2483, 2484, 2485, 2486, 2487, 2488, 2489], "selected_count": 238, "selection_time": 2.0544263829942793, "selection_score_forward_time": 2.027919128013309}