{"example_id": 64, "sub_q_idx": 0, "method": "FusionRAG", "reprocess_method": "FusionRAG", "rate": 0.15, "system_len": 792, "passages_len": [792, 71, 72, 130, 37, 67, 61, 82, 92, 186, 113, 31], "chunk_ids": [0, 1, 2, 3, 4, 5, 6, 7, 8, 9, 10], "selected_abs": [792, 793, 794, 795, 796, 797, 798, 799, 800, 801, 802, 803, 804, 805, 806, 807, 808, 809, 810, 811, 812, 813, 814, 815, 816, 817, 818, 819, 820, 823, 835, 836, 861, 862, 863, 864, 865, 866, 867, 868, 869, 870, 882, 898, 934, 935, 936, 937, 938, 941, 942, 969, 992, 1064, 1065, 1066, 1067, 1068, 1069, 1070, 1080, 1102, 1103, 1104, 1105, 1108, 1109, 1110, 1152, 1168, 1169, 1170, 1171, 1172, 1173, 1222, 1230, 1232, 1237, 1238, 1252, 1289, 1311, 1312, 1314, 1315, 1316, 1317, 1318, 1320, 1338, 1360, 1404, 1406, 1410, 1418, 1435, 1436, 1462, 1487, 1547, 1589, 1590, 1591, 1592, 1593, 1594, 1595, 1596, 1597, 1598, 1599, 1602, 1623, 1654, 1702, 1703, 1704, 1705, 1706, 1707, 1708, 1709, 1710, 1711, 1712, 1713, 1714, 1715, 1716, 1717, 1718, 1719, 1720, 1721, 1722, 1723, 1724, 1725, 1726, 1727, 1728, 1729, 1730, 1731, 1732, 1733], "selected_count": 147, "selection_time": 0.004250282014254481, "selection_score_forward_time": 0.0037840610020793974}