{"example_id": 54, "sub_q_idx": 0, "method": "FusionRAG", "reprocess_method": "FusionRAG", "rate": 0.15, "system_len": 792, "passages_len": [792, 83, 94, 162, 95, 106, 109, 110, 78, 62, 78, 34], "chunk_ids": [0, 1, 2, 3, 4, 5, 6, 7, 8, 9, 10], "selected_abs": [792, 793, 794, 795, 796, 797, 798, 799, 800, 801, 802, 819, 820, 822, 823, 824, 825, 826, 849, 850, 873, 874, 875, 876, 877, 878, 879, 880, 881, 882, 883, 885, 943, 944, 968, 969, 970, 971, 972, 973, 974, 975, 977, 979, 1002, 1003, 1032, 1034, 1073, 1078, 1130, 1131, 1132, 1133, 1134, 1135, 1137, 1138, 1141, 1142, 1157, 1158, 1189, 1225, 1226, 1227, 1228, 1229, 1230, 1231, 1234, 1242, 1255, 1300, 1331, 1332, 1333, 1334, 1335, 1336, 1337, 1338, 1345, 1361, 1411, 1440, 1441, 1442, 1443, 1446, 1447, 1454, 1470, 1551, 1553, 1556, 1557, 1558, 1559, 1560, 1561, 1625, 1627, 1628, 1629, 1630, 1631, 1632, 1633, 1662, 1663, 1690, 1691, 1692, 1693, 1694, 1695, 1696, 1697, 1698, 1699, 1700, 1731, 1765, 1768, 1769, 1770, 1771, 1772, 1773, 1774, 1775, 1776, 1777, 1778, 1779, 1780, 1781, 1782, 1783, 1784, 1785, 1786, 1787, 1788, 1789, 1790, 1791, 1792, 1793, 1794, 1795, 1796, 1797, 1798, 1799, 1800, 1801, 1802], "selected_count": 159, "selection_time": 0.0040842169837560505, "selection_score_forward_time": 0.003655325999716297}