{"example_id": 58, "sub_q_idx": 0, "method": "FusionRAG", "reprocess_method": "FusionRAG", "rate": 0.15, "system_len": 792, "passages_len": [792, 87, 96, 180, 94, 171, 68, 68, 122, 140, 117, 25], "chunk_ids": [0, 1, 2, 3, 4, 5, 6, 7, 8, 9, 10], "selected_abs": [792, 793, 794, 795, 796, 797, 798, 799, 800, 801, 802, 803, 804, 805, 806, 807, 808, 809, 810, 811, 812, 813, 814, 816, 817, 818, 819, 820, 821, 830, 838, 878, 879, 880, 881, 882, 883, 884, 885, 886, 899, 974, 975, 976, 977, 978, 979, 980, 981, 982, 983, 985, 986, 994, 999, 1005, 1006, 1022, 1028, 1045, 1094, 1113, 1143, 1154, 1155, 1156, 1157, 1158, 1159, 1160, 1161, 1162, 1163, 1164, 1181, 1233, 1234, 1248, 1249, 1250, 1251, 1252, 1255, 1260, 1267, 1284, 1285, 1288, 1313, 1323, 1390, 1391, 1419, 1420, 1421, 1422, 1423, 1424, 1450, 1471, 1472, 1487, 1488, 1489, 1490, 1491, 1492, 1493, 1499, 1503, 1504, 1518, 1519, 1532, 1555, 1556, 1557, 1558, 1563, 1570, 1577, 1592, 1624, 1642, 1663, 1677, 1678, 1679, 1680, 1681, 1682, 1683, 1684, 1685, 1690, 1691, 1756, 1763, 1817, 1818, 1819, 1820, 1821, 1822, 1823, 1825, 1826, 1827, 1834, 1853, 1878, 1884, 1888, 1907, 1934, 1935, 1936, 1937, 1938, 1939, 1940, 1941, 1942, 1943, 1944, 1945, 1946, 1947, 1948, 1949, 1950, 1951, 1952, 1953, 1954, 1955, 1956, 1957, 1958, 1959], "selected_count": 180, "selection_time": 0.0039893869834486395, "selection_score_forward_time": 0.00354977700044401}