{"example_id": 56, "sub_q_idx": 0, "method": "FusionRAG", "reprocess_method": "FusionRAG", "rate": 0.15, "system_len": 792, "passages_len": [792, 40, 89, 89, 200, 149, 156, 123, 219, 49, 137, 40, 26], "chunk_ids": [0, 1, 2, 3, 4, 5, 6, 7, 8, 9, 10, 1], "selected_abs": [792, 793, 794, 795, 796, 797, 798, 799, 800, 801, 802, 803, 804, 805, 806, 807, 808, 817, 818, 819, 829, 830, 831, 832, 833, 834, 835, 836, 837, 838, 839, 858, 859, 921, 922, 923, 925, 926, 938, 939, 945, 946, 959, 960, 1009, 1010, 1011, 1012, 1013, 1014, 1031, 1032, 1033, 1095, 1183, 1187, 1200, 1201, 1202, 1209, 1210, 1211, 1212, 1213, 1214, 1215, 1216, 1217, 1218, 1219, 1220, 1222, 1224, 1317, 1347, 1353, 1358, 1359, 1360, 1361, 1362, 1363, 1364, 1365, 1366, 1370, 1375, 1379, 1386, 1387, 1448, 1514, 1515, 1516, 1517, 1518, 1519, 1520, 1521, 1523, 1572, 1575, 1622, 1623, 1637, 1638, 1639, 1640, 1641, 1642, 1643, 1644, 1646, 1647, 1651, 1652, 1653, 1654, 1666, 1667, 1687, 1776, 1846, 1856, 1857, 1858, 1859, 1860, 1861, 1862, 1863, 1865, 1866, 1867, 1868, 1869, 1870, 1904, 1905, 1906, 1907, 1908, 1909, 1910, 1911, 1912, 1913, 1914, 1915, 1916, 1917, 1918, 1919, 1933, 1934, 1980, 1981, 1982, 1983, 1984, 1985, 1986, 1987, 1988, 1989, 1990, 2012, 2022, 2023, 2024, 2025, 2026, 2027, 2028, 2029, 2030, 2031, 2032, 2033, 2034, 2035, 2036, 2037, 2038, 2039, 2040, 2041, 2042, 2043, 2044, 2045, 2046, 2047, 2048, 2049, 2050, 2051, 2052, 2053, 2054, 2055, 2056, 2057, 2058, 2059, 2068, 2069, 2070, 2080, 2081, 2082, 2083, 2084, 2085, 2086, 2087, 2088, 2089, 2090, 2091, 2092, 2093, 2094, 2095, 2096, 2097, 2098, 2099, 2100, 2101, 2102, 2103, 2104, 2105, 2106, 2107, 2108], "selected_count": 237, "selection_time": 0.004373684001620859, "selection_score_forward_time": 0.003897765011060983}