{"example_id": 63, "sub_q_idx": 0, "method": "FusionRAG", "reprocess_method": "FusionRAG", "rate": 0.15, "system_len": 792, "passages_len": [792, 60, 244, 92, 88, 145, 135, 169, 162, 292, 85, 27], "chunk_ids": [0, 1, 2, 3, 4, 5, 6, 7, 8, 9, 10], "selected_abs": [792, 793, 794, 795, 796, 797, 798, 799, 800, 801, 802, 803, 804, 805, 806, 807, 808, 809, 818, 819, 826, 827, 851, 852, 853, 854, 855, 856, 857, 858, 859, 863, 870, 871, 890, 947, 951, 953, 973, 1070, 1086, 1095, 1096, 1097, 1098, 1099, 1100, 1101, 1102, 1103, 1104, 1111, 1121, 1122, 1132, 1145, 1146, 1162, 1187, 1188, 1189, 1190, 1191, 1192, 1193, 1195, 1196, 1197, 1198, 1199, 1200, 1201, 1202, 1204, 1214, 1230, 1249, 1275, 1276, 1277, 1278, 1279, 1280, 1281, 1282, 1294, 1313, 1345, 1362, 1380, 1385, 1386, 1401, 1420, 1421, 1422, 1423, 1424, 1425, 1426, 1427, 1428, 1429, 1432, 1433, 1454, 1455, 1458, 1477, 1526, 1527, 1531, 1555, 1556, 1557, 1558, 1559, 1560, 1561, 1569, 1573, 1602, 1618, 1619, 1676, 1696, 1724, 1725, 1726, 1727, 1728, 1733, 1741, 1742, 1781, 1782, 1808, 1851, 1852, 1886, 1887, 1888, 1889, 1890, 1891, 1892, 1893, 1907, 1942, 2060, 2074, 2089, 2178, 2179, 2180, 2181, 2182, 2183, 2184, 2185, 2186, 2187, 2188, 2189, 2190, 2192, 2199, 2214, 2215, 2220, 2245, 2263, 2264, 2265, 2266, 2267, 2268, 2269, 2270, 2271, 2272, 2273, 2274, 2275, 2276, 2277, 2278, 2279, 2280, 2281, 2282, 2283, 2284, 2285, 2286, 2287, 2288, 2289, 2290], "selected_count": 199, "selection_time": 0.004642797983251512, "selection_score_forward_time": 0.004198921000352129}