{"example_id": 50, "sub_q_idx": 1, "method": "FusionRAG", "reprocess_method": "FusionRAG", "rate": 0.15, "system_len": 792, "passages_len": [792, 189, 160, 265, 321, 212, 57, 139, 196, 228, 154, 27], "chunk_ids": [0, 3, 11, 1, 2, 4, 6, 7, 12, 13, 10], "selected_abs": [792, 793, 794, 795, 796, 797, 798, 817, 826, 828, 829, 842, 843, 863, 878, 882, 905, 980, 981, 982, 983, 984, 985, 986, 987, 988, 989, 990, 992, 1013, 1049, 1058, 1078, 1088, 1097, 1098, 1115, 1140, 1141, 1142, 1143, 1144, 1145, 1146, 1147, 1148, 1149, 1150, 1151, 1152, 1153, 1154, 1155, 1162, 1168, 1182, 1185, 1186, 1187, 1188, 1228, 1229, 1230, 1231, 1232, 1233, 1234, 1235, 1236, 1240, 1261, 1280, 1292, 1329, 1385, 1404, 1405, 1406, 1407, 1408, 1409, 1410, 1411, 1412, 1413, 1414, 1415, 1416, 1418, 1419, 1420, 1421, 1425, 1429, 1430, 1442, 1443, 1455, 1482, 1483, 1542, 1590, 1591, 1631, 1677, 1709, 1710, 1726, 1727, 1728, 1729, 1730, 1731, 1732, 1733, 1734, 1735, 1736, 1748, 1766, 1817, 1833, 1872, 1873, 1876, 1905, 1911, 1913, 1938, 1939, 1940, 1941, 1942, 1943, 1944, 1946, 1947, 1956, 1971, 1975, 1976, 1977, 1978, 1979, 1980, 1986, 1995, 1996, 1997, 1998, 1999, 2000, 2002, 2003, 2004, 2007, 2008, 2021, 2049, 2092, 2134, 2135, 2136, 2137, 2138, 2139, 2140, 2141, 2142, 2143, 2144, 2157, 2173, 2198, 2213, 2214, 2290, 2291, 2308, 2326, 2330, 2331, 2332, 2333, 2334, 2335, 2336, 2337, 2338, 2339, 2340, 2342, 2343, 2367, 2388, 2404, 2406, 2460, 2461, 2462, 2463, 2464, 2465, 2490, 2491, 2492, 2493, 2494, 2495, 2496, 2497, 2498, 2499, 2500, 2513, 2514, 2515, 2516, 2517, 2519, 2520, 2521, 2522, 2523, 2524, 2525, 2526, 2527, 2528, 2529, 2530, 2531, 2532, 2533, 2534, 2535, 2536, 2537, 2538, 2539, 2540, 2541, 2542, 2543, 2544, 2545, 2546, 2547, 2548, 2549, 2550, 2551, 2552, 2553, 2554, 2555, 2556, 2557, 2558, 2559, 2560, 2561, 2562, 2563, 2564, 2565, 2566, 2567, 2568, 2569, 2570, 2572, 2573, 2582, 2583, 2585, 2586, 2593, 2595, 2596, 2615, 2667, 2712, 2713, 2714, 2715, 2716, 2717, 2718, 2719, 2720, 2721, 2722, 2723, 2724, 2725, 2726, 2727, 2728, 2729, 2730, 2731, 2732, 2733, 2734, 2735, 2736, 2737, 2738, 2739], "selected_count": 310, "selection_time": 0.004671586997574195, "selection_score_forward_time": 0.004160785989370197}