{"example_id": 71, "sub_q_idx": 0, "method": "FusionRAG", "reprocess_method": "FusionRAG", "rate": 0.15, "system_len": 792, "passages_len": [792, 153, 268, 165, 249, 138, 176, 55, 176, 70, 170, 29], "chunk_ids": [0, 1, 2, 3, 4, 5, 6, 7, 8, 9, 10], "selected_abs": [792, 793, 794, 795, 796, 797, 798, 799, 800, 801, 802, 803, 804, 805, 807, 827, 828, 844, 944, 945, 946, 947, 948, 952, 958, 960, 985, 1007, 1018, 1089, 1090, 1109, 1154, 1155, 1175, 1177, 1184, 1199, 1212, 1213, 1214, 1215, 1216, 1217, 1220, 1221, 1222, 1224, 1226, 1227, 1228, 1229, 1232, 1233, 1281, 1282, 1339, 1377, 1378, 1379, 1380, 1381, 1383, 1401, 1421, 1450, 1462, 1501, 1502, 1505, 1529, 1566, 1626, 1627, 1628, 1629, 1630, 1631, 1632, 1633, 1634, 1635, 1644, 1650, 1651, 1655, 1656, 1673, 1674, 1759, 1764, 1765, 1766, 1767, 1768, 1769, 1770, 1771, 1772, 1774, 1775, 1789, 1790, 1819, 1820, 1846, 1881, 1940, 1941, 1942, 1943, 1945, 1946, 1950, 1951, 1952, 1976, 1977, 1995, 1996, 1997, 1998, 1999, 2002, 2006, 2007, 2008, 2067, 2103, 2171, 2172, 2173, 2174, 2175, 2177, 2178, 2179, 2180, 2191, 2192, 2193, 2212, 2213, 2241, 2242, 2243, 2244, 2245, 2246, 2247, 2248, 2249, 2250, 2253, 2255, 2260, 2283, 2367, 2380, 2411, 2412, 2413, 2414, 2415, 2416, 2417, 2418, 2419, 2420, 2421, 2422, 2423, 2424, 2425, 2426, 2427, 2428, 2429, 2430, 2431, 2432, 2433, 2434, 2435, 2436, 2437, 2438, 2439, 2440], "selected_count": 189, "selection_time": 0.004048224975122139, "selection_score_forward_time": 0.0036046759923920035}