{"example_id": 57, "sub_q_idx": 0, "method": "FusionRAG", "reprocess_method": "FusionRAG", "rate": 0.15, "system_len": 792, "passages_len": [792, 135, 51, 46, 126, 157, 123, 72, 128, 57, 137, 135, 26], "chunk_ids": [0, 1, 2, 3, 4, 5, 6, 7, 8, 9, 10, 1], "selected_abs": [792, 793, 794, 795, 796, 797, 798, 799, 800, 801, 802, 803, 804, 806, 807, 808, 809, 842, 843, 882, 904, 926, 927, 928, 929, 930, 931, 932, 951, 956, 978, 979, 980, 984, 989, 994, 1009, 1023, 1024, 1025, 1026, 1027, 1028, 1029, 1030, 1032, 1052, 1081, 1110, 1149, 1150, 1151, 1152, 1153, 1154, 1160, 1168, 1178, 1211, 1221, 1244, 1269, 1306, 1307, 1308, 1309, 1310, 1311, 1312, 1313, 1314, 1328, 1329, 1337, 1343, 1347, 1374, 1429, 1430, 1431, 1432, 1433, 1434, 1438, 1439, 1440, 1448, 1449, 1459, 1460, 1474, 1501, 1502, 1503, 1504, 1505, 1506, 1507, 1508, 1509, 1510, 1511, 1532, 1533, 1535, 1553, 1594, 1607, 1608, 1629, 1630, 1631, 1632, 1633, 1634, 1635, 1636, 1637, 1638, 1643, 1657, 1658, 1686, 1687, 1688, 1689, 1690, 1691, 1692, 1693, 1694, 1695, 1696, 1697, 1698, 1699, 1700, 1701, 1702, 1703, 1704, 1741, 1742, 1780, 1781, 1812, 1813, 1814, 1815, 1816, 1817, 1818, 1819, 1820, 1821, 1822, 1823, 1824, 1825, 1826, 1827, 1828, 1829, 1830, 1831, 1832, 1833, 1834, 1835, 1836, 1838, 1839, 1840, 1841, 1874, 1875, 1914, 1936, 1958, 1959, 1960, 1961, 1962, 1963, 1964, 1965, 1966, 1967, 1968, 1969, 1970, 1971, 1972, 1973, 1974, 1975, 1976, 1977, 1978, 1979, 1980, 1981, 1982, 1983, 1984], "selected_count": 205, "selection_time": 0.004363849991932511, "selection_score_forward_time": 0.0039531099901068956}