{"example_id": 66, "sub_q_idx": 0, "method": "FusionRAG", "reprocess_method": "FusionRAG", "rate": 0.15, "system_len": 792, "passages_len": [792, 126, 147, 173, 111, 70, 122, 161, 177, 114, 107, 147, 111, 35], "chunk_ids": [0, 1, 2, 3, 4, 5, 6, 7, 8, 9, 10, 2, 4], "selected_abs": [792, 793, 794, 795, 796, 797, 798, 799, 800, 801, 802, 803, 804, 805, 806, 807, 808, 809, 810, 811, 812, 813, 852, 894, 898, 899, 916, 917, 918, 919, 920, 921, 922, 923, 924, 925, 927, 928, 929, 930, 931, 937, 943, 992, 1018, 1045, 1064, 1065, 1066, 1067, 1069, 1070, 1073, 1074, 1075, 1076, 1088, 1092, 1150, 1151, 1205, 1237, 1238, 1239, 1240, 1241, 1245, 1250, 1256, 1272, 1275, 1317, 1348, 1349, 1350, 1351, 1352, 1354, 1355, 1362, 1392, 1418, 1419, 1420, 1421, 1422, 1423, 1424, 1425, 1432, 1458, 1462, 1463, 1540, 1541, 1542, 1543, 1553, 1567, 1586, 1590, 1607, 1667, 1683, 1701, 1702, 1703, 1704, 1705, 1706, 1707, 1708, 1709, 1716, 1732, 1759, 1777, 1829, 1859, 1878, 1879, 1880, 1881, 1882, 1883, 1884, 1885, 1886, 1887, 1892, 1899, 1915, 1942, 1992, 1993, 1994, 1995, 1996, 1997, 1998, 1999, 2000, 2001, 2002, 2003, 2004, 2005, 2006, 2007, 2008, 2009, 2010, 2011, 2012, 2013, 2014, 2015, 2016, 2018, 2023, 2044, 2045, 2046, 2047, 2048, 2049, 2050, 2051, 2052, 2069, 2070, 2071, 2072, 2073, 2085, 2086, 2087, 2088, 2089, 2090, 2091, 2092, 2093, 2094, 2095, 2096, 2097, 2098, 2099, 2100, 2101, 2102, 2103, 2104, 2105, 2106, 2107, 2109, 2110, 2111, 2112, 2113, 2119, 2125, 2174, 2200, 2227, 2246, 2247, 2248, 2249, 2250, 2254, 2259, 2265, 2281, 2284, 2326, 2357, 2358, 2359, 2360, 2361, 2362, 2363, 2364, 2365, 2366, 2367, 2368, 2369, 2370, 2371, 2372, 2373, 2374, 2375, 2376, 2377, 2378, 2379, 2380, 2381, 2382, 2383, 2384, 2385, 2386, 2387, 2388, 2389, 2390, 2391, 2392], "selected_count": 254, "selection_time": 0.004136665986152366, "selection_score_forward_time": 0.0037076159787829965}