{"example_id": 68, "sub_q_idx": 0, "method": "FusionRAG", "reprocess_method": "FusionRAG", "rate": 0.15, "system_len": 792, "passages_len": [792, 103, 53, 139, 91, 90, 161, 101, 51, 125, 112, 25], "chunk_ids": [0, 1, 2, 3, 4, 5, 6, 7, 8, 9, 10], "selected_abs": [792, 793, 794, 795, 796, 797, 802, 803, 814, 816, 817, 818, 819, 820, 821, 831, 832, 894, 895, 896, 897, 898, 899, 900, 901, 902, 903, 904, 915, 916, 926, 931, 947, 948, 949, 950, 951, 953, 954, 955, 956, 957, 958, 959, 960, 961, 962, 963, 968, 969, 970, 971, 975, 996, 1011, 1086, 1087, 1088, 1089, 1090, 1092, 1093, 1108, 1120, 1173, 1177, 1178, 1179, 1180, 1181, 1182, 1183, 1184, 1199, 1210, 1263, 1267, 1268, 1269, 1270, 1271, 1272, 1273, 1274, 1285, 1295, 1304, 1308, 1309, 1323, 1375, 1387, 1414, 1426, 1427, 1428, 1429, 1430, 1431, 1434, 1435, 1442, 1458, 1465, 1466, 1529, 1530, 1531, 1532, 1533, 1536, 1537, 1538, 1552, 1581, 1583, 1584, 1585, 1586, 1595, 1605, 1624, 1643, 1705, 1706, 1707, 1708, 1709, 1710, 1718, 1730, 1758, 1817, 1818, 1819, 1820, 1821, 1822, 1823, 1824, 1825, 1826, 1827, 1828, 1829, 1830, 1831, 1832, 1833, 1834, 1835, 1836, 1837, 1838, 1839, 1840, 1841, 1842], "selected_count": 158, "selection_time": 0.004275778977898881, "selection_score_forward_time": 0.00381652798387222}