{"example_id": 52, "sub_q_idx": 0, "method": "FusionRAG", "reprocess_method": "FusionRAG", "rate": 0.15, "system_len": 792, "passages_len": [792, 83, 94, 162, 78, 106, 95, 169, 110, 109, 62, 31], "chunk_ids": [0, 1, 2, 3, 4, 5, 6, 7, 8, 9, 10], "selected_abs": [792, 793, 794, 795, 796, 797, 798, 799, 800, 801, 802, 803, 807, 808, 809, 810, 811, 812, 813, 814, 819, 820, 821, 822, 823, 824, 825, 826, 829, 849, 850, 873, 874, 875, 876, 877, 878, 879, 880, 881, 882, 883, 884, 885, 914, 923, 943, 944, 966, 968, 969, 970, 971, 972, 973, 974, 975, 976, 977, 978, 979, 980, 987, 1002, 1003, 1015, 1028, 1032, 1033, 1034, 1035, 1073, 1078, 1129, 1130, 1131, 1132, 1133, 1134, 1135, 1136, 1137, 1138, 1139, 1140, 1141, 1142, 1145, 1205, 1207, 1208, 1209, 1210, 1211, 1212, 1213, 1214, 1215, 1216, 1217, 1218, 1219, 1225, 1230, 1238, 1283, 1314, 1315, 1316, 1317, 1318, 1319, 1321, 1322, 1325, 1326, 1341, 1342, 1373, 1409, 1410, 1411, 1412, 1413, 1414, 1415, 1416, 1417, 1418, 1419, 1420, 1421, 1578, 1579, 1580, 1581, 1582, 1583, 1584, 1585, 1586, 1587, 1592, 1608, 1609, 1658, 1688, 1689, 1690, 1691, 1692, 1693, 1694, 1695, 1702, 1718, 1719, 1738, 1768, 1797, 1798, 1799, 1800, 1801, 1802, 1803, 1805, 1831, 1832, 1859, 1860, 1861, 1862, 1863, 1864, 1865, 1866, 1867, 1868, 1869, 1870, 1871, 1872, 1873, 1874, 1875, 1876, 1877, 1878, 1879, 1880, 1881, 1882, 1883, 1884, 1885, 1886, 1887, 1888, 1889, 1890], "selected_count": 201, "selection_time": 0.0044515229819808155, "selection_score_forward_time": 0.004018819017801434}