{"example_id": 59, "sub_q_idx": 1, "method": "FusionRAG", "reprocess_method": "FusionRAG", "rate": 0.15, "system_len": 792, "passages_len": [792, 56, 127, 128, 60, 90, 120, 130, 102, 51, 47, 56, 90, 47], "chunk_ids": [0, 1, 11, 12, 13, 14, 2, 15, 16, 17, 18, 1, 14], "selected_abs": [792, 793, 794, 795, 796, 797, 798, 799, 800, 801, 802, 803, 804, 805, 806, 808, 825, 827, 828, 831, 832, 833, 847, 848, 849, 850, 851, 852, 853, 854, 855, 856, 857, 860, 861, 871, 974, 975, 976, 977, 978, 979, 980, 982, 983, 991, 995, 996, 1014, 1015, 1044, 1045, 1061, 1102, 1103, 1104, 1105, 1106, 1107, 1108, 1109, 1110, 1111, 1112, 1114, 1154, 1162, 1163, 1164, 1165, 1166, 1167, 1168, 1169, 1170, 1171, 1172, 1173, 1174, 1181, 1187, 1188, 1189, 1190, 1191, 1241, 1251, 1252, 1253, 1254, 1255, 1256, 1260, 1267, 1277, 1278, 1279, 1281, 1325, 1359, 1360, 1372, 1373, 1374, 1375, 1376, 1377, 1378, 1381, 1383, 1384, 1389, 1502, 1503, 1504, 1505, 1506, 1507, 1508, 1509, 1510, 1511, 1512, 1604, 1605, 1606, 1607, 1608, 1609, 1610, 1611, 1612, 1613, 1614, 1615, 1616, 1617, 1618, 1619, 1620, 1621, 1622, 1623, 1624, 1625, 1626, 1649, 1650, 1651, 1652, 1653, 1654, 1655, 1656, 1657, 1658, 1659, 1660, 1661, 1662, 1663, 1664, 1665, 1666, 1667, 1668, 1669, 1670, 1671, 1672, 1673, 1674, 1675, 1676, 1677, 1678, 1679, 1680, 1681, 1682, 1683, 1684, 1685, 1686, 1687, 1688, 1689, 1690, 1691, 1692, 1693, 1694, 1695, 1696, 1697, 1698, 1699, 1700, 1701, 1702, 1703, 1704, 1705, 1706, 1707, 1708, 1709, 1710, 1711, 1712, 1713, 1714, 1715, 1716, 1717, 1719, 1736, 1738, 1739, 1742, 1743, 1744, 1758, 1759, 1760, 1761, 1762, 1763, 1764, 1765, 1766, 1767, 1768, 1769, 1770, 1777, 1783, 1784, 1785, 1786, 1787, 1837, 1847, 1848, 1849, 1850, 1851, 1852, 1853, 1854, 1855, 1856, 1857, 1858, 1859, 1860, 1861, 1862, 1863, 1864, 1865, 1866, 1867, 1868, 1869, 1870, 1871, 1872, 1873, 1874, 1875, 1876, 1877, 1878, 1879, 1880, 1881, 1882, 1883, 1884, 1885, 1886, 1887, 1888, 1889, 1890, 1891, 1892, 1893, 1894, 1895], "selected_count": 291, "selection_time": 0.004087481007445604, "selection_score_forward_time": 0.0036455020017456263}