{"example_id": 74, "sub_q_idx": 0, "method": "FusionRAG", "reprocess_method": "FusionRAG", "rate": 0.15, "system_len": 792, "passages_len": [792, 71, 158, 76, 161, 191, 47, 200, 51, 147, 149, 28], "chunk_ids": [0, 1, 2, 3, 4, 5, 6, 7, 8, 9, 10], "selected_abs": [792, 793, 794, 795, 796, 797, 798, 799, 800, 801, 802, 806, 807, 808, 809, 810, 811, 824, 825, 826, 827, 857, 861, 862, 863, 864, 865, 866, 867, 872, 873, 875, 876, 877, 884, 905, 906, 958, 979, 1020, 1021, 1022, 1023, 1026, 1027, 1036, 1037, 1038, 1039, 1041, 1068, 1069, 1096, 1097, 1098, 1099, 1104, 1105, 1149, 1188, 1257, 1258, 1259, 1260, 1261, 1262, 1263, 1299, 1329, 1334, 1335, 1414, 1418, 1448, 1449, 1450, 1451, 1452, 1453, 1454, 1456, 1457, 1464, 1485, 1495, 1496, 1497, 1498, 1499, 1502, 1503, 1511, 1540, 1541, 1627, 1682, 1695, 1696, 1697, 1698, 1699, 1700, 1701, 1702, 1703, 1704, 1705, 1707, 1746, 1747, 1748, 1749, 1750, 1751, 1755, 1756, 1758, 1765, 1766, 1768, 1781, 1782, 1810, 1851, 1859, 1893, 1894, 1895, 1896, 1897, 1898, 1899, 1900, 1901, 1902, 1903, 1904, 1911, 1935, 2041, 2042, 2043, 2044, 2045, 2046, 2047, 2048, 2049, 2050, 2051, 2052, 2053, 2054, 2055, 2056, 2057, 2058, 2059, 2060, 2061, 2062, 2063, 2064, 2065, 2066, 2067, 2068, 2069, 2070], "selected_count": 169, "selection_time": 0.004016273014713079, "selection_score_forward_time": 0.0035891809966415167}