{"example_id": 53, "sub_q_idx": 0, "method": "FusionRAG", "reprocess_method": "FusionRAG", "rate": 0.15, "system_len": 792, "passages_len": [792, 148, 154, 140, 148, 108, 170, 54, 81, 80, 184, 148, 31], "chunk_ids": [0, 1, 2, 3, 4, 5, 6, 7, 8, 9, 10, 1], "selected_abs": [792, 793, 794, 795, 796, 797, 798, 799, 800, 801, 802, 803, 804, 805, 806, 807, 808, 809, 810, 811, 812, 814, 824, 828, 863, 887, 916, 939, 940, 941, 942, 943, 945, 946, 948, 949, 950, 963, 1012, 1036, 1069, 1094, 1095, 1097, 1099, 1100, 1102, 1106, 1110, 1111, 1135, 1141, 1145, 1169, 1233, 1234, 1235, 1236, 1237, 1238, 1239, 1241, 1244, 1245, 1262, 1341, 1382, 1383, 1384, 1387, 1388, 1389, 1390, 1397, 1407, 1423, 1438, 1473, 1474, 1489, 1490, 1491, 1492, 1493, 1494, 1496, 1497, 1498, 1501, 1504, 1508, 1509, 1546, 1549, 1588, 1659, 1660, 1661, 1662, 1663, 1664, 1665, 1666, 1668, 1669, 1670, 1671, 1672, 1675, 1676, 1677, 1678, 1679, 1680, 1681, 1682, 1683, 1684, 1685, 1686, 1687, 1712, 1713, 1714, 1715, 1716, 1717, 1718, 1719, 1720, 1721, 1722, 1723, 1724, 1740, 1755, 1793, 1794, 1795, 1796, 1797, 1799, 1800, 1801, 1802, 1803, 1804, 1805, 1806, 1808, 1809, 1810, 1811, 1847, 1860, 1873, 1874, 1875, 1876, 1877, 1878, 1879, 1880, 1881, 1882, 1883, 1884, 1885, 1906, 1926, 1927, 1938, 1956, 2017, 2041, 2042, 2043, 2044, 2045, 2046, 2047, 2048, 2049, 2050, 2051, 2052, 2053, 2054, 2055, 2056, 2057, 2058, 2059, 2060, 2061, 2062, 2063, 2064, 2065, 2066, 2067, 2068, 2069, 2070, 2071, 2072, 2073, 2074, 2075, 2076, 2077, 2078, 2079, 2081, 2091, 2130, 2154, 2183, 2206, 2207, 2208, 2209, 2210, 2211, 2212, 2213, 2214, 2215, 2216, 2217, 2218, 2219, 2220, 2221, 2222, 2223, 2224, 2225, 2226, 2227, 2228, 2229, 2230, 2231, 2232, 2233, 2234, 2235, 2236, 2237], "selected_count": 250, "selection_time": 0.00406507498701103, "selection_score_forward_time": 0.0036198190064169466}