{"example_id": 93, "sub_q_idx": 1, "method": "DraftModel", "reprocess_method": "DraftModel", "rate": 0.1, "system_len": 792, "passages_len": [792, 51, 91, 89, 107, 147, 130, 77, 297, 116, 149, 130, 51, 91, 27], "chunk_ids": [0, 10, 7, 11, 12, 13, 1, 3, 4, 2, 14, 1, 10, 7], "selected_abs": [792, 793, 794, 795, 796, 797, 798, 799, 805, 809, 810, 812, 825, 827, 829, 830, 841, 842, 843, 844, 845, 847, 849, 857, 868, 872, 875, 878, 880, 886, 891, 933, 934, 935, 936, 937, 938, 939, 957, 980, 982, 986, 1003, 1021, 1022, 1023, 1024, 1025, 1026, 1027, 1028, 1029, 1035, 1042, 1043, 1100, 1118, 1129, 1130, 1131, 1132, 1133, 1134, 1135, 1136, 1160, 1208, 1276, 1277, 1278, 1279, 1280, 1281, 1282, 1283, 1284, 1285, 1286, 1287, 1288, 1289, 1290, 1291, 1292, 1293, 1294, 1295, 1296, 1302, 1303, 1304, 1305, 1306, 1307, 1308, 1309, 1311, 1312, 1313, 1314, 1315, 1316, 1317, 1341, 1405, 1406, 1407, 1408, 1409, 1410, 1411, 1483, 1484, 1485, 1486, 1487, 1506, 1610, 1633, 1758, 1766, 1779, 1780, 1781, 1782, 1783, 1784, 1786, 1885, 1887, 1896, 1897, 1898, 1899, 1900, 1901, 1902, 1903, 1904, 1905, 1906, 1907, 1908, 1909, 1910, 1911, 1959, 1997, 1998, 1999, 2000, 2001, 2002, 2003, 2004, 2005, 2006, 2007, 2008, 2009, 2021, 2022, 2023, 2024, 2025, 2026, 2027, 2028, 2029, 2030, 2031, 2032, 2033, 2034, 2035, 2036, 2037, 2038, 2039, 2040, 2041, 2042, 2043, 2044, 2045, 2046, 2047, 2048, 2049, 2050, 2051, 2052, 2053, 2054, 2055, 2056, 2057, 2058, 2059, 2060, 2061, 2062, 2063, 2064, 2065, 2071, 2072, 2073, 2074, 2075, 2076, 2077, 2078, 2080, 2081, 2082, 2083, 2084, 2085, 2086, 2097, 2174, 2175, 2176, 2177, 2178, 2179, 2180, 2181, 2182, 2183, 2186, 2189, 2193, 2196, 2208, 2209, 2211, 2212, 2213, 2214, 2225, 2226, 2227, 2228, 2229, 2230, 2231, 2232, 2233, 2234, 2241, 2243, 2244, 2251, 2252, 2256, 2257, 2259, 2261, 2262, 2264, 2265, 2266, 2270, 2271, 2272, 2274, 2275, 2284, 2287, 2317, 2318, 2319, 2320, 2321, 2322, 2323, 2324, 2325, 2326, 2327, 2328, 2329, 2330, 2331, 2332, 2333, 2334, 2335, 2336, 2337, 2338, 2339, 2340, 2341, 2342, 2343, 2344], "selected_count": 299, "selection_time": 0.07103075200575404, "selection_score_forward_time": 0.07069469601265155}