{"example_id": 97, "sub_q_idx": 0, "method": "DraftModel", "reprocess_method": "DraftModel", "rate": 0.1, "system_len": 792, "passages_len": [792, 80, 91, 148, 137, 147, 114, 102, 112, 109, 115, 32], "chunk_ids": [0, 1, 2, 3, 4, 5, 6, 7, 8, 9, 10], "selected_abs": [792, 793, 794, 795, 796, 797, 798, 799, 800, 801, 806, 807, 808, 810, 811, 817, 818, 820, 821, 822, 826, 829, 830, 831, 832, 833, 834, 835, 836, 837, 838, 842, 870, 871, 872, 873, 874, 875, 876, 877, 878, 879, 929, 962, 963, 964, 965, 966, 970, 974, 984, 988, 993, 994, 1002, 1051, 1106, 1110, 1111, 1112, 1113, 1114, 1133, 1143, 1177, 1185, 1247, 1248, 1249, 1250, 1251, 1368, 1394, 1395, 1396, 1397, 1398, 1409, 1414, 1449, 1491, 1508, 1509, 1510, 1511, 1512, 1518, 1539, 1610, 1611, 1612, 1613, 1615, 1625, 1634, 1635, 1722, 1723, 1724, 1725, 1726, 1729, 1738, 1750, 1801, 1827, 1831, 1832, 1833, 1834, 1835, 1837, 1839, 1845, 1846, 1848, 1849, 1851, 1852, 1864, 1871, 1872, 1881, 1895, 1916, 1925, 1944, 1946, 1947, 1948, 1949, 1950, 1951, 1952, 1953, 1954, 1955, 1956, 1957, 1958, 1959, 1960, 1961, 1962, 1963, 1964, 1965, 1966, 1967, 1968, 1969, 1970, 1971, 1972, 1973, 1974, 1975, 1976, 1977, 1978], "selected_count": 160, "selection_time": 0.06434025600901805, "selection_score_forward_time": 0.0640114140114747}