{"example_id": 82, "sub_q_idx": 0, "method": "DraftModel", "reprocess_method": "DraftModel", "rate": 0.1, "system_len": 792, "passages_len": [792, 206, 103, 63, 68, 101, 229, 136, 129, 202, 79, 32], "chunk_ids": [0, 1, 2, 3, 4, 5, 6, 7, 8, 9, 10], "selected_abs": [792, 793, 794, 795, 796, 797, 798, 799, 800, 801, 802, 803, 804, 805, 806, 807, 813, 825, 829, 856, 857, 871, 890, 894, 934, 997, 998, 999, 1000, 1001, 1002, 1003, 1004, 1100, 1101, 1102, 1103, 1104, 1105, 1106, 1107, 1124, 1134, 1163, 1164, 1165, 1166, 1167, 1168, 1169, 1230, 1231, 1232, 1233, 1234, 1235, 1236, 1237, 1238, 1239, 1240, 1241, 1332, 1333, 1334, 1335, 1336, 1342, 1478, 1485, 1513, 1561, 1562, 1563, 1564, 1566, 1572, 1592, 1644, 1668, 1673, 1697, 1698, 1699, 1700, 1701, 1702, 1703, 1704, 1705, 1726, 1826, 1827, 1828, 1829, 1830, 1831, 1832, 1833, 1839, 1843, 1894, 1966, 1982, 1998, 2005, 2028, 2029, 2030, 2031, 2032, 2033, 2034, 2035, 2036, 2037, 2038, 2039, 2044, 2046, 2047, 2048, 2054, 2056, 2058, 2059, 2061, 2062, 2066, 2067, 2069, 2073, 2078, 2079, 2081, 2082, 2083, 2084, 2085, 2086, 2087, 2089, 2092, 2093, 2094, 2095, 2098, 2100, 2101, 2102, 2103, 2104, 2106, 2107, 2108, 2109, 2110, 2111, 2112, 2113, 2114, 2115, 2116, 2117, 2118, 2119, 2120, 2121, 2122, 2123, 2124, 2125, 2126, 2127, 2128, 2129, 2130, 2131, 2132, 2133, 2134, 2135, 2136, 2137, 2138, 2139], "selected_count": 186, "selection_time": 0.0667358589998912, "selection_score_forward_time": 0.06640946099651046}