{"example_id": 89, "sub_q_idx": 0, "method": "DraftModel", "reprocess_method": "DraftModel", "rate": 0.1, "system_len": 792, "passages_len": [792, 107, 138, 187, 106, 147, 110, 218, 91, 70, 126, 29], "chunk_ids": [0, 1, 2, 3, 4, 5, 6, 7, 8, 9, 10], "selected_abs": [792, 793, 794, 795, 796, 797, 798, 799, 800, 801, 802, 803, 804, 805, 806, 807, 808, 809, 810, 811, 812, 813, 814, 822, 841, 843, 844, 845, 846, 869, 887, 897, 898, 899, 900, 901, 902, 903, 907, 908, 909, 910, 911, 912, 913, 914, 936, 960, 1007, 1036, 1037, 1038, 1039, 1040, 1041, 1045, 1046, 1047, 1048, 1049, 1130, 1190, 1223, 1224, 1225, 1226, 1227, 1228, 1271, 1328, 1329, 1330, 1331, 1332, 1333, 1334, 1355, 1476, 1477, 1480, 1524, 1586, 1587, 1588, 1589, 1590, 1591, 1592, 1598, 1610, 1647, 1651, 1731, 1764, 1791, 1804, 1805, 1806, 1807, 1808, 1809, 1810, 1811, 1812, 1813, 1819, 1821, 1830, 1834, 1842, 1853, 1859, 1895, 1896, 1897, 1898, 1899, 1901, 1909, 1919, 1923, 1937, 1939, 1942, 1951, 1955, 1959, 1960, 1964, 1965, 1966, 1967, 1968, 1969, 1970, 1971, 1972, 1974, 1975, 1976, 1977, 1978, 1979, 1980, 1981, 1982, 1984, 1985, 1986, 2001, 2002, 2010, 2026, 2056, 2057, 2058, 2068, 2072, 2073, 2075, 2077, 2078, 2079, 2081, 2082, 2090, 2091, 2092, 2093, 2094, 2095, 2096, 2097, 2098, 2099, 2100, 2101, 2102, 2103, 2104, 2105, 2106, 2107, 2108, 2109, 2110, 2111, 2112, 2113, 2114, 2115, 2116, 2117, 2118, 2119, 2120], "selected_count": 196, "selection_time": 0.06688322400441393, "selection_score_forward_time": 0.06650840298971161}