{"example_id": 84, "sub_q_idx": 0, "method": "DraftModel", "reprocess_method": "DraftModel", "rate": 0.1, "system_len": 792, "passages_len": [792, 50, 103, 254, 107, 160, 71, 69, 144, 154, 163, 32], "chunk_ids": [0, 1, 2, 3, 4, 5, 6, 7, 8, 9, 10], "selected_abs": [792, 793, 794, 795, 796, 797, 798, 799, 800, 801, 802, 803, 804, 805, 806, 807, 808, 809, 810, 811, 817, 818, 820, 821, 822, 823, 824, 840, 841, 842, 843, 844, 845, 846, 847, 854, 861, 864, 867, 872, 873, 884, 894, 944, 945, 946, 947, 948, 949, 950, 968, 999, 1015, 1026, 1045, 1056, 1167, 1168, 1197, 1198, 1199, 1200, 1201, 1202, 1203, 1204, 1215, 1227, 1255, 1259, 1261, 1305, 1306, 1307, 1308, 1309, 1310, 1311, 1372, 1388, 1408, 1465, 1466, 1467, 1468, 1469, 1470, 1471, 1472, 1473, 1474, 1475, 1476, 1477, 1478, 1482, 1483, 1484, 1485, 1486, 1488, 1494, 1499, 1509, 1536, 1537, 1538, 1539, 1540, 1541, 1542, 1546, 1553, 1557, 1571, 1605, 1606, 1607, 1608, 1609, 1610, 1661, 1704, 1717, 1749, 1750, 1751, 1752, 1755, 1829, 1903, 1904, 1905, 1906, 1907, 1945, 1946, 1954, 1961, 1969, 2007, 2008, 2009, 2012, 2014, 2019, 2028, 2032, 2048, 2052, 2054, 2055, 2057, 2058, 2061, 2064, 2066, 2067, 2068, 2069, 2070, 2071, 2072, 2073, 2074, 2075, 2076, 2077, 2078, 2079, 2080, 2081, 2082, 2083, 2084, 2085, 2086, 2087, 2088, 2089, 2090, 2091, 2092, 2093, 2094, 2095, 2096, 2097, 2098], "selected_count": 189, "selection_time": 0.06657108198851347, "selection_score_forward_time": 0.06614596900180914}