{"example_id": 91, "sub_q_idx": 1, "method": "DraftModel", "reprocess_method": "DraftModel", "rate": 0.1, "system_len": 792, "passages_len": [792, 110, 65, 95, 32, 56, 124, 48, 111, 49, 238, 95, 65, 95, 65, 46], "chunk_ids": [0, 11, 2, 1, 12, 13, 14, 15, 16, 17, 18, 1, 2, 1, 2], "selected_abs": [792, 793, 794, 795, 796, 798, 802, 804, 805, 806, 809, 812, 813, 814, 816, 817, 827, 829, 830, 831, 843, 872, 880, 896, 897, 900, 901, 902, 903, 904, 905, 906, 907, 908, 909, 910, 911, 912, 913, 923, 924, 933, 934, 944, 966, 967, 968, 969, 970, 971, 972, 973, 974, 975, 976, 977, 978, 979, 980, 981, 982, 983, 984, 985, 986, 987, 990, 991, 992, 994, 995, 996, 998, 999, 1000, 1001, 1002, 1003, 1004, 1005, 1012, 1030, 1041, 1052, 1060, 1061, 1062, 1063, 1064, 1065, 1092, 1093, 1094, 1095, 1096, 1097, 1098, 1099, 1100, 1102, 1149, 1150, 1151, 1152, 1153, 1154, 1155, 1160, 1162, 1227, 1251, 1273, 1274, 1275, 1276, 1277, 1321, 1322, 1323, 1324, 1325, 1326, 1327, 1328, 1329, 1330, 1332, 1432, 1433, 1434, 1435, 1436, 1437, 1438, 1439, 1440, 1442, 1481, 1482, 1483, 1484, 1485, 1486, 1487, 1488, 1533, 1554, 1582, 1583, 1584, 1585, 1586, 1587, 1588, 1654, 1687, 1688, 1689, 1690, 1691, 1692, 1693, 1694, 1695, 1696, 1711, 1712, 1713, 1714, 1715, 1717, 1718, 1719, 1720, 1721, 1722, 1723, 1724, 1725, 1726, 1727, 1728, 1729, 1730, 1731, 1732, 1733, 1734, 1735, 1736, 1737, 1738, 1739, 1740, 1742, 1743, 1744, 1745, 1747, 1748, 1749, 1751, 1752, 1753, 1754, 1755, 1756, 1757, 1758, 1770, 1783, 1794, 1805, 1813, 1814, 1815, 1816, 1817, 1818, 1819, 1820, 1821, 1822, 1823, 1824, 1825, 1826, 1836, 1837, 1838, 1846, 1847, 1854, 1856, 1879, 1880, 1881, 1882, 1883, 1884, 1885, 1886, 1887, 1888, 1889, 1890, 1891, 1892, 1893, 1894, 1895, 1896, 1897, 1898, 1899, 1900, 1902, 1903, 1904, 1905, 1907, 1908, 1909, 1911, 1912, 1913, 1914, 1915, 1916, 1917, 1918, 1943, 1954, 1973, 1974, 1975, 1976, 1977, 1978, 1979, 1980, 1981, 1982, 1983, 1984, 1985, 1986, 1996, 1997, 2006, 2007, 2014, 2016, 2036, 2039, 2040, 2041, 2042, 2043, 2044, 2045, 2046, 2047, 2048, 2049, 2050, 2051, 2052, 2053, 2054, 2055, 2056, 2057, 2058, 2059, 2060, 2061, 2062, 2063, 2064, 2065, 2066, 2067, 2068, 2069, 2070, 2071, 2072, 2073, 2074, 2075, 2076, 2077, 2078, 2079, 2080, 2081, 2082, 2083, 2084, 2085], "selected_count": 341, "selection_time": 0.06641694999416359, "selection_score_forward_time": 0.06602655700407922}