{"example_id": 90, "sub_q_idx": 0, "method": "DraftModel", "reprocess_method": "DraftModel", "rate": 0.1, "system_len": 792, "passages_len": [792, 101, 206, 103, 188, 136, 129, 202, 138, 188, 229, 27], "chunk_ids": [0, 1, 2, 3, 4, 5, 6, 7, 8, 9, 10], "selected_abs": [792, 793, 794, 795, 796, 797, 798, 799, 800, 801, 803, 804, 811, 835, 850, 867, 891, 892, 893, 894, 895, 896, 898, 907, 914, 926, 957, 958, 972, 991, 995, 1003, 1004, 1035, 1054, 1082, 1098, 1099, 1100, 1101, 1102, 1103, 1104, 1105, 1109, 1114, 1115, 1117, 1165, 1197, 1201, 1202, 1203, 1204, 1205, 1206, 1207, 1209, 1235, 1362, 1389, 1390, 1391, 1392, 1472, 1496, 1501, 1525, 1526, 1527, 1528, 1529, 1531, 1532, 1554, 1654, 1655, 1667, 1810, 1826, 1833, 1856, 1857, 1858, 1859, 1862, 1863, 1865, 1866, 1868, 1869, 1891, 1941, 1990, 1994, 1995, 1996, 1997, 2088, 2182, 2183, 2184, 2185, 2186, 2188, 2189, 2192, 2193, 2199, 2205, 2217, 2246, 2247, 2248, 2263, 2271, 2288, 2322, 2328, 2334, 2335, 2336, 2347, 2348, 2349, 2363, 2385, 2387, 2388, 2393, 2406, 2408, 2411, 2412, 2413, 2414, 2415, 2416, 2417, 2418, 2419, 2420, 2421, 2422, 2423, 2424, 2425, 2426, 2427, 2428, 2429, 2430, 2431, 2432, 2433, 2434, 2435, 2436, 2437, 2438], "selected_count": 160, "selection_time": 0.07863522999105044, "selection_score_forward_time": 0.07822307202150114}