{"example_id": 91, "sub_q_idx": 0, "method": "DraftModel", "reprocess_method": "DraftModel", "rate": 0.1, "system_len": 792, "passages_len": [792, 95, 65, 71, 175, 88, 86, 99, 115, 71, 119, 30], "chunk_ids": [0, 1, 2, 3, 4, 5, 6, 7, 8, 9, 10], "selected_abs": [792, 793, 794, 795, 796, 797, 798, 799, 800, 801, 802, 803, 804, 805, 806, 807, 808, 809, 810, 811, 812, 815, 816, 817, 819, 820, 821, 823, 824, 825, 826, 827, 828, 829, 830, 837, 862, 866, 870, 877, 885, 886, 887, 888, 889, 890, 891, 892, 893, 894, 895, 896, 897, 898, 908, 909, 919, 936, 951, 952, 953, 954, 955, 956, 957, 958, 965, 966, 970, 994, 1022, 1023, 1024, 1025, 1026, 1027, 1028, 1076, 1111, 1154, 1197, 1198, 1199, 1200, 1201, 1202, 1203, 1204, 1205, 1206, 1240, 1274, 1285, 1286, 1287, 1288, 1289, 1295, 1310, 1371, 1372, 1373, 1374, 1375, 1376, 1377, 1380, 1384, 1385, 1467, 1470, 1471, 1472, 1473, 1474, 1567, 1585, 1586, 1587, 1591, 1601, 1621, 1640, 1656, 1657, 1658, 1659, 1660, 1661, 1662, 1664, 1665, 1688, 1698, 1708, 1709, 1710, 1712, 1713, 1734, 1775, 1776, 1777, 1778, 1779, 1780, 1781, 1782, 1783, 1784, 1785, 1786, 1787, 1788, 1789, 1790, 1791, 1792, 1793, 1794, 1795, 1796, 1797, 1798, 1799, 1800, 1801, 1802, 1803, 1804, 1805], "selected_count": 171, "selection_time": 0.06180288200266659, "selection_score_forward_time": 0.06144780700560659}