{"example_id": 88, "sub_q_idx": 0, "method": "DraftModel", "reprocess_method": "DraftModel", "rate": 0.1, "system_len": 792, "passages_len": [792, 53, 28, 50, 255, 75, 102, 130, 226, 394, 85, 29], "chunk_ids": [0, 1, 2, 3, 4, 5, 6, 7, 8, 9, 10], "selected_abs": [792, 793, 794, 795, 796, 797, 798, 799, 800, 801, 802, 803, 804, 805, 806, 807, 808, 809, 810, 814, 815, 816, 817, 818, 819, 820, 821, 822, 823, 824, 825, 833, 840, 844, 845, 846, 847, 848, 850, 853, 855, 856, 857, 858, 859, 862, 864, 872, 873, 874, 875, 882, 885, 898, 918, 922, 923, 924, 925, 926, 927, 929, 930, 931, 934, 935, 937, 938, 939, 940, 941, 942, 943, 950, 1008, 1020, 1087, 1088, 1113, 1145, 1176, 1177, 1178, 1179, 1180, 1181, 1182, 1183, 1185, 1191, 1199, 1213, 1252, 1253, 1254, 1255, 1256, 1259, 1261, 1266, 1354, 1355, 1356, 1357, 1358, 1359, 1360, 1361, 1362, 1363, 1364, 1370, 1374, 1484, 1485, 1486, 1487, 1488, 1489, 1503, 1694, 1704, 1710, 1711, 1712, 1713, 1714, 1716, 1723, 1739, 1828, 1928, 2031, 2064, 2084, 2087, 2088, 2104, 2105, 2106, 2107, 2108, 2109, 2110, 2111, 2112, 2116, 2117, 2118, 2121, 2123, 2124, 2126, 2127, 2128, 2130, 2133, 2136, 2137, 2142, 2143, 2155, 2166, 2167, 2169, 2182, 2185, 2186, 2188, 2189, 2190, 2191, 2192, 2193, 2194, 2195, 2196, 2197, 2198, 2199, 2200, 2201, 2202, 2203, 2204, 2205, 2206, 2207, 2208, 2209, 2210, 2211, 2212, 2213, 2214, 2215, 2216, 2217, 2218], "selected_count": 199, "selection_time": 0.06878361999406479, "selection_score_forward_time": 0.06834076598170213}