{"example_id": 89, "sub_q_idx": 1, "method": "DraftModel", "reprocess_method": "DraftModel", "rate": 0.1, "system_len": 792, "passages_len": [792, 51, 91, 107, 147, 130, 77, 149, 116, 297, 70, 107, 138, 51, 91, 28], "chunk_ids": [0, 11, 8, 1, 12, 13, 14, 15, 16, 17, 18, 1, 2, 11, 8], "selected_abs": [792, 793, 794, 795, 796, 797, 798, 799, 805, 809, 810, 812, 825, 827, 829, 830, 841, 842, 843, 844, 845, 846, 847, 848, 849, 850, 851, 857, 868, 872, 882, 891, 933, 934, 935, 936, 937, 938, 939, 940, 941, 942, 943, 944, 945, 946, 947, 948, 949, 950, 951, 952, 953, 954, 955, 956, 964, 985, 986, 987, 988, 1011, 1028, 1029, 1039, 1040, 1041, 1042, 1043, 1044, 1046, 1061, 1071, 1075, 1078, 1079, 1081, 1082, 1083, 1086, 1119, 1187, 1188, 1189, 1190, 1191, 1192, 1193, 1194, 1196, 1198, 1225, 1226, 1227, 1228, 1229, 1252, 1316, 1317, 1318, 1319, 1320, 1321, 1394, 1395, 1396, 1397, 1398, 1399, 1400, 1401, 1457, 1542, 1543, 1544, 1545, 1546, 1547, 1548, 1549, 1550, 1551, 1568, 1572, 1606, 1648, 1650, 1659, 1660, 1661, 1662, 1663, 1664, 1665, 1666, 1740, 1786, 1809, 1863, 1933, 1934, 1935, 1937, 1942, 1955, 1956, 1957, 1958, 1959, 1960, 1961, 1962, 1963, 1964, 1965, 1966, 1967, 1968, 1969, 1970, 1971, 1972, 1973, 1974, 1975, 1976, 1977, 1981, 1982, 1983, 1984, 1985, 1986, 1987, 1988, 1993, 1994, 1995, 1996, 1997, 1998, 1999, 2000, 2001, 2002, 2003, 2004, 2005, 2006, 2007, 2008, 2009, 2010, 2011, 2012, 2013, 2014, 2015, 2016, 2017, 2018, 2019, 2020, 2021, 2022, 2023, 2024, 2025, 2026, 2027, 2028, 2029, 2030, 2031, 2032, 2033, 2034, 2035, 2036, 2037, 2038, 2039, 2040, 2041, 2042, 2043, 2044, 2045, 2046, 2047, 2048, 2049, 2078, 2079, 2080, 2081, 2117, 2132, 2133, 2134, 2135, 2136, 2137, 2138, 2142, 2143, 2144, 2145, 2146, 2147, 2148, 2149, 2158, 2171, 2209, 2242, 2271, 2272, 2273, 2274, 2275, 2276, 2277, 2278, 2279, 2282, 2285, 2289, 2290, 2292, 2300, 2304, 2305, 2307, 2308, 2309, 2310, 2321, 2322, 2323, 2324, 2325, 2326, 2327, 2328, 2329, 2330, 2331, 2334, 2336, 2337, 2339, 2340, 2347, 2348, 2352, 2353, 2355, 2357, 2358, 2360, 2361, 2362, 2367, 2368, 2370, 2371, 2377, 2380, 2383, 2391, 2395, 2411, 2413, 2414, 2415, 2416, 2417, 2418, 2419, 2420, 2421, 2422, 2423, 2424, 2425, 2426, 2427, 2428, 2429, 2430, 2431, 2432, 2433, 2434, 2435, 2436, 2437, 2438, 2439, 2440, 2441], "selected_count": 342, "selection_time": 0.07842937202076428, "selection_score_forward_time": 0.07805193000240251}