{"example_id": 82, "sub_q_idx": 1, "method": "DraftModel", "reprocess_method": "DraftModel", "rate": 0.1, "system_len": 792, "passages_len": [792, 229, 103, 101, 79, 206, 77, 86, 109, 118, 202, 103, 229, 37], "chunk_ids": [0, 6, 2, 5, 10, 1, 11, 12, 13, 14, 9, 2, 6], "selected_abs": [792, 793, 794, 795, 797, 801, 802, 814, 816, 822, 826, 856, 857, 872, 880, 884, 897, 931, 937, 945, 956, 972, 994, 997, 1002, 1015, 1020, 1021, 1022, 1023, 1024, 1025, 1026, 1027, 1030, 1031, 1033, 1036, 1060, 1087, 1093, 1119, 1123, 1124, 1125, 1126, 1127, 1128, 1129, 1130, 1131, 1132, 1133, 1209, 1210, 1215, 1224, 1225, 1226, 1227, 1228, 1229, 1230, 1231, 1234, 1240, 1250, 1275, 1302, 1303, 1304, 1305, 1306, 1307, 1308, 1309, 1310, 1311, 1312, 1313, 1314, 1315, 1316, 1317, 1318, 1319, 1402, 1509, 1510, 1511, 1512, 1513, 1514, 1515, 1516, 1517, 1518, 1519, 1520, 1522, 1523, 1529, 1565, 1586, 1587, 1588, 1589, 1590, 1591, 1592, 1593, 1604, 1605, 1636, 1672, 1673, 1674, 1675, 1676, 1677, 1678, 1679, 1680, 1689, 1697, 1704, 1705, 1706, 1707, 1708, 1709, 1710, 1711, 1712, 1780, 1781, 1782, 1783, 1784, 1785, 1786, 1787, 1788, 1789, 1790, 1791, 1792, 1793, 1794, 1795, 1796, 1797, 1798, 1799, 1800, 1849, 1850, 1851, 1852, 1853, 1854, 1885, 1886, 1887, 1888, 1889, 1890, 1891, 1892, 1893, 1894, 1895, 1896, 1897, 1898, 1899, 1900, 1901, 1902, 1903, 1904, 1905, 1906, 1918, 1956, 2039, 2055, 2071, 2078, 2101, 2102, 2103, 2104, 2105, 2106, 2107, 2108, 2111, 2112, 2113, 2114, 2129, 2137, 2141, 2170, 2200, 2204, 2205, 2206, 2207, 2208, 2210, 2213, 2214, 2225, 2227, 2229, 2235, 2239, 2293, 2317, 2345, 2349, 2350, 2356, 2357, 2358, 2371, 2379, 2384, 2385, 2410, 2415, 2428, 2433, 2434, 2435, 2436, 2437, 2438, 2439, 2440, 2441, 2442, 2443, 2444, 2445, 2446, 2447, 2448, 2449, 2450, 2451, 2452, 2453, 2454, 2455, 2456, 2457, 2458, 2459, 2460, 2461, 2462, 2463, 2464, 2465, 2466, 2467, 2468, 2469, 2470], "selected_count": 272, "selection_time": 0.07846389402402565, "selection_score_forward_time": 0.07812738601933233}