{"example_id": 79, "sub_q_idx": 0, "method": "DraftModel", "reprocess_method": "DraftModel", "rate": 0.1, "system_len": 792, "passages_len": [792, 158, 118, 89, 135, 76, 128, 101, 191, 127, 140, 32], "chunk_ids": [0, 1, 2, 3, 4, 5, 6, 7, 8, 9, 10], "selected_abs": [792, 793, 794, 795, 796, 797, 798, 799, 800, 801, 802, 803, 804, 805, 806, 807, 808, 809, 810, 811, 812, 813, 814, 815, 816, 817, 818, 819, 820, 821, 822, 823, 824, 825, 832, 833, 834, 835, 836, 844, 845, 846, 847, 848, 850, 851, 853, 859, 887, 892, 907, 908, 930, 934, 935, 936, 937, 947, 948, 949, 950, 951, 952, 953, 954, 956, 963, 980, 986, 1033, 1051, 1067, 1068, 1069, 1070, 1071, 1077, 1080, 1084, 1105, 1119, 1129, 1156, 1157, 1158, 1159, 1160, 1162, 1217, 1226, 1230, 1238, 1251, 1291, 1292, 1293, 1294, 1367, 1368, 1369, 1370, 1400, 1488, 1489, 1493, 1494, 1495, 1496, 1497, 1498, 1499, 1500, 1501, 1502, 1503, 1504, 1505, 1507, 1515, 1530, 1596, 1597, 1598, 1599, 1600, 1601, 1602, 1604, 1638, 1713, 1752, 1753, 1787, 1788, 1789, 1790, 1791, 1795, 1799, 1800, 1803, 1818, 1823, 1827, 1828, 1857, 1914, 1915, 1916, 1917, 1918, 1920, 1921, 1922, 1925, 1928, 1930, 1931, 1933, 1934, 1935, 1944, 1995, 1997, 2001, 2036, 2037, 2038, 2041, 2042, 2045, 2048, 2052, 2053, 2054, 2055, 2056, 2057, 2058, 2059, 2060, 2061, 2062, 2063, 2064, 2065, 2066, 2067, 2068, 2069, 2070, 2071, 2072, 2073, 2074, 2075, 2076, 2077, 2078, 2079, 2080, 2081, 2082, 2083, 2084, 2085, 2086], "selected_count": 207, "selection_time": 0.06660140000167303, "selection_score_forward_time": 0.0662548539985437}