{"example_id": 77, "sub_q_idx": 0, "method": "DraftModel", "reprocess_method": "DraftModel", "rate": 0.1, "system_len": 792, "passages_len": [792, 133, 244, 203, 227, 284, 113, 101, 138, 253, 165, 32], "chunk_ids": [0, 1, 2, 3, 4, 5, 6, 7, 8, 9, 10], "selected_abs": [792, 793, 794, 795, 796, 797, 798, 799, 801, 802, 803, 804, 805, 806, 807, 808, 809, 810, 821, 825, 826, 841, 842, 854, 856, 900, 901, 914, 916, 924, 925, 926, 927, 928, 930, 931, 932, 933, 947, 958, 988, 997, 1126, 1130, 1168, 1169, 1170, 1171, 1172, 1173, 1174, 1175, 1176, 1178, 1179, 1180, 1191, 1194, 1219, 1221, 1229, 1233, 1238, 1239, 1240, 1243, 1245, 1246, 1248, 1249, 1251, 1253, 1266, 1289, 1312, 1321, 1371, 1372, 1373, 1374, 1375, 1377, 1378, 1379, 1380, 1381, 1382, 1383, 1384, 1385, 1386, 1398, 1399, 1401, 1402, 1410, 1413, 1414, 1419, 1420, 1430, 1432, 1470, 1597, 1598, 1599, 1600, 1601, 1602, 1603, 1604, 1605, 1606, 1608, 1609, 1610, 1611, 1612, 1613, 1637, 1645, 1697, 1698, 1700, 1705, 1772, 1775, 1776, 1829, 1830, 1833, 1848, 1849, 1881, 1882, 1883, 1884, 1885, 1886, 1887, 1889, 1893, 1894, 1895, 1896, 1897, 1898, 1899, 1900, 1901, 1902, 1903, 1904, 1905, 1906, 1907, 1909, 1910, 1920, 1921, 1962, 1963, 1964, 1965, 1966, 1995, 1996, 1997, 1998, 1999, 2001, 2002, 2003, 2004, 2005, 2015, 2026, 2030, 2032, 2033, 2034, 2035, 2042, 2049, 2053, 2092, 2096, 2097, 2098, 2099, 2100, 2101, 2102, 2103, 2104, 2105, 2106, 2107, 2108, 2124, 2132, 2155, 2195, 2197, 2227, 2233, 2234, 2235, 2236, 2237, 2238, 2239, 2240, 2241, 2282, 2320, 2405, 2424, 2487, 2488, 2489, 2490, 2491, 2492, 2493, 2494, 2495, 2505, 2506, 2507, 2508, 2509, 2510, 2511, 2512, 2513, 2514, 2515, 2516, 2517, 2518, 2521, 2522, 2523, 2524, 2545, 2552, 2568, 2587, 2590, 2593, 2596, 2597, 2604, 2634, 2648, 2652, 2653, 2654, 2655, 2656, 2657, 2658, 2659, 2660, 2661, 2662, 2663, 2664, 2665, 2666, 2667, 2668, 2669, 2670, 2671, 2672, 2673, 2674, 2675, 2676, 2677, 2678, 2679, 2680, 2681, 2682, 2683, 2684], "selected_count": 289, "selection_time": 0.08493224301491864, "selection_score_forward_time": 0.08447723000426777}