{"example_id": 81, "sub_q_idx": 0, "method": "DraftModel", "reprocess_method": "DraftModel", "rate": 0.1, "system_len": 792, "passages_len": [792, 41, 147, 150, 138, 186, 170, 122, 141, 131, 105, 34], "chunk_ids": [0, 1, 2, 3, 4, 5, 6, 7, 8, 9, 10], "selected_abs": [792, 793, 794, 795, 796, 797, 798, 799, 800, 801, 802, 803, 804, 805, 806, 807, 808, 809, 810, 811, 812, 816, 820, 821, 831, 832, 833, 834, 835, 836, 837, 857, 858, 862, 881, 902, 978, 979, 980, 981, 982, 983, 985, 986, 987, 988, 989, 990, 991, 1002, 1003, 1010, 1086, 1129, 1130, 1131, 1132, 1133, 1134, 1135, 1136, 1142, 1180, 1199, 1206, 1267, 1268, 1269, 1270, 1271, 1273, 1274, 1275, 1282, 1326, 1453, 1454, 1455, 1456, 1457, 1458, 1459, 1471, 1507, 1515, 1519, 1623, 1624, 1625, 1626, 1627, 1628, 1629, 1630, 1631, 1637, 1639, 1640, 1641, 1644, 1645, 1652, 1662, 1667, 1695, 1731, 1745, 1746, 1747, 1748, 1749, 1797, 1848, 1867, 1886, 1887, 1888, 1889, 1890, 1891, 1892, 1893, 1899, 1900, 1903, 1904, 1908, 1910, 1930, 1931, 1934, 1945, 1989, 2001, 2002, 2003, 2004, 2013, 2017, 2018, 2019, 2020, 2021, 2022, 2023, 2024, 2027, 2028, 2033, 2057, 2061, 2070, 2073, 2074, 2108, 2110, 2111, 2112, 2122, 2123, 2124, 2125, 2126, 2127, 2128, 2129, 2130, 2131, 2132, 2133, 2134, 2135, 2136, 2137, 2138, 2139, 2140, 2141, 2142, 2143, 2144, 2145, 2146, 2147, 2148, 2149, 2150, 2151, 2152, 2153, 2154, 2155, 2156], "selected_count": 193, "selection_time": 0.06670189599390142, "selection_score_forward_time": 0.06633802500437014}