method,rate,n,jaccard_mean,coverage_mean
draft_frequency_per_chunk,0.15,2200,0.4367108418530308,0.6032334135241367
draft_mean_score_per_chunk,0.15,2200,0.4305690735053632,0.5972618872189338
position_boundary_per_chunk,0.15,2200,0.2223686543540165,0.3578329882130269
position_tail_per_chunk,0.15,2200,0.07028162840488149,0.128280498440647
qk_frequency_per_chunk,0.15,2200,0.6959715684474108,0.8152095851609868
qk_mean_score_per_chunk,0.15,2200,0.6909631318466701,0.8119854892223904
random_per_chunk,0.15,2200,0.07936436022269723,0.14627562647947226
