{"example_id": 153, "sub_q_idx": 0, "method": "DraftModel", "reprocess_method": "DraftModel", "rate": 0.15, "system_len": 792, "passages_len": [792, 82, 112, 124, 109, 178, 221, 83, 32, 188, 126, 82, 29], "chunk_ids": [0, 1, 2, 3, 4, 5, 6, 7, 8, 9, 10, 1], "selected_abs": [792, 793, 794, 795, 796, 797, 798, 799, 800, 801, 802, 803, 804, 805, 806, 807, 808, 809, 810, 811, 812, 813, 814, 815, 816, 817, 818, 819, 820, 821, 827, 828, 830, 848, 849, 850, 856, 873, 874, 875, 876, 877, 878, 879, 883, 893, 894, 900, 902, 903, 904, 985, 986, 987, 988, 989, 990, 991, 992, 993, 1017, 1109, 1110, 1111, 1112, 1113, 1114, 1115, 1116, 1117, 1118, 1130, 1216, 1218, 1219, 1220, 1221, 1222, 1223, 1225, 1304, 1396, 1397, 1398, 1399, 1400, 1401, 1402, 1403, 1404, 1405, 1409, 1617, 1618, 1619, 1620, 1621, 1622, 1623, 1624, 1625, 1626, 1627, 1642, 1658, 1690, 1700, 1701, 1702, 1703, 1704, 1705, 1706, 1707, 1708, 1709, 1732, 1733, 1734, 1735, 1736, 1737, 1738, 1739, 1740, 1741, 1742, 1750, 1751, 1768, 1775, 1795, 1802, 1837, 1879, 1883, 1920, 1921, 1922, 1923, 1924, 1925, 1926, 1927, 1928, 1929, 1930, 1931, 1932, 1933, 1934, 1935, 1936, 1939, 1940, 1941, 1943, 1947, 1948, 1949, 1950, 1951, 1952, 1953, 1955, 1956, 1957, 1958, 1959, 1960, 1965, 1966, 1967, 1969, 1970, 1975, 1976, 1977, 1978, 1999, 2000, 2001, 2006, 2007, 2008, 2009, 2010, 2011, 2016, 2017, 2018, 2019, 2020, 2021, 2022, 2023, 2024, 2025, 2026, 2027, 2028, 2029, 2030, 2031, 2032, 2033, 2035, 2036, 2037, 2038, 2039, 2040, 2041, 2042, 2043, 2044, 2045, 2046, 2047, 2048, 2049, 2050, 2051, 2052, 2053, 2054, 2055, 2056, 2057, 2058, 2059, 2060, 2061, 2062, 2063, 2064, 2065, 2066, 2067, 2068, 2069, 2070, 2071, 2072, 2073, 2074, 2075, 2076, 2077, 2080, 2081, 2082, 2083, 2085, 2087, 2088, 2090, 2094, 2099, 2101, 2102, 2103, 2104, 2105, 2106, 2107, 2108, 2109, 2110, 2111, 2112, 2113, 2114, 2115, 2116, 2117, 2118, 2119, 2120, 2121, 2122, 2123, 2124, 2125, 2126, 2127, 2128, 2129, 2130, 2131, 2132, 2133, 2134, 2135, 2136, 2137, 2138, 2139, 2140, 2141, 2142, 2143, 2144, 2145, 2146, 2147, 2148, 2149, 2150, 2151, 2152, 2153, 2154, 2155, 2156, 2157], "selected_count": 316, "selection_time": 0.018323897005757317, "selection_score_forward_time": 0.01798068400239572}