{"example_id": 166, "sub_q_idx": 0, "method": "DraftModel", "reprocess_method": "DraftModel", "rate": 0.15, "system_len": 792, "passages_len": [792, 52, 170, 73, 160, 143, 89, 204, 200, 83, 143, 31], "chunk_ids": [0, 1, 2, 3, 4, 5, 6, 7, 8, 9, 10], "selected_abs": [792, 793, 794, 795, 796, 797, 798, 799, 800, 801, 802, 803, 804, 805, 806, 807, 808, 809, 810, 811, 812, 813, 814, 815, 816, 817, 818, 819, 820, 821, 822, 823, 830, 831, 832, 833, 834, 835, 836, 837, 839, 840, 841, 842, 843, 844, 845, 846, 847, 849, 850, 851, 852, 872, 886, 905, 906, 907, 940, 941, 969, 972, 973, 974, 1013, 1014, 1015, 1016, 1017, 1021, 1085, 1086, 1087, 1088, 1089, 1090, 1094, 1105, 1129, 1164, 1212, 1246, 1247, 1248, 1249, 1250, 1259, 1286, 1287, 1389, 1390, 1391, 1392, 1393, 1398, 1399, 1459, 1477, 1478, 1479, 1480, 1481, 1501, 1503, 1504, 1505, 1508, 1510, 1569, 1586, 1618, 1682, 1683, 1684, 1685, 1686, 1687, 1688, 1696, 1698, 1703, 1748, 1749, 1782, 1881, 1882, 1883, 1884, 1885, 1886, 1906, 1907, 1908, 1913, 1914, 1931, 1965, 1966, 1967, 1968, 1969, 1970, 1972, 1973, 1974, 1975, 1976, 1977, 1978, 1980, 1982, 1986, 2003, 2004, 2005, 2007, 2008, 2013, 2022, 2026, 2027, 2028, 2032, 2033, 2037, 2038, 2039, 2040, 2043, 2047, 2049, 2050, 2051, 2052, 2053, 2057, 2063, 2065, 2066, 2068, 2071, 2077, 2083, 2084, 2085, 2086, 2087, 2089, 2090, 2092, 2093, 2094, 2095, 2098, 2099, 2102, 2103, 2106, 2107, 2108, 2109, 2110, 2111, 2112, 2113, 2114, 2115, 2116, 2117, 2118, 2119, 2120, 2121, 2122, 2123, 2124, 2125, 2126, 2127, 2128, 2129, 2130, 2131, 2132, 2133, 2134, 2135, 2136, 2137, 2138, 2139], "selected_count": 231, "selection_time": 0.018309598992345855, "selection_score_forward_time": 0.017940970021300018}