{"example_id": 150, "sub_q_idx": 0, "method": "DraftModel", "reprocess_method": "DraftModel", "rate": 0.15, "system_len": 792, "passages_len": [792, 82, 81, 111, 83, 80, 80, 80, 81, 80, 82, 37], "chunk_ids": [0, 1, 2, 3, 4, 5, 6, 7, 8, 9, 10], "selected_abs": [792, 793, 794, 795, 796, 798, 799, 800, 801, 802, 803, 804, 805, 806, 807, 808, 809, 810, 811, 812, 813, 843, 844, 845, 847, 850, 851, 853, 862, 863, 872, 873, 874, 875, 876, 889, 890, 891, 896, 897, 934, 948, 949, 950, 953, 954, 955, 956, 957, 958, 959, 960, 961, 962, 963, 964, 965, 966, 971, 972, 973, 974, 978, 979, 980, 981, 982, 983, 990, 991, 992, 1065, 1066, 1067, 1068, 1069, 1119, 1128, 1142, 1143, 1144, 1148, 1149, 1150, 1151, 1164, 1165, 1166, 1223, 1224, 1228, 1230, 1245, 1308, 1310, 1368, 1388, 1390, 1440, 1469, 1471, 1480, 1481, 1520, 1529, 1549, 1550, 1551, 1552, 1554, 1560, 1561, 1562, 1563, 1566, 1567, 1568, 1578, 1584, 1601, 1602, 1605, 1613, 1620, 1623, 1625, 1626, 1629, 1630, 1631, 1632, 1633, 1634, 1635, 1636, 1637, 1638, 1639, 1640, 1641, 1642, 1643, 1644, 1645, 1646, 1647, 1648, 1649, 1650, 1651, 1652, 1653, 1654, 1655, 1656, 1657, 1658, 1659, 1660, 1661, 1662, 1663, 1664, 1665, 1666, 1667, 1668], "selected_count": 167, "selection_time": 0.14410633701481856, "selection_score_forward_time": 0.14369738200912252}