{"example_id": 156, "sub_q_idx": 0, "method": "DraftModel", "reprocess_method": "DraftModel", "rate": 0.15, "system_len": 792, "passages_len": [792, 51, 161, 100, 55, 95, 78, 95, 42, 127, 241, 26], "chunk_ids": [0, 1, 2, 3, 4, 5, 6, 7, 8, 9, 10], "selected_abs": [792, 793, 794, 795, 796, 797, 798, 799, 800, 801, 802, 803, 804, 805, 806, 810, 813, 814, 815, 829, 830, 831, 832, 833, 834, 835, 836, 837, 838, 839, 840, 841, 842, 843, 844, 845, 846, 847, 848, 849, 850, 851, 852, 854, 855, 856, 857, 859, 870, 879, 882, 883, 884, 885, 895, 896, 897, 898, 899, 912, 926, 929, 930, 931, 932, 933, 1001, 1002, 1003, 1004, 1005, 1006, 1007, 1009, 1103, 1104, 1105, 1106, 1107, 1109, 1116, 1117, 1127, 1149, 1158, 1159, 1160, 1161, 1162, 1163, 1166, 1253, 1254, 1255, 1256, 1257, 1258, 1262, 1331, 1332, 1333, 1334, 1335, 1336, 1337, 1339, 1356, 1363, 1364, 1365, 1366, 1385, 1397, 1398, 1399, 1425, 1426, 1427, 1428, 1429, 1430, 1431, 1432, 1433, 1434, 1435, 1436, 1437, 1438, 1441, 1446, 1447, 1448, 1449, 1467, 1468, 1469, 1470, 1471, 1472, 1482, 1595, 1596, 1597, 1598, 1599, 1600, 1601, 1605, 1606, 1609, 1617, 1618, 1619, 1622, 1623, 1624, 1625, 1626, 1627, 1643, 1703, 1704, 1709, 1710, 1711, 1712, 1713, 1714, 1715, 1718, 1720, 1724, 1726, 1735, 1738, 1739, 1741, 1744, 1750, 1754, 1761, 1762, 1764, 1765, 1766, 1769, 1774, 1775, 1778, 1780, 1781, 1785, 1786, 1787, 1791, 1793, 1794, 1801, 1806, 1807, 1808, 1811, 1817, 1821, 1825, 1826, 1827, 1828, 1830, 1831, 1832, 1833, 1834, 1835, 1836, 1837, 1838, 1839, 1840, 1841, 1842, 1843, 1844, 1845, 1846, 1847, 1848, 1849, 1850, 1851, 1852, 1853, 1854, 1855, 1856, 1857, 1858, 1859, 1860, 1861, 1862], "selected_count": 242, "selection_time": 0.01762417602003552, "selection_score_forward_time": 0.01729424297809601}