{"example_id": 173, "sub_q_idx": 0, "method": "DraftModel", "reprocess_method": "DraftModel", "rate": 0.15, "system_len": 792, "passages_len": [792, 89, 98, 114, 80, 82, 221, 208, 116, 312, 198, 30], "chunk_ids": [0, 1, 2, 3, 4, 5, 6, 7, 8, 9, 10], "selected_abs": [792, 793, 794, 795, 796, 797, 798, 799, 803, 805, 806, 807, 812, 826, 830, 831, 837, 838, 841, 845, 847, 848, 872, 876, 877, 878, 879, 880, 881, 882, 883, 884, 885, 886, 887, 888, 889, 890, 891, 892, 893, 894, 899, 900, 945, 946, 947, 948, 949, 954, 965, 978, 979, 980, 981, 982, 985, 986, 989, 991, 994, 998, 1056, 1092, 1093, 1094, 1095, 1096, 1098, 1100, 1172, 1173, 1174, 1175, 1176, 1177, 1179, 1180, 1181, 1186, 1187, 1190, 1191, 1192, 1193, 1194, 1195, 1196, 1197, 1209, 1210, 1211, 1212, 1213, 1216, 1227, 1228, 1254, 1255, 1256, 1257, 1258, 1259, 1475, 1476, 1477, 1478, 1479, 1480, 1481, 1482, 1483, 1484, 1485, 1683, 1684, 1685, 1686, 1687, 1688, 1689, 1690, 1691, 1692, 1791, 1799, 1800, 1801, 1802, 1803, 1804, 1806, 1808, 1809, 1810, 1811, 1812, 1813, 1816, 1823, 1831, 2099, 2111, 2112, 2113, 2114, 2115, 2116, 2117, 2118, 2119, 2120, 2121, 2122, 2123, 2124, 2125, 2126, 2128, 2129, 2130, 2173, 2174, 2175, 2176, 2177, 2185, 2186, 2187, 2192, 2211, 2218, 2222, 2223, 2224, 2226, 2227, 2228, 2229, 2236, 2237, 2241, 2243, 2245, 2246, 2248, 2249, 2250, 2251, 2252, 2255, 2256, 2265, 2280, 2281, 2282, 2284, 2285, 2291, 2294, 2295, 2296, 2300, 2301, 2302, 2303, 2304, 2308, 2309, 2310, 2311, 2312, 2313, 2314, 2315, 2316, 2317, 2318, 2319, 2320, 2321, 2322, 2323, 2324, 2325, 2326, 2327, 2328, 2329, 2330, 2331, 2332, 2333, 2334, 2335, 2336, 2337, 2338, 2339], "selected_count": 239, "selection_time": 0.023894640995422378, "selection_score_forward_time": 0.023499667993746698}