{"example_id": 158, "sub_q_idx": 0, "method": "DraftModel", "reprocess_method": "DraftModel", "rate": 0.15, "system_len": 792, "passages_len": [792, 127, 122, 146, 43, 245, 129, 126, 129, 123, 209, 30], "chunk_ids": [0, 1, 2, 3, 4, 5, 6, 7, 8, 9, 10], "selected_abs": [792, 793, 794, 795, 796, 797, 798, 799, 800, 801, 802, 803, 804, 805, 806, 807, 808, 809, 810, 811, 821, 822, 823, 824, 825, 835, 850, 851, 855, 863, 864, 889, 890, 891, 892, 895, 896, 914, 915, 916, 917, 918, 919, 920, 921, 922, 923, 924, 925, 926, 931, 1040, 1041, 1042, 1043, 1044, 1045, 1046, 1047, 1051, 1052, 1063, 1097, 1098, 1099, 1130, 1170, 1186, 1187, 1188, 1189, 1190, 1191, 1192, 1193, 1194, 1195, 1228, 1229, 1230, 1231, 1232, 1233, 1245, 1247, 1251, 1255, 1257, 1263, 1296, 1403, 1437, 1448, 1449, 1450, 1474, 1475, 1476, 1477, 1478, 1479, 1480, 1481, 1603, 1604, 1605, 1606, 1607, 1608, 1609, 1610, 1612, 1615, 1616, 1627, 1675, 1685, 1729, 1730, 1731, 1732, 1733, 1754, 1778, 1843, 1858, 1859, 1860, 1861, 1862, 1863, 1864, 1865, 1866, 1867, 1868, 1875, 1876, 1887, 1897, 1922, 1941, 1942, 1943, 1951, 1980, 1981, 1982, 1983, 1984, 1985, 1986, 1987, 1988, 1989, 1990, 1991, 1992, 1993, 1996, 2000, 2007, 2012, 2019, 2027, 2050, 2068, 2083, 2087, 2097, 2098, 2099, 2107, 2118, 2119, 2121, 2123, 2126, 2138, 2140, 2142, 2143, 2146, 2148, 2157, 2158, 2161, 2163, 2164, 2172, 2174, 2175, 2182, 2183, 2184, 2185, 2187, 2189, 2190, 2191, 2192, 2193, 2194, 2195, 2196, 2197, 2198, 2199, 2200, 2201, 2202, 2203, 2204, 2205, 2206, 2207, 2208, 2209, 2210, 2211, 2212, 2213, 2214, 2215, 2216, 2217, 2218, 2219, 2220], "selected_count": 229, "selection_time": 0.019166291982401162, "selection_score_forward_time": 0.018834704998880625}