{"example_id": 169, "sub_q_idx": 0, "method": "DraftModel", "reprocess_method": "DraftModel", "rate": 0.15, "system_len": 792, "passages_len": [792, 42, 119, 95, 170, 157, 198, 109, 52, 84, 65, 27], "chunk_ids": [0, 1, 2, 3, 4, 5, 6, 7, 8, 9, 10], "selected_abs": [792, 793, 794, 795, 796, 797, 798, 799, 800, 801, 802, 803, 804, 805, 806, 807, 808, 809, 810, 811, 812, 813, 814, 815, 816, 817, 818, 819, 820, 821, 822, 823, 824, 825, 826, 827, 828, 829, 830, 831, 832, 833, 834, 835, 836, 837, 838, 839, 840, 862, 863, 919, 920, 951, 952, 953, 954, 955, 956, 957, 958, 959, 961, 962, 963, 964, 965, 1007, 1008, 1030, 1047, 1048, 1049, 1050, 1051, 1052, 1053, 1054, 1055, 1056, 1057, 1058, 1065, 1066, 1070, 1071, 1072, 1088, 1089, 1106, 1107, 1108, 1109, 1110, 1111, 1112, 1116, 1117, 1118, 1119, 1140, 1145, 1146, 1147, 1149, 1150, 1182, 1183, 1184, 1185, 1186, 1187, 1212, 1216, 1217, 1218, 1219, 1220, 1221, 1222, 1223, 1224, 1229, 1249, 1250, 1251, 1252, 1253, 1254, 1369, 1370, 1371, 1373, 1374, 1375, 1376, 1377, 1378, 1379, 1380, 1381, 1382, 1383, 1384, 1386, 1387, 1388, 1503, 1572, 1573, 1574, 1575, 1576, 1577, 1578, 1579, 1580, 1581, 1635, 1681, 1682, 1683, 1684, 1685, 1686, 1687, 1688, 1692, 1696, 1710, 1712, 1714, 1715, 1732, 1733, 1734, 1735, 1736, 1737, 1738, 1741, 1746, 1766, 1767, 1768, 1770, 1772, 1778, 1779, 1783, 1800, 1809, 1812, 1817, 1818, 1819, 1820, 1821, 1822, 1823, 1824, 1825, 1826, 1827, 1831, 1835, 1838, 1839, 1843, 1844, 1846, 1847, 1858, 1859, 1860, 1861, 1862, 1863, 1864, 1866, 1867, 1868, 1869, 1870, 1871, 1872, 1873, 1874, 1875, 1876, 1877, 1878, 1879, 1880, 1881, 1882, 1883, 1884, 1885, 1886, 1887, 1888, 1889, 1890, 1891, 1892, 1893, 1894, 1895, 1896, 1897, 1898, 1899, 1900, 1901, 1902, 1903, 1904, 1905, 1906, 1907, 1908, 1909], "selected_count": 263, "selection_time": 0.017713087989250198, "selection_score_forward_time": 0.01735706999897957}