{"example_id": 174, "sub_q_idx": 1, "method": "DraftModel", "reprocess_method": "DraftModel", "rate": 0.15, "system_len": 792, "passages_len": [792, 79, 114, 134, 47, 78, 63, 194, 129, 51, 146, 114, 79, 29], "chunk_ids": [0, 11, 1, 12, 13, 14, 15, 16, 17, 18, 19, 1, 11], "selected_abs": [792, 793, 794, 795, 796, 797, 798, 799, 801, 804, 805, 806, 808, 870, 871, 872, 873, 874, 875, 876, 877, 878, 879, 882, 883, 884, 885, 886, 887, 888, 889, 891, 892, 893, 894, 895, 896, 897, 898, 899, 900, 901, 902, 903, 904, 905, 954, 955, 956, 964, 965, 966, 967, 984, 985, 986, 987, 1058, 1071, 1118, 1119, 1120, 1121, 1122, 1165, 1166, 1167, 1168, 1169, 1243, 1244, 1245, 1246, 1247, 1248, 1306, 1307, 1308, 1309, 1310, 1482, 1500, 1501, 1502, 1503, 1504, 1525, 1549, 1629, 1630, 1631, 1632, 1633, 1634, 1635, 1636, 1640, 1641, 1642, 1643, 1644, 1645, 1646, 1679, 1680, 1681, 1682, 1683, 1684, 1685, 1686, 1687, 1688, 1689, 1690, 1691, 1692, 1693, 1694, 1716, 1717, 1718, 1725, 1726, 1727, 1728, 1729, 1766, 1767, 1768, 1769, 1770, 1771, 1772, 1773, 1774, 1775, 1783, 1795, 1796, 1797, 1798, 1799, 1800, 1801, 1802, 1803, 1804, 1805, 1806, 1807, 1808, 1809, 1810, 1811, 1812, 1813, 1814, 1815, 1816, 1817, 1818, 1819, 1820, 1821, 1822, 1823, 1824, 1825, 1826, 1827, 1828, 1829, 1830, 1831, 1832, 1833, 1834, 1835, 1838, 1839, 1840, 1841, 1842, 1843, 1844, 1845, 1847, 1848, 1849, 1850, 1851, 1852, 1853, 1854, 1855, 1856, 1857, 1858, 1859, 1860, 1861, 1888, 1892, 1910, 1911, 1912, 1920, 1921, 1922, 1923, 1924, 1940, 1941, 1942, 1943, 1944, 1945, 1946, 1947, 1948, 1949, 1950, 1951, 1952, 1953, 1954, 1955, 1957, 1961, 1962, 1963, 1964, 1965, 1976, 1977, 1979, 1980, 1985, 1989, 1991, 1992, 1993, 1999, 2000, 2001, 2002, 2003, 2004, 2005, 2006, 2007, 2008, 2009, 2010, 2011, 2012, 2013, 2015, 2016, 2017, 2018, 2019, 2020, 2021, 2022, 2023, 2024, 2025, 2026, 2027, 2028, 2029, 2030, 2031, 2032, 2033, 2034, 2035, 2036, 2037, 2038, 2039, 2040, 2041, 2042, 2043, 2044, 2045, 2046, 2047, 2048], "selected_count": 292, "selection_time": 0.01824243998271413, "selection_score_forward_time": 0.01792197598842904}