{"example_id": 162, "sub_q_idx": 0, "method": "DraftModel", "reprocess_method": "DraftModel", "rate": 0.15, "system_len": 792, "passages_len": [792, 115, 142, 139, 79, 37, 108, 119, 119, 167, 118, 115, 142, 33], "chunk_ids": [0, 1, 2, 3, 4, 5, 6, 7, 8, 9, 10, 1, 2], "selected_abs": [792, 793, 794, 795, 796, 797, 798, 799, 800, 801, 802, 803, 804, 805, 806, 807, 808, 809, 810, 811, 812, 813, 823, 837, 846, 906, 907, 908, 909, 910, 926, 931, 932, 935, 937, 938, 939, 1048, 1049, 1050, 1051, 1052, 1187, 1188, 1189, 1190, 1191, 1192, 1193, 1194, 1195, 1199, 1200, 1201, 1202, 1203, 1204, 1237, 1266, 1267, 1268, 1269, 1270, 1271, 1272, 1273, 1274, 1275, 1276, 1277, 1303, 1304, 1305, 1306, 1315, 1410, 1411, 1412, 1413, 1414, 1529, 1530, 1531, 1532, 1533, 1534, 1535, 1536, 1537, 1538, 1539, 1541, 1648, 1649, 1650, 1651, 1652, 1653, 1654, 1655, 1656, 1657, 1658, 1659, 1660, 1693, 1694, 1695, 1696, 1750, 1753, 1793, 1816, 1817, 1818, 1819, 1820, 1821, 1822, 1823, 1824, 1827, 1828, 1829, 1830, 1831, 1832, 1833, 1840, 1841, 1842, 1843, 1844, 1845, 1846, 1847, 1848, 1849, 1850, 1851, 1852, 1853, 1854, 1855, 1879, 1880, 1881, 1882, 1883, 1884, 1885, 1886, 1887, 1888, 1889, 1890, 1891, 1892, 1893, 1895, 1896, 1905, 1906, 1907, 1909, 1910, 1915, 1916, 1917, 1918, 1919, 1920, 1921, 1922, 1923, 1924, 1925, 1926, 1927, 1928, 1929, 1930, 1931, 1932, 1933, 1934, 1935, 1936, 1937, 1938, 1939, 1940, 1941, 1942, 1943, 1944, 1945, 1946, 1947, 1948, 1949, 1950, 1951, 1952, 1953, 1954, 1955, 1956, 1989, 1991, 2000, 2049, 2050, 2051, 2052, 2053, 2056, 2058, 2061, 2065, 2066, 2067, 2068, 2069, 2071, 2074, 2075, 2076, 2077, 2078, 2079, 2080, 2081, 2082, 2083, 2092, 2099, 2102, 2105, 2112, 2113, 2114, 2121, 2123, 2133, 2136, 2137, 2149, 2150, 2151, 2153, 2154, 2155, 2156, 2161, 2169, 2173, 2174, 2177, 2180, 2181, 2182, 2183, 2187, 2188, 2189, 2190, 2191, 2192, 2193, 2194, 2195, 2196, 2197, 2198, 2199, 2200, 2201, 2202, 2203, 2204, 2205, 2206, 2207, 2208, 2209, 2210, 2211, 2212, 2213, 2214, 2215, 2216, 2217, 2218, 2219, 2220, 2221, 2222, 2223, 2224], "selected_count": 301, "selection_time": 0.018911092018242925, "selection_score_forward_time": 0.01857228300650604}