val_kl,val_bce,val_recall,val_jaccard,epoch,train_loss
0.05098789930343628,0.42922842502593994,0.13157894736842105,0.07101270289343684,1,0.22765282647950308
0.024265112355351448,0.4373506009578705,0.11403508771929824,0.06103896103896104,2,0.1464830424104418
0.015707192942500114,0.4302489459514618,0.14912280701754385,0.08059299191374664,3,0.12855660170316696
