{
  "note": "Current saved cases contain 16 queries per example; 32-query convergence requires a new score run.",
  "rows": [
    {
      "selector": "Target-QK(preprocess KV)",
      "max_passages": 10,
      "rate": 0.1,
      "examples": 20,
      "source_file": "docs/experiments/query_recompute_overlap_32q_preprocess/preprocesskv_batch_20260626_212157_20examples_10passages_rate0.1.json",
      "frequency": {
        "num_queries": 32,
        "hist_counts": [
          112315,
          8688,
          3180,
          1823,
          1275,
          934,
          713,
          619,
          574,
          509,
          506,
          1034,
          596,
          496,
          442,
          395,
          334,
          308,
          286,
          300,
          293,
          314,
          227,
          202,
          234,
          228,
          195,
          209,
          247,
          270,
          342,
          519,
          8555
        ],
        "hist_ratio": [
          0.7632065342955382,
          0.059036979655074,
          0.021608839238390347,
          0.012387708783517484,
          0.008663921392750846,
          0.0063467471222190515,
          0.004845000747475571,
          0.0042062488957747245,
          0.0039004634348541066,
          0.0034587733246354358,
          0.003438387627240728,
          0.007026270368709313,
          0.004049958549081964,
          0.0033704353025917014,
          0.00300349274948696,
          0.0026841168236365364,
          0.0022696076432774767,
          0.0020929315991900085,
          0.0019434364849621505,
          0.002038569739470787,
          0.001991003112216469,
          0.002133702993979424,
          0.0015425177695328957,
          0.00137263695791033,
          0.001590084396787214,
          0.0015493130019977983,
          0.0013250703306560117,
          0.0014202035851646484,
          0.0016784224188309482,
          0.0018347127655237085,
          0.0023239695029966976,
          0.0035267256492844622,
          0.05813321373724195
        ],
        "always_selected_ratio_mean": 0.058132544589393834,
        "never_selected_ratio_mean": 0.7639086282829922,
        "selected_all_minus1_ratio_mean": 0.0035204054735212278,
        "polarized_0_or_16_ratio_mean": 0.822041172872386
      },
      "convergence": {
        "query_counts": [
          2,
          4,
          8,
          16,
          32
        ],
        "mean": [
          0.7997532769828204,
          0.698395647723987,
          0.6433561987653168,
          0.608441110836224,
          0.5817099071245699
        ],
        "std": [
          0.02186803305574314,
          0.03259088847304503,
          0.03407324643760558,
          0.03315717438040979,
          0.03225745031605905
        ]
      }
    },
    {
      "selector": "Target-QK(preprocess KV)",
      "max_passages": 10,
      "rate": 0.2,
      "examples": 20,
      "source_file": "docs/experiments/query_recompute_overlap_32q_preprocess/preprocesskv_batch_20260626_212157_20examples_10passages_rate0.2.json",
      "frequency": {
        "num_queries": 32,
        "hist_counts": [
          86321,
          11842,
          5019,
          3073,
          2039,
          1597,
          1319,
          1086,
          1015,
          890,
          907,
          1532,
          1042,
          926,
          777,
          709,
          642,
          586,
          571,
          585,
          605,
          620,
          510,
          465,
          421,
          406,
          449,
          453,
          500,
          614,
          643,
          1116,
          17882
        ],
        "hist_ratio": [
          0.5865712616028594,
          0.08046914284937688,
          0.03410527174134627,
          0.020881749364645763,
          0.01385547899593645,
          0.01085198624644949,
          0.00896291162120656,
          0.00737962245688425,
          0.006897160951876164,
          0.0060477568937633355,
          0.00616327584566668,
          0.010410296136230821,
          0.007080632228428535,
          0.00629238526249983,
          0.005279895625229339,
          0.00481781981761596,
          0.004362539242467485,
          0.003982006224432938,
          0.0038800777374593987,
          0.003975210991968035,
          0.004111115641266087,
          0.004213044128239627,
          0.0034655685571003386,
          0.00315978309617972,
          0.0028607928677240047,
          0.0027588643807504656,
          0.0030510593767412784,
          0.0030782403066008887,
          0.003397616232451312,
          0.0041722727334502115,
          0.004369334474932388,
          0.007583479430831329,
          0.12151234693738873
        ],
        "always_selected_ratio_mean": 0.12168772869271002,
        "never_selected_ratio_mean": 0.5871093994113946,
        "selected_all_minus1_ratio_mean": 0.007509348093393412,
        "polarized_0_or_16_ratio_mean": 0.7087971281041046
      },
      "convergence": {
        "query_counts": [
          2,
          4,
          8,
          16,
          32
        ],
        "mean": [
          0.8249127998592938,
          0.7284001835496925,
          0.6724512758183997,
          0.6364325740544035,
          0.6085976103651066
        ],
        "std": [
          0.019326448171983607,
          0.029768507178492245,
          0.031307978844516485,
          0.029833574588432592,
          0.0292399051323954
        ]
      }
    },
    {
      "selector": "Target-QK(preprocess KV)",
      "max_passages": 10,
      "rate": 0.3,
      "examples": 20,
      "source_file": "docs/experiments/query_recompute_overlap_32q_preprocess/preprocesskv_batch_20260626_212157_20examples_10passages_rate0.3.json",
      "frequency": {
        "num_queries": 32,
        "hist_counts": [
          66762,
          12616,
          5601,
          3451,
          2455,
          1950,
          1648,
          1382,
          1166,
          1096,
          1079,
          1768,
          1349,
          1173,
          1078,
          914,
          841,
          832,
          825,
          795,
          762,
          826,
          681,
          623,
          629,
          603,
          621,
          644,
          767,
          877,
          1034,
          1594,
          28720
        ],
        "hist_ratio": [
          0.453663309821829,
          0.0857286527772115,
          0.0380600970359196,
          0.023450347236378958,
          0.016682295701335944,
          0.013250703306560117,
          0.011198543102159526,
          0.009391011266495428,
          0.00792324105407646,
          0.007447574781533277,
          0.007332055829629931,
          0.01201397099794784,
          0.00916676859515364,
          0.007970807681330778,
          0.007325260597165029,
          0.006210842472920999,
          0.005714790502983107,
          0.005653633410798983,
          0.005606066783544665,
          0.005402209809597587,
          0.0051779671382557995,
          0.0056128620160095675,
          0.004627553308598687,
          0.004233429825634335,
          0.0042742012204237505,
          0.004097525176336283,
          0.00421983936070453,
          0.00437612970739729,
          0.0052119433005803125,
          0.005959418871719601,
          0.007026270368709313,
          0.010831600549054783,
          0.19515907639200336
        ],
        "always_selected_ratio_mean": 0.19539281515212403,
        "never_selected_ratio_mean": 0.45387861553409153,
        "selected_all_minus1_ratio_mean": 0.010703276952941088,
        "polarized_0_or_16_ratio_mean": 0.6492714306862156
      },
      "convergence": {
        "query_counts": [
          2,
          4,
          8,
          16,
          32
        ],