{
  "method": "offline10_docgen_draft005",
  "files": 8,
  "rows": 250,
  "main_correct": 99,
  "main_total": 135,
  "sub_correct": 207,
  "sub_total": 250,
  "f1": 0.2033186766619376,
  "em": 0.008,
  "main_acc": 0.7333333333333333,
  "sub_acc": 0.828
}