{
  "method": "docgen",
  "files": 8,
  "rows": 250,
  "main_correct": 99,
  "main_total": 135,
  "main_acc": 0.7333333333333333,
  "sub_correct": 207,
  "sub_total": 250,
  "sub_acc": 0.828,
  "f1": 0.2033186766619376,
  "em": 0.008
}