{
  "method": "offline10_hybrid_old70_docgen30_draft005",
  "files": 8,
  "rows": 250,
  "main_correct": 100,
  "main_total": 135,
  "sub_correct": 209,
  "sub_total": 250,
  "f1": 0.1837490090085107,
  "em": 0.016,
  "main_acc": 0.7407407407407407,
  "sub_acc": 0.836
}