method,files,rows,main_correct,main_total,main_acc,sub_correct,sub_total,sub_acc,f1,em
offline10_hybrid_old90_docgen10_draft005,3,250,95,135,0.7037037037037037,205,250,0.82,0.1928001004967542,0.02
offline10_hybrid_old50_docgen50_draft005,3,250,95,135,0.7037037037037037,203,250,0.812,0.20499465232692876,0.016
offline15_docgen_only,2,250,87,135,0.6444444444444445,192,250,0.768,0.16994359378141843,0.008
offline10_hybrid_old70_docgen30_draft005,8,250,100,135,0.7407407407407407,209,250,0.836,0.1837490090085107,0.016
offline10_docgen_draft005,8,250,99,135,0.7333333333333333,207,250,0.828,0.2033186766619376,0.008
