{
  "source": "raw",
  "kind": "k",
  "basis": "per-layer/head feature basis trained on other target positions; oracle token coefficients",
  "documents": 56,
  "summary": [
    {
      "rank": 1,
      "n": 56,
      "original_gap_mean": 0.23003971576690674,
      "original_gap_std": 0.034551724791526794,
      "original_gap_median": 0.2302953153848648,
      "original_gap_p10": 0.1904924213886261,
      "original_gap_p90": 0.27038171887397766,
      "delta_recovery_error_mean": 0.838287353515625,
      "delta_recovery_error_std": 0.04902426898479462,
      "delta_recovery_error_median": 0.8489218950271606,
      "delta_recovery_error_p10": 0.7736347317695618,
      "delta_recovery_error_p90": 0.8948317766189575,
      "final_kv_error_mean": 0.1930122822523117,
      "final_kv_error_std": 0.032288867980241776,
      "final_kv_error_median": 0.1905968189239502,
      "final_kv_error_p10": 0.15481242537498474,
      "final_kv_error_p90": 0.23917940258979797,
      "explained_delta_energy_mean": 0.2949139177799225,
      "explained_delta_energy_std": 0.08081603050231934,
      "explained_delta_energy_median": 0.27912208437919617,
      "explained_delta_energy_p10": 0.19927547872066498,
      "explained_delta_energy_p90": 0.4014892578125
    },
    {
      "rank": 2,
      "n": 56,
      "original_gap_mean": 0.23003971576690674,
      "original_gap_std": 0.034551724791526794,
      "original_gap_median": 0.2302953153848648,
      "original_gap_p10": 0.1904924213886261,
      "original_gap_p90": 0.27038171887397766,
      "delta_recovery_error_mean": 0.7926192879676819,
      "delta_recovery_error_std": 0.05102479085326195,
      "delta_recovery_error_median": 0.803551971912384,
      "delta_recovery_error_p10": 0.7210347652435303,
      "delta_recovery_error_p90": 0.8571583032608032,
      "final_kv_error_mean": 0.18252934515476227,
      "final_kv_error_std": 0.031175555661320686,
      "final_kv_error_median": 0.17958901822566986,
      "final_kv_error_p10": 0.14612850546836853,
      "final_kv_error_p90": 0.22779914736747742,
      "explained_delta_energy_mean": 0.3691976070404053,
      "explained_delta_energy_std": 0.07991062104701996,
      "explained_delta_energy_median": 0.35045480728149414,
      "explained_delta_energy_p10": 0.265278160572052,
      "explained_delta_energy_p90": 0.4800885319709778
    },
    {
      "rank": 4,
      "n": 56,
      "original_gap_mean": 0.23003971576690674,
      "original_gap_std": 0.034551724791526794,
      "original_gap_median": 0.2302953153848648,
      "original_gap_p10": 0.1904924213886261,
      "original_gap_p90": 0.27038171887397766,
      "delta_recovery_error_mean": 0.7360833287239075,
      "delta_recovery_error_std": 0.05062315985560417,
      "delta_recovery_error_median": 0.740931510925293,
      "delta_recovery_error_p10": 0.6682591438293457,
      "delta_recovery_error_p90": 0.8041863441467285,
      "final_kv_error_mean": 0.16945120692253113,
      "final_kv_error_std": 0.028835881501436234,
      "final_kv_error_median": 0.1663394570350647,
      "final_kv_error_p10": 0.13531064987182617,
      "final_kv_error_p90": 0.211736798286438,
      "explained_delta_energy_mean": 0.4556643068790436,
      "explained_delta_energy_std": 0.07374956458806992,
      "explained_delta_energy_median": 0.44815507531166077,
      "explained_delta_energy_p10": 0.3532808721065521,
      "explained_delta_energy_p90": 0.5534290075302124
    },
    {
      "rank": 8,
      "n": 56,
      "original_gap_mean": 0.23003971576690674,
      "original_gap_std": 0.034551724791526794,
      "original_gap_median": 0.2302953153848648,
      "original_gap_p10": 0.1904924213886261,
      "original_gap_p90": 0.27038171887397766,
      "delta_recovery_error_mean": 0.6519654393196106,
      "delta_recovery_error_std": 0.04586772248148918,
      "delta_recovery_error_median": 0.6532026529312134,
      "delta_recovery_error_p10": 0.5908633470535278,
      "delta_recovery_error_p90": 0.7011381387710571,
      "final_kv_error_mean": 0.15012454986572266,
      "final_kv_error_std": 0.025759298354387283,
      "final_kv_error_median": 0.14770381152629852,
      "final_kv_error_p10": 0.12087319791316986,
      "final_kv_error_p90": 0.18700218200683594,
      "explained_delta_energy_mean": 0.5728748440742493,
      "explained_delta_energy_std": 0.059526268392801285,
      "explained_delta_energy_median": 0.5691178441047668,
      "explained_delta_energy_p10": 0.508399486541748,
      "explained_delta_energy_p90": 0.6508783102035522
    },
    {
      "rank": 16,
      "n": 56,
      "original_gap_mean": 0.23003971576690674,
      "original_gap_std": 0.034551724791526794,
      "original_gap_median": 0.2302953153848648,
      "original_gap_p10": 0.1904924213886261,
      "original_gap_p90": 0.27038171887397766,
      "delta_recovery_error_mean": 0.5472509264945984,
      "delta_recovery_error_std": 0.038335882127285004,
      "delta_recovery_error_median": 0.5478249192237854,
      "delta_recovery_error_p10": 0.49323269724845886,
      "delta_recovery_error_p90": 0.5933522582054138,
      "final_kv_error_mean": 0.12601865828037262,
      "final_kv_error_std": 0.021627293899655342,
      "final_kv_error_median": 0.12413319200277328,
      "final_kv_error_p10": 0.10045909881591797,
      "final_kv_error_p90": 0.15255320072174072,
      "explained_delta_energy_mean": 0.6990729570388794,
      "explained_delta_energy_std": 0.042180225253105164,
      "explained_delta_energy_median": 0.6996846199035645,
      "explained_delta_energy_p10": 0.6479154825210571,
      "explained_delta_energy_p90": 0.7567213773727417
    },
    {
      "rank": 32,
      "n": 56,
      "original_gap_mean": 0.23003971576690674,
      "original_gap_std": 0.034551724791526794,
      "original_gap_median": 0.2302953153848648,
      "original_gap_p10": 0.1904924213886261,
      "original_gap_p90": 0.27038171887397766,
      "delta_recovery_error_mean": 0.43328508734703064,
      "delta_recovery_error_std": 0.030873797833919525,
      "delta_recovery_error_median": 0.4326871931552887,
      "delta_recovery_error_p10": 0.39188748598098755,
      "delta_recovery_error_p90": 0.4733847379684448,
      "final_kv_error_mean": 0.09978457540273666,
      "final_kv_error_std": 0.017215922474861145,
      "final_kv_error_median": 0.09936817735433578,
      "final_kv_error_p10": 0.07887046784162521,
      "final_kv_error_p90": 0.12058916687965393,
      "explained_delta_energy_mean": 0.8113278150558472,
      "explained_delta_energy_std": 0.02690740115940571,
      "explained_delta_energy_median": 0.812591016292572,
      "explained_delta_energy_p10": 0.7758840918540955,
      "explained_delta_energy_p90": 0.8464230298995972
    },
    {
      "rank": 64,
      "n": 56,
      "original_gap_mean": 0.23003971576690674,
      "original_gap_std": 0.034551724791526794,
      "original_gap_median": 0.2302953153848648,
      "original_gap_p10": 0.1904924213886261,
      "original_gap_p90": 0.27038171887397766,
      "delta_recovery_error_mean": 0.29431039094924927,
      "delta_recovery_error_std": 0.02144877053797245,
      "delta_recovery_error_median": 0.29248863458633423,
      "delta_recovery_error_p10": 0.2666914463043213,
      "delta_recovery_error_p90": 0.3252542018890381,
      "final_kv_error_mean": 0.06774697452783585,
      "final_kv_error_std": 0.011533616110682487,
      "final_kv_error_median": 0.06748790293931961,
      "final_kv_error_p10": 0.053643885999917984,
      "final_kv_error_p90": 0.0813056007027626,
      "explained_delta_energy_mean": 0.9129295349121094,
      "explained_delta_energy_std": 0.012741725891828537,
      "explained_delta_energy_median": 0.9141845107078552,
      "explained_delta_energy_p10": 0.894201397895813,
      "explained_delta_energy_p90": 0.9288755059242249
    }
  ]
}
