example_id,sub_q_idx,doc_rank,chunk_id,kind,doc_len,full_prompt_len,diff_l2,base_l2,relative_l2,cosine_full_vs_offline,delta_abs_mean,delta_abs_p50,delta_abs_p90,delta_abs_p99,near_zero_abs_1e-6,near_zero_abs_1pct_rms,shape
0,0,0,1,key,50,968,36.04566955566406,4124.4814453125,0.008739442772043547,1.000119686126709,0.010850945487618446,0.0078125,0.029296875,0.0625,0.2929544150829315,0.2961895763874054,"[64, 1, 8, 50, 128]"
0,0,0,1,value,50,968,111.81413269042969,4087.041015625,0.027358211543010606,0.9995994567871094,0.018674250692129135,0.00390625,0.046875,0.234375,0.1888687163591385,0.26355621218681335,"[64, 1, 8, 50, 128]"
0,0,1,2,key,92,968,2840.515869140625,5623.7802734375,0.5050901228408728,0.8728724718093872,0.6514254808425903,0.28125,1.755859375,4.6484375,0.01416612695902586,0.042246777564287186,"[64, 1, 8, 92, 128]"
0,0,1,2,value,92,968,1935.2935791015625,4966.83544921875,0.38964318405313203,0.924690842628479,0.2765246331691742,0.0546875,0.69921875,3.3046875,0.028344692662358284,0.2036348432302475,"[64, 1, 8, 92, 128]"
