example,source,kind,documents,direction_cos_mean,direction_cos_min,direction_cos_max,layer_profile_cos_mean,head_profile_cos_mean,uncentered_pc1_mean,uncentered_pc2_mean,uncentered_pc4_mean,uncentered_effective_rank_mean
0,preprocess,v,7,0.48080359328776556,-0.11973369866609573,0.9424929618835449,0.9957057237625122,0.9853261113166809,0.7099443628764947,0.8754291323512617,0.9507304807456496,2.6546233408153057
1,preprocess,v,7,0.506691996347356,-0.007870465517044067,0.9662467837333679,0.9948000311851501,0.9810694456100464,0.7432293504361792,0.8328063891831864,0.9324960495763361,2.6976464688777924
2,preprocess,v,7,0.3787292033851242,-0.3818655014038086,0.9759498834609985,0.9959633946418762,0.9861328601837158,0.6973120806440851,0.8099395062177277,0.9451727367178079,2.8954069931060076
3,preprocess,v,7,0.48125590174840044,-0.5354102849960327,0.9855914115905762,0.9943305253982544,0.9793235063552856,0.7839588501675313,0.8628150922646272,0.949724637862152,2.3742940854281187
4,preprocess,v,7,0.5082806459872483,-0.1305539458990097,0.960884153842926,0.9969140291213989,0.9859220385551453,0.7336361324647303,0.850144145576858,0.9494009909827992,2.639513351023197
6,preprocess,v,7,0.5930529157598184,-0.050626400858163834,0.9952121376991272,0.9965114593505859,0.9859532713890076,0.7753002530419568,0.8594158148903573,0.9496861445902091,2.4476037565618753
7,preprocess,v,7,0.46344409670754905,-0.4758536219596863,0.9946903586387634,0.9970715641975403,0.9857665300369263,0.7728558587748225,0.8738083514426539,0.9552786569747239,2.4059556908905506
9,preprocess,v,7,0.8261890581010708,0.0,0.9936936497688293,0.9994534254074097,0.9980350732803345,0.8689043252407953,0.9092849599682481,0.9598930820649091,1.852478014305234
