example,source,kind,documents,direction_cos_mean,direction_cos_min,direction_cos_max,layer_profile_cos_mean,head_profile_cos_mean,uncentered_pc1_mean,uncentered_pc2_mean,uncentered_pc4_mean,uncentered_effective_rank_mean
0,raw,k,7,0.8169081015955835,0.3249925971031189,0.9962918162345886,0.9852511286735535,0.9817575812339783,0.8616573480909159,0.9113931423606045,0.9667137783540747,1.8709554690867662
1,raw,k,7,0.8870957086661032,0.5605837106704712,0.9972046613693237,0.994472324848175,0.991212010383606,0.9048800050354874,0.9520367188725734,0.9816890451121404,1.5686554722487926
2,raw,k,7,0.7567401826825171,0.20942451059818268,0.9980911612510681,0.9880093336105347,0.9852681756019592,0.7999940998487701,0.8779769991624352,0.9651766747198401,2.2552297953516245
3,raw,k,7,0.8583245167420024,0.5102716088294983,0.9968847036361694,0.9961047172546387,0.9938170313835144,0.8855883847199393,0.9315314060222357,0.9765077964007524,1.7028689458966255
4,raw,k,7,0.7821461697596879,0.147307887673378,0.9963966608047485,0.9931591749191284,0.9895976781845093,0.8312882415529028,0.9045510981715695,0.9665602078451117,2.0459181275218725
6,raw,k,7,0.8000331737677611,0.31622371077537537,0.9980146884918213,0.9911481142044067,0.9872868657112122,0.8335871082293316,0.9194634150874407,0.976038810453626,1.9634516462683678
7,raw,k,7,0.8034046147284764,0.18982821702957153,0.9982307553291321,0.9890241026878357,0.9854704737663269,0.8252873897809753,0.9275047916772273,0.9823208563651601,1.965934993699193
9,raw,k,7,0.8237815050108891,0.08786175400018692,0.9980059266090393,0.9950148463249207,0.9916718602180481,0.8541389515337096,0.9236694965288292,0.9750660854759333,1.8699558265507221
