example,source,kind,documents,direction_cos_mean,direction_cos_min,direction_cos_max,layer_profile_cos_mean,head_profile_cos_mean,uncentered_pc1_mean,uncentered_pc2_mean,uncentered_pc4_mean,uncentered_effective_rank_mean
0,preprocess,k,7,0.5945030044212694,-0.11005815863609314,0.9306342005729675,0.9816724061965942,0.9733534455299377,0.6738129464650505,0.8800318905303486,0.9627223425456631,2.7238355353474617
1,preprocess,k,7,0.5965199752951905,-0.026080479845404625,0.973761260509491,0.9888714551925659,0.9794213175773621,0.7900902526943356,0.8743605595998551,0.9553199784078338,2.303088938817382
2,preprocess,k,7,0.4517695468307682,-0.2177056521177292,0.9595774412155151,0.9706202745437622,0.9530885815620422,0.7166613354976825,0.8383652230342777,0.9457808211961723,2.750081568956375
3,preprocess,k,7,0.5431960315727771,-0.20001395046710968,0.9817940592765808,0.9857757091522217,0.9705125093460083,0.8072139654438454,0.891138333907171,0.9607487982042534,2.186819287016988
4,preprocess,k,7,0.5655943451078028,-0.2670401334762573,0.9488043785095215,0.9891204833984375,0.9823861122131348,0.7647806608316439,0.8793755626906967,0.9615304605501028,2.367596311494708
6,preprocess,k,7,0.6747546074503112,-0.17456236481666565,0.9903939962387085,0.9878621697425842,0.9784190058708191,0.8360082788020473,0.9030509508528892,0.9670086842182288,2.007530804723501
7,preprocess,k,7,0.5254574664157277,-0.2730528712272644,0.9911808371543884,0.9831501245498657,0.9717620611190796,0.8279090445823453,0.9089365626397138,0.9655209078287423,2.0287098083645105
9,preprocess,k,7,0.8730286080688183,-0.3258475065231323,0.9900130033493042,0.9975091218948364,0.995947003364563,0.8984133063203844,0.9404400555655507,0.9778045671399431,1.614116506651044
