{
  "source": "preprocess",
  "kind": "v",
  "paired_documents": 56,
  "groups": 8,
  "document_metrics": {
    "original_gap": {
      "mean": 0.7557567358016968,
      "std": 0.2565499246120453,
      "median": 0.8967435359954834,
      "p10": 0.35558491945266724,
      "p90": 0.9677159190177917,
      "n": 56
    },
    "internal_rank4_explained": {
      "mean": 0.4321632385253906,
      "std": 0.05605238303542137,
      "median": 0.418820858001709,
      "p10": 0.37481561303138733,
      "p90": 0.4986568093299866,
      "n": 56
    },
    "internal_rank8_explained": {
      "mean": 0.5440553426742554,
      "std": 0.07672342658042908,
      "median": 0.5286585688591003,
      "p10": 0.46513116359710693,
      "p90": 0.6397836208343506,
      "n": 56
    },
    "internal_rank16_explained": {
      "mean": 0.6667528748512268,
      "std": 0.09205328673124313,
      "median": 0.6515020728111267,
      "p10": 0.5647962093353271,
      "p90": 0.7863253951072693,
      "n": 56
    },
    "internal_rank32_explained": {
      "mean": 0.7944363951683044,
      "std": 0.09673217684030533,
      "median": 0.771105170249939,
      "p10": 0.683103084564209,
      "p90": 0.9259496927261353,
      "n": 56
    },
    "internal_rank64_explained": {
      "mean": 0.9055935740470886,
      "std": 0.07653620094060898,
      "median": 0.9087343215942383,
      "p10": 0.812825083732605,
      "p90": 0.9999998211860657,
      "n": 56
    }
  },
  "group_metrics": {
    "direction_cos_mean": {
      "mean": 0.5298058986663818,
      "std": 0.13353818655014038,
      "median": 0.4812558889389038,
      "p10": 0.43802961707115173,
      "p90": 0.6629936695098877,
      "n": 8
    },
    "layer_profile_cos_mean": {
      "mean": 0.9963437914848328,
      "std": 0.0015829912154003978,
      "median": 0.9959633946418762,
      "p10": 0.9946591854095459,
      "p90": 0.9977861046791077,
      "n": 8
    },
    "head_profile_cos_mean": {
      "mean": 0.9859410524368286,
      "std": 0.0055321878753602505,
      "median": 0.9857665300369263,
      "p10": 0.9805456399917603,
      "p90": 0.9897035360336304,
      "n": 8
    },
    "uncentered_pc1_mean": {
      "mean": 0.7606426477432251,
      "std": 0.05377453565597534,
      "median": 0.743229329586029,
      "p10": 0.7061546444892883,
      "p90": 0.8094424605369568,
      "n": 8
    },
    "uncentered_pc2_mean": {
      "mean": 0.8592054843902588,
      "std": 0.029769670218229294,
      "median": 0.8594158291816711,
      "p10": 0.8259463310241699,
      "p90": 0.8855859041213989,
      "n": 8
    },
    "uncentered_pc4_mean": {
      "mean": 0.9490479230880737,
      "std": 0.008011079393327236,
      "median": 0.9496861696243286,
      "p10": 0.9413697123527527,
      "p90": 0.9566629528999329,
      "n": 8
    },
    "uncentered_effective_rank_mean": {
      "mean": 2.4959402084350586,
      "std": 0.3128960430622101,
      "median": 2.447603702545166,
      "p10": 2.2177491188049316,
      "p90": 2.756974458694458,
      "n": 8
    }
  }
}
