example,source,kind,documents,direction_cos_mean,direction_cos_min,direction_cos_max,layer_profile_cos_mean,head_profile_cos_mean,uncentered_pc1_mean,uncentered_pc2_mean,uncentered_pc4_mean,uncentered_effective_rank_mean
0,raw,v,7,0.6510767988608374,0.0,0.9917553663253784,0.9972979426383972,0.9914781451225281,0.7236842808124169,0.8014132090355339,0.9039838025770323,2.8005915824323893
1,raw,v,7,0.7460495504949775,0.0,0.9924952387809753,0.9955384135246277,0.9874113202095032,0.7830017095888565,0.8657307862000455,0.9379801916555371,2.2840996515005827
2,raw,v,7,0.6096327130050797,0.0,0.9945933818817139,0.9958503246307373,0.9914618134498596,0.6788960024574522,0.7907681700127033,0.9149354100108256,3.028742354363203
3,raw,v,7,0.7202374034539043,0.0,0.9920691251754761,0.9970141649246216,0.9922088384628296,0.7682490620553434,0.839100706954355,0.9262132464826569,2.437488667666912
4,raw,v,7,0.6546098575289805,0.0,0.986579418182373,0.9975930452346802,0.9938931465148926,0.7238678574712594,0.8156609125785932,0.9151552700796391,2.755639212206006
6,raw,v,7,0.6452701455314777,0.0,0.9922338128089905,0.9965744018554688,0.9914591908454895,0.6932054258826492,0.8118580568931457,0.9236495872226064,2.876297963783145
7,raw,v,7,0.6694555758315671,0.0,0.9949350953102112,0.9981462359428406,0.9951071739196777,0.7036153943807183,0.8354751809443478,0.9448158493000192,2.6838157419115305
9,raw,v,7,0.6884909354516172,0.0,0.9929024577140808,0.9989702105522156,0.995287299156189,0.7368107023381524,0.8241830233875137,0.9159080052334019,2.66823404468596
