source,kind,selected,total,relative_l2,delta_l2
raw,k,196,1313,0.3029598891735077,2464.697265625
raw,v,196,1313,0.5766900181770325,4694.41796875
preprocess,k,196,1313,0.2689390778541565,2197.647705078125
preprocess,v,196,1313,0.559257447719574,4478.4375
