{"example_id": 3, "sub_q_idx": 0, "method": "DraftModel", "reprocess_method": "DraftModel", "rate": 0.1, "system_len": 792, "passages_len": [792, 108, 92, 90, 170, 141, 200, 52, 143, 68, 90, 30], "chunk_ids": [0, 1, 2, 3, 4, 5, 6, 7, 8, 9, 10], "selected_abs": [792, 793, 794, 795, 796, 797, 798, 799, 800, 801, 802, 803, 804, 828, 829, 830, 831, 845, 846, 848, 897, 898, 899, 900, 901, 902, 903, 904, 913, 917, 918, 919, 923, 924, 925, 934, 991, 992, 993, 994, 999, 1018, 1081, 1082, 1083, 1084, 1085, 1088, 1251, 1252, 1253, 1254, 1255, 1261, 1304, 1392, 1393, 1394, 1395, 1396, 1397, 1398, 1419, 1592, 1593, 1594, 1595, 1596, 1604, 1613, 1615, 1643, 1644, 1645, 1646, 1647, 1648, 1657, 1736, 1744, 1751, 1756, 1787, 1788, 1789, 1790, 1791, 1792, 1793, 1794, 1795, 1796, 1813, 1819, 1833, 1850, 1855, 1856, 1857, 1858, 1859, 1860, 1861, 1862, 1863, 1865, 1875, 1879, 1882, 1883, 1884, 1892, 1893, 1894, 1895, 1896, 1898, 1899, 1907, 1908, 1910, 1912, 1914, 1924, 1925, 1926, 1927, 1928, 1929, 1930, 1932, 1934, 1935, 1941, 1942, 1944, 1945, 1946, 1947, 1948, 1949, 1950, 1951, 1952, 1953, 1954, 1955, 1956, 1957, 1958, 1959, 1960, 1961, 1962, 1963, 1964, 1965, 1966, 1967, 1968, 1969, 1970, 1971, 1972, 1973, 1974, 1975], "selected_count": 167, "selection_time": 0.018184237997047603, "selection_score_forward_time": 0.01786893600365147}