{"example_id": 15, "sub_q_idx": 1, "method": "DraftModel", "reprocess_method": "DraftModel", "rate": 0.1, "system_len": 792, "passages_len": [792, 70, 89, 89, 127, 47, 112, 70, 153, 90, 115, 89, 70, 32], "chunk_ids": [0, 11, 1, 12, 13, 14, 15, 16, 17, 18, 19, 1, 11], "selected_abs": [793, 794, 797, 815, 824, 861, 862, 863, 864, 865, 866, 867, 868, 869, 870, 871, 872, 949, 950, 952, 966, 1039, 1040, 1041, 1042, 1043, 1044, 1045, 1046, 1047, 1166, 1167, 1168, 1169, 1170, 1171, 1172, 1173, 1185, 1213, 1214, 1215, 1216, 1217, 1218, 1220, 1221, 1325, 1326, 1327, 1328, 1329, 1330, 1331, 1332, 1395, 1396, 1397, 1398, 1399, 1400, 1401, 1402, 1403, 1404, 1405, 1406, 1407, 1415, 1545, 1546, 1547, 1548, 1549, 1550, 1551, 1552, 1553, 1554, 1555, 1556, 1637, 1638, 1639, 1640, 1641, 1642, 1643, 1644, 1645, 1646, 1647, 1648, 1649, 1650, 1651, 1652, 1653, 1654, 1655, 1656, 1657, 1658, 1659, 1660, 1661, 1662, 1663, 1664, 1665, 1666, 1669, 1678, 1679, 1680, 1716, 1742, 1743, 1744, 1745, 1746, 1747, 1748, 1749, 1750, 1751, 1752, 1753, 1754, 1755, 1756, 1757, 1758, 1759, 1760, 1761, 1762, 1763, 1764, 1772, 1774, 1775, 1777, 1781, 1815, 1841, 1842, 1843, 1844, 1845, 1847, 1848, 1849, 1851, 1853, 1854, 1855, 1856, 1857, 1858, 1859, 1860, 1864, 1866, 1868, 1869, 1870, 1875, 1877, 1878, 1885, 1886, 1887, 1888, 1890, 1891, 1897, 1898, 1900, 1903, 1905, 1906, 1910, 1911, 1912, 1913, 1914, 1915, 1916, 1917, 1918, 1919, 1920, 1921, 1922, 1923, 1924, 1925, 1926, 1927, 1928, 1929, 1930, 1931, 1932, 1933, 1934, 1935, 1936, 1937, 1938, 1939, 1940, 1941, 1942, 1943, 1944], "selected_count": 217, "selection_time": 0.021772605017758906, "selection_score_forward_time": 0.021461595984874293}