{"example_id": 20, "sub_q_idx": 0, "method": "DraftModel", "reprocess_method": "DraftModel", "rate": 0.1, "system_len": 792, "passages_len": [792, 256, 242, 123, 92, 89, 180, 165, 136, 138, 98, 30], "chunk_ids": [0, 1, 2, 3, 4, 5, 6, 7, 8, 9, 10], "selected_abs": [792, 793, 794, 795, 796, 797, 798, 799, 800, 801, 802, 803, 804, 805, 806, 807, 815, 816, 817, 818, 819, 820, 821, 822, 823, 831, 948, 1047, 1048, 1049, 1050, 1051, 1052, 1054, 1055, 1056, 1059, 1060, 1061, 1062, 1063, 1065, 1074, 1075, 1076, 1077, 1078, 1134, 1136, 1288, 1289, 1290, 1291, 1292, 1293, 1294, 1295, 1296, 1297, 1298, 1299, 1300, 1301, 1302, 1303, 1304, 1305, 1306, 1307, 1308, 1412, 1413, 1414, 1415, 1416, 1419, 1420, 1504, 1505, 1506, 1507, 1516, 1593, 1594, 1595, 1596, 1597, 1601, 1602, 1654, 1773, 1774, 1775, 1776, 1777, 1783, 1796, 1864, 1910, 1938, 1939, 1940, 1941, 1955, 1998, 2052, 2074, 2075, 2076, 2077, 2078, 2082, 2083, 2086, 2099, 2113, 2114, 2206, 2209, 2212, 2213, 2214, 2215, 2216, 2217, 2218, 2219, 2220, 2221, 2222, 2223, 2224, 2226, 2228, 2229, 2231, 2234, 2243, 2244, 2248, 2249, 2255, 2256, 2257, 2258, 2261, 2262, 2264, 2266, 2267, 2268, 2269, 2270, 2271, 2277, 2279, 2281, 2287, 2290, 2291, 2292, 2293, 2294, 2295, 2296, 2297, 2298, 2299, 2300, 2301, 2302, 2303, 2304, 2305, 2306, 2307, 2308, 2309, 2310, 2311, 2312, 2313, 2314, 2315, 2316, 2317, 2318, 2319, 2320, 2321, 2322, 2323, 2324, 2325, 2326, 2327, 2328, 2329, 2330, 2331, 2332, 2333, 2334, 2335, 2336, 2337, 2338, 2339, 2340], "selected_count": 209, "selection_time": 0.019442895980319008, "selection_score_forward_time": 0.019065656000748277}