{"example_id": 11, "sub_q_idx": 1, "method": "DraftModel", "reprocess_method": "DraftModel", "rate": 0.1, "system_len": 792, "passages_len": [792, 34, 36, 102, 101, 177, 178, 87, 162, 107, 151, 34, 36, 30], "chunk_ids": [0, 1, 11, 12, 13, 14, 15, 16, 17, 18, 19, 1, 11], "selected_abs": [792, 793, 794, 795, 796, 797, 798, 799, 800, 801, 802, 803, 804, 805, 806, 807, 808, 809, 810, 811, 824, 825, 826, 827, 828, 829, 830, 831, 832, 833, 845, 846, 848, 849, 850, 854, 855, 860, 861, 862, 863, 864, 871, 933, 963, 964, 965, 966, 967, 968, 969, 978, 979, 982, 1064, 1065, 1066, 1067, 1190, 1227, 1241, 1242, 1243, 1244, 1245, 1247, 1253, 1419, 1420, 1421, 1422, 1423, 1424, 1425, 1426, 1427, 1428, 1506, 1507, 1508, 1509, 1510, 1511, 1512, 1513, 1514, 1515, 1518, 1522, 1562, 1563, 1623, 1639, 1668, 1669, 1670, 1671, 1672, 1673, 1674, 1675, 1676, 1679, 1680, 1681, 1683, 1685, 1686, 1706, 1707, 1712, 1738, 1775, 1776, 1777, 1778, 1779, 1780, 1781, 1782, 1783, 1784, 1785, 1786, 1787, 1790, 1794, 1798, 1799, 1800, 1801, 1802, 1803, 1804, 1805, 1806, 1807, 1814, 1816, 1817, 1822, 1853, 1858, 1859, 1861, 1862, 1863, 1864, 1865, 1866, 1867, 1868, 1869, 1870, 1871, 1872, 1873, 1874, 1875, 1876, 1879, 1883, 1886, 1890, 1896, 1897, 1898, 1899, 1900, 1901, 1902, 1903, 1904, 1905, 1906, 1907, 1908, 1909, 1910, 1911, 1912, 1913, 1914, 1915, 1916, 1917, 1918, 1919, 1920, 1921, 1922, 1923, 1924, 1925, 1926, 1927, 1928, 1929, 1930, 1931, 1932, 1933, 1934, 1935, 1936, 1937, 1938, 1939, 1940, 1941, 1942, 1943, 1944, 1945, 1946, 1947, 1948, 1949, 1950, 1956, 1958, 1959, 1960, 1961, 1962, 1963, 1964, 1965, 1966, 1967, 1968, 1969, 1970, 1971, 1974, 1975, 1978, 1979, 1980, 1981, 1982, 1983, 1984, 1985, 1986, 1987, 1988, 1989, 1990, 1991, 1992, 1993, 1994, 1995, 1996, 1997, 1998, 1999, 2000, 2001, 2002, 2003, 2004, 2005, 2006, 2007, 2008, 2009, 2010, 2011, 2012, 2013, 2014, 2015, 2016, 2017, 2018, 2019, 2020, 2021, 2022, 2023, 2024, 2025, 2026], "selected_count": 285, "selection_time": 0.01829647901467979, "selection_score_forward_time": 0.017974977992707863}