{"example_id": 2, "sub_q_idx": 0, "method": "DraftModel", "reprocess_method": "DraftModel", "rate": 0.1, "system_len": 792, "passages_len": [792, 64, 122, 88, 48, 185, 63, 99, 106, 234, 368, 64, 25], "chunk_ids": [0, 1, 2, 3, 4, 5, 6, 7, 8, 9, 10, 1], "selected_abs": [792, 793, 794, 795, 796, 797, 798, 799, 800, 801, 802, 808, 813, 814, 815, 816, 817, 818, 819, 827, 828, 829, 830, 855, 856, 857, 858, 859, 860, 861, 862, 879, 882, 896, 902, 939, 977, 978, 979, 980, 981, 982, 983, 984, 1065, 1066, 1067, 1068, 1069, 1070, 1071, 1072, 1073, 1113, 1114, 1115, 1116, 1117, 1118, 1119, 1190, 1298, 1299, 1300, 1301, 1302, 1303, 1304, 1308, 1309, 1312, 1361, 1362, 1363, 1364, 1365, 1366, 1372, 1401, 1420, 1460, 1461, 1462, 1463, 1464, 1465, 1466, 1467, 1468, 1562, 1566, 1567, 1568, 1569, 1570, 1571, 1572, 1573, 1574, 1575, 1576, 1577, 1578, 1579, 1580, 1582, 1597, 1632, 1638, 1670, 1700, 1711, 1716, 1723, 1730, 1791, 1792, 1799, 1800, 1801, 1802, 1803, 1804, 1805, 1806, 1807, 1808, 1809, 1810, 1811, 1845, 1847, 1908, 1914, 1923, 1926, 1955, 1961, 1976, 2004, 2022, 2023, 2025, 2026, 2027, 2028, 2029, 2030, 2032, 2034, 2036, 2101, 2102, 2103, 2104, 2105, 2106, 2107, 2108, 2126, 2131, 2132, 2133, 2144, 2145, 2146, 2147, 2148, 2149, 2150, 2151, 2152, 2153, 2154, 2155, 2156, 2157, 2158, 2165, 2166, 2167, 2168, 2169, 2170, 2171, 2172, 2173, 2174, 2175, 2176, 2177, 2178, 2179, 2181, 2182, 2185, 2186, 2187, 2189, 2190, 2191, 2192, 2193, 2194, 2195, 2196, 2198, 2204, 2205, 2206, 2207, 2208, 2210, 2211, 2212, 2213, 2214, 2215, 2217, 2218, 2219, 2220, 2221, 2222, 2224, 2225, 2226, 2228, 2229, 2230, 2231, 2232, 2233, 2234, 2235, 2236, 2237, 2238, 2239, 2240, 2241, 2242, 2243, 2244, 2245, 2246, 2247, 2248, 2249, 2250, 2251, 2252, 2253, 2254, 2255, 2256, 2257], "selected_count": 257, "selection_time": 0.018973057973198593, "selection_score_forward_time": 0.018658116983715445}