{"example_id": 13, "sub_q_idx": 0, "method": "DraftModel", "reprocess_method": "DraftModel", "rate": 0.1, "system_len": 792, "passages_len": [792, 86, 265, 45, 79, 60, 126, 96, 45, 148, 192, 25], "chunk_ids": [0, 1, 2, 3, 4, 5, 6, 7, 8, 9, 10], "selected_abs": [792, 793, 794, 795, 796, 797, 798, 799, 800, 801, 802, 809, 810, 811, 812, 813, 814, 815, 816, 820, 821, 822, 823, 824, 825, 826, 827, 828, 829, 830, 873, 874, 876, 877, 878, 879, 880, 881, 882, 883, 884, 885, 886, 887, 1142, 1143, 1144, 1145, 1146, 1147, 1148, 1173, 1176, 1186, 1187, 1188, 1189, 1190, 1202, 1245, 1266, 1267, 1268, 1271, 1277, 1326, 1327, 1328, 1329, 1330, 1331, 1332, 1347, 1452, 1453, 1454, 1455, 1456, 1461, 1482, 1548, 1549, 1550, 1551, 1552, 1553, 1558, 1568, 1593, 1595, 1596, 1600, 1601, 1602, 1603, 1604, 1622, 1628, 1741, 1742, 1743, 1744, 1748, 1749, 1784, 1791, 1794, 1798, 1811, 1818, 1825, 1843, 1849, 1851, 1854, 1860, 1862, 1863, 1867, 1869, 1873, 1875, 1882, 1885, 1898, 1902, 1903, 1904, 1905, 1907, 1913, 1916, 1917, 1921, 1922, 1923, 1924, 1927, 1928, 1929, 1930, 1931, 1932, 1933, 1934, 1935, 1936, 1937, 1938, 1939, 1940, 1941, 1942, 1943, 1944, 1945, 1946, 1947, 1948, 1949, 1950, 1951, 1952, 1953, 1954, 1955, 1956, 1957, 1958], "selected_count": 169, "selection_time": 0.01825224800268188, "selection_score_forward_time": 0.01794060302199796}