{"example_id": 3, "sub_q_idx": 1, "method": "DraftModel", "reprocess_method": "DraftModel", "rate": 0.1, "system_len": 792, "passages_len": [792, 92, 108, 170, 143, 200, 89, 52, 141, 68, 90, 108, 92, 31], "chunk_ids": [0, 2, 1, 4, 8, 6, 11, 7, 5, 9, 10, 1, 2], "selected_abs": [792, 793, 794, 795, 796, 804, 805, 806, 809, 810, 811, 813, 815, 816, 817, 822, 823, 824, 825, 826, 883, 884, 885, 886, 887, 888, 889, 890, 891, 892, 893, 894, 895, 896, 897, 920, 921, 922, 923, 989, 990, 991, 992, 993, 994, 995, 998, 1161, 1162, 1163, 1164, 1165, 1278, 1304, 1305, 1306, 1307, 1308, 1309, 1310, 1504, 1505, 1506, 1507, 1508, 1509, 1510, 1547, 1548, 1549, 1550, 1551, 1552, 1553, 1554, 1555, 1556, 1557, 1558, 1559, 1560, 1561, 1562, 1563, 1564, 1565, 1566, 1567, 1577, 1578, 1579, 1580, 1581, 1582, 1583, 1584, 1585, 1586, 1587, 1588, 1589, 1590, 1591, 1592, 1593, 1594, 1595, 1596, 1597, 1614, 1644, 1645, 1646, 1647, 1648, 1649, 1655, 1695, 1698, 1786, 1787, 1788, 1789, 1790, 1791, 1792, 1793, 1794, 1795, 1832, 1854, 1855, 1856, 1857, 1858, 1859, 1860, 1861, 1862, 1894, 1944, 1945, 1946, 1947, 1948, 1949, 1950, 1951, 1952, 1953, 1954, 1955, 1956, 1957, 1958, 1959, 1981, 1982, 1983, 1984, 2001, 2035, 2036, 2039, 2047, 2050, 2051, 2052, 2053, 2054, 2055, 2056, 2057, 2061, 2065, 2066, 2067, 2068, 2070, 2071, 2072, 2074, 2076, 2077, 2078, 2079, 2083, 2084, 2085, 2086, 2087, 2088, 2090, 2094, 2099, 2100, 2105, 2107, 2109, 2110, 2114, 2121, 2123, 2124, 2125, 2126, 2129, 2131, 2133, 2135, 2136, 2137, 2138, 2140, 2143, 2144, 2145, 2146, 2147, 2148, 2149, 2150, 2151, 2152, 2153, 2154, 2155, 2156, 2157, 2158, 2159, 2160, 2161, 2162, 2163, 2164, 2165, 2166, 2167, 2168, 2169, 2170, 2171, 2172, 2173, 2174, 2175], "selected_count": 247, "selection_time": 0.01839949400164187, "selection_score_forward_time": 0.018068712000967935}