{"example_id": 11, "sub_q_idx": 0, "method": "DraftModel", "reprocess_method": "DraftModel", "rate": 0.1, "system_len": 792, "passages_len": [792, 34, 96, 149, 295, 140, 127, 153, 73, 90, 73, 31], "chunk_ids": [0, 1, 2, 3, 4, 5, 6, 7, 8, 9, 10], "selected_abs": [792, 793, 794, 795, 796, 797, 798, 799, 800, 801, 802, 803, 804, 805, 806, 807, 808, 809, 810, 811, 824, 825, 826, 827, 828, 829, 830, 831, 853, 921, 922, 923, 924, 925, 930, 982, 1031, 1070, 1071, 1072, 1073, 1080, 1355, 1365, 1366, 1367, 1368, 1369, 1370, 1371, 1372, 1373, 1374, 1375, 1376, 1377, 1378, 1379, 1380, 1381, 1382, 1383, 1505, 1506, 1507, 1508, 1509, 1511, 1631, 1632, 1633, 1634, 1635, 1636, 1641, 1778, 1785, 1786, 1787, 1788, 1789, 1790, 1791, 1805, 1810, 1811, 1818, 1820, 1830, 1858, 1859, 1860, 1861, 1862, 1868, 1869, 1875, 1876, 1893, 1901, 1909, 1926, 1940, 1948, 1949, 1950, 1951, 1952, 1953, 1954, 1955, 1956, 1957, 1958, 1959, 1960, 1964, 1965, 1966, 1970, 1971, 1972, 1973, 1974, 1975, 1976, 1983, 1984, 1987, 1988, 1989, 1990, 1991, 1994, 1996, 1997, 1998, 2001, 2002, 2003, 2004, 2005, 2006, 2007, 2009, 2010, 2011, 2012, 2013, 2016, 2019, 2020, 2021, 2022, 2023, 2024, 2025, 2026, 2027, 2028, 2029, 2030, 2031, 2032, 2033, 2034, 2035, 2036, 2037, 2038, 2039, 2040, 2041, 2042, 2043, 2044, 2045, 2046, 2047, 2048, 2049, 2050, 2051, 2052], "selected_count": 184, "selection_time": 0.01825858702068217, "selection_score_forward_time": 0.017941197991603985}