{"example_id": 9, "sub_q_idx": 0, "method": "DraftModel", "reprocess_method": "DraftModel", "rate": 0.1, "system_len": 792, "passages_len": [792, 205, 152, 321, 212, 228, 154, 139, 265, 196, 126, 29], "chunk_ids": [0, 1, 2, 3, 4, 5, 6, 7, 8, 9, 10], "selected_abs": [792, 793, 794, 795, 796, 797, 798, 799, 800, 801, 802, 803, 804, 805, 806, 807, 810, 811, 812, 813, 814, 830, 832, 833, 838, 839, 840, 841, 849, 971, 972, 973, 974, 975, 976, 979, 982, 994, 995, 996, 997, 998, 999, 1000, 1001, 1003, 1004, 1005, 1006, 1007, 1008, 1009, 1010, 1011, 1012, 1013, 1014, 1015, 1016, 1017, 1018, 1041, 1147, 1148, 1149, 1150, 1151, 1152, 1153, 1154, 1155, 1156, 1157, 1158, 1159, 1351, 1408, 1448, 1453, 1469, 1470, 1471, 1472, 1473, 1474, 1475, 1476, 1477, 1478, 1479, 1681, 1682, 1683, 1684, 1685, 1686, 1687, 1688, 1689, 1690, 1877, 1899, 1909, 1910, 1911, 1912, 1913, 1917, 1994, 2063, 2064, 2065, 2066, 2067, 2071, 2072, 2202, 2203, 2204, 2205, 2207, 2208, 2210, 2385, 2388, 2467, 2468, 2469, 2470, 2471, 2472, 2474, 2475, 2479, 2506, 2519, 2546, 2588, 2653, 2663, 2664, 2665, 2666, 2667, 2668, 2669, 2670, 2671, 2672, 2673, 2674, 2675, 2681, 2682, 2683, 2684, 2685, 2686, 2688, 2689, 2690, 2693, 2699, 2700, 2704, 2705, 2706, 2707, 2708, 2710, 2711, 2715, 2717, 2720, 2721, 2722, 2723, 2724, 2725, 2726, 2728, 2729, 2731, 2732, 2733, 2734, 2735, 2736, 2737, 2738, 2739, 2740, 2742, 2743, 2747, 2748, 2750, 2751, 2753, 2755, 2757, 2758, 2762, 2763, 2764, 2765, 2766, 2767, 2768, 2769, 2770, 2772, 2773, 2774, 2775, 2776, 2777, 2778, 2779, 2780, 2781, 2782, 2783, 2784, 2785, 2786, 2787, 2788, 2789, 2790, 2791, 2792, 2793, 2794, 2795, 2796, 2797, 2798, 2799, 2800, 2801, 2802, 2803, 2804, 2805, 2806, 2807, 2808, 2809, 2810, 2811, 2812, 2813, 2814, 2815, 2816, 2817, 2818], "selected_count": 258, "selection_time": 0.024319802003446966, "selection_score_forward_time": 0.023980147001566365}