{
  "config": {
    "model": "/mnt/qjhs-sh-lab-01/models/Qwen2.5-7B-Instruct",
    "dataset": "musique",
    "topk": 10,
    "rate": 0.3,
    "max_main_questions": 120,
    "max_sub_questions": 120,
    "warmup_sub_questions": 8,
    "raw_kv_cache": "/raid/home/hming/fusionrag-reflect-full-cache/Qwen2.5-7B-Instruct/musique/kv_cache",
    "preprocess_kv_cache": "/raid/home/hming/fusionrag-reflect-full-cache/Qwen2.5-7B-Instruct/musique/preprocess_kv_cache_global_topk10_bge"
  },
  "num_measured": 112,
  "full_ttft_compute_s_mean": 0.11176144651004247,
  "full_ttft_compute_s_p50": 0.1136695146560669,
  "full_ttft_compute_s_p95": 0.1551206111907959,
  "full_ttft_wall_s_mean": 0.2996662421002319,
  "full_ttft_wall_s_p50": 0.2913773541804403,
  "full_ttft_wall_s_p95": 0.390023129992187,
  "full_exact_cache_ttft_s_mean": 0.2981019834239435,
  "full_exact_cache_ttft_s_p50": 0.29027288942597806,
  "full_exact_cache_ttft_s_p95": 0.38636185368523,
  "fusion_ttft_compute_s_mean": 0.2539682505885139,
  "fusion_ttft_compute_s_p50": 0.2523355348967016,
  "fusion_ttft_compute_s_p95": 0.2823796169832349,
  "fusion_ttft_wall_s_mean": 0.3111992428852578,
  "fusion_ttft_wall_s_p50": 0.3074632529169321,
  "fusion_ttft_wall_s_p95": 0.36074055591598153,
  "speedup_compute_mean": 0.43646985507040653,
  "ttft_reduction_pct_compute_mean": -133.88113419940927,
  "speedup_full_exact_over_fusion_compute_mean": 1.1650513673446423,
  "ttft_reduction_pct_full_exact_vs_fusion_compute_mean": 12.652071508079638,
  "speedup_wall_mean": 0.9549224493436791,
  "ttft_reduction_pct_wall_mean": -5.972450919102273,
  "fusion_storage_time_s_mean": 0.024549263566898714,
  "fusion_selection_time_s_mean": 0.10258714465557464,
  "fusion_selection_score_forward_time_s_mean": 0.10176362203284432,
  "fusion_reprocess_prefill_time_s_mean": 0.12683184236604056,
  "fusion_selected_doc_tokens_mean": 433.92857142857144,
  "fusion_reprocess_prefill_tokens_mean": 461.125,
  "full_tokens_mean": 2267.1160714285716
}