{
  "top_indices": [
    84,
    31,
    8,
    72,
    76,
    39,
    71,
    92
  ],
  "scores": [
    0.016960514709353447,
    0.015322893857955933,
    0.015309911221265793,
    0.014923753216862679,
    0.014760250225663185,
    0.014355847612023354,
    0.013755755499005318,
    0.013623288832604885
  ]
}