split,val_jaccard_r0p05,val_jaccard_r0p1,val_jaccard_r0p15,val_jaccard_r0p3,val_kl,val_recall_r0p05,val_recall_r0p1,val_recall_r0p15,val_recall_r0p3
wiki,0.25660213189173403,0.3169439302561288,0.3580235638247759,0.43462558125873674,0.008085117223858834,0.3993157894736839,0.47512105263158017,0.5221719298245614,0.6029165217391272
musique,0.3206716689379813,0.32307928319448415,0.3329761611705695,0.39371423288113955,0.010403495428770998,0.46940792882941124,0.4806198010304659,0.49428965201304303,0.5607265793763111
