{"example_id": 0, "sub_q_idx": 0, "method": "FusionRAG", "reprocess_method": "FusionRAG", "rate": 0.15, "system_len": 792, "passages_len": [792, 50, 92, 76, 98, 52, 214, 121, 301, 84, 83, 50, 92, 34], "chunk_ids": [0, 1, 2, 3, 4, 5, 6, 7, 8, 9, 10, 1, 2], "selected_abs": [842, 843, 845, 846, 847, 850, 853, 857, 860, 861, 870, 873, 888, 889, 890, 896, 904, 908, 911, 919, 922, 932, 933, 934, 935, 936, 939, 941, 942, 948, 976, 979, 990, 994, 997, 1001, 1005, 1006, 1007, 1008, 1009, 1010, 1011, 1013, 1014, 1015, 1018, 1054, 1064, 1070, 1081, 1097, 1106, 1107, 1108, 1109, 1110, 1111, 1112, 1113, 1114, 1115, 1116, 1125, 1137, 1138, 1140, 1147, 1149, 1151, 1153, 1158, 1159, 1160, 1161, 1165, 1172, 1260, 1265, 1281, 1295, 1313, 1317, 1354, 1364, 1373, 1374, 1375, 1376, 1377, 1382, 1385, 1423, 1427, 1435, 1457, 1467, 1479, 1481, 1494, 1495, 1496, 1499, 1596, 1609, 1714, 1727, 1795, 1796, 1797, 1798, 1799, 1800, 1803, 1808, 1810, 1814, 1827, 1848, 1852, 1862, 1863, 1866, 1868, 1876, 1877, 1878, 1879, 1880, 1881, 1882, 1883, 1884, 1887, 1889, 1892, 1893, 1895, 1899, 1910, 1925, 1928, 1929, 1931, 1937, 1944, 1945, 1960, 1961, 1962, 1963, 1964, 1965, 1966, 1967, 1968, 1969, 1970, 1971, 1972, 1975, 1976, 1980, 1982, 1983, 1988, 1992, 1995, 1996, 1997, 2001, 2011, 2012, 2013, 2014, 2016, 2017, 2018, 2021, 2024, 2028, 2031, 2032, 2041, 2044, 2059, 2060, 2061, 2067, 2075, 2079, 2082, 2090, 2093, 2103, 2104, 2105, 2106, 2107, 2108, 2109, 2110, 2111, 2112, 2113, 2114, 2115, 2116, 2117, 2118, 2119, 2120, 2121, 2122, 2123, 2124, 2125, 2126, 2127, 2128, 2129, 2130, 2131, 2132, 2133, 2134, 2135, 2136, 2137, 2138], "selected_count": 230, "selection_time": 2.5967828160210047, "selection_score_forward_time": 2.594736491999356}