split,val_jaccard_r0p05,val_jaccard_r0p1,val_jaccard_r0p15,val_jaccard_r0p3,val_kl,val_recall_r0p05,val_recall_r0p1,val_recall_r0p15,val_recall_r0p3
wiki,0.26193728414817025,0.31850651971297683,0.3662732908762459,0.43221766293807184,0.008323433261364699,0.40768421052631576,0.47776315789473783,0.5314210526315791,0.6003304347826147
musique,0.25295104459860707,0.2360157457316211,0.23460631582843006,0.28739085010597976,0.010722525820244837,0.3801609779417069,0.3683610726885209,0.3718546231177321,0.4389714590159786
