row_id,is_warmup,example_id,sub_q_idx,main_question,sub_question,doc_tokens,query_tokens,full_tokens,fusion_selected_doc_tokens,fusion_reprocess_prefill_tokens,full_ttft_s,fusion_ttft_s,fusion_storage_time_s,fusion_selection_time_s,fusion_selection_score_forward_time_s,fusion_reprocess_prefill_time_s,speedup_full_over_fusion,ttft_reduction_pct
0,True,0,0,What is the network which National Cycle Route 57 is part of an example of?,What network is National Cycle Route 57 part of?,1313,27,2132,196,223,0.4031538963317871,0.6579856816679239,0.024977288208901882,0.13595155579969287,0.12093710526823997,0.4970568376593292,0.6127092238691801,-63.20955537198025
1,False,1,0,What district is the headquarter of Julia's House located?,Where is the headquarters of Julia's House located?,1295,25,2112,194,219,0.10757637023925781,0.22207378782331944,0.023363242857158184,0.10358347510918975,0.1028159218840301,0.0951270698569715,0.4844172348915169,-106.43361300386962
2,False,2,0,What body of water includes the terrain feature where Coffee Swamp is located?,Where is Coffee Swamp located?,1441,21,2254,216,237,0.11498713493347168,0.23054073844105005,0.02497759275138378,0.10969212977215648,0.10898089176043868,0.0958710159175098,0.4987714349794808,-100.49263648010225
3,False,3,0,Who is the spouse of the child of Peter Andreas Heiberg?,Who is the child of Peter Andreas Heiberg?,1154,26,1972,173,199,0.09499239921569824,0.22132321074604988,0.022641465067863464,0.10346585186198354,0.10275567974895239,0.09521589381620288,0.4292021559577598,-132.99044194419554
4,False,3,1,Who is the spouse of the child of Peter Andreas Heiberg?,Who is the spouse of Johan Ludvig Heiberg?,1353,27,2172,202,229,0.10923337936401367,0.22498568939045072,0.0249212090857327,0.10488724987953901,0.10417363280430436,0.095177230425179,0.48551256597678505,-105.96789250719732
