{"example_id": 186, "sub_q_idx": 1, "method": "FusionRAG", "reprocess_method": "FusionRAG", "rate": 0.15, "system_len": 792, "passages_len": [792, 89, 98, 114, 80, 82, 312, 116, 134, 139, 147, 89, 114, 98, 80, 31], "chunk_ids": [0, 1, 3, 2, 4, 7, 11, 9, 5, 12, 13, 1, 2, 3, 4], "selected_abs": [792, 793, 794, 795, 796, 797, 798, 799, 800, 801, 802, 803, 804, 805, 806, 807, 810, 841, 845, 875, 876, 877, 878, 879, 880, 881, 882, 883, 884, 885, 888, 889, 890, 896, 902, 915, 946, 978, 979, 980, 981, 982, 983, 984, 985, 986, 987, 988, 989, 994, 1000, 1013, 1014, 1015, 1016, 1045, 1092, 1093, 1094, 1095, 1096, 1100, 1101, 1102, 1108, 1114, 1127, 1159, 1173, 1174, 1175, 1176, 1177, 1179, 1180, 1187, 1191, 1192, 1194, 1196, 1210, 1217, 1254, 1255, 1256, 1257, 1258, 1259, 1260, 1261, 1262, 1263, 1264, 1265, 1266, 1267, 1268, 1554, 1566, 1567, 1568, 1569, 1570, 1571, 1572, 1573, 1574, 1575, 1580, 1581, 1601, 1623, 1655, 1661, 1682, 1683, 1684, 1685, 1686, 1693, 1694, 1695, 1696, 1706, 1728, 1729, 1752, 1779, 1816, 1817, 1818, 1819, 1820, 1821, 1822, 1823, 1824, 1825, 1826, 1827, 1828, 1829, 1830, 1831, 1845, 1849, 1850, 1852, 1853, 1855, 1881, 1905, 1943, 1954, 1955, 1956, 1957, 1958, 1959, 1960, 1961, 1962, 1963, 1964, 1965, 1966, 1967, 1968, 1969, 1982, 1983, 2019, 2023, 2024, 2025, 2073, 2074, 2075, 2076, 2077, 2078, 2079, 2080, 2081, 2082, 2083, 2084, 2085, 2086, 2087, 2088, 2089, 2090, 2091, 2092, 2093, 2094, 2095, 2096, 2097, 2098, 2099, 2100, 2101, 2102, 2103, 2104, 2105, 2106, 2107, 2108, 2109, 2110, 2111, 2112, 2113, 2114, 2115, 2116, 2117, 2118, 2121, 2152, 2156, 2186, 2187, 2188, 2189, 2190, 2191, 2192, 2193, 2194, 2195, 2196, 2197, 2198, 2199, 2200, 2201, 2202, 2207, 2213, 2226, 2227, 2228, 2229, 2258, 2305, 2306, 2307, 2308, 2309, 2310, 2313, 2314, 2315, 2321, 2327, 2340, 2371, 2403, 2404, 2405, 2406, 2407, 2411, 2412, 2413, 2419, 2425, 2470, 2484, 2485, 2486, 2487, 2488, 2489, 2490, 2491, 2492, 2493, 2494, 2495, 2496, 2497, 2498, 2499, 2500, 2501, 2502, 2503, 2504, 2505, 2506, 2507, 2508, 2509, 2510, 2511, 2512, 2513, 2514], "selected_count": 303, "selection_time": 0.004787117999512702, "selection_score_forward_time": 0.004294581012800336}