{"example_id": 179, "sub_q_idx": 0, "method": "FusionRAG", "reprocess_method": "FusionRAG", "rate": 0.15, "system_len": 792, "passages_len": [792, 108, 97, 159, 91, 115, 102, 42, 126, 96, 130, 28], "chunk_ids": [0, 1, 2, 3, 4, 5, 6, 7, 8, 9, 10], "selected_abs": [792, 793, 794, 795, 796, 797, 798, 799, 800, 801, 802, 803, 804, 805, 806, 807, 808, 809, 810, 811, 868, 899, 900, 901, 902, 903, 904, 906, 907, 908, 910, 919, 967, 986, 996, 997, 998, 999, 1000, 1002, 1003, 1004, 1005, 1010, 1057, 1058, 1129, 1151, 1155, 1156, 1157, 1158, 1159, 1160, 1161, 1162, 1165, 1166, 1178, 1191, 1222, 1229, 1246, 1247, 1248, 1249, 1251, 1252, 1253, 1258, 1361, 1362, 1363, 1364, 1365, 1366, 1370, 1403, 1463, 1464, 1465, 1466, 1467, 1470, 1483, 1494, 1506, 1513, 1514, 1523, 1533, 1542, 1548, 1631, 1632, 1633, 1634, 1649, 1654, 1662, 1681, 1682, 1727, 1728, 1748, 1791, 1794, 1857, 1858, 1859, 1860, 1861, 1862, 1863, 1864, 1865, 1866, 1867, 1868, 1869, 1870, 1871, 1872, 1873, 1874, 1875, 1876, 1877, 1878, 1879, 1880, 1881, 1882, 1883, 1884, 1885], "selected_count": 136, "selection_time": 0.004637943988200277, "selection_score_forward_time": 0.004156631010118872}