{"example_id": 188, "sub_q_idx": 0, "method": "FusionRAG", "reprocess_method": "FusionRAG", "rate": 0.15, "system_len": 792, "passages_len": [792, 69, 219, 69, 47, 67, 130, 70, 79, 56, 57, 28], "chunk_ids": [0, 1, 2, 3, 4, 5, 6, 7, 8, 9, 10], "selected_abs": [792, 793, 794, 795, 796, 797, 798, 799, 800, 801, 802, 803, 804, 805, 806, 807, 808, 809, 810, 811, 812, 833, 859, 860, 861, 862, 863, 864, 865, 866, 867, 868, 869, 917, 940, 941, 1079, 1080, 1081, 1082, 1083, 1095, 1096, 1107, 1112, 1148, 1149, 1150, 1151, 1152, 1153, 1154, 1155, 1158, 1178, 1183, 1196, 1199, 1208, 1209, 1225, 1226, 1228, 1263, 1267, 1278, 1302, 1317, 1392, 1393, 1394, 1395, 1398, 1406, 1437, 1438, 1444, 1462, 1463, 1464, 1465, 1466, 1467, 1468, 1469, 1470, 1471, 1479, 1494, 1513, 1542, 1551, 1552, 1569, 1570, 1582, 1598, 1605, 1609, 1620, 1621, 1631, 1655, 1656, 1657, 1658, 1659, 1660, 1661, 1662, 1663, 1664, 1665, 1666, 1667, 1668, 1669, 1670, 1671, 1672, 1673, 1674, 1675, 1676, 1677, 1678, 1679, 1680, 1681, 1682], "selected_count": 130, "selection_time": 0.004925043991534039, "selection_score_forward_time": 0.004475939000258222}