{"example_id": 178, "sub_q_idx": 0, "method": "FusionRAG", "reprocess_method": "FusionRAG", "rate": 0.15, "system_len": 792, "passages_len": [792, 41, 118, 56, 92, 178, 36, 79, 281, 52, 192, 29], "chunk_ids": [0, 1, 2, 3, 4, 5, 6, 7, 8, 9, 10], "selected_abs": [792, 793, 794, 795, 796, 797, 798, 799, 800, 804, 805, 831, 832, 833, 834, 835, 836, 837, 838, 839, 840, 852, 853, 905, 950, 951, 952, 953, 954, 955, 956, 957, 958, 960, 983, 1007, 1009, 1010, 1011, 1013, 1014, 1015, 1016, 1098, 1099, 1100, 1101, 1103, 1104, 1107, 1115, 1186, 1190, 1211, 1223, 1276, 1277, 1278, 1279, 1281, 1282, 1292, 1297, 1312, 1313, 1314, 1315, 1316, 1317, 1318, 1319, 1392, 1397, 1398, 1401, 1402, 1433, 1459, 1462, 1495, 1570, 1655, 1672, 1673, 1674, 1675, 1676, 1677, 1678, 1679, 1680, 1681, 1684, 1700, 1704, 1705, 1724, 1725, 1726, 1727, 1728, 1729, 1730, 1731, 1732, 1734, 1738, 1749, 1750, 1751, 1766, 1816, 1912, 1916, 1917, 1918, 1919, 1920, 1921, 1922, 1923, 1924, 1925, 1926, 1927, 1928, 1929, 1930, 1931, 1932, 1933, 1934, 1935, 1936, 1937, 1938, 1939, 1940, 1941, 1942, 1943, 1944, 1945], "selected_count": 143, "selection_time": 0.005197546008275822, "selection_score_forward_time": 0.004645064997021109}