{"example_id": 180, "sub_q_idx": 0, "method": "FusionRAG", "reprocess_method": "FusionRAG", "rate": 0.15, "system_len": 792, "passages_len": [792, 115, 159, 108, 322, 160, 114, 208, 60, 126, 178, 25], "chunk_ids": [0, 1, 2, 3, 4, 5, 6, 7, 8, 9, 10], "selected_abs": [792, 793, 794, 795, 796, 797, 798, 799, 800, 801, 802, 803, 804, 805, 806, 807, 808, 809, 810, 811, 812, 813, 814, 906, 907, 908, 909, 910, 912, 913, 914, 915, 919, 920, 956, 957, 958, 967, 968, 1039, 1061, 1065, 1066, 1067, 1068, 1069, 1070, 1071, 1072, 1076, 1077, 1142, 1173, 1174, 1175, 1176, 1177, 1178, 1179, 1193, 1194, 1204, 1208, 1255, 1268, 1275, 1384, 1405, 1406, 1451, 1481, 1495, 1496, 1497, 1498, 1499, 1500, 1501, 1502, 1503, 1504, 1505, 1514, 1515, 1516, 1524, 1534, 1535, 1655, 1656, 1657, 1658, 1659, 1663, 1664, 1667, 1671, 1672, 1673, 1674, 1675, 1677, 1683, 1692, 1726, 1757, 1769, 1770, 1771, 1772, 1773, 1774, 1775, 1776, 1777, 1778, 1779, 1780, 1781, 1782, 1792, 1824, 1835, 1839, 1858, 1933, 1953, 1977, 1978, 1979, 1980, 1981, 1982, 1983, 1984, 1985, 1986, 1987, 1988, 1996, 2008, 2025, 2037, 2038, 2039, 2040, 2042, 2045, 2046, 2055, 2065, 2066, 2074, 2080, 2103, 2152, 2163, 2164, 2165, 2166, 2167, 2168, 2169, 2172, 2180, 2251, 2255, 2276, 2341, 2342, 2343, 2344, 2345, 2346, 2347, 2348, 2349, 2350, 2351, 2352, 2353, 2354, 2355, 2356, 2357, 2358, 2359, 2360, 2361, 2362, 2363, 2364, 2365, 2366], "selected_count": 194, "selection_time": 0.004299375985283405, "selection_score_forward_time": 0.0038272620004136115}