{"example_id": 183, "sub_q_idx": 0, "method": "FusionRAG", "reprocess_method": "FusionRAG", "rate": 0.15, "system_len": 792, "passages_len": [792, 331, 133, 162, 184, 81, 173, 127, 112, 139, 152, 27], "chunk_ids": [0, 1, 2, 3, 4, 5, 6, 7, 8, 9, 10], "selected_abs": [792, 793, 794, 795, 796, 797, 798, 799, 800, 801, 802, 803, 804, 805, 806, 807, 808, 809, 850, 851, 852, 879, 988, 1006, 1090, 1110, 1111, 1122, 1123, 1124, 1125, 1126, 1127, 1128, 1131, 1132, 1133, 1134, 1135, 1136, 1137, 1139, 1182, 1183, 1196, 1197, 1255, 1256, 1257, 1258, 1259, 1260, 1261, 1262, 1263, 1264, 1265, 1268, 1269, 1271, 1305, 1338, 1362, 1380, 1381, 1417, 1418, 1419, 1420, 1421, 1422, 1423, 1424, 1446, 1447, 1454, 1466, 1522, 1547, 1601, 1602, 1603, 1604, 1605, 1606, 1607, 1608, 1609, 1611, 1614, 1615, 1616, 1617, 1618, 1628, 1629, 1648, 1681, 1682, 1683, 1684, 1685, 1686, 1687, 1688, 1689, 1699, 1700, 1719, 1725, 1739, 1740, 1751, 1752, 1758, 1804, 1855, 1856, 1857, 1858, 1859, 1860, 1861, 1862, 1863, 1866, 1867, 1870, 1872, 1909, 1910, 1945, 1949, 1951, 1982, 1983, 1984, 1985, 1986, 1990, 1991, 2007, 2008, 2009, 2058, 2059, 2069, 2070, 2094, 2095, 2096, 2097, 2098, 2102, 2103, 2120, 2133, 2145, 2172, 2173, 2215, 2233, 2234, 2235, 2236, 2237, 2238, 2239, 2240, 2246, 2251, 2252, 2284, 2288, 2289, 2340, 2375, 2385, 2386, 2387, 2388, 2389, 2390, 2391, 2392, 2393, 2394, 2395, 2396, 2397, 2398, 2399, 2400, 2401, 2402, 2403, 2404, 2405, 2406, 2407, 2408, 2409, 2410, 2411, 2412], "selected_count": 205, "selection_time": 0.005372872983571142, "selection_score_forward_time": 0.004890644981060177}