{"example_id": 191, "sub_q_idx": 0, "method": "FusionRAG", "reprocess_method": "FusionRAG", "rate": 0.15, "system_len": 792, "passages_len": [792, 68, 43, 57, 133, 94, 167, 132, 252, 69, 60, 27], "chunk_ids": [0, 1, 2, 3, 4, 5, 6, 7, 8, 9, 10], "selected_abs": [792, 793, 794, 795, 796, 797, 798, 799, 800, 801, 802, 803, 804, 805, 806, 807, 808, 809, 810, 811, 812, 813, 814, 815, 816, 817, 818, 858, 859, 860, 861, 862, 863, 864, 865, 866, 873, 874, 875, 878, 902, 903, 904, 905, 906, 907, 908, 910, 959, 960, 961, 962, 963, 964, 973, 976, 1019, 1020, 1033, 1034, 1092, 1093, 1094, 1095, 1096, 1099, 1100, 1101, 1103, 1109, 1132, 1161, 1162, 1185, 1186, 1187, 1188, 1189, 1192, 1193, 1194, 1196, 1204, 1205, 1215, 1250, 1251, 1322, 1323, 1353, 1354, 1355, 1356, 1360, 1361, 1370, 1390, 1391, 1422, 1456, 1485, 1486, 1487, 1488, 1489, 1514, 1566, 1583, 1620, 1649, 1737, 1738, 1739, 1740, 1741, 1742, 1743, 1744, 1745, 1749, 1752, 1788, 1789, 1790, 1796, 1806, 1807, 1808, 1809, 1810, 1811, 1812, 1813, 1814, 1865, 1866, 1867, 1868, 1869, 1870, 1871, 1872, 1873, 1874, 1875, 1876, 1877, 1878, 1879, 1880, 1881, 1882, 1883, 1884, 1885, 1886, 1887, 1888, 1889, 1890, 1891, 1892, 1893], "selected_count": 163, "selection_time": 0.0040244709816761315, "selection_score_forward_time": 0.0036004119901917875}