{"example_id": 183, "sub_q_idx": 1, "method": "FusionRAG", "reprocess_method": "FusionRAG", "rate": 0.15, "system_len": 792, "passages_len": [792, 133, 102, 131, 45, 274, 141, 84, 168, 121, 135, 133, 131, 28], "chunk_ids": [0, 2, 11, 12, 13, 14, 15, 16, 17, 18, 19, 2, 12], "selected_abs": [792, 793, 794, 795, 796, 800, 801, 802, 803, 805, 808, 850, 851, 852, 865, 866, 867, 924, 925, 926, 927, 928, 929, 930, 931, 932, 933, 934, 935, 937, 989, 990, 1005, 1016, 1026, 1027, 1028, 1029, 1030, 1031, 1032, 1040, 1070, 1085, 1095, 1096, 1129, 1141, 1142, 1143, 1144, 1145, 1153, 1157, 1158, 1159, 1160, 1161, 1162, 1163, 1164, 1165, 1166, 1168, 1169, 1174, 1175, 1201, 1202, 1203, 1204, 1205, 1206, 1207, 1208, 1209, 1210, 1211, 1212, 1213, 1214, 1215, 1216, 1217, 1218, 1224, 1234, 1266, 1270, 1286, 1287, 1320, 1372, 1381, 1446, 1476, 1477, 1478, 1479, 1480, 1481, 1485, 1486, 1487, 1488, 1489, 1490, 1494, 1498, 1617, 1618, 1619, 1620, 1621, 1622, 1623, 1624, 1625, 1630, 1661, 1701, 1702, 1703, 1704, 1705, 1706, 1707, 1708, 1709, 1710, 1722, 1732, 1735, 1736, 1737, 1738, 1739, 1740, 1741, 1742, 1743, 1744, 1763, 1799, 1815, 1828, 1829, 1869, 1870, 1871, 1872, 1873, 1874, 1875, 1876, 1877, 1878, 1879, 1880, 1881, 1882, 1883, 1884, 1885, 1886, 1887, 1888, 1889, 1890, 1895, 1945, 1990, 1991, 1992, 1993, 1994, 1995, 1996, 1997, 1998, 1999, 2000, 2001, 2002, 2003, 2004, 2005, 2006, 2007, 2008, 2009, 2010, 2011, 2012, 2013, 2014, 2015, 2016, 2017, 2042, 2050, 2055, 2056, 2057, 2058, 2059, 2060, 2061, 2062, 2063, 2064, 2065, 2066, 2067, 2068, 2069, 2070, 2071, 2072, 2073, 2085, 2086, 2087, 2088, 2089, 2091, 2092, 2093, 2094, 2095, 2096, 2110, 2111, 2112, 2113, 2114, 2115, 2116, 2117, 2118, 2119, 2120, 2121, 2122, 2123, 2124, 2125, 2126, 2127, 2128, 2129, 2130, 2134, 2135, 2136, 2137, 2139, 2142, 2184, 2185, 2186, 2199, 2200, 2201, 2258, 2259, 2260, 2261, 2262, 2263, 2264, 2272, 2302, 2317, 2327, 2328, 2361, 2373, 2374, 2375, 2376, 2377, 2385, 2389, 2390, 2391, 2392, 2393, 2394, 2395, 2396, 2397, 2398, 2399, 2400, 2401, 2402, 2403, 2404, 2405, 2406, 2407, 2408, 2409, 2410, 2411, 2412, 2413, 2414, 2415, 2416, 2417], "selected_count": 312, "selection_time": 0.004520633985521272, "selection_score_forward_time": 0.003992543992353603}