{"example_id": 3, "sub_q_idx": 0, "method": "FusionRAG", "reprocess_method": "FusionRAG", "rate": 0.15, "system_len": 792, "passages_len": [792, 108, 92, 90, 170, 141, 200, 52, 143, 68, 90, 33], "chunk_ids": [0, 1, 2, 3, 4, 5, 6, 7, 8, 9, 10], "selected_abs": [792, 793, 794, 796, 799, 801, 802, 803, 806, 808, 812, 814, 824, 828, 848, 856, 880, 898, 899, 900, 901, 902, 903, 904, 906, 909, 911, 912, 913, 914, 917, 919, 928, 931, 935, 946, 950, 963, 972, 983, 984, 990, 991, 992, 993, 994, 995, 996, 997, 998, 1000, 1001, 1007, 1011, 1012, 1013, 1018, 1025, 1026, 1031, 1042, 1058, 1062, 1076, 1080, 1081, 1082, 1083, 1151, 1154, 1221, 1250, 1251, 1252, 1253, 1254, 1255, 1257, 1260, 1261, 1266, 1268, 1272, 1283, 1284, 1288, 1295, 1324, 1334, 1348, 1392, 1393, 1394, 1396, 1404, 1434, 1456, 1460, 1471, 1492, 1521, 1558, 1591, 1592, 1593, 1594, 1595, 1596, 1597, 1600, 1601, 1602, 1603, 1604, 1606, 1607, 1608, 1612, 1618, 1620, 1621, 1624, 1625, 1630, 1631, 1634, 1635, 1637, 1640, 1641, 1643, 1644, 1645, 1646, 1650, 1651, 1653, 1677, 1678, 1704, 1707, 1721, 1777, 1783, 1787, 1788, 1789, 1790, 1791, 1792, 1793, 1794, 1795, 1796, 1798, 1799, 1800, 1802, 1803, 1806, 1810, 1818, 1822, 1826, 1832, 1834, 1848, 1849, 1854, 1855, 1856, 1857, 1937, 1946, 1947, 1948, 1949, 1950, 1951, 1952, 1953, 1954, 1955, 1956, 1957, 1958, 1959, 1960, 1961, 1962, 1963, 1964, 1965, 1966, 1967, 1968, 1969, 1970, 1971, 1972, 1973, 1974, 1975, 1976, 1977, 1978], "selected_count": 206, "selection_time": 2.3985951538197696, "selection_score_forward_time": 2.3975321669131517}