{"example_id": 2, "sub_q_idx": 0, "method": "FusionRAG", "reprocess_method": "FusionRAG", "rate": 0.15, "system_len": 792, "passages_len": [792, 64, 122, 88, 48, 185, 63, 99, 106, 234, 368, 64, 28], "chunk_ids": [0, 1, 2, 3, 4, 5, 6, 7, 8, 9, 10, 1], "selected_abs": [792, 793, 794, 795, 796, 797, 798, 801, 806, 809, 814, 815, 821, 823, 824, 827, 830, 835, 840, 849, 854, 855, 856, 857, 858, 859, 860, 865, 867, 870, 882, 888, 891, 892, 906, 912, 923, 944, 947, 977, 978, 979, 980, 981, 983, 984, 990, 991, 999, 1000, 1002, 1007, 1009, 1011, 1015, 1052, 1064, 1065, 1066, 1067, 1068, 1069, 1070, 1071, 1072, 1073, 1076, 1077, 1082, 1087, 1089, 1090, 1092, 1093, 1096, 1098, 1099, 1102, 1104, 1106, 1108, 1109, 1112, 1113, 1114, 1115, 1116, 1117, 1121, 1130, 1137, 1147, 1155, 1157, 1160, 1176, 1218, 1226, 1263, 1298, 1299, 1300, 1301, 1302, 1303, 1304, 1305, 1306, 1308, 1313, 1315, 1316, 1318, 1319, 1327, 1331, 1333, 1340, 1342, 1345, 1352, 1356, 1360, 1361, 1362, 1363, 1364, 1365, 1366, 1367, 1370, 1371, 1372, 1378, 1379, 1385, 1387, 1391, 1392, 1396, 1402, 1409, 1417, 1444, 1450, 1451, 1459, 1460, 1461, 1462, 1463, 1464, 1465, 1466, 1467, 1468, 1469, 1472, 1473, 1477, 1484, 1486, 1487, 1490, 1492, 1495, 1506, 1508, 1515, 1519, 1543, 1566, 1567, 1568, 1569, 1570, 1571, 1579, 1769, 1799, 1800, 1801, 1802, 1803, 1806, 1807, 1827, 1846, 1856, 1945, 1979, 2141, 2167, 2168, 2169, 2170, 2171, 2172, 2173, 2174, 2175, 2178, 2183, 2186, 2191, 2192, 2198, 2200, 2201, 2204, 2207, 2212, 2217, 2226, 2231, 2232, 2233, 2234, 2235, 2236, 2237, 2238, 2239, 2240, 2241, 2242, 2243, 2244, 2245, 2246, 2247, 2248, 2249, 2250, 2251, 2252, 2253, 2254, 2255, 2256, 2257, 2258, 2259, 2260], "selected_count": 244, "selection_time": 1.9426113315857947, "selection_score_forward_time": 1.9415507237426937}