{"example_id": 3, "sub_q_idx": 1, "method": "FusionRAG", "reprocess_method": "FusionRAG", "rate": 0.15, "system_len": 792, "passages_len": [792, 92, 108, 170, 143, 200, 89, 52, 141, 68, 90, 108, 92, 34], "chunk_ids": [0, 2, 1, 4, 8, 6, 11, 7, 5, 9, 10, 1, 2], "selected_abs": [792, 793, 794, 795, 796, 798, 801, 803, 804, 805, 806, 809, 811, 820, 823, 827, 838, 842, 855, 875, 876, 882, 883, 884, 885, 886, 888, 891, 893, 894, 895, 900, 904, 916, 920, 940, 948, 972, 977, 990, 991, 992, 993, 1061, 1064, 1131, 1160, 1162, 1163, 1167, 1168, 1169, 1170, 1194, 1195, 1221, 1224, 1238, 1260, 1267, 1294, 1300, 1304, 1305, 1306, 1308, 1316, 1346, 1368, 1372, 1383, 1404, 1433, 1470, 1503, 1504, 1505, 1506, 1507, 1509, 1510, 1513, 1516, 1521, 1523, 1528, 1531, 1545, 1567, 1568, 1593, 1594, 1595, 1596, 1597, 1598, 1601, 1602, 1603, 1604, 1605, 1607, 1609, 1613, 1619, 1621, 1625, 1631, 1632, 1635, 1636, 1638, 1641, 1642, 1644, 1645, 1646, 1647, 1648, 1651, 1654, 1655, 1660, 1662, 1666, 1682, 1689, 1718, 1728, 1742, 1767, 1776, 1786, 1787, 1788, 1789, 1790, 1791, 1792, 1793, 1794, 1795, 1797, 1798, 1799, 1801, 1802, 1805, 1809, 1817, 1821, 1825, 1831, 1833, 1847, 1848, 1853, 1854, 1855, 1856, 1936, 1945, 1946, 1947, 1949, 1952, 1954, 1955, 1956, 1961, 1965, 1977, 1981, 2001, 2009, 2033, 2038, 2051, 2052, 2053, 2054, 2055, 2056, 2057, 2059, 2062, 2064, 2065, 2066, 2067, 2070, 2072, 2081, 2084, 2088, 2099, 2103, 2116, 2136, 2137, 2143, 2144, 2145, 2146, 2147, 2148, 2149, 2150, 2151, 2152, 2153, 2154, 2155, 2156, 2157, 2158, 2159, 2160, 2161, 2162, 2163, 2164, 2165, 2166, 2167, 2168, 2169, 2170, 2171, 2172, 2173, 2174, 2175, 2176, 2177, 2178], "selected_count": 236, "selection_time": 2.034215053077787, "selection_score_forward_time": 2.0330533259548247}