{"example_id": 63, "sub_q_idx": 0, "method": "DraftModel", "reprocess_method": "DraftModel", "rate": 0.1, "system_len": 792, "passages_len": [792, 60, 244, 92, 88, 145, 135, 169, 162, 292, 85, 27], "chunk_ids": [0, 1, 2, 3, 4, 5, 6, 7, 8, 9, 10], "selected_abs": [792, 793, 794, 795, 796, 797, 798, 799, 800, 801, 802, 803, 804, 805, 806, 807, 808, 809, 816, 818, 824, 826, 827, 828, 831, 837, 838, 851, 852, 853, 854, 855, 856, 857, 858, 859, 863, 870, 871, 890, 893, 902, 919, 921, 924, 927, 930, 932, 951, 1030, 1070, 1074, 1086, 1095, 1096, 1097, 1098, 1099, 1100, 1101, 1102, 1103, 1104, 1121, 1145, 1154, 1162, 1187, 1188, 1189, 1190, 1191, 1192, 1193, 1195, 1196, 1197, 1198, 1199, 1200, 1201, 1202, 1230, 1249, 1275, 1276, 1277, 1278, 1279, 1280, 1281, 1333, 1334, 1362, 1380, 1389, 1397, 1420, 1421, 1422, 1423, 1424, 1425, 1426, 1427, 1428, 1429, 1454, 1555, 1556, 1557, 1558, 1559, 1560, 1561, 1569, 1602, 1630, 1676, 1706, 1724, 1725, 1726, 1727, 1728, 1733, 1738, 1741, 1781, 1851, 1886, 1887, 1888, 1889, 1890, 1898, 1900, 1910, 1941, 1942, 2060, 2074, 2089, 2120, 2178, 2179, 2180, 2181, 2182, 2183, 2184, 2185, 2186, 2187, 2188, 2189, 2196, 2197, 2198, 2199, 2201, 2205, 2206, 2214, 2223, 2225, 2226, 2238, 2245, 2247, 2257, 2263, 2264, 2265, 2266, 2267, 2268, 2269, 2270, 2271, 2272, 2273, 2274, 2275, 2276, 2277, 2278, 2279, 2280, 2281, 2282, 2283, 2284, 2285, 2286, 2287, 2288, 2289, 2290], "selected_count": 199, "selection_time": 0.06889910899917595, "selection_score_forward_time": 0.06856894501834176}