{"example_id": 58, "sub_q_idx": 0, "method": "DraftModel", "reprocess_method": "DraftModel", "rate": 0.1, "system_len": 792, "passages_len": [792, 87, 96, 180, 94, 171, 68, 68, 122, 140, 117, 25], "chunk_ids": [0, 1, 2, 3, 4, 5, 6, 7, 8, 9, 10], "selected_abs": [792, 793, 794, 795, 796, 797, 798, 799, 800, 801, 802, 803, 804, 805, 806, 807, 808, 809, 810, 811, 812, 813, 814, 816, 817, 818, 819, 820, 821, 830, 850, 878, 879, 880, 881, 882, 883, 884, 885, 899, 903, 974, 975, 976, 977, 978, 979, 980, 981, 982, 983, 994, 1028, 1045, 1075, 1094, 1126, 1143, 1154, 1155, 1156, 1157, 1158, 1159, 1160, 1161, 1162, 1163, 1164, 1181, 1248, 1249, 1250, 1251, 1252, 1255, 1288, 1323, 1335, 1419, 1420, 1421, 1422, 1423, 1424, 1428, 1487, 1488, 1489, 1490, 1491, 1492, 1493, 1499, 1503, 1506, 1518, 1555, 1556, 1557, 1558, 1563, 1577, 1587, 1594, 1624, 1677, 1678, 1679, 1680, 1681, 1682, 1683, 1684, 1685, 1689, 1691, 1694, 1711, 1713, 1720, 1726, 1727, 1730, 1733, 1734, 1735, 1736, 1756, 1763, 1799, 1817, 1818, 1819, 1820, 1821, 1822, 1823, 1825, 1826, 1827, 1833, 1837, 1838, 1839, 1848, 1849, 1853, 1860, 1878, 1884, 1888, 1907, 1908, 1934, 1935, 1936, 1937, 1938, 1939, 1940, 1941, 1942, 1943, 1944, 1945, 1946, 1947, 1948, 1949, 1950, 1951, 1952, 1953, 1954, 1955, 1956, 1957, 1958, 1959], "selected_count": 180, "selection_time": 0.06407913399743848, "selection_score_forward_time": 0.0637171069975011}