{"example_id": 58, "sub_q_idx": 1, "method": "DraftModel", "reprocess_method": "DraftModel", "rate": 0.1, "system_len": 792, "passages_len": [792, 66, 87, 178, 82, 141, 61, 53, 88, 217, 56, 87, 66, 29], "chunk_ids": [0, 11, 1, 12, 13, 14, 15, 16, 17, 18, 19, 1, 11], "selected_abs": [792, 793, 794, 795, 796, 797, 798, 799, 801, 806, 809, 810, 811, 812, 817, 831, 836, 857, 858, 859, 860, 861, 862, 863, 864, 865, 866, 867, 868, 869, 870, 871, 872, 873, 874, 875, 876, 877, 878, 879, 880, 882, 883, 884, 885, 886, 887, 904, 944, 945, 946, 951, 952, 973, 1016, 1064, 1086, 1122, 1123, 1124, 1125, 1126, 1129, 1204, 1205, 1206, 1207, 1208, 1209, 1210, 1228, 1281, 1345, 1346, 1347, 1348, 1349, 1350, 1351, 1354, 1367, 1371, 1393, 1404, 1406, 1407, 1408, 1409, 1410, 1411, 1412, 1413, 1414, 1419, 1459, 1460, 1461, 1462, 1463, 1464, 1472, 1547, 1548, 1549, 1550, 1551, 1552, 1553, 1566, 1582, 1724, 1763, 1764, 1765, 1766, 1767, 1768, 1769, 1770, 1771, 1772, 1773, 1774, 1775, 1776, 1777, 1778, 1779, 1780, 1781, 1782, 1783, 1784, 1785, 1786, 1787, 1788, 1790, 1791, 1792, 1793, 1794, 1795, 1796, 1797, 1798, 1799, 1800, 1801, 1802, 1803, 1804, 1805, 1806, 1807, 1808, 1809, 1810, 1811, 1812, 1813, 1814, 1815, 1816, 1817, 1818, 1819, 1820, 1821, 1822, 1823, 1824, 1825, 1826, 1827, 1828, 1829, 1830, 1831, 1832, 1833, 1834, 1835, 1836, 1837, 1838, 1839, 1840, 1841, 1842, 1843, 1845, 1846, 1847, 1848, 1849, 1850, 1867, 1907, 1908, 1909, 1910, 1911, 1912, 1913, 1914, 1915, 1916, 1917, 1918, 1919, 1920, 1921, 1922, 1923, 1924, 1926, 1927, 1928, 1929, 1930, 1931, 1932, 1933, 1935, 1938, 1939, 1940, 1941, 1943, 1947, 1952, 1956, 1965, 1968, 1969, 1972, 1973, 1974, 1975, 1976, 1977, 1978, 1979, 1980, 1981, 1982, 1983, 1984, 1985, 1986, 1987, 1988, 1989, 1990, 1991, 1992, 1993, 1994, 1995, 1996, 1997, 1998, 1999, 2000, 2001, 2002], "selected_count": 267, "selection_time": 0.06883009400917217, "selection_score_forward_time": 0.06850597797892988}