{"example_id": 54, "sub_q_idx": 1, "method": "DraftModel", "reprocess_method": "DraftModel", "rate": 0.1, "system_len": 792, "passages_len": [792, 94, 110, 71, 208, 147, 83, 308, 116, 130, 71, 83, 94, 71, 208, 36], "chunk_ids": [0, 2, 11, 12, 13, 14, 1, 15, 16, 17, 18, 1, 2, 12, 13], "selected_abs": [792, 793, 794, 795, 797, 798, 799, 820, 831, 836, 847, 860, 885, 886, 887, 888, 889, 892, 946, 991, 995, 996, 1018, 1046, 1066, 1067, 1112, 1138, 1145, 1148, 1177, 1193, 1262, 1263, 1274, 1275, 1276, 1277, 1278, 1279, 1280, 1421, 1422, 1423, 1424, 1425, 1426, 1427, 1428, 1429, 1430, 1431, 1432, 1449, 1450, 1452, 1453, 1454, 1455, 1456, 1503, 1504, 1505, 1506, 1507, 1508, 1509, 1510, 1511, 1512, 1513, 1556, 1557, 1577, 1640, 1812, 1813, 1814, 1815, 1816, 1817, 1818, 1819, 1820, 1821, 1822, 1823, 1831, 1843, 1928, 1929, 1930, 1931, 1932, 1933, 1934, 1935, 1936, 1937, 1938, 1939, 1940, 1941, 1942, 1951, 1952, 1953, 1954, 1955, 1956, 1957, 1967, 2042, 2043, 2044, 2045, 2046, 2057, 2058, 2059, 2060, 2061, 2062, 2063, 2064, 2065, 2066, 2067, 2068, 2069, 2070, 2071, 2072, 2073, 2074, 2075, 2076, 2077, 2078, 2079, 2080, 2081, 2082, 2083, 2084, 2085, 2086, 2087, 2088, 2089, 2090, 2091, 2092, 2093, 2094, 2095, 2096, 2097, 2098, 2099, 2100, 2101, 2102, 2103, 2104, 2105, 2106, 2107, 2108, 2109, 2110, 2111, 2112, 2113, 2114, 2115, 2116, 2117, 2118, 2119, 2120, 2121, 2122, 2123, 2124, 2125, 2126, 2127, 2128, 2129, 2130, 2131, 2132, 2133, 2134, 2135, 2136, 2137, 2138, 2139, 2140, 2156, 2157, 2158, 2160, 2161, 2162, 2163, 2164, 2211, 2212, 2213, 2214, 2215, 2216, 2217, 2218, 2219, 2220, 2223, 2250, 2252, 2257, 2292, 2306, 2307, 2308, 2309, 2310, 2312, 2313, 2314, 2317, 2319, 2323, 2324, 2325, 2327, 2328, 2329, 2331, 2340, 2357, 2373, 2377, 2378, 2379, 2380, 2381, 2382, 2383, 2384, 2385, 2389, 2396, 2397, 2402, 2405, 2409, 2410, 2420, 2430, 2459, 2478, 2481, 2487, 2494, 2504, 2522, 2528, 2530, 2548, 2569, 2573, 2585, 2586, 2587, 2588, 2589, 2590, 2591, 2592, 2593, 2594, 2595, 2596, 2597, 2598, 2599, 2600, 2601, 2602, 2603, 2604, 2605, 2606, 2607, 2608, 2609, 2610, 2611, 2612, 2613, 2614, 2615, 2616, 2617, 2618, 2619, 2620, 2621], "selected_count": 311, "selection_time": 0.08334865199867636, "selection_score_forward_time": 0.08296172300470062}