{"example_id": 72, "sub_q_idx": 0, "method": "DraftModel", "reprocess_method": "DraftModel", "rate": 0.1, "system_len": 792, "passages_len": [792, 58, 190, 153, 170, 137, 102, 192, 134, 140, 322, 26], "chunk_ids": [0, 1, 2, 3, 4, 5, 6, 7, 8, 9, 10], "selected_abs": [792, 793, 794, 795, 796, 797, 798, 799, 800, 801, 802, 803, 804, 805, 806, 807, 808, 809, 810, 813, 817, 818, 820, 823, 824, 826, 832, 844, 848, 849, 850, 851, 852, 853, 854, 855, 856, 857, 858, 859, 860, 861, 862, 863, 864, 873, 898, 900, 938, 962, 974, 991, 1020, 1039, 1040, 1041, 1042, 1043, 1044, 1045, 1046, 1048, 1049, 1052, 1068, 1093, 1144, 1192, 1193, 1194, 1195, 1196, 1197, 1198, 1199, 1200, 1201, 1202, 1203, 1204, 1227, 1231, 1248, 1257, 1320, 1353, 1362, 1363, 1364, 1365, 1366, 1499, 1500, 1501, 1502, 1503, 1504, 1505, 1506, 1513, 1519, 1548, 1570, 1571, 1577, 1595, 1600, 1601, 1602, 1603, 1604, 1605, 1606, 1607, 1608, 1609, 1627, 1739, 1778, 1789, 1793, 1794, 1795, 1796, 1797, 1798, 1802, 1815, 1831, 1832, 1865, 1927, 1928, 1929, 1930, 1931, 2010, 2037, 2067, 2068, 2069, 2070, 2071, 2073, 2087, 2101, 2142, 2149, 2169, 2190, 2271, 2278, 2335, 2340, 2342, 2345, 2351, 2352, 2355, 2357, 2358, 2360, 2361, 2364, 2370, 2372, 2373, 2375, 2376, 2377, 2380, 2382, 2383, 2386, 2388, 2389, 2390, 2391, 2392, 2393, 2394, 2395, 2396, 2397, 2398, 2399, 2400, 2401, 2402, 2403, 2404, 2405, 2406, 2407, 2408, 2409, 2410, 2411, 2412, 2413, 2414, 2415], "selected_count": 202, "selection_time": 0.07181555399438366, "selection_score_forward_time": 0.07132958399597555}