{"example_id": 64, "sub_q_idx": 0, "method": "DraftModel", "reprocess_method": "DraftModel", "rate": 0.1, "system_len": 792, "passages_len": [792, 71, 72, 130, 37, 67, 61, 82, 92, 186, 113, 31], "chunk_ids": [0, 1, 2, 3, 4, 5, 6, 7, 8, 9, 10], "selected_abs": [792, 793, 794, 795, 796, 797, 798, 799, 800, 801, 802, 803, 804, 805, 806, 807, 808, 809, 810, 811, 812, 813, 814, 815, 816, 817, 818, 819, 820, 823, 827, 835, 849, 850, 861, 862, 863, 864, 865, 866, 867, 868, 869, 870, 872, 882, 915, 934, 935, 936, 937, 938, 957, 969, 1064, 1065, 1066, 1067, 1068, 1069, 1070, 1080, 1083, 1101, 1102, 1128, 1150, 1168, 1169, 1170, 1171, 1172, 1173, 1193, 1210, 1213, 1222, 1229, 1230, 1244, 1311, 1312, 1316, 1320, 1327, 1338, 1403, 1404, 1417, 1418, 1421, 1462, 1547, 1589, 1590, 1591, 1592, 1593, 1594, 1595, 1596, 1597, 1598, 1599, 1602, 1623, 1627, 1635, 1654, 1655, 1691, 1692, 1697, 1699, 1700, 1702, 1703, 1704, 1705, 1706, 1707, 1708, 1709, 1710, 1711, 1712, 1713, 1714, 1715, 1716, 1717, 1718, 1719, 1720, 1721, 1722, 1723, 1724, 1725, 1726, 1727, 1728, 1729, 1730, 1731, 1732, 1733], "selected_count": 147, "selection_time": 0.053984386002412066, "selection_score_forward_time": 0.05369113301276229}