{"example_id": 72, "sub_q_idx": 1, "method": "DraftModel", "reprocess_method": "DraftModel", "rate": 0.1, "system_len": 792, "passages_len": [792, 93, 58, 107, 113, 51, 170, 75, 113, 67, 179, 58, 93, 32], "chunk_ids": [0, 11, 1, 12, 13, 14, 15, 16, 17, 18, 19, 1, 11], "selected_abs": [792, 793, 794, 795, 796, 797, 798, 799, 800, 801, 809, 812, 814, 823, 836, 851, 884, 885, 886, 887, 888, 889, 890, 891, 892, 893, 894, 895, 896, 897, 898, 899, 900, 901, 902, 903, 913, 916, 917, 938, 941, 942, 943, 944, 945, 946, 957, 1049, 1050, 1051, 1052, 1053, 1054, 1055, 1056, 1057, 1082, 1162, 1163, 1164, 1165, 1166, 1167, 1168, 1175, 1213, 1214, 1215, 1216, 1217, 1242, 1318, 1339, 1350, 1383, 1384, 1385, 1386, 1387, 1388, 1389, 1394, 1395, 1396, 1397, 1398, 1399, 1428, 1454, 1458, 1459, 1460, 1461, 1462, 1498, 1571, 1572, 1573, 1574, 1575, 1576, 1577, 1590, 1591, 1592, 1593, 1594, 1595, 1596, 1597, 1598, 1599, 1600, 1602, 1603, 1604, 1605, 1606, 1607, 1608, 1610, 1611, 1637, 1638, 1639, 1640, 1641, 1642, 1643, 1644, 1645, 1646, 1647, 1648, 1649, 1650, 1651, 1652, 1653, 1654, 1655, 1659, 1660, 1661, 1662, 1663, 1673, 1690, 1691, 1692, 1693, 1694, 1695, 1696, 1704, 1705, 1706, 1707, 1708, 1709, 1710, 1711, 1712, 1722, 1738, 1739, 1740, 1741, 1742, 1743, 1744, 1745, 1746, 1747, 1748, 1749, 1750, 1751, 1756, 1762, 1776, 1787, 1794, 1795, 1796, 1797, 1798, 1799, 1802, 1803, 1804, 1805, 1806, 1807, 1808, 1809, 1810, 1811, 1812, 1813, 1814, 1815, 1816, 1817, 1818, 1819, 1820, 1821, 1822, 1823, 1824, 1825, 1826, 1827, 1828, 1829, 1830, 1831, 1832, 1833, 1834, 1835, 1836, 1843, 1846, 1849, 1850, 1871, 1874, 1875, 1876, 1877, 1878, 1879, 1880, 1881, 1882, 1883, 1884, 1885, 1886, 1887, 1888, 1889, 1890, 1891, 1892, 1893, 1894, 1895, 1896, 1897, 1898, 1901, 1902, 1905, 1906, 1907, 1908, 1913, 1916, 1919, 1920, 1922, 1923, 1925, 1929, 1935, 1938, 1949, 1959, 1962, 1967, 1968, 1969, 1970, 1971, 1972, 1973, 1974, 1975, 1976, 1977, 1978, 1979, 1980, 1981, 1982, 1983, 1984, 1985, 1986, 1987, 1988, 1989, 1990, 1991, 1992, 1993, 1994, 1995, 1996, 1997, 1998, 1999, 2000], "selected_count": 306, "selection_time": 0.06409188199904747, "selection_score_forward_time": 0.06374876498011872}