{"example_id": 126, "sub_q_idx": 0, "method": "FusionRAG", "reprocess_method": "FusionRAG", "rate": 0.15, "system_len": 792, "passages_len": [792, 204, 91, 102, 305, 84, 95, 96, 80, 87, 170, 30], "chunk_ids": [0, 1, 2, 3, 4, 5, 6, 7, 8, 9, 10], "selected_abs": [792, 793, 794, 795, 796, 797, 798, 799, 800, 801, 802, 803, 804, 805, 806, 811, 812, 817, 829, 830, 831, 832, 833, 834, 835, 847, 892, 963, 994, 995, 996, 997, 998, 999, 1001, 1004, 1006, 1007, 1012, 1014, 1017, 1024, 1085, 1086, 1087, 1088, 1089, 1090, 1096, 1127, 1150, 1173, 1174, 1188, 1189, 1190, 1191, 1192, 1193, 1194, 1198, 1230, 1242, 1261, 1281, 1319, 1345, 1367, 1396, 1414, 1453, 1465, 1467, 1474, 1475, 1476, 1493, 1494, 1495, 1496, 1497, 1498, 1499, 1500, 1504, 1517, 1518, 1519, 1520, 1521, 1537, 1577, 1578, 1579, 1580, 1586, 1587, 1592, 1636, 1672, 1673, 1674, 1675, 1676, 1684, 1685, 1696, 1716, 1717, 1748, 1768, 1769, 1770, 1771, 1774, 1775, 1778, 1779, 1780, 1785, 1795, 1814, 1815, 1848, 1849, 1850, 1851, 1852, 1854, 1855, 1914, 1935, 1936, 1937, 1938, 1939, 1956, 2000, 2032, 2054, 2091, 2105, 2106, 2107, 2108, 2109, 2110, 2111, 2112, 2113, 2114, 2115, 2116, 2117, 2118, 2119, 2120, 2121, 2122, 2123, 2124, 2125, 2126, 2127, 2128, 2129, 2130, 2131, 2132, 2133, 2134, 2135], "selected_count": 172, "selection_time": 0.005560063000302762, "selection_score_forward_time": 0.005098290974274278}