{"example_id": 136, "sub_q_idx": 0, "method": "FusionRAG", "reprocess_method": "FusionRAG", "rate": 0.15, "system_len": 792, "passages_len": [792, 88, 133, 59, 63, 37, 73, 59, 57, 51, 172, 29], "chunk_ids": [0, 1, 2, 3, 4, 5, 6, 7, 8, 9, 10], "selected_abs": [792, 793, 794, 795, 796, 797, 798, 799, 800, 801, 802, 803, 804, 807, 808, 814, 815, 816, 817, 818, 819, 820, 821, 822, 823, 824, 825, 826, 879, 880, 881, 882, 883, 889, 890, 899, 900, 904, 1012, 1013, 1014, 1015, 1016, 1022, 1023, 1030, 1040, 1071, 1072, 1073, 1074, 1075, 1076, 1077, 1078, 1079, 1094, 1130, 1134, 1135, 1136, 1137, 1138, 1139, 1140, 1142, 1143, 1150, 1172, 1178, 1179, 1192, 1233, 1234, 1245, 1251, 1252, 1260, 1278, 1304, 1306, 1311, 1312, 1322, 1361, 1368, 1369, 1387, 1411, 1412, 1413, 1414, 1415, 1416, 1417, 1418, 1419, 1420, 1459, 1473, 1479, 1480, 1509, 1583, 1584, 1585, 1586, 1587, 1588, 1589, 1590, 1591, 1592, 1593, 1594, 1595, 1596, 1597, 1598, 1599, 1600, 1601, 1602, 1603, 1604, 1605, 1606, 1607, 1608, 1609, 1610, 1611, 1612], "selected_count": 133, "selection_time": 0.004349460999947041, "selection_score_forward_time": 0.003927799989469349}