{"example_id": 130, "sub_q_idx": 0, "method": "FusionRAG", "reprocess_method": "FusionRAG", "rate": 0.15, "system_len": 792, "passages_len": [792, 66, 78, 124, 107, 61, 57, 111, 41, 158, 147, 28], "chunk_ids": [0, 1, 2, 3, 4, 5, 6, 7, 8, 9, 10], "selected_abs": [792, 793, 794, 795, 796, 797, 798, 799, 800, 801, 802, 803, 804, 805, 808, 809, 810, 811, 812, 813, 815, 817, 818, 819, 823, 856, 857, 858, 859, 860, 861, 862, 863, 880, 894, 895, 934, 935, 936, 937, 938, 941, 942, 954, 962, 1031, 1055, 1059, 1060, 1061, 1062, 1063, 1064, 1078, 1085, 1139, 1162, 1166, 1167, 1168, 1169, 1170, 1171, 1172, 1173, 1174, 1175, 1176, 1177, 1192, 1193, 1228, 1229, 1230, 1236, 1237, 1283, 1284, 1285, 1286, 1287, 1288, 1290, 1291, 1292, 1304, 1355, 1391, 1396, 1397, 1400, 1401, 1437, 1442, 1443, 1446, 1447, 1479, 1519, 1552, 1594, 1595, 1596, 1600, 1601, 1602, 1628, 1689, 1690, 1741, 1742, 1743, 1744, 1745, 1746, 1747, 1748, 1749, 1750, 1751, 1752, 1753, 1754, 1755, 1756, 1757, 1758, 1759, 1760, 1761, 1762, 1763, 1764, 1765, 1766, 1767, 1768, 1769], "selected_count": 138, "selection_time": 0.004054841003380716, "selection_score_forward_time": 0.003618260001530871}