{"example_id": 131, "sub_q_idx": 0, "method": "FusionRAG", "reprocess_method": "FusionRAG", "rate": 0.15, "system_len": 792, "passages_len": [792, 115, 62, 118, 94, 66, 125, 134, 42, 115, 104, 28], "chunk_ids": [0, 1, 2, 3, 4, 5, 6, 7, 8, 9, 10], "selected_abs": [792, 793, 794, 795, 796, 797, 798, 799, 800, 801, 802, 806, 807, 808, 809, 810, 811, 813, 814, 815, 816, 817, 818, 819, 820, 821, 822, 832, 833, 834, 835, 836, 839, 840, 841, 842, 843, 855, 856, 880, 883, 905, 906, 907, 908, 909, 910, 912, 913, 914, 932, 933, 968, 969, 970, 971, 972, 974, 987, 992, 1086, 1087, 1088, 1089, 1090, 1091, 1092, 1093, 1102, 1133, 1157, 1160, 1181, 1187, 1188, 1189, 1199, 1203, 1247, 1250, 1254, 1262, 1267, 1298, 1329, 1371, 1372, 1373, 1374, 1375, 1376, 1377, 1378, 1395, 1406, 1407, 1470, 1483, 1506, 1510, 1511, 1514, 1529, 1545, 1546, 1547, 1548, 1549, 1550, 1551, 1552, 1553, 1554, 1559, 1662, 1663, 1664, 1665, 1666, 1667, 1668, 1669, 1677, 1723, 1762, 1766, 1767, 1768, 1769, 1770, 1771, 1772, 1773, 1774, 1775, 1776, 1777, 1778, 1779, 1780, 1781, 1782, 1783, 1784, 1785, 1786, 1787, 1788, 1789, 1790, 1791, 1792, 1793, 1794], "selected_count": 154, "selection_time": 0.004056187986861914, "selection_score_forward_time": 0.0036230870173312724}