{"example_id": 144, "sub_q_idx": 1, "method": "FusionRAG", "reprocess_method": "FusionRAG", "rate": 0.15, "system_len": 792, "passages_len": [792, 133, 93, 139, 111, 79, 95, 67, 64, 74, 107, 93, 133, 35], "chunk_ids": [0, 2, 1, 4, 11, 12, 3, 13, 14, 15, 16, 1, 2], "selected_abs": [792, 793, 794, 795, 797, 799, 800, 801, 802, 804, 811, 812, 816, 897, 924, 925, 926, 927, 928, 929, 930, 931, 932, 933, 934, 935, 936, 939, 940, 941, 942, 943, 944, 945, 946, 947, 949, 951, 954, 955, 956, 957, 958, 959, 963, 1015, 1016, 1017, 1018, 1021, 1026, 1027, 1034, 1038, 1130, 1137, 1156, 1157, 1158, 1159, 1160, 1161, 1162, 1163, 1164, 1176, 1184, 1227, 1263, 1267, 1268, 1269, 1270, 1271, 1272, 1273, 1274, 1275, 1276, 1286, 1287, 1308, 1346, 1347, 1348, 1349, 1365, 1378, 1384, 1412, 1442, 1443, 1444, 1445, 1446, 1447, 1448, 1449, 1450, 1451, 1452, 1453, 1466, 1487, 1488, 1507, 1508, 1509, 1510, 1511, 1512, 1513, 1514, 1515, 1516, 1517, 1525, 1526, 1572, 1573, 1574, 1575, 1576, 1577, 1578, 1579, 1580, 1581, 1582, 1585, 1594, 1595, 1622, 1645, 1646, 1647, 1648, 1649, 1650, 1651, 1652, 1653, 1654, 1655, 1665, 1671, 1672, 1726, 1732, 1733, 1734, 1735, 1736, 1737, 1738, 1739, 1740, 1744, 1745, 1746, 1747, 1748, 1749, 1750, 1751, 1752, 1753, 1754, 1755, 1756, 1757, 1758, 1759, 1760, 1761, 1762, 1763, 1764, 1765, 1768, 1769, 1770, 1771, 1772, 1773, 1774, 1775, 1776, 1778, 1780, 1783, 1784, 1785, 1786, 1787, 1788, 1792, 1844, 1845, 1846, 1847, 1848, 1849, 1850, 1852, 1855, 1856, 1857, 1859, 1866, 1867, 1871, 1952, 1979, 1980, 1981, 1982, 1983, 1984, 1985, 1986, 1987, 1988, 1989, 1990, 1991, 1992, 1993, 1994, 1995, 1996, 1997, 1998, 1999, 2000, 2001, 2002, 2003, 2004, 2005, 2006, 2007, 2008, 2009, 2010, 2011, 2012, 2013, 2014], "selected_count": 249, "selection_time": 0.004837404005229473, "selection_score_forward_time": 0.004347203008364886}