{"example_id": 141, "sub_q_idx": 0, "method": "FusionRAG", "reprocess_method": "FusionRAG", "rate": 0.15, "system_len": 792, "passages_len": [792, 139, 42, 67, 99, 92, 79, 115, 92, 100, 123, 32], "chunk_ids": [0, 1, 2, 3, 4, 5, 6, 7, 8, 9, 10], "selected_abs": [792, 793, 794, 795, 796, 797, 798, 799, 800, 801, 802, 803, 804, 805, 806, 807, 808, 809, 810, 811, 812, 813, 814, 815, 816, 817, 818, 819, 820, 821, 822, 823, 824, 825, 826, 827, 828, 829, 830, 831, 832, 833, 834, 835, 836, 837, 838, 839, 840, 841, 842, 843, 844, 845, 847, 848, 885, 930, 931, 932, 933, 934, 935, 936, 937, 955, 968, 972, 973, 974, 975, 976, 978, 979, 980, 981, 982, 988, 1020, 1039, 1040, 1041, 1042, 1043, 1044, 1045, 1071, 1133, 1134, 1138, 1139, 1140, 1141, 1142, 1143, 1145, 1146, 1147, 1148, 1167, 1231, 1233, 1237, 1238, 1247, 1262, 1281, 1310, 1317, 1350, 1378, 1395, 1424, 1425, 1426, 1427, 1431, 1439, 1459, 1465, 1517, 1523, 1524, 1532, 1553, 1559, 1617, 1618, 1621, 1622, 1666, 1695, 1699, 1739, 1740, 1741, 1742, 1743, 1744, 1745, 1746, 1747, 1748, 1749, 1750, 1751, 1752, 1753, 1754, 1755, 1756, 1757, 1758, 1759, 1760, 1761, 1762, 1763, 1764, 1765, 1766, 1767, 1768, 1769, 1770, 1771], "selected_count": 166, "selection_time": 0.004287890013074502, "selection_score_forward_time": 0.003849164000712335}