{"example_id": 133, "sub_q_idx": 1, "method": "FusionRAG", "reprocess_method": "FusionRAG", "rate": 0.15, "system_len": 792, "passages_len": [792, 34, 41, 76, 168, 225, 161, 93, 131, 135, 172, 41, 34, 31], "chunk_ids": [0, 2, 1, 3, 9, 5, 11, 8, 12, 7, 13, 1, 2], "selected_abs": [792, 793, 794, 795, 796, 797, 798, 799, 800, 802, 804, 825, 826, 827, 828, 829, 830, 831, 832, 833, 834, 835, 836, 838, 839, 840, 841, 843, 844, 845, 846, 847, 848, 849, 850, 851, 852, 853, 854, 855, 856, 857, 858, 859, 864, 865, 866, 867, 868, 869, 871, 873, 874, 881, 894, 895, 897, 914, 920, 924, 939, 940, 941, 942, 943, 944, 945, 946, 947, 948, 949, 954, 969, 970, 975, 980, 1022, 1036, 1044, 1045, 1089, 1110, 1111, 1112, 1113, 1114, 1115, 1116, 1117, 1181, 1182, 1238, 1239, 1248, 1258, 1259, 1260, 1261, 1265, 1334, 1335, 1336, 1337, 1338, 1339, 1340, 1341, 1342, 1343, 1344, 1345, 1346, 1370, 1371, 1478, 1496, 1497, 1498, 1499, 1500, 1501, 1502, 1503, 1504, 1505, 1506, 1507, 1508, 1513, 1537, 1562, 1589, 1590, 1591, 1592, 1593, 1594, 1595, 1596, 1597, 1598, 1599, 1600, 1601, 1602, 1603, 1617, 1618, 1620, 1625, 1687, 1719, 1720, 1721, 1722, 1723, 1724, 1725, 1726, 1727, 1728, 1729, 1730, 1731, 1732, 1733, 1735, 1736, 1738, 1740, 1741, 1751, 1764, 1792, 1796, 1797, 1813, 1817, 1855, 1856, 1857, 1858, 1859, 1860, 1861, 1862, 1863, 1864, 1865, 1866, 1867, 1890, 1891, 1912, 2017, 2018, 2019, 2020, 2021, 2022, 2023, 2024, 2025, 2026, 2027, 2028, 2029, 2030, 2031, 2032, 2033, 2034, 2035, 2036, 2037, 2038, 2040, 2041, 2042, 2043, 2045, 2046, 2047, 2048, 2049, 2050, 2051, 2052, 2053, 2054, 2055, 2056, 2057, 2058, 2059, 2060, 2061, 2066, 2067, 2068, 2069, 2070, 2071, 2072, 2073, 2074, 2075, 2076, 2077, 2079, 2081, 2102, 2103, 2104, 2105, 2106, 2107, 2108, 2109, 2110, 2111, 2112, 2113, 2114, 2115, 2116, 2117, 2118, 2119, 2120, 2121, 2122, 2123, 2124, 2125, 2126, 2127, 2128, 2129, 2130, 2131, 2132, 2133], "selected_count": 283, "selection_time": 0.004210036975564435, "selection_score_forward_time": 0.003740704996744171}