{"example_id": 129, "sub_q_idx": 0, "method": "FusionRAG", "reprocess_method": "FusionRAG", "rate": 0.15, "system_len": 792, "passages_len": [792, 109, 315, 166, 130, 231, 225, 307, 101, 157, 126, 109, 26], "chunk_ids": [0, 1, 2, 3, 4, 5, 6, 7, 8, 9, 10, 1], "selected_abs": [792, 793, 794, 795, 796, 797, 798, 799, 800, 801, 802, 803, 804, 805, 806, 807, 808, 809, 810, 819, 820, 821, 823, 826, 829, 835, 844, 845, 853, 877, 899, 900, 901, 902, 903, 904, 905, 906, 907, 908, 911, 942, 1183, 1184, 1185, 1186, 1188, 1189, 1190, 1191, 1193, 1198, 1199, 1200, 1209, 1212, 1213, 1214, 1215, 1216, 1217, 1218, 1219, 1220, 1221, 1222, 1223, 1224, 1225, 1226, 1227, 1228, 1229, 1238, 1239, 1240, 1241, 1242, 1243, 1244, 1245, 1246, 1259, 1263, 1264, 1265, 1276, 1277, 1293, 1350, 1381, 1382, 1383, 1384, 1385, 1386, 1387, 1388, 1389, 1390, 1391, 1392, 1403, 1413, 1439, 1447, 1468, 1485, 1511, 1512, 1513, 1514, 1515, 1516, 1517, 1518, 1519, 1520, 1521, 1530, 1533, 1537, 1538, 1548, 1560, 1572, 1593, 1615, 1620, 1650, 1742, 1743, 1744, 1745, 1746, 1747, 1748, 1749, 1750, 1754, 1760, 1766, 1770, 1772, 1773, 1792, 1967, 1968, 1969, 1970, 1971, 1972, 1976, 1977, 1978, 1979, 1981, 1993, 2013, 2265, 2266, 2267, 2268, 2270, 2271, 2272, 2273, 2274, 2275, 2276, 2277, 2278, 2279, 2280, 2281, 2287, 2290, 2291, 2292, 2293, 2294, 2295, 2296, 2297, 2298, 2305, 2317, 2332, 2338, 2342, 2375, 2376, 2377, 2378, 2379, 2380, 2381, 2382, 2383, 2384, 2386, 2394, 2404, 2418, 2425, 2437, 2447, 2470, 2495, 2519, 2532, 2533, 2534, 2535, 2536, 2537, 2538, 2539, 2540, 2541, 2542, 2543, 2544, 2545, 2546, 2547, 2548, 2549, 2550, 2551, 2552, 2553, 2554, 2555, 2556, 2557, 2558, 2559, 2560, 2561, 2562, 2572, 2584, 2585, 2587, 2588, 2589, 2590, 2598, 2610, 2611, 2612, 2633, 2634, 2635, 2636, 2637, 2638, 2639, 2640, 2641, 2642, 2643, 2644, 2645, 2646, 2647, 2649, 2650, 2651, 2652, 2653, 2654, 2655, 2656, 2657, 2658, 2659, 2660, 2661, 2662, 2663, 2664, 2665, 2666, 2667, 2668, 2669, 2670, 2671, 2672, 2673, 2674, 2675, 2676, 2677, 2686, 2687, 2688, 2696, 2702, 2711, 2712, 2720, 2744, 2766, 2767, 2768, 2769, 2770, 2771, 2772, 2773, 2774, 2775, 2776, 2777, 2778, 2779, 2780, 2781, 2782, 2783, 2784, 2785, 2786, 2787, 2788, 2789, 2790, 2791, 2792, 2793], "selected_count": 333, "selection_time": 0.004433391994098201, "selection_score_forward_time": 0.003939115995308384}