{"example_id": 138, "sub_q_idx": 0, "method": "FusionRAG", "reprocess_method": "FusionRAG", "rate": 0.15, "system_len": 792, "passages_len": [792, 83, 83, 105, 245, 134, 161, 65, 296, 307, 87, 25], "chunk_ids": [0, 1, 2, 3, 4, 5, 6, 7, 8, 9, 10], "selected_abs": [792, 793, 794, 795, 796, 797, 798, 799, 800, 801, 802, 803, 804, 805, 806, 807, 808, 809, 810, 811, 812, 813, 814, 815, 824, 825, 826, 827, 828, 837, 846, 847, 857, 874, 875, 876, 877, 878, 879, 880, 882, 883, 895, 908, 909, 919, 941, 956, 957, 958, 959, 960, 961, 962, 963, 964, 1007, 1008, 1009, 1062, 1063, 1064, 1065, 1066, 1067, 1068, 1069, 1074, 1090, 1100, 1116, 1146, 1154, 1307, 1308, 1309, 1310, 1311, 1312, 1313, 1314, 1315, 1316, 1317, 1318, 1319, 1320, 1321, 1322, 1323, 1324, 1330, 1333, 1337, 1344, 1346, 1351, 1391, 1405, 1423, 1441, 1442, 1443, 1444, 1445, 1446, 1451, 1481, 1482, 1509, 1543, 1567, 1602, 1603, 1604, 1605, 1606, 1607, 1613, 1614, 1617, 1632, 1633, 1641, 1654, 1655, 1667, 1668, 1669, 1670, 1671, 1672, 1682, 1769, 1775, 1931, 1932, 1933, 1934, 1936, 1937, 1941, 1942, 1963, 1964, 1965, 1966, 1967, 1968, 1977, 1978, 1996, 2065, 2071, 2153, 2154, 2227, 2228, 2229, 2230, 2232, 2233, 2270, 2271, 2272, 2273, 2274, 2275, 2276, 2277, 2278, 2279, 2281, 2282, 2283, 2284, 2285, 2301, 2306, 2329, 2342, 2357, 2358, 2359, 2360, 2361, 2362, 2363, 2364, 2365, 2366, 2367, 2368, 2369, 2370, 2371, 2372, 2373, 2374, 2375, 2376, 2377, 2378, 2379, 2380, 2381, 2382], "selected_count": 207, "selection_time": 0.004400753998197615, "selection_score_forward_time": 0.00393896599416621}