{"example_id": 126, "sub_q_idx": 1, "method": "FusionRAG", "reprocess_method": "FusionRAG", "rate": 0.15, "system_len": 792, "passages_len": [792, 95, 61, 96, 170, 93, 204, 91, 80, 116, 59, 204, 95, 61, 93, 30], "chunk_ids": [0, 6, 11, 7, 10, 12, 1, 2, 8, 13, 14, 1, 6, 11, 12], "selected_abs": [792, 793, 794, 800, 801, 806, 820, 847, 849, 850, 886, 887, 888, 889, 890, 891, 892, 893, 894, 895, 896, 897, 898, 899, 900, 921, 947, 948, 949, 950, 951, 959, 960, 971, 986, 991, 992, 1004, 1023, 1024, 1043, 1044, 1045, 1046, 1047, 1064, 1073, 1097, 1100, 1108, 1140, 1162, 1199, 1213, 1214, 1215, 1216, 1217, 1218, 1219, 1220, 1221, 1222, 1223, 1230, 1231, 1233, 1234, 1251, 1283, 1286, 1299, 1306, 1307, 1308, 1309, 1310, 1311, 1312, 1313, 1314, 1315, 1316, 1317, 1318, 1319, 1320, 1327, 1332, 1341, 1344, 1345, 1346, 1347, 1348, 1349, 1350, 1351, 1352, 1354, 1355, 1362, 1363, 1407, 1478, 1509, 1510, 1511, 1512, 1513, 1514, 1519, 1521, 1522, 1523, 1600, 1601, 1602, 1603, 1604, 1607, 1608, 1612, 1613, 1618, 1628, 1647, 1648, 1681, 1682, 1683, 1684, 1685, 1686, 1687, 1688, 1689, 1690, 1693, 1726, 1751, 1773, 1774, 1796, 1797, 1798, 1799, 1800, 1801, 1802, 1803, 1804, 1805, 1806, 1807, 1808, 1809, 1813, 1822, 1823, 1825, 1826, 1827, 1828, 1829, 1830, 1831, 1832, 1833, 1834, 1835, 1836, 1837, 1838, 1839, 1840, 1841, 1842, 1843, 1844, 1845, 1846, 1847, 1848, 1849, 1850, 1851, 1852, 1853, 1854, 1855, 1856, 1857, 1858, 1859, 1860, 1861, 1862, 1863, 1864, 1865, 1866, 1867, 1868, 1869, 1870, 1877, 1882, 1894, 1895, 1896, 1897, 1898, 1899, 1900, 1901, 1902, 1904, 1905, 1912, 1913, 1957, 2028, 2059, 2060, 2061, 2062, 2063, 2069, 2070, 2075, 2116, 2119, 2155, 2156, 2157, 2158, 2159, 2160, 2161, 2162, 2163, 2164, 2165, 2166, 2167, 2168, 2169, 2190, 2216, 2217, 2218, 2219, 2220, 2221, 2222, 2223, 2224, 2225, 2226, 2233, 2234, 2236, 2237, 2254, 2286, 2289, 2302, 2309, 2310, 2311, 2312, 2313, 2314, 2315, 2316, 2317, 2318, 2319, 2320, 2321, 2322, 2323, 2324, 2325, 2326, 2327, 2328, 2329, 2330, 2331, 2332, 2333, 2334, 2335, 2336, 2337, 2338, 2339], "selected_count": 299, "selection_time": 0.005119940993608907, "selection_score_forward_time": 0.004630767012713477}