{"example_id": 145, "sub_q_idx": 0, "method": "FusionRAG", "reprocess_method": "FusionRAG", "rate": 0.15, "system_len": 792, "passages_len": [792, 109, 150, 69, 53, 219, 59, 192, 88, 37, 51, 28], "chunk_ids": [0, 1, 2, 3, 4, 5, 6, 7, 8, 9, 10], "selected_abs": [792, 793, 794, 795, 796, 797, 798, 799, 800, 801, 802, 803, 804, 805, 806, 807, 808, 809, 810, 811, 812, 813, 817, 831, 879, 880, 900, 901, 902, 903, 904, 906, 907, 915, 928, 932, 974, 1007, 1024, 1050, 1051, 1052, 1053, 1054, 1055, 1056, 1057, 1059, 1060, 1063, 1080, 1081, 1118, 1119, 1120, 1121, 1122, 1123, 1124, 1125, 1131, 1132, 1133, 1134, 1145, 1146, 1156, 1161, 1172, 1173, 1174, 1175, 1176, 1177, 1178, 1179, 1180, 1181, 1182, 1184, 1239, 1277, 1278, 1292, 1327, 1387, 1391, 1392, 1393, 1394, 1395, 1396, 1397, 1398, 1401, 1450, 1451, 1452, 1453, 1454, 1455, 1456, 1457, 1480, 1481, 1541, 1577, 1605, 1642, 1643, 1644, 1645, 1646, 1648, 1649, 1657, 1662, 1669, 1693, 1697, 1700, 1731, 1733, 1735, 1736, 1767, 1768, 1769, 1770, 1771, 1772, 1773, 1774, 1775, 1777, 1795, 1810, 1819, 1820, 1821, 1822, 1823, 1824, 1825, 1826, 1827, 1828, 1829, 1830, 1831, 1832, 1833, 1834, 1835, 1836, 1837, 1838, 1839, 1840, 1841, 1842, 1843, 1844, 1845, 1846], "selected_count": 165, "selection_time": 0.004044846980832517, "selection_score_forward_time": 0.003598062990931794}