{"example_id": 133, "sub_q_idx": 0, "method": "FusionRAG", "reprocess_method": "FusionRAG", "rate": 0.15, "system_len": 792, "passages_len": [792, 41, 34, 76, 169, 225, 74, 135, 93, 168, 189, 29], "chunk_ids": [0, 1, 2, 3, 4, 5, 6, 7, 8, 9, 10], "selected_abs": [792, 793, 794, 795, 796, 797, 798, 799, 800, 801, 802, 804, 805, 806, 807, 809, 810, 811, 812, 813, 814, 815, 816, 817, 818, 819, 820, 821, 822, 823, 824, 825, 830, 831, 832, 833, 834, 835, 836, 837, 838, 839, 840, 841, 866, 867, 868, 869, 871, 873, 874, 881, 894, 897, 914, 920, 924, 939, 940, 941, 942, 943, 944, 945, 946, 947, 948, 949, 953, 954, 961, 965, 966, 969, 984, 993, 1006, 1048, 1111, 1112, 1113, 1114, 1115, 1116, 1117, 1118, 1182, 1183, 1239, 1249, 1259, 1260, 1261, 1262, 1266, 1335, 1336, 1337, 1338, 1339, 1340, 1341, 1342, 1343, 1347, 1352, 1353, 1358, 1406, 1410, 1411, 1412, 1413, 1414, 1415, 1416, 1417, 1418, 1419, 1420, 1421, 1422, 1425, 1430, 1431, 1441, 1454, 1482, 1486, 1545, 1546, 1547, 1548, 1549, 1550, 1551, 1552, 1553, 1554, 1555, 1556, 1557, 1562, 1564, 1586, 1611, 1638, 1639, 1640, 1641, 1642, 1643, 1644, 1645, 1650, 1665, 1666, 1676, 1718, 1740, 1785, 1806, 1807, 1808, 1809, 1811, 1812, 1853, 1856, 1862, 1880, 1916, 1995, 1996, 1997, 1998, 1999, 2000, 2001, 2002, 2003, 2004, 2005, 2006, 2007, 2008, 2009, 2010, 2011, 2012, 2013, 2014, 2015, 2016, 2017, 2018, 2019, 2020, 2021, 2022, 2023, 2024], "selected_count": 202, "selection_time": 0.004315946018323302, "selection_score_forward_time": 0.003870430984534323}