{"example_id": 135, "sub_q_idx": 0, "method": "FusionRAG", "reprocess_method": "FusionRAG", "rate": 0.15, "system_len": 792, "passages_len": [792, 65, 197, 80, 158, 110, 216, 112, 29, 105, 155, 26], "chunk_ids": [0, 1, 2, 3, 4, 5, 6, 7, 8, 9, 10], "selected_abs": [792, 793, 794, 795, 796, 797, 798, 799, 800, 801, 802, 803, 804, 805, 806, 807, 808, 809, 810, 817, 820, 828, 852, 855, 856, 857, 858, 859, 860, 861, 862, 863, 864, 865, 866, 891, 892, 907, 939, 943, 944, 945, 1052, 1053, 1054, 1055, 1056, 1057, 1058, 1059, 1060, 1061, 1064, 1071, 1072, 1121, 1133, 1134, 1135, 1136, 1137, 1138, 1139, 1140, 1142, 1143, 1162, 1163, 1221, 1234, 1252, 1256, 1291, 1292, 1293, 1294, 1295, 1296, 1297, 1298, 1300, 1301, 1315, 1351, 1387, 1401, 1402, 1403, 1404, 1405, 1409, 1420, 1424, 1429, 1434, 1486, 1536, 1540, 1586, 1587, 1589, 1617, 1618, 1619, 1620, 1621, 1622, 1623, 1624, 1626, 1631, 1641, 1642, 1694, 1695, 1729, 1730, 1731, 1732, 1733, 1734, 1735, 1736, 1737, 1738, 1758, 1759, 1760, 1761, 1762, 1764, 1765, 1808, 1809, 1864, 1865, 1866, 1869, 1871, 1872, 1877, 1890, 1911, 1912, 1925, 1950, 1966, 1981, 2018, 2019, 2020, 2021, 2022, 2023, 2024, 2025, 2026, 2027, 2028, 2029, 2030, 2031, 2032, 2033, 2034, 2035, 2036, 2037, 2038, 2039, 2040, 2041, 2042, 2043, 2044], "selected_count": 175, "selection_time": 0.004003654990810901, "selection_score_forward_time": 0.0035597759997472167}