{"example_id": 127, "sub_q_idx": 0, "method": "FusionRAG", "reprocess_method": "FusionRAG", "rate": 0.15, "system_len": 792, "passages_len": [792, 67, 58, 130, 112, 111, 149, 94, 76, 49, 116, 67, 25], "chunk_ids": [0, 1, 2, 3, 4, 5, 6, 7, 8, 9, 10, 1], "selected_abs": [792, 793, 794, 795, 796, 797, 798, 799, 800, 801, 802, 803, 816, 829, 830, 831, 832, 833, 835, 836, 837, 838, 839, 840, 841, 859, 860, 863, 865, 866, 872, 882, 893, 916, 917, 919, 920, 921, 925, 928, 929, 949, 953, 1001, 1002, 1046, 1047, 1048, 1049, 1050, 1051, 1052, 1053, 1054, 1055, 1056, 1159, 1165, 1166, 1183, 1215, 1270, 1271, 1272, 1275, 1276, 1287, 1318, 1319, 1350, 1389, 1418, 1419, 1420, 1421, 1422, 1423, 1424, 1425, 1426, 1427, 1430, 1455, 1456, 1484, 1487, 1512, 1513, 1514, 1515, 1516, 1517, 1518, 1519, 1527, 1541, 1556, 1559, 1588, 1589, 1590, 1591, 1592, 1593, 1594, 1595, 1596, 1608, 1623, 1624, 1625, 1637, 1638, 1639, 1640, 1641, 1642, 1643, 1644, 1645, 1646, 1647, 1648, 1649, 1650, 1651, 1652, 1653, 1654, 1668, 1679, 1683, 1740, 1741, 1742, 1743, 1744, 1745, 1746, 1747, 1748, 1749, 1750, 1751, 1752, 1753, 1754, 1755, 1756, 1757, 1758, 1759, 1760, 1761, 1762, 1763, 1764, 1765, 1778, 1791, 1792, 1793, 1794, 1795, 1797, 1798, 1799, 1800, 1801, 1802, 1803, 1821, 1822, 1823, 1824, 1825, 1826, 1827, 1828, 1829, 1830, 1831, 1832, 1833, 1834, 1835, 1836, 1837, 1838, 1839, 1840, 1841, 1842, 1843, 1844, 1845], "selected_count": 196, "selection_time": 0.004525560012552887, "selection_score_forward_time": 0.004091151989996433}