{"example_id": 146, "sub_q_idx": 0, "method": "FusionRAG", "reprocess_method": "FusionRAG", "rate": 0.15, "system_len": 792, "passages_len": [792, 86, 72, 53, 33, 52, 68, 73, 240, 130, 209, 27], "chunk_ids": [0, 1, 2, 3, 4, 5, 6, 7, 8, 9, 10], "selected_abs": [792, 793, 794, 795, 796, 797, 798, 799, 800, 801, 802, 803, 805, 806, 807, 808, 809, 811, 829, 877, 878, 879, 880, 881, 882, 883, 884, 885, 886, 887, 893, 898, 899, 918, 919, 949, 950, 951, 952, 953, 954, 955, 956, 962, 977, 979, 1002, 1003, 1004, 1005, 1006, 1007, 1008, 1009, 1011, 1012, 1016, 1017, 1018, 1019, 1020, 1021, 1032, 1033, 1034, 1035, 1036, 1037, 1038, 1039, 1040, 1041, 1045, 1046, 1053, 1069, 1087, 1088, 1089, 1090, 1091, 1092, 1093, 1094, 1095, 1096, 1097, 1098, 1100, 1101, 1102, 1116, 1117, 1155, 1156, 1157, 1158, 1159, 1160, 1161, 1162, 1163, 1178, 1195, 1196, 1228, 1229, 1230, 1231, 1232, 1233, 1259, 1262, 1283, 1467, 1468, 1469, 1470, 1471, 1472, 1473, 1474, 1475, 1476, 1481, 1486, 1489, 1490, 1494, 1578, 1598, 1599, 1600, 1601, 1602, 1603, 1604, 1605, 1606, 1613, 1620, 1622, 1623, 1635, 1725, 1730, 1770, 1774, 1783, 1807, 1808, 1809, 1810, 1811, 1812, 1813, 1814, 1815, 1816, 1817, 1818, 1819, 1820, 1821, 1822, 1823, 1824, 1825, 1826, 1827, 1828, 1829, 1830, 1831, 1832, 1833, 1834], "selected_count": 177, "selection_time": 0.0040822449955157936, "selection_score_forward_time": 0.00365407599019818}