source,kind,relative_l2,diff_norm,full_norm,source_norm,cosine_source_full,num_examples,num_chunks,num_tokens
raw,hidden_layer_input,0.7265932834632716,1535641.1413955202,2113481.0578979775,2327513.149552288,0.7649612624382975,10,248,165903
preprocess,hidden_layer_input,0.6949827678129175,1468832.9153381092,2113481.0578979775,2111649.174762146,0.7582903520806855,10,248,165903
