split,val_jaccard_r0p05,val_jaccard_r0p1,val_jaccard_r0p15,val_jaccard_r0p3,val_kl,val_recall_r0p05,val_recall_r0p1,val_recall_r0p15,val_recall_r0p3
wiki,0.25711793651419385,0.3174638105399278,0.35851777650106686,0.4348937125393153,0.008085132610052824,0.3999789473684201,0.4757052631578962,0.5227157894736846,0.603184347826084
musique,0.3198951828157838,0.3238908873314609,0.3334098569606642,0.3936526096104013,0.010403343143254301,0.46859628847244983,0.4815814692706335,0.4947340316624044,0.5606472586849099
