label,main_correct,main_total,main_acc,sub_correct,sub_total,sub_acc,avg_f1,avg_em,missing_csv,note
baseline_online_draft_rate015_0_50,23,36,0.6388888888888888,53,67,0.7910447761194029,0.17903939710849429,0.029850746268656716,0,"normal DraftModel rate=0.15 baseline, same 0-50 subset"
uniform_alpha0p05_0_50,28,36,0.7777777777777778,58,67,0.8656716417910447,0.5409747918741726,0.2537313432835821,0,blend: 95% real attention + 5% uniform
uniform_alpha0p1_0_50,28,36,0.7777777777777778,58,67,0.8656716417910447,0.5599490794840724,0.26865671641791045,0,blend: 90% real attention + 10% uniform
uniform_alpha0p25_0_50,31,36,0.8611111111111112,62,67,0.9253731343283582,0.5431461684883226,0.2537313432835821,0,blend: 75% real attention + 25% uniform
uniform_alpha0p5_0_50,9,36,0.25,34,67,0.5074626865671642,0.32594900669550936,0.05970149253731343,0,blend: 50% real attention + 50% uniform
uniform_alpha0p75_0_50,2,36,0.05555555555555555,13,67,0.19402985074626866,0.2762534185499047,0.014925373134328358,0,blend: 25% real attention + 75% uniform
uniform_alpha1p0_0_50,1,36,0.027777777777777776,14,67,0.208955223880597,0.2365463119368573,0.014925373134328358,0,"full replacement by uniform, subset 0-50 from full run"
random_alpha0p25_0_50,30,36,0.8333333333333334,61,67,0.9104477611940298,0.5026344414094313,0.208955223880597,0,blend: 75% real attention + 25% random
