rate,measured,full_tokens_mean,selected_doc_tokens_mean,reprocess_prefill_tokens_mean,full_exact_s,full_wall_s,fusion_compute_s,fusion_wall_s,storage_s,selection_s,score_forward_s,reprocess_prefill_s,compute_speedup_vs_full_exact,wall_speedup_vs_full_wall,selection_share_of_compute,reprocess_share_of_compute,storage_share_of_compute,delta_compute_vs_rate0_s,delta_wall_vs_rate0_s,delta_reprocess_vs_rate0_s,delta_selected_doc_tokens_vs_rate0,extra_reprocess_ms_per_doc_token
0.0,112,2267.1160714285716,0.0,27.196428571428573,0.29845260025467724,0.29953716884483583,0.0976399834617041,0.1517210926727525,0.024253264543533857,0.0,0.0,0.07338671891817025,3.0566637731123225,1.9742618746551484,0.0,0.7516051961126524,0.24839480388734764,0.0,0.0,0.0,0.0,nan
0.05,112,2267.1160714285716,71.89285714285714,99.08928571428571,0.2981125817916888,0.2993179597667352,0.2080169705607529,0.26564156704781844,0.024446477290309434,0.1025726152500803,0.10177495600406214,0.08099787802036319,1.433116639416796,1.1267738068750914,0.49309734188309023,0.3893811057915929,0.11752155232531693,0.1103769870990488,0.11392047437506594,0.007611159102192941,71.89285714285714,0.10586808487898776
0.15,112,2267.1160714285716,216.73214285714286,243.92857142857142,0.29832309457456824,0.29947988963769084,0.2295954870184817,0.29012898985196706,0.024586516478198712,0.10262165278878196,0.10181821595428378,0.10238731775150102,1.2993421536659133,1.0322301462893968,0.44696720358672054,0.4459465605404481,0.10708623587283132,0.1319555035567776,0.13840789717921456,0.029000598833330768,216.73214285714286,0.13380848106340307
0.3,112,2267.1160714285716,433.92857142857144,461.125,0.2981019834239435,0.2996662421002319,0.2539682505885139,0.3111992428852578,0.024549263566898714,0.10258714465557464,0.10176362203284432,0.12683184236604056,1.1737765753520752,0.9629401386773996,0.4039368874568068,0.49940038596216846,0.09666272658102482,0.1563282671268098,0.1594781502125053,0.05344512344787031,433.92857142857144,0.12316571658768466
0.5,112,2267.1160714285716,723.6964285714286,750.8928571428571,0.2983125389894537,0.29967525106621906,0.2962927344820595,0.35228957522693755,0.025374746569598625,0.10311712450597302,0.10224735879455693,0.16780086340648787,1.0068169221595156,0.8506503516976753,0.34802447885274335,0.5663347219762764,0.08564079917098022,0.1986527510203554,0.20056848255418505,0.09441414448831761,723.6964285714286,0.13046097888681094
