{"example_id": 173, "sub_q_idx": 0, "method": "DraftModel", "reprocess_method": "DraftModel", "rate": 0.1, "system_len": 792, "passages_len": [792, 89, 98, 114, 80, 82, 221, 208, 116, 312, 198, 30], "chunk_ids": [0, 1, 2, 3, 4, 5, 6, 7, 8, 9, 10], "selected_abs": [792, 793, 794, 795, 796, 797, 798, 799, 812, 826, 830, 837, 838, 872, 875, 876, 877, 878, 879, 880, 881, 882, 883, 884, 885, 886, 887, 888, 889, 890, 891, 893, 899, 900, 978, 979, 980, 981, 982, 985, 986, 991, 998, 1056, 1092, 1093, 1094, 1096, 1098, 1100, 1172, 1174, 1194, 1216, 1254, 1255, 1256, 1257, 1258, 1259, 1260, 1475, 1476, 1477, 1478, 1479, 1480, 1481, 1482, 1483, 1484, 1485, 1683, 1684, 1685, 1686, 1687, 1688, 1689, 1690, 1691, 1692, 1791, 1799, 1800, 1801, 1802, 1803, 1804, 1806, 1810, 1813, 1816, 1823, 1831, 2099, 2111, 2112, 2113, 2114, 2115, 2116, 2118, 2119, 2120, 2121, 2122, 2123, 2124, 2125, 2126, 2128, 2129, 2130, 2173, 2174, 2175, 2176, 2185, 2186, 2187, 2192, 2211, 2218, 2222, 2224, 2226, 2227, 2236, 2237, 2241, 2245, 2246, 2248, 2249, 2250, 2251, 2252, 2255, 2265, 2280, 2281, 2285, 2291, 2294, 2296, 2301, 2302, 2303, 2308, 2309, 2310, 2311, 2312, 2313, 2314, 2315, 2316, 2317, 2318, 2319, 2320, 2321, 2322, 2323, 2324, 2325, 2326, 2327, 2328, 2329, 2330, 2331, 2332, 2333, 2334, 2335, 2336, 2337, 2338, 2339], "selected_count": 181, "selection_time": 0.01975698600290343, "selection_score_forward_time": 0.019417311996221542}