{"example_id": 173, "sub_q_idx": 1, "method": "DraftModel", "reprocess_method": "DraftModel", "rate": 0.1, "system_len": 792, "passages_len": [792, 89, 80, 98, 114, 116, 82, 175, 74, 121, 312, 98, 89, 34], "chunk_ids": [0, 1, 4, 2, 3, 8, 5, 11, 12, 13, 9, 2, 1], "selected_abs": [792, 793, 794, 795, 796, 797, 798, 799, 801, 805, 830, 845, 875, 876, 877, 878, 879, 880, 881, 882, 883, 884, 888, 892, 893, 905, 907, 913, 960, 961, 962, 963, 964, 965, 966, 967, 968, 969, 970, 971, 1058, 1059, 1060, 1061, 1062, 1172, 1173, 1174, 1175, 1176, 1177, 1178, 1179, 1180, 1181, 1288, 1290, 1310, 1370, 1371, 1372, 1373, 1374, 1375, 1376, 1377, 1378, 1379, 1393, 1394, 1395, 1396, 1397, 1398, 1399, 1400, 1401, 1402, 1403, 1404, 1405, 1406, 1407, 1408, 1409, 1410, 1453, 1544, 1545, 1546, 1547, 1548, 1549, 1550, 1551, 1552, 1553, 1554, 1555, 1556, 1557, 1558, 1559, 1560, 1561, 1578, 1619, 1620, 1621, 1622, 1623, 1624, 1625, 1626, 1627, 1628, 1629, 1630, 1631, 1632, 1633, 1634, 1635, 1636, 1637, 1638, 1639, 1673, 1674, 1675, 1676, 1677, 1678, 1679, 1680, 1681, 1682, 1683, 1684, 1685, 1686, 1687, 1688, 1700, 1701, 1702, 1703, 1704, 1705, 1706, 1719, 1720, 1721, 1722, 1723, 1724, 1725, 1726, 1727, 1728, 1729, 1730, 1731, 1732, 1733, 1734, 1735, 1736, 1737, 1738, 1739, 1740, 1741, 1742, 1743, 1744, 1745, 1751, 1753, 1764, 2040, 2052, 2053, 2054, 2055, 2056, 2057, 2058, 2059, 2060, 2061, 2062, 2063, 2064, 2065, 2066, 2072, 2079, 2085, 2087, 2104, 2118, 2135, 2137, 2150, 2151, 2152, 2153, 2154, 2155, 2156, 2157, 2158, 2159, 2160, 2162, 2164, 2166, 2172, 2174, 2179, 2180, 2183, 2184, 2185, 2186, 2189, 2190, 2191, 2194, 2196, 2197, 2204, 2205, 2206, 2207, 2208, 2209, 2210, 2212, 2213, 2214, 2216, 2217, 2218, 2219, 2223, 2224, 2225, 2226, 2228, 2229, 2230, 2231, 2232, 2233, 2234, 2235, 2236, 2237, 2238, 2239, 2240, 2241, 2242, 2243, 2244, 2245, 2246, 2247, 2248, 2249, 2250, 2251, 2252, 2253, 2254, 2255, 2256, 2257, 2258, 2259, 2260, 2261, 2262, 2263, 2264, 2265, 2266, 2267, 2268, 2269, 2270, 2271, 2272, 2273], "selected_count": 296, "selection_time": 0.019020223000552505, "selection_score_forward_time": 0.018665762996533886}