{"example_id": 151, "sub_q_idx": 0, "method": "DraftModel", "reprocess_method": "DraftModel", "rate": 0.1, "system_len": 792, "passages_len": [792, 55, 96, 83, 32, 142, 102, 233, 61, 63, 70, 28], "chunk_ids": [0, 1, 2, 3, 4, 5, 6, 7, 8, 9, 10], "selected_abs": [792, 793, 794, 795, 796, 797, 798, 799, 800, 801, 802, 803, 804, 812, 813, 814, 815, 816, 817, 818, 819, 846, 847, 848, 849, 850, 851, 852, 853, 924, 942, 943, 944, 945, 946, 947, 1025, 1026, 1027, 1028, 1029, 1030, 1031, 1032, 1033, 1034, 1056, 1057, 1058, 1059, 1060, 1061, 1062, 1063, 1065, 1113, 1191, 1199, 1200, 1201, 1202, 1203, 1204, 1205, 1206, 1301, 1302, 1303, 1304, 1305, 1307, 1333, 1534, 1535, 1536, 1537, 1538, 1539, 1540, 1558, 1560, 1564, 1565, 1572, 1595, 1596, 1597, 1598, 1599, 1600, 1601, 1607, 1622, 1623, 1624, 1626, 1636, 1648, 1658, 1659, 1660, 1661, 1662, 1663, 1671, 1678, 1682, 1683, 1684, 1685, 1686, 1699, 1700, 1701, 1703, 1704, 1705, 1707, 1708, 1709, 1712, 1713, 1714, 1715, 1716, 1717, 1718, 1719, 1722, 1723, 1724, 1725, 1726, 1727, 1728, 1729, 1730, 1731, 1732, 1733, 1734, 1735, 1736, 1737, 1738, 1739, 1740, 1741, 1742, 1743, 1744, 1745, 1746, 1747, 1748, 1749, 1750, 1751, 1752, 1753, 1754, 1755, 1756], "selected_count": 163, "selection_time": 0.016738111997256055, "selection_score_forward_time": 0.016373514983570203}