{"example_id": 150, "sub_q_idx": 1, "method": "DraftModel", "reprocess_method": "DraftModel", "rate": 0.1, "system_len": 792, "passages_len": [792, 172, 82, 111, 151, 175, 78, 117, 190, 317, 88, 82, 172, 28], "chunk_ids": [0, 11, 1, 3, 12, 13, 14, 15, 16, 17, 18, 1, 11], "selected_abs": [792, 793, 794, 795, 796, 797, 798, 799, 800, 801, 839, 913, 963, 964, 965, 966, 967, 968, 971, 973, 974, 975, 976, 977, 978, 979, 980, 981, 982, 983, 984, 1045, 1046, 1047, 1048, 1049, 1050, 1051, 1052, 1053, 1054, 1055, 1056, 1057, 1069, 1070, 1071, 1072, 1073, 1074, 1156, 1157, 1158, 1159, 1160, 1161, 1162, 1199, 1307, 1308, 1309, 1310, 1311, 1313, 1314, 1315, 1316, 1317, 1318, 1319, 1320, 1466, 1482, 1483, 1484, 1485, 1486, 1487, 1488, 1489, 1494, 1560, 1561, 1562, 1563, 1564, 1565, 1566, 1567, 1677, 1678, 1679, 1680, 1681, 1684, 1720, 1867, 1868, 1869, 1870, 1871, 1872, 1908, 1934, 1936, 1993, 2030, 2031, 2032, 2033, 2133, 2134, 2142, 2143, 2144, 2145, 2172, 2173, 2174, 2175, 2176, 2177, 2178, 2179, 2180, 2181, 2182, 2183, 2184, 2185, 2186, 2187, 2188, 2189, 2190, 2191, 2192, 2193, 2194, 2195, 2196, 2197, 2198, 2199, 2200, 2201, 2202, 2203, 2204, 2205, 2206, 2207, 2208, 2209, 2210, 2211, 2212, 2213, 2214, 2215, 2216, 2217, 2218, 2219, 2220, 2221, 2222, 2223, 2224, 2225, 2226, 2227, 2228, 2229, 2230, 2231, 2232, 2233, 2234, 2235, 2236, 2237, 2238, 2239, 2240, 2241, 2242, 2243, 2244, 2245, 2246, 2247, 2248, 2249, 2250, 2251, 2252, 2253, 2254, 2255, 2256, 2257, 2258, 2259, 2260, 2261, 2262, 2263, 2264, 2265, 2266, 2267, 2268, 2269, 2270, 2271, 2272, 2273, 2274, 2275, 2276, 2277, 2280, 2282, 2283, 2284, 2285, 2286, 2287, 2288, 2289, 2290, 2291, 2292, 2293, 2325, 2328, 2332, 2344, 2354, 2356, 2357, 2358, 2359, 2360, 2361, 2362, 2363, 2364, 2365, 2366, 2370, 2371, 2378, 2383, 2390, 2392, 2393, 2394, 2395, 2398, 2399, 2402, 2403, 2404, 2405, 2406, 2415, 2416, 2422, 2423, 2428, 2430, 2432, 2440, 2451, 2452, 2454, 2456, 2457, 2459, 2461, 2462, 2463, 2464, 2465, 2467, 2473, 2474, 2475, 2476, 2477, 2481, 2482, 2486, 2487, 2488, 2492, 2498, 2499, 2500, 2501, 2502, 2503, 2505, 2506, 2508, 2510, 2512, 2516, 2517, 2518, 2520, 2524, 2525, 2526, 2527, 2528, 2529, 2530, 2531, 2532, 2533, 2534, 2535, 2536, 2537, 2538, 2539, 2540, 2541, 2542, 2543, 2544, 2545, 2546, 2547, 2548, 2549, 2550, 2551, 2552, 2553, 2554], "selected_count": 344, "selection_time": 0.022753575001843274, "selection_score_forward_time": 0.022372340987203643}