{"example_id": 163, "sub_q_idx": 0, "method": "DraftModel", "reprocess_method": "DraftModel", "rate": 0.1, "system_len": 792, "passages_len": [792, 170, 113, 102, 184, 57, 109, 179, 153, 88, 126, 30], "chunk_ids": [0, 1, 2, 3, 4, 5, 6, 7, 8, 9, 10], "selected_abs": [792, 793, 794, 795, 796, 797, 798, 799, 800, 801, 802, 803, 804, 805, 806, 808, 809, 810, 823, 824, 825, 826, 827, 828, 829, 832, 961, 962, 963, 964, 965, 1064, 1065, 1073, 1074, 1075, 1076, 1077, 1078, 1079, 1080, 1176, 1177, 1178, 1179, 1180, 1181, 1360, 1362, 1370, 1419, 1430, 1526, 1528, 1532, 1580, 1599, 1610, 1646, 1687, 1705, 1706, 1707, 1708, 1715, 1716, 1738, 1759, 1794, 1858, 1860, 1861, 1862, 1866, 1868, 1883, 1884, 1946, 1947, 1948, 1949, 1950, 1951, 1952, 1953, 1954, 1957, 1958, 1959, 1960, 1961, 1970, 2000, 2001, 2002, 2011, 2013, 2014, 2019, 2022, 2034, 2036, 2037, 2041, 2045, 2051, 2053, 2055, 2056, 2060, 2061, 2062, 2063, 2066, 2067, 2068, 2070, 2071, 2072, 2073, 2074, 2075, 2076, 2077, 2078, 2079, 2080, 2081, 2082, 2083, 2084, 2085, 2086, 2087, 2088, 2089, 2090, 2091, 2092, 2093, 2094, 2095, 2096, 2097, 2098, 2099, 2100, 2101, 2102], "selected_count": 149, "selection_time": 0.024407113989582285, "selection_score_forward_time": 0.024040735996095464}