{"example_id": 169, "sub_q_idx": 1, "method": "DraftModel", "reprocess_method": "DraftModel", "rate": 0.1, "system_len": 792, "passages_len": [792, 127, 119, 128, 142, 190, 58, 164, 146, 106, 213, 42, 127, 30], "chunk_ids": [0, 11, 2, 12, 13, 14, 15, 16, 17, 18, 19, 1, 11], "selected_abs": [792, 793, 794, 795, 796, 797, 798, 799, 800, 810, 814, 826, 828, 917, 918, 919, 920, 921, 923, 924, 925, 931, 971, 1011, 1021, 1037, 1038, 1039, 1040, 1041, 1042, 1043, 1044, 1045, 1046, 1047, 1048, 1049, 1096, 1099, 1165, 1166, 1167, 1168, 1169, 1170, 1171, 1172, 1307, 1308, 1309, 1310, 1311, 1339, 1497, 1498, 1499, 1500, 1501, 1506, 1535, 1555, 1556, 1557, 1558, 1559, 1560, 1561, 1562, 1567, 1587, 1719, 1720, 1721, 1722, 1723, 1726, 1731, 1737, 1765, 1865, 1866, 1867, 1868, 1869, 1870, 1871, 1872, 1873, 1874, 1875, 1876, 1880, 1882, 1883, 1884, 1892, 1947, 1957, 1962, 1970, 1971, 1972, 1973, 1974, 1975, 1976, 1977, 1978, 1979, 1984, 1985, 1986, 1987, 1988, 1989, 1990, 2002, 2041, 2126, 2127, 2128, 2129, 2130, 2131, 2132, 2133, 2134, 2135, 2136, 2137, 2138, 2168, 2169, 2170, 2171, 2172, 2173, 2174, 2175, 2176, 2177, 2178, 2179, 2180, 2181, 2182, 2183, 2184, 2185, 2186, 2187, 2188, 2189, 2190, 2191, 2192, 2193, 2194, 2195, 2196, 2197, 2198, 2199, 2200, 2201, 2202, 2203, 2204, 2205, 2206, 2207, 2208, 2209, 2210, 2211, 2212, 2213, 2214, 2215, 2216, 2217, 2218, 2219, 2220, 2221, 2222, 2223, 2224, 2225, 2226, 2227, 2228, 2229, 2230, 2231, 2232, 2233, 2234, 2235, 2237, 2245, 2246, 2248, 2249, 2259, 2261, 2263, 2264, 2265, 2268, 2272, 2278, 2280, 2284, 2288, 2289, 2295, 2296, 2298, 2299, 2300, 2302, 2303, 2304, 2314, 2315, 2317, 2318, 2320, 2323, 2324, 2325, 2326, 2328, 2330, 2332, 2334, 2335, 2336, 2341, 2342, 2343, 2344, 2345, 2346, 2347, 2348, 2349, 2350, 2351, 2352, 2353, 2354, 2355, 2356, 2357, 2358, 2359, 2360, 2361, 2362, 2363, 2364, 2365, 2366, 2367, 2368, 2369, 2370, 2371, 2372, 2373, 2374, 2375, 2376, 2377, 2378, 2379, 2380, 2381, 2382, 2383], "selected_count": 283, "selection_time": 0.019542007998097688, "selection_score_forward_time": 0.01919713499955833}