{"example_id": 151, "sub_q_idx": 1, "method": "DraftModel", "reprocess_method": "DraftModel", "rate": 0.1, "system_len": 792, "passages_len": [792, 84, 55, 102, 61, 78, 304, 74, 310, 42, 83, 55, 84, 26], "chunk_ids": [0, 11, 1, 6, 8, 12, 13, 14, 15, 16, 3, 1, 11], "selected_abs": [792, 793, 794, 795, 796, 797, 798, 799, 847, 856, 857, 874, 875, 876, 877, 878, 879, 880, 881, 882, 883, 884, 885, 886, 887, 896, 897, 898, 899, 900, 901, 902, 903, 930, 931, 932, 933, 934, 935, 936, 937, 1032, 1033, 1034, 1035, 1036, 1037, 1038, 1093, 1094, 1095, 1096, 1097, 1098, 1099, 1171, 1172, 1173, 1174, 1175, 1176, 1177, 1178, 1179, 1475, 1476, 1477, 1478, 1479, 1480, 1481, 1482, 1486, 1487, 1489, 1492, 1493, 1494, 1522, 1548, 1549, 1550, 1551, 1552, 1553, 1554, 1555, 1556, 1633, 1637, 1729, 1858, 1859, 1860, 1861, 1862, 1863, 1864, 1865, 1866, 1867, 1868, 1869, 1870, 1871, 1872, 1873, 1874, 1875, 1876, 1877, 1878, 1879, 1880, 1881, 1882, 1883, 1884, 1885, 1886, 1887, 1888, 1889, 1890, 1891, 1892, 1893, 1894, 1895, 1896, 1897, 1898, 1899, 1900, 1901, 1902, 1903, 1904, 1905, 1906, 1913, 1917, 1918, 1919, 1920, 1922, 1923, 1927, 1942, 1951, 1984, 1985, 1986, 1987, 1988, 1989, 1990, 1991, 1992, 1993, 1994, 1995, 1996, 2003, 2005, 2006, 2007, 2008, 2009, 2010, 2011, 2012, 2013, 2014, 2024, 2026, 2029, 2031, 2035, 2039, 2040, 2041, 2042, 2043, 2044, 2045, 2046, 2047, 2049, 2050, 2052, 2054, 2055, 2058, 2061, 2062, 2067, 2068, 2073, 2074, 2075, 2076, 2080, 2081, 2082, 2083, 2087, 2088, 2089, 2090, 2091, 2092, 2093, 2094, 2095, 2096, 2098, 2099, 2100, 2101, 2104, 2105, 2106, 2107, 2108, 2110, 2111, 2114, 2115, 2116, 2122, 2123, 2124, 2125, 2126, 2127, 2128, 2129, 2130, 2131, 2132, 2133, 2134, 2135, 2136, 2137, 2138, 2139, 2140, 2141, 2142, 2143, 2144, 2145, 2146, 2147, 2148, 2149], "selected_count": 258, "selection_time": 0.019017932005226612, "selection_score_forward_time": 0.018704859976423904}