{"example_id": 156, "sub_q_idx": 1, "method": "DraftModel", "reprocess_method": "DraftModel", "rate": 0.1, "system_len": 792, "passages_len": [792, 51, 161, 61, 78, 135, 120, 219, 108, 93, 274, 51, 161, 27], "chunk_ids": [0, 1, 2, 11, 6, 12, 13, 14, 15, 16, 17, 1, 2], "selected_abs": [792, 793, 794, 795, 796, 797, 798, 799, 800, 801, 802, 803, 804, 805, 806, 807, 808, 809, 810, 818, 827, 829, 830, 831, 832, 833, 834, 835, 836, 837, 838, 839, 840, 841, 842, 843, 844, 845, 846, 847, 848, 849, 850, 851, 852, 853, 859, 879, 886, 956, 985, 1001, 1002, 1003, 1004, 1005, 1006, 1007, 1008, 1009, 1031, 1035, 1064, 1065, 1066, 1067, 1068, 1073, 1142, 1143, 1144, 1145, 1146, 1147, 1148, 1149, 1150, 1151, 1152, 1156, 1277, 1278, 1279, 1280, 1281, 1282, 1284, 1285, 1286, 1287, 1288, 1289, 1290, 1294, 1363, 1397, 1398, 1399, 1400, 1404, 1406, 1432, 1434, 1435, 1436, 1445, 1504, 1564, 1614, 1615, 1616, 1617, 1618, 1619, 1620, 1621, 1622, 1623, 1624, 1625, 1652, 1724, 1725, 1726, 1727, 1728, 1729, 1730, 1731, 1732, 1772, 1773, 1782, 1816, 1817, 1818, 1819, 1820, 1821, 1822, 1823, 1824, 1825, 1826, 1827, 1828, 1829, 2044, 2045, 2046, 2047, 2048, 2049, 2050, 2051, 2052, 2053, 2081, 2082, 2083, 2084, 2085, 2086, 2087, 2088, 2089, 2090, 2091, 2092, 2093, 2094, 2095, 2096, 2097, 2098, 2099, 2100, 2101, 2102, 2103, 2104, 2105, 2106, 2107, 2108, 2109, 2110, 2118, 2129, 2130, 2131, 2132, 2133, 2134, 2135, 2136, 2137, 2138, 2139, 2140, 2141, 2142, 2143, 2144, 2145, 2146, 2147, 2148, 2149, 2150, 2151, 2152, 2153, 2155, 2157, 2158, 2159, 2166, 2174, 2179, 2183, 2184, 2186, 2196, 2197, 2198, 2208, 2209, 2218, 2223, 2224, 2225, 2226, 2227, 2232, 2250, 2251, 2252, 2256, 2260, 2262, 2266, 2270, 2272, 2274, 2277, 2279, 2283, 2285, 2286, 2288, 2289, 2290, 2291, 2292, 2293, 2295, 2298, 2299, 2300, 2301, 2302, 2303, 2304, 2305, 2306, 2307, 2308, 2309, 2310, 2311, 2312, 2313, 2314, 2315, 2316, 2317, 2318, 2319, 2320, 2321, 2322, 2323, 2324, 2325, 2326, 2327, 2328, 2329, 2330], "selected_count": 290, "selection_time": 0.019624456006567925, "selection_score_forward_time": 0.019260311994003132}