{"example_id": 152, "sub_q_idx": 0, "method": "DraftModel", "reprocess_method": "DraftModel", "rate": 0.1, "system_len": 792, "passages_len": [792, 71, 123, 155, 342, 194, 156, 314, 71, 160, 109, 34], "chunk_ids": [0, 1, 2, 3, 4, 5, 6, 7, 8, 9, 10], "selected_abs": [792, 793, 794, 795, 796, 797, 798, 799, 800, 801, 802, 803, 804, 805, 806, 807, 808, 809, 810, 811, 812, 813, 814, 815, 818, 819, 820, 823, 862, 863, 864, 865, 866, 867, 868, 870, 871, 979, 984, 985, 986, 987, 988, 989, 998, 1087, 1140, 1141, 1142, 1143, 1144, 1145, 1146, 1147, 1148, 1149, 1152, 1153, 1154, 1203, 1204, 1265, 1266, 1482, 1483, 1484, 1485, 1486, 1487, 1488, 1489, 1502, 1630, 1676, 1677, 1678, 1679, 1680, 1686, 1688, 1689, 1715, 1755, 1762, 1832, 1833, 1834, 1835, 1836, 1856, 2146, 2147, 2148, 2149, 2150, 2151, 2152, 2153, 2154, 2155, 2156, 2161, 2165, 2188, 2216, 2217, 2218, 2219, 2220, 2221, 2222, 2223, 2224, 2225, 2226, 2227, 2229, 2230, 2253, 2317, 2366, 2370, 2372, 2373, 2376, 2377, 2378, 2379, 2380, 2381, 2382, 2383, 2384, 2385, 2386, 2387, 2388, 2389, 2390, 2392, 2393, 2394, 2395, 2399, 2400, 2401, 2402, 2403, 2414, 2415, 2417, 2418, 2421, 2422, 2423, 2424, 2425, 2426, 2429, 2430, 2432, 2433, 2437, 2438, 2439, 2440, 2449, 2452, 2458, 2459, 2462, 2465, 2466, 2468, 2469, 2470, 2471, 2473, 2474, 2475, 2476, 2477, 2478, 2479, 2481, 2484, 2485, 2486, 2487, 2488, 2489, 2490, 2491, 2492, 2493, 2494, 2495, 2496, 2497, 2498, 2499, 2500, 2501, 2502, 2503, 2504, 2505, 2506, 2507, 2508, 2509, 2510, 2511, 2512, 2513, 2514, 2515, 2516, 2517, 2518, 2519, 2520], "selected_count": 222, "selection_time": 0.02183911600150168, "selection_score_forward_time": 0.021479618008015677}