{"example_id": 158, "sub_q_idx": 1, "method": "DraftModel", "reprocess_method": "DraftModel", "rate": 0.1, "system_len": 792, "passages_len": [792, 89, 127, 89, 40, 70, 107, 63, 112, 87, 123, 127, 89, 28], "chunk_ids": [0, 11, 1, 12, 13, 14, 15, 16, 17, 18, 9, 1, 11], "selected_abs": [792, 793, 794, 795, 796, 797, 798, 799, 801, 803, 806, 810, 811, 880, 881, 882, 883, 884, 885, 886, 887, 888, 889, 890, 891, 892, 893, 894, 895, 896, 1006, 1007, 1008, 1009, 1010, 1011, 1096, 1097, 1098, 1099, 1100, 1101, 1102, 1103, 1136, 1137, 1138, 1139, 1140, 1206, 1207, 1208, 1209, 1210, 1211, 1313, 1314, 1315, 1316, 1317, 1318, 1319, 1320, 1330, 1354, 1376, 1377, 1378, 1379, 1380, 1381, 1382, 1383, 1384, 1395, 1488, 1489, 1490, 1491, 1492, 1493, 1494, 1495, 1496, 1497, 1498, 1499, 1500, 1501, 1502, 1503, 1504, 1506, 1507, 1508, 1509, 1510, 1511, 1512, 1513, 1514, 1515, 1516, 1517, 1518, 1519, 1520, 1521, 1522, 1523, 1524, 1525, 1526, 1527, 1528, 1529, 1530, 1531, 1532, 1533, 1534, 1535, 1536, 1537, 1538, 1539, 1540, 1541, 1542, 1543, 1544, 1545, 1546, 1557, 1558, 1559, 1560, 1561, 1562, 1563, 1564, 1565, 1566, 1567, 1568, 1569, 1570, 1571, 1572, 1573, 1574, 1575, 1576, 1577, 1578, 1579, 1580, 1581, 1582, 1583, 1604, 1606, 1639, 1659, 1698, 1699, 1700, 1701, 1702, 1703, 1704, 1705, 1706, 1707, 1708, 1709, 1710, 1711, 1712, 1713, 1714, 1718, 1742, 1824, 1825, 1826, 1827, 1828, 1829, 1830, 1831, 1832, 1833, 1834, 1835, 1836, 1837, 1840, 1841, 1843, 1844, 1845, 1847, 1851, 1852, 1853, 1854, 1855, 1858, 1869, 1870, 1874, 1876, 1877, 1879, 1882, 1883, 1884, 1885, 1888, 1889, 1891, 1893, 1898, 1900, 1901, 1902, 1903, 1904, 1905, 1906, 1908, 1909, 1910, 1911, 1912, 1913, 1914, 1915, 1916, 1917, 1918, 1919, 1920, 1921, 1922, 1923, 1924, 1925, 1926, 1927, 1928, 1929, 1930, 1931, 1932, 1933, 1934, 1935, 1936, 1937, 1938, 1939, 1940, 1941, 1942], "selected_count": 266, "selection_time": 0.018139540014090016, "selection_score_forward_time": 0.017820668988861144}