{"example_id": 7, "sub_q_idx": 0, "method": "DraftModel", "reprocess_method": "DraftModel", "rate": 0.15, "system_len": 792, "passages_len": [792, 154, 84, 152, 254, 49, 203, 37, 183, 244, 227, 31], "chunk_ids": [0, 1, 2, 3, 4, 5, 6, 7, 8, 9, 10], "selected_abs": [792, 793, 794, 795, 796, 797, 945, 946, 1029, 1030, 1181, 1182, 1215, 1216, 1234, 1235, 1236, 1237, 1261, 1262, 1435, 1436, 1484, 1485, 1652, 1687, 1688, 1689, 1690, 1691, 1724, 1725, 1810, 1853, 1854, 1884, 1885, 1906, 1907, 1908, 1909, 1910, 1947, 1948, 1949, 1950, 1951, 1970, 1971, 1972, 1979, 1980, 1981, 2011, 2035, 2036, 2037, 2039, 2040, 2059, 2060, 2061, 2068, 2069, 2102, 2103, 2151, 2152, 2153, 2154, 2155, 2156, 2157, 2158, 2159, 2163, 2164, 2165, 2166, 2167, 2168, 2182, 2183, 2184, 2193, 2194, 2195, 2196, 2197, 2198, 2199, 2200, 2204, 2205, 2206, 2207, 2208, 2209, 2210, 2211, 2212, 2213, 2214, 2219, 2220, 2221, 2222, 2234, 2235, 2236, 2240, 2241, 2242, 2247, 2248, 2249, 2250, 2251, 2252, 2254, 2255, 2256, 2260, 2261, 2262, 2263, 2264, 2265, 2266, 2267, 2268, 2269, 2270, 2271, 2272, 2273, 2274, 2275, 2278, 2279, 2280, 2281, 2282, 2283, 2284, 2285, 2286, 2287, 2288, 2289, 2290, 2292, 2293, 2294, 2295, 2296, 2297, 2298, 2299, 2300, 2301, 2302, 2303, 2304, 2305, 2306, 2307, 2308, 2309, 2310, 2311, 2312, 2313, 2314, 2315, 2316, 2317, 2318, 2319, 2320, 2321, 2322, 2323, 2324, 2325, 2326, 2327, 2328, 2329, 2330, 2331, 2332, 2333, 2334, 2335, 2336, 2337, 2338, 2339, 2340, 2341, 2342, 2343, 2344, 2345, 2346, 2347, 2348, 2349, 2350, 2351, 2352, 2353, 2354, 2355, 2356, 2357, 2358, 2359, 2360, 2361, 2362, 2363, 2364, 2365, 2366, 2367, 2368, 2369, 2370, 2371, 2372, 2373, 2374, 2375, 2376, 2377, 2378, 2379, 2380, 2381, 2382, 2383, 2384, 2385, 2386, 2387, 2388, 2389, 2390, 2391, 2392, 2393, 2394, 2395, 2396, 2397, 2398, 2399, 2400, 2401, 2402, 2403, 2404, 2405, 2406, 2407, 2408, 2409], "selected_count": 269, "selection_time": 0.018258494994370267, "selection_score_forward_time": 0.01711971699842252}