{"example_id": 9, "sub_q_idx": 0, "method": "DraftModel", "reprocess_method": "DraftModel", "rate": 0.15, "system_len": 792, "passages_len": [792, 205, 152, 321, 212, 228, 154, 139, 265, 196, 126, 29], "chunk_ids": [0, 1, 2, 3, 4, 5, 6, 7, 8, 9, 10], "selected_abs": [792, 793, 794, 795, 838, 839, 840, 899, 962, 995, 996, 997, 998, 1002, 1012, 1030, 1148, 1381, 1468, 1469, 1470, 1560, 1618, 1619, 1620, 1626, 1627, 1628, 1645, 1646, 1647, 1657, 1680, 1681, 1682, 1707, 1708, 1709, 1739, 1776, 1813, 1879, 1880, 1881, 1883, 1884, 1885, 1908, 1909, 1910, 1911, 2062, 2063, 2064, 2072, 2117, 2159, 2160, 2161, 2175, 2191, 2201, 2202, 2203, 2204, 2205, 2206, 2207, 2248, 2290, 2291, 2292, 2301, 2302, 2303, 2322, 2323, 2324, 2354, 2363, 2364, 2365, 2368, 2370, 2385, 2388, 2390, 2391, 2392, 2403, 2404, 2405, 2407, 2408, 2409, 2446, 2447, 2448, 2466, 2467, 2468, 2469, 2470, 2471, 2474, 2475, 2476, 2477, 2478, 2499, 2505, 2506, 2507, 2522, 2530, 2531, 2532, 2536, 2537, 2538, 2545, 2546, 2547, 2554, 2555, 2556, 2566, 2567, 2568, 2587, 2588, 2589, 2594, 2596, 2597, 2598, 2601, 2605, 2610, 2622, 2623, 2624, 2625, 2626, 2627, 2628, 2629, 2630, 2631, 2632, 2633, 2634, 2635, 2636, 2637, 2638, 2639, 2640, 2641, 2642, 2643, 2645, 2647, 2648, 2649, 2650, 2651, 2652, 2653, 2654, 2655, 2659, 2662, 2663, 2664, 2665, 2666, 2667, 2668, 2669, 2670, 2671, 2672, 2673, 2674, 2675, 2676, 2677, 2678, 2679, 2681, 2682, 2683, 2684, 2685, 2686, 2687, 2688, 2689, 2690, 2691, 2692, 2693, 2694, 2695, 2696, 2697, 2698, 2699, 2700, 2701, 2702, 2703, 2704, 2705, 2706, 2707, 2708, 2709, 2710, 2711, 2712, 2713, 2714, 2715, 2716, 2717, 2718, 2719, 2720, 2721, 2722, 2723, 2724, 2725, 2726, 2727, 2728, 2729, 2730, 2731, 2732, 2733, 2734, 2735, 2736, 2737, 2738, 2739, 2740, 2741, 2742, 2743, 2744, 2745, 2746, 2747, 2748, 2749, 2750, 2751, 2752, 2753, 2754, 2755, 2756, 2757, 2758, 2759, 2760, 2761, 2762, 2763, 2764, 2765, 2766, 2767, 2768, 2769, 2770, 2771, 2772, 2773, 2774, 2775, 2776, 2777, 2778, 2779, 2780, 2781, 2782, 2783, 2784, 2785, 2786, 2787, 2788, 2789, 2790, 2791, 2792, 2793, 2794, 2795, 2796, 2797, 2798, 2799, 2800, 2801, 2802, 2803, 2804, 2805, 2806, 2807, 2808, 2809, 2810, 2811, 2812, 2813, 2814, 2815, 2816, 2817, 2818], "selected_count": 328, "selection_time": 0.021546024014241993, "selection_score_forward_time": 0.020640785980504006}