{"example_id": 2, "sub_q_idx": 0, "method": "DraftModel", "reprocess_method": "DraftModel", "rate": 0.15, "system_len": 792, "passages_len": [792, 64, 122, 88, 48, 185, 63, 99, 106, 234, 368, 64, 25], "chunk_ids": [0, 1, 2, 3, 4, 5, 6, 7, 8, 9, 10, 1], "selected_abs": [792, 793, 794, 795, 796, 977, 978, 1064, 1065, 1066, 1072, 1073, 1113, 1114, 1297, 1298, 1299, 1325, 1326, 1361, 1362, 1452, 1453, 1460, 1461, 1566, 1567, 1576, 1577, 1638, 1727, 1799, 1800, 1801, 1802, 1803, 1804, 1805, 1806, 1807, 1808, 1813, 1814, 1815, 1819, 1820, 1821, 1822, 1823, 1824, 1825, 1845, 1846, 1858, 1859, 1860, 1875, 1876, 1877, 1888, 1889, 1890, 1900, 1901, 1902, 1922, 1923, 1924, 1953, 1954, 1955, 1956, 1976, 1977, 1978, 1993, 1994, 1995, 2016, 2017, 2018, 2025, 2026, 2027, 2028, 2029, 2030, 2031, 2032, 2033, 2034, 2035, 2046, 2047, 2058, 2059, 2065, 2066, 2100, 2101, 2102, 2103, 2104, 2105, 2110, 2111, 2112, 2124, 2125, 2126, 2127, 2128, 2129, 2130, 2131, 2132, 2133, 2134, 2135, 2136, 2137, 2138, 2139, 2140, 2141, 2142, 2143, 2144, 2145, 2146, 2147, 2148, 2149, 2150, 2151, 2152, 2153, 2154, 2155, 2156, 2157, 2158, 2159, 2160, 2161, 2162, 2163, 2164, 2165, 2166, 2167, 2168, 2169, 2170, 2171, 2172, 2173, 2174, 2175, 2176, 2177, 2178, 2179, 2180, 2181, 2182, 2183, 2184, 2185, 2186, 2187, 2188, 2189, 2190, 2191, 2192, 2193, 2194, 2195, 2196, 2197, 2198, 2199, 2200, 2201, 2202, 2203, 2204, 2205, 2206, 2207, 2208, 2209, 2210, 2211, 2212, 2213, 2214, 2215, 2216, 2217, 2218, 2219, 2220, 2221, 2222, 2223, 2224, 2225, 2226, 2227, 2228, 2229, 2230, 2231, 2232, 2233, 2234, 2235, 2236, 2237, 2238, 2239, 2240, 2241, 2242, 2243, 2244, 2245, 2246, 2247, 2248, 2249, 2250, 2251, 2252, 2253, 2254, 2255, 2256, 2257], "selected_count": 241, "selection_time": 0.0191351389803458, "selection_score_forward_time": 0.017913213989231735}