{"example_id": 17, "sub_q_idx": 1, "method": "DraftModel", "reprocess_method": "DraftModel", "rate": 0.15, "system_len": 792, "passages_len": [792, 114, 90, 116, 285, 72, 127, 78, 65, 214, 226, 285, 78, 72, 114, 34], "chunk_ids": [0, 1, 4, 11, 2, 5, 12, 3, 8, 13, 14, 2, 3, 5, 1], "selected_abs": [792, 793, 794, 795, 820, 821, 822, 855, 904, 905, 906, 907, 928, 929, 930, 994, 995, 996, 1395, 1396, 1397, 1467, 1468, 1469, 1552, 1553, 1554, 1556, 1557, 1558, 1559, 1560, 1561, 1562, 1563, 1568, 1569, 1570, 1571, 1594, 1595, 1596, 1597, 1598, 1657, 1658, 1659, 1672, 1673, 1674, 1714, 1737, 1738, 1739, 1771, 1793, 1824, 1926, 1951, 1952, 1953, 1973, 2177, 2178, 2179, 2180, 2194, 2198, 2213, 2225, 2226, 2227, 2248, 2249, 2250, 2276, 2298, 2299, 2300, 2301, 2307, 2308, 2309, 2313, 2314, 2315, 2319, 2323, 2324, 2325, 2327, 2328, 2329, 2330, 2347, 2375, 2376, 2377, 2399, 2400, 2401, 2414, 2415, 2416, 2421, 2424, 2443, 2444, 2445, 2462, 2463, 2464, 2465, 2466, 2467, 2468, 2473, 2482, 2483, 2484, 2491, 2492, 2493, 2496, 2499, 2525, 2526, 2527, 2529, 2530, 2531, 2532, 2533, 2534, 2540, 2541, 2542, 2543, 2544, 2545, 2546, 2547, 2550, 2551, 2552, 2560, 2561, 2562, 2569, 2570, 2571, 2572, 2573, 2574, 2575, 2576, 2577, 2578, 2583, 2584, 2585, 2595, 2597, 2598, 2599, 2600, 2601, 2602, 2603, 2604, 2605, 2606, 2607, 2611, 2612, 2613, 2614, 2615, 2616, 2617, 2618, 2619, 2620, 2621, 2622, 2623, 2624, 2625, 2626, 2627, 2628, 2629, 2630, 2631, 2632, 2633, 2634, 2635, 2636, 2637, 2638, 2639, 2640, 2641, 2642, 2643, 2644, 2645, 2646, 2647, 2648, 2649, 2650, 2651, 2652, 2653, 2654, 2655, 2656, 2657, 2658, 2659, 2660, 2661, 2662, 2663, 2664, 2665, 2666, 2667, 2668, 2669, 2670, 2671, 2672, 2673, 2674, 2675, 2676, 2677, 2678, 2679, 2680, 2681, 2682, 2683, 2684, 2685, 2686, 2687, 2688, 2689, 2690, 2691, 2692, 2693, 2694, 2695, 2696, 2697, 2698, 2699, 2700, 2701, 2702, 2703, 2704, 2705, 2706, 2707, 2708, 2709, 2710, 2711, 2712, 2713, 2714, 2715, 2716, 2717, 2718, 2719, 2720, 2721, 2722, 2723, 2724, 2725, 2726, 2727, 2728, 2729, 2730, 2731, 2732, 2733, 2734, 2735, 2736, 2737, 2738, 2739, 2740, 2741, 2742, 2743, 2744, 2745, 2746, 2747, 2748, 2749, 2750, 2751, 2752, 2753, 2754, 2755, 2756, 2757, 2758, 2759, 2760, 2761], "selected_count": 324, "selection_time": 0.020590849017025903, "selection_score_forward_time": 0.01983393999398686}