{"example_id": 16, "sub_q_idx": 0, "method": "DraftModel", "reprocess_method": "DraftModel", "rate": 0.15, "system_len": 792, "passages_len": [792, 225, 138, 198, 183, 148, 75, 195, 80, 162, 111, 32], "chunk_ids": [0, 1, 2, 3, 4, 5, 6, 7, 8, 9, 10], "selected_abs": [792, 793, 794, 1016, 1017, 1091, 1123, 1124, 1153, 1154, 1155, 1156, 1169, 1170, 1185, 1186, 1187, 1352, 1353, 1386, 1387, 1388, 1535, 1536, 1560, 1561, 1562, 1682, 1683, 1684, 1758, 1759, 1760, 1761, 1762, 1806, 1807, 1808, 1823, 1824, 1825, 1826, 1827, 1891, 1892, 1893, 1915, 1916, 1917, 1927, 1928, 1929, 1930, 1931, 1932, 1952, 1953, 1954, 1955, 1956, 1972, 1973, 1974, 1980, 1981, 1982, 1996, 1997, 1998, 2032, 2033, 2034, 2035, 2036, 2037, 2046, 2047, 2048, 2084, 2085, 2086, 2103, 2104, 2105, 2106, 2116, 2117, 2118, 2128, 2129, 2130, 2135, 2136, 2137, 2148, 2149, 2150, 2151, 2152, 2153, 2161, 2162, 2163, 2177, 2178, 2179, 2180, 2181, 2182, 2183, 2184, 2185, 2186, 2192, 2193, 2194, 2195, 2196, 2197, 2198, 2199, 2200, 2201, 2202, 2204, 2205, 2206, 2207, 2208, 2209, 2210, 2211, 2212, 2213, 2214, 2215, 2216, 2217, 2218, 2219, 2220, 2221, 2222, 2223, 2224, 2225, 2226, 2227, 2228, 2229, 2230, 2231, 2232, 2233, 2234, 2235, 2236, 2237, 2238, 2239, 2240, 2241, 2242, 2243, 2244, 2245, 2246, 2247, 2248, 2249, 2250, 2251, 2252, 2253, 2254, 2255, 2256, 2257, 2258, 2259, 2260, 2261, 2262, 2263, 2264, 2265, 2266, 2267, 2268, 2269, 2270, 2271, 2272, 2273, 2274, 2275, 2276, 2277, 2278, 2279, 2280, 2281, 2282, 2283, 2284, 2285, 2286, 2287, 2288, 2289, 2290, 2291, 2292, 2293, 2294, 2295, 2296, 2297, 2298, 2299, 2300, 2301, 2302, 2303, 2304, 2305, 2306, 2307, 2308, 2309, 2310, 2311, 2312, 2313, 2314, 2315, 2316, 2317, 2318, 2319, 2320, 2321, 2322, 2323, 2324, 2325, 2326, 2327, 2328, 2329, 2330, 2331, 2332, 2333, 2334, 2335, 2336, 2337, 2338], "selected_count": 259, "selection_time": 0.017270045005716383, "selection_score_forward_time": 0.016474342002766207}