{"example_id": 14, "sub_q_idx": 1, "method": "DraftModel", "reprocess_method": "DraftModel", "rate": 0.15, "system_len": 792, "passages_len": [792, 47, 106, 144, 95, 210, 394, 168, 93, 51, 98, 144, 84, 47, 28], "chunk_ids": [0, 11, 8, 1, 12, 13, 14, 15, 6, 16, 17, 1, 4, 11], "selected_abs": [792, 793, 794, 1088, 1089, 1183, 1184, 1330, 1331, 1346, 1347, 1392, 1393, 1394, 1396, 1397, 1398, 1462, 1468, 1511, 1563, 1564, 1787, 1788, 1789, 1790, 1807, 1808, 1865, 1885, 1955, 1956, 1957, 1958, 1959, 1996, 1997, 1998, 2047, 2048, 2049, 2050, 2051, 2054, 2055, 2056, 2060, 2061, 2062, 2063, 2064, 2065, 2075, 2076, 2092, 2093, 2094, 2098, 2099, 2100, 2101, 2102, 2103, 2104, 2105, 2106, 2107, 2108, 2109, 2110, 2126, 2127, 2128, 2138, 2139, 2140, 2178, 2179, 2197, 2198, 2199, 2200, 2201, 2206, 2207, 2208, 2209, 2210, 2211, 2212, 2213, 2219, 2220, 2221, 2263, 2264, 2265, 2285, 2286, 2287, 2290, 2291, 2292, 2310, 2311, 2312, 2313, 2314, 2316, 2317, 2318, 2319, 2320, 2321, 2322, 2323, 2324, 2327, 2331, 2332, 2333, 2334, 2335, 2336, 2339, 2340, 2341, 2342, 2343, 2344, 2345, 2346, 2347, 2349, 2350, 2351, 2352, 2353, 2354, 2355, 2356, 2357, 2358, 2363, 2364, 2365, 2366, 2367, 2368, 2369, 2370, 2371, 2372, 2373, 2374, 2376, 2377, 2378, 2379, 2380, 2381, 2382, 2383, 2384, 2385, 2386, 2387, 2388, 2389, 2390, 2391, 2392, 2393, 2394, 2395, 2396, 2397, 2398, 2399, 2400, 2401, 2402, 2403, 2404, 2405, 2406, 2407, 2408, 2409, 2410, 2411, 2412, 2413, 2414, 2415, 2416, 2417, 2418, 2419, 2420, 2421, 2422, 2423, 2424, 2425, 2426, 2427, 2428, 2429, 2430, 2431, 2432, 2433, 2434, 2435, 2436, 2437, 2438, 2439, 2440, 2441, 2442, 2443, 2444, 2445, 2446, 2447, 2448, 2449, 2450, 2451, 2452, 2453, 2454, 2455, 2456, 2457, 2458, 2459, 2460, 2461, 2462, 2463, 2464, 2465, 2466, 2467, 2468, 2469, 2470, 2471, 2472, 2473, 2474, 2475, 2476, 2477, 2478, 2479, 2480, 2481, 2482, 2483, 2484, 2485, 2486, 2487, 2488, 2489, 2490, 2491, 2492, 2493, 2494, 2495, 2496, 2497, 2498, 2499, 2500], "selected_count": 280, "selection_time": 0.019589550996897742, "selection_score_forward_time": 0.018354806990828365}