{"example_id": 13, "sub_q_idx": 0, "method": "DraftModel", "reprocess_method": "DraftModel", "rate": 0.15, "system_len": 792, "passages_len": [792, 86, 265, 45, 79, 60, 126, 96, 45, 148, 192, 25], "chunk_ids": [0, 1, 2, 3, 4, 5, 6, 7, 8, 9, 10], "selected_abs": [792, 793, 794, 795, 796, 797, 799, 800, 877, 878, 1142, 1143, 1144, 1187, 1188, 1266, 1267, 1326, 1327, 1451, 1452, 1453, 1454, 1455, 1510, 1511, 1512, 1548, 1549, 1550, 1551, 1552, 1557, 1558, 1559, 1592, 1593, 1594, 1595, 1596, 1628, 1629, 1660, 1661, 1701, 1741, 1742, 1743, 1744, 1745, 1774, 1784, 1785, 1786, 1792, 1793, 1794, 1795, 1796, 1811, 1812, 1813, 1814, 1815, 1816, 1817, 1818, 1819, 1820, 1827, 1828, 1829, 1830, 1831, 1832, 1833, 1837, 1838, 1839, 1840, 1841, 1842, 1843, 1844, 1845, 1846, 1847, 1848, 1849, 1850, 1851, 1852, 1853, 1854, 1855, 1856, 1857, 1858, 1859, 1860, 1861, 1862, 1863, 1864, 1865, 1866, 1867, 1868, 1869, 1870, 1871, 1872, 1873, 1874, 1875, 1876, 1877, 1878, 1879, 1880, 1881, 1882, 1883, 1884, 1885, 1886, 1887, 1888, 1889, 1891, 1892, 1893, 1894, 1895, 1897, 1898, 1899, 1900, 1901, 1902, 1903, 1904, 1905, 1906, 1907, 1908, 1909, 1910, 1911, 1912, 1913, 1914, 1915, 1916, 1917, 1918, 1919, 1920, 1921, 1922, 1923, 1924, 1925, 1926, 1927, 1928, 1929, 1930, 1931, 1932, 1933, 1934, 1935, 1936, 1937, 1938, 1939, 1940, 1941, 1942, 1943, 1944, 1945, 1946, 1947, 1948, 1949, 1950, 1951, 1952, 1953, 1954, 1955, 1956, 1957, 1958], "selected_count": 196, "selection_time": 0.0164632800151594, "selection_score_forward_time": 0.015622255014022812}