{"example_id": 4, "sub_q_idx": 1, "method": "DraftModel", "reprocess_method": "DraftModel", "rate": 0.15, "system_len": 792, "passages_len": [792, 148, 139, 149, 265, 228, 196, 72, 88, 86, 321, 96, 148, 139, 28], "chunk_ids": [0, 11, 12, 13, 5, 14, 15, 16, 17, 18, 19, 1, 11, 12], "selected_abs": [792, 793, 794, 795, 938, 939, 940, 965, 980, 1026, 1027, 1028, 1074, 1075, 1076, 1077, 1078, 1079, 1094, 1112, 1113, 1114, 1223, 1224, 1225, 1226, 1227, 1228, 1491, 1492, 1493, 1623, 1624, 1625, 1690, 1691, 1692, 1719, 1720, 1721, 1722, 1723, 1724, 1725, 1727, 1728, 1729, 1730, 1731, 1759, 1784, 1877, 1915, 1916, 1917, 1918, 1965, 1966, 1967, 1987, 1988, 1989, 2075, 2076, 2077, 2078, 2123, 2161, 2162, 2163, 2214, 2238, 2239, 2240, 2298, 2299, 2300, 2346, 2347, 2348, 2387, 2388, 2389, 2394, 2395, 2396, 2433, 2434, 2435, 2455, 2465, 2466, 2467, 2482, 2483, 2484, 2485, 2486, 2487, 2491, 2492, 2493, 2502, 2510, 2511, 2512, 2526, 2534, 2535, 2536, 2541, 2542, 2543, 2557, 2578, 2579, 2580, 2581, 2582, 2583, 2584, 2585, 2586, 2587, 2588, 2589, 2590, 2601, 2602, 2603, 2604, 2613, 2614, 2615, 2616, 2621, 2625, 2626, 2627, 2635, 2636, 2637, 2645, 2646, 2647, 2653, 2654, 2655, 2656, 2657, 2658, 2659, 2660, 2668, 2669, 2670, 2677, 2686, 2687, 2688, 2691, 2692, 2693, 2694, 2695, 2698, 2699, 2700, 2701, 2702, 2703, 2704, 2712, 2713, 2714, 2715, 2716, 2717, 2726, 2727, 2728, 2729, 2730, 2731, 2732, 2733, 2734, 2735, 2736, 2744, 2745, 2746, 2747, 2748, 2749, 2750, 2751, 2752, 2753, 2754, 2755, 2756, 2757, 2758, 2759, 2760, 2761, 2762, 2763, 2764, 2765, 2766, 2767, 2768, 2769, 2770, 2771, 2772, 2774, 2775, 2776, 2777, 2778, 2779, 2780, 2781, 2782, 2783, 2784, 2785, 2786, 2787, 2788, 2789, 2790, 2791, 2792, 2793, 2794, 2795, 2796, 2797, 2798, 2799, 2800, 2801, 2802, 2803, 2804, 2805, 2806, 2807, 2808, 2809, 2810, 2811, 2812, 2813, 2814, 2815, 2816, 2817, 2818, 2819, 2820, 2821, 2822, 2823, 2824, 2825, 2826, 2827, 2828, 2829, 2830, 2831, 2832, 2833, 2834, 2835, 2836, 2837, 2838, 2839, 2840, 2841, 2842, 2843, 2844, 2845, 2846, 2847, 2848, 2849, 2850, 2851, 2852, 2853, 2854, 2855, 2856, 2857, 2858, 2859, 2860, 2861, 2862, 2863, 2864, 2865, 2866, 2867, 2868, 2869, 2870, 2871, 2872, 2873, 2874, 2875, 2876, 2877, 2878, 2879, 2880, 2881, 2882, 2883, 2884, 2885, 2886, 2887, 2888, 2889, 2890, 2891, 2892, 2893, 2894], "selected_count": 339, "selection_time": 0.022617818001890555, "selection_score_forward_time": 0.021687994012609124}