{"example_id": 114, "sub_q_idx": 1, "method": "DraftModel", "reprocess_method": "DraftModel", "rate": 0.1, "system_len": 792, "passages_len": [792, 55, 108, 57, 143, 97, 77, 163, 134, 142, 163, 149, 55, 28], "chunk_ids": [0, 11, 12, 13, 14, 15, 16, 17, 18, 19, 20, 2, 11], "selected_abs": [792, 793, 794, 795, 796, 797, 798, 799, 800, 801, 802, 803, 804, 805, 806, 807, 808, 809, 810, 811, 812, 813, 814, 815, 816, 823, 830, 846, 847, 848, 849, 850, 851, 853, 854, 873, 874, 892, 954, 955, 956, 957, 958, 959, 960, 961, 962, 963, 964, 996, 1011, 1012, 1013, 1014, 1015, 1016, 1101, 1113, 1154, 1155, 1156, 1157, 1158, 1159, 1160, 1161, 1162, 1189, 1201, 1251, 1252, 1253, 1254, 1255, 1256, 1261, 1328, 1329, 1330, 1331, 1332, 1333, 1334, 1491, 1492, 1493, 1494, 1495, 1496, 1497, 1498, 1514, 1515, 1516, 1517, 1524, 1525, 1526, 1527, 1528, 1529, 1530, 1531, 1611, 1619, 1624, 1625, 1626, 1627, 1628, 1629, 1630, 1631, 1632, 1633, 1634, 1635, 1672, 1673, 1674, 1675, 1676, 1677, 1678, 1704, 1742, 1765, 1766, 1767, 1768, 1769, 1770, 1771, 1772, 1773, 1774, 1775, 1776, 1777, 1778, 1779, 1780, 1788, 1789, 1790, 1791, 1792, 1793, 1794, 1795, 1811, 1822, 1850, 1851, 1852, 1853, 1854, 1855, 1856, 1857, 1858, 1859, 1874, 1875, 1876, 1877, 1878, 1879, 1880, 1881, 1882, 1883, 1884, 1885, 1886, 1887, 1888, 1889, 1890, 1891, 1892, 1893, 1894, 1895, 1905, 1906, 1907, 1908, 1909, 1910, 1911, 1912, 1913, 1914, 1915, 1916, 1917, 1918, 1919, 1920, 1921, 1922, 1923, 1924, 1925, 1926, 1927, 1928, 1929, 1930, 1931, 1932, 1933, 1934, 1935, 1936, 1937, 1939, 1940, 1941, 1942, 1948, 1952, 1960, 1961, 1965, 1970, 1985, 1986, 2032, 2037, 2040, 2041, 2042, 2060, 2065, 2066, 2070, 2073, 2074, 2075, 2076, 2077, 2078, 2079, 2080, 2081, 2082, 2083, 2084, 2085, 2086, 2087, 2088, 2089, 2090, 2091, 2092, 2093, 2094, 2095, 2096, 2097, 2098, 2099, 2100, 2101, 2102, 2103, 2104, 2105, 2106, 2108, 2109, 2110, 2111, 2112, 2113, 2114, 2115, 2117, 2118, 2119, 2120, 2121, 2122, 2123, 2124, 2125, 2126, 2127, 2128, 2129, 2130, 2131, 2132, 2133, 2134, 2135, 2136, 2137, 2138, 2139, 2140, 2141, 2142, 2143, 2144, 2145, 2146, 2147, 2148, 2149, 2150, 2151, 2152, 2153, 2154, 2155, 2156, 2157, 2158, 2159, 2160, 2161, 2162], "selected_count": 326, "selection_time": 0.04587980598444119, "selection_score_forward_time": 0.04545252598472871}