{"example_id": 123, "sub_q_idx": 0, "method": "DraftModel", "reprocess_method": "DraftModel", "rate": 0.1, "system_len": 792, "passages_len": [792, 105, 60, 420, 87, 196, 223, 231, 218, 241, 162, 26], "chunk_ids": [0, 1, 2, 3, 4, 5, 6, 7, 8, 9, 10], "selected_abs": [792, 793, 794, 795, 796, 797, 798, 799, 800, 801, 802, 803, 804, 805, 806, 807, 808, 809, 810, 811, 812, 813, 814, 819, 820, 821, 822, 823, 824, 831, 846, 847, 848, 849, 850, 857, 858, 859, 860, 862, 892, 893, 894, 895, 896, 897, 898, 899, 900, 901, 902, 903, 906, 907, 908, 910, 926, 932, 953, 956, 957, 958, 959, 960, 961, 986, 988, 1063, 1065, 1147, 1336, 1376, 1377, 1378, 1379, 1380, 1381, 1382, 1383, 1384, 1463, 1464, 1465, 1466, 1467, 1468, 1469, 1470, 1471, 1472, 1477, 1517, 1518, 1519, 1520, 1521, 1565, 1605, 1659, 1660, 1661, 1662, 1663, 1664, 1665, 1666, 1715, 1840, 1882, 1883, 1884, 1885, 1886, 1887, 1889, 1890, 1892, 1893, 1894, 1895, 1918, 2037, 2113, 2114, 2115, 2116, 2117, 2118, 2119, 2120, 2139, 2140, 2158, 2195, 2331, 2332, 2333, 2334, 2335, 2336, 2337, 2341, 2371, 2427, 2460, 2482, 2483, 2517, 2528, 2529, 2572, 2573, 2574, 2575, 2576, 2577, 2578, 2579, 2580, 2581, 2584, 2585, 2589, 2590, 2593, 2595, 2597, 2602, 2608, 2620, 2622, 2625, 2630, 2638, 2639, 2640, 2641, 2655, 2656, 2658, 2660, 2661, 2662, 2663, 2665, 2666, 2667, 2668, 2669, 2671, 2672, 2676, 2677, 2682, 2683, 2684, 2685, 2686, 2688, 2691, 2695, 2699, 2700, 2701, 2702, 2706, 2707, 2708, 2709, 2710, 2711, 2712, 2713, 2714, 2715, 2716, 2717, 2718, 2719, 2720, 2721, 2722, 2723, 2724, 2725, 2726, 2727, 2728, 2729, 2730, 2731, 2732, 2733, 2734, 2735, 2736, 2737, 2738, 2739, 2740, 2741, 2742, 2743, 2744, 2745, 2746, 2747, 2748, 2749, 2750, 2751, 2752, 2753, 2754, 2755, 2756, 2757, 2758, 2759, 2760], "selected_count": 260, "selection_time": 0.05921870798920281, "selection_score_forward_time": 0.05884954202338122}