{"example_id": 102, "sub_q_idx": 0, "method": "DraftModel", "reprocess_method": "DraftModel", "rate": 0.1, "system_len": 792, "passages_len": [792, 124, 59, 158, 99, 147, 78, 156, 118, 185, 136, 27], "chunk_ids": [0, 1, 2, 3, 4, 5, 6, 7, 8, 9, 10], "selected_abs": [792, 793, 794, 795, 796, 797, 798, 799, 800, 801, 802, 803, 804, 805, 806, 807, 808, 853, 889, 915, 916, 917, 918, 919, 920, 921, 922, 923, 924, 925, 926, 927, 974, 975, 976, 977, 978, 979, 980, 981, 1090, 1091, 1131, 1132, 1133, 1134, 1135, 1136, 1137, 1139, 1141, 1146, 1231, 1232, 1233, 1234, 1235, 1236, 1237, 1238, 1239, 1378, 1379, 1380, 1381, 1382, 1383, 1384, 1385, 1387, 1388, 1389, 1390, 1456, 1457, 1458, 1459, 1460, 1472, 1485, 1612, 1613, 1614, 1615, 1616, 1617, 1696, 1730, 1731, 1732, 1733, 1748, 1774, 1783, 1875, 1915, 1916, 1917, 1918, 1919, 1920, 1924, 1926, 1927, 1928, 1929, 1940, 1944, 1954, 1982, 1988, 1989, 1990, 1991, 1995, 1999, 2000, 2004, 2005, 2006, 2009, 2010, 2015, 2019, 2023, 2024, 2025, 2026, 2027, 2028, 2029, 2030, 2031, 2034, 2035, 2036, 2037, 2038, 2039, 2040, 2041, 2042, 2043, 2044, 2045, 2046, 2047, 2048, 2049, 2050, 2051, 2052, 2053, 2054, 2055, 2056, 2057, 2058, 2059, 2060, 2061, 2062, 2063, 2064, 2065, 2066, 2067, 2068, 2069, 2070, 2071, 2072, 2073, 2074, 2075, 2076, 2077, 2078], "selected_count": 178, "selection_time": 0.04553541197674349, "selection_score_forward_time": 0.04519447500933893}