{"example_id": 120, "sub_q_idx": 0, "method": "DraftModel", "reprocess_method": "DraftModel", "rate": 0.1, "system_len": 792, "passages_len": [792, 267, 87, 140, 203, 164, 264, 307, 160, 102, 54, 267, 140, 33], "chunk_ids": [0, 1, 2, 3, 4, 5, 6, 7, 8, 9, 10, 1, 3], "selected_abs": [792, 793, 794, 795, 796, 797, 798, 799, 800, 801, 802, 803, 804, 805, 806, 807, 840, 841, 842, 846, 866, 967, 977, 1012, 1058, 1059, 1060, 1061, 1062, 1063, 1067, 1068, 1069, 1070, 1079, 1080, 1081, 1082, 1107, 1145, 1146, 1147, 1148, 1157, 1252, 1262, 1285, 1286, 1287, 1288, 1289, 1293, 1488, 1489, 1490, 1491, 1492, 1493, 1494, 1506, 1507, 1508, 1652, 1653, 1654, 1655, 1664, 1676, 1679, 1690, 1846, 1847, 1848, 1915, 1916, 1917, 1918, 1919, 1928, 1942, 1943, 1953, 1991, 2011, 2061, 2132, 2223, 2224, 2225, 2226, 2227, 2228, 2229, 2230, 2231, 2232, 2233, 2234, 2235, 2236, 2237, 2238, 2239, 2240, 2241, 2242, 2243, 2256, 2264, 2281, 2290, 2301, 2302, 2318, 2357, 2358, 2379, 2382, 2383, 2384, 2385, 2386, 2387, 2388, 2389, 2390, 2391, 2392, 2393, 2394, 2395, 2396, 2397, 2398, 2399, 2400, 2401, 2402, 2403, 2404, 2407, 2409, 2410, 2415, 2417, 2418, 2419, 2420, 2421, 2422, 2437, 2438, 2459, 2484, 2485, 2486, 2487, 2488, 2489, 2490, 2491, 2492, 2493, 2494, 2495, 2496, 2497, 2498, 2499, 2500, 2501, 2502, 2503, 2504, 2505, 2506, 2507, 2508, 2509, 2510, 2511, 2512, 2513, 2514, 2515, 2516, 2517, 2518, 2519, 2520, 2521, 2522, 2523, 2524, 2525, 2526, 2527, 2528, 2529, 2530, 2531, 2532, 2533, 2534, 2535, 2536, 2537, 2538, 2539, 2540, 2541, 2542, 2543, 2544, 2545, 2546, 2547, 2548, 2549, 2550, 2551, 2552, 2553, 2554, 2555, 2588, 2589, 2590, 2614, 2639, 2710, 2721, 2723, 2725, 2760, 2777, 2792, 2806, 2807, 2808, 2809, 2812, 2813, 2817, 2818, 2824, 2825, 2828, 2832, 2846, 2847, 2848, 2849, 2850, 2856, 2882, 2883, 2884, 2888, 2889, 2890, 2891, 2892, 2893, 2894, 2897, 2898, 2900, 2904, 2905, 2906, 2910, 2911, 2912, 2913, 2914, 2915, 2916, 2917, 2919, 2921, 2922, 2923, 2924, 2925, 2926, 2928, 2929, 2930, 2931, 2932, 2933, 2934, 2935, 2936, 2937, 2938, 2939, 2940, 2941, 2942, 2943, 2944, 2945, 2946, 2947, 2948, 2949, 2950, 2951, 2952, 2953, 2954, 2955, 2956, 2957, 2958, 2959, 2960, 2961, 2962, 2963, 2964, 2965, 2966, 2967, 2968, 2969, 2970, 2971, 2972, 2973, 2974, 2975, 2976, 2977, 2978, 2979], "selected_count": 338, "selection_time": 0.06186295798397623, "selection_score_forward_time": 0.06148822800605558}