{"example_id": 121, "sub_q_idx": 0, "method": "DraftModel", "reprocess_method": "DraftModel", "rate": 0.1, "system_len": 792, "passages_len": [792, 100, 325, 208, 270, 84, 190, 120, 126, 168, 205, 28], "chunk_ids": [0, 1, 2, 3, 4, 5, 6, 7, 8, 9, 10], "selected_abs": [792, 793, 794, 795, 796, 797, 798, 799, 800, 801, 803, 804, 805, 806, 807, 808, 809, 819, 820, 821, 822, 823, 832, 837, 839, 840, 842, 868, 890, 891, 892, 893, 894, 895, 896, 987, 1216, 1217, 1218, 1219, 1220, 1221, 1222, 1354, 1424, 1425, 1426, 1427, 1428, 1429, 1430, 1431, 1432, 1437, 1605, 1694, 1695, 1696, 1697, 1698, 1699, 1700, 1701, 1702, 1703, 1705, 1726, 1778, 1779, 1780, 1781, 1782, 1783, 1784, 1785, 1846, 1968, 1969, 1970, 1971, 1972, 1973, 1974, 2028, 2088, 2089, 2090, 2091, 2092, 2093, 2094, 2099, 2100, 2106, 2108, 2111, 2130, 2214, 2215, 2216, 2217, 2218, 2219, 2232, 2255, 2256, 2257, 2263, 2266, 2284, 2342, 2357, 2382, 2383, 2384, 2385, 2386, 2387, 2388, 2389, 2392, 2393, 2394, 2400, 2406, 2407, 2408, 2413, 2426, 2432, 2433, 2441, 2451, 2474, 2475, 2476, 2489, 2490, 2494, 2501, 2506, 2513, 2514, 2523, 2528, 2533, 2536, 2543, 2544, 2547, 2549, 2551, 2554, 2555, 2556, 2557, 2559, 2562, 2563, 2564, 2565, 2566, 2567, 2568, 2569, 2570, 2571, 2575, 2576, 2577, 2578, 2579, 2580, 2581, 2582, 2583, 2584, 2585, 2586, 2587, 2588, 2589, 2590, 2591, 2592, 2593, 2594, 2595, 2596, 2597, 2598, 2599, 2600, 2601, 2602, 2603, 2604, 2605, 2606, 2607, 2608, 2609, 2610, 2611, 2612, 2613, 2614, 2615], "selected_count": 208, "selection_time": 0.05634166600066237, "selection_score_forward_time": 0.055910187016706914}