{"example_id": 15, "sub_q_idx": 0, "method": "DraftModel", "reprocess_method": "DraftModel", "rate": 0.15, "system_len": 792, "passages_len": [792, 89, 104, 82, 40, 110, 68, 53, 50, 33, 49, 27], "chunk_ids": [0, 1, 2, 3, 4, 5, 6, 7, 8, 9, 10], "selected_abs": [792, 793, 794, 795, 796, 797, 798, 799, 800, 801, 802, 803, 804, 805, 806, 807, 808, 809, 810, 811, 812, 813, 814, 815, 816, 817, 818, 819, 820, 879, 880, 881, 882, 883, 884, 885, 984, 985, 986, 987, 988, 989, 1066, 1067, 1068, 1069, 1070, 1071, 1072, 1073, 1216, 1217, 1218, 1219, 1220, 1284, 1285, 1286, 1287, 1288, 1289, 1290, 1337, 1338, 1339, 1340, 1341, 1342, 1343, 1344, 1345, 1387, 1388, 1389, 1390, 1391, 1392, 1393, 1394, 1418, 1419, 1420, 1421, 1422, 1423, 1424, 1425, 1426, 1427, 1428, 1432, 1433, 1434, 1435, 1436, 1437, 1438, 1439, 1440, 1441, 1442, 1470, 1471, 1472, 1473, 1474, 1475, 1476, 1477, 1478, 1479, 1480, 1481, 1482, 1483, 1484, 1485, 1486, 1487, 1488, 1489, 1490, 1491, 1492, 1493, 1494, 1495, 1496], "selected_count": 128, "selection_time": 0.092184110020753, "selection_score_forward_time": 0.0915199089795351}