split,val_jaccard_r0p05,val_jaccard_r0p1,val_jaccard_r0p15,val_jaccard_r0p3,val_kl,val_recall_r0p05,val_recall_r0p1,val_recall_r0p15,val_recall_r0p3
wiki,0.26274030323811093,0.3181116728747599,0.3657976643458486,0.43162280226906835,0.008322678722441197,0.40868421052631576,0.4772368421052645,0.5308947368421054,0.599721739130441
musique,0.2538321458770225,0.23674025943700702,0.2356885757206755,0.28817257841290045,0.010716896253998262,0.38127290227643973,0.36953787843579244,0.3732435485523549,0.4399708168417219
