{"example_id": 162, "sub_q_idx": 0, "method": "DraftModel", "reprocess_method": "DraftModel", "rate": 0.1, "system_len": 792, "passages_len": [792, 115, 142, 139, 79, 37, 108, 119, 119, 167, 118, 115, 142, 33], "chunk_ids": [0, 1, 2, 3, 4, 5, 6, 7, 8, 9, 10, 1, 2], "selected_abs": [792, 793, 794, 795, 796, 797, 798, 799, 800, 801, 802, 803, 804, 805, 806, 807, 808, 811, 812, 813, 819, 822, 823, 831, 843, 845, 846, 851, 854, 857, 906, 907, 908, 909, 910, 915, 934, 938, 939, 969, 1048, 1049, 1187, 1188, 1189, 1190, 1191, 1192, 1193, 1194, 1195, 1237, 1266, 1267, 1268, 1269, 1270, 1272, 1273, 1276, 1286, 1303, 1304, 1327, 1337, 1411, 1412, 1423, 1530, 1531, 1532, 1533, 1534, 1535, 1537, 1538, 1539, 1541, 1648, 1649, 1650, 1651, 1652, 1653, 1654, 1655, 1656, 1658, 1659, 1660, 1695, 1746, 1750, 1770, 1816, 1817, 1818, 1819, 1820, 1821, 1822, 1823, 1824, 1830, 1838, 1840, 1841, 1842, 1843, 1844, 1845, 1846, 1847, 1848, 1849, 1850, 1851, 1852, 1853, 1855, 1881, 1882, 1883, 1884, 1885, 1886, 1887, 1888, 1889, 1890, 1891, 1892, 1893, 1895, 1896, 1915, 1916, 1917, 1918, 1919, 1920, 1921, 1922, 1923, 1924, 1925, 1928, 1929, 1930, 1932, 1933, 1934, 1935, 1936, 1937, 1938, 1939, 1940, 1941, 1942, 1943, 1944, 1945, 1946, 1947, 1948, 1949, 1950, 1951, 1953, 1954, 1955, 1966, 1973, 1974, 1989, 1997, 1999, 2049, 2050, 2051, 2052, 2053, 2054, 2055, 2061, 2063, 2068, 2071, 2072, 2074, 2075, 2076, 2077, 2078, 2079, 2080, 2081, 2082, 2086, 2088, 2097, 2112, 2114, 2154, 2191, 2192, 2193, 2194, 2195, 2196, 2197, 2198, 2199, 2200, 2201, 2202, 2203, 2204, 2205, 2206, 2207, 2208, 2209, 2210, 2211, 2212, 2213, 2214, 2215, 2216, 2217, 2218, 2219, 2220, 2221, 2222, 2223, 2224], "selected_count": 239, "selection_time": 0.06847164902137592, "selection_score_forward_time": 0.06811943199136294}