{"example_id": 152, "sub_q_idx": 1, "method": "DraftModel", "reprocess_method": "DraftModel", "rate": 0.1, "system_len": 792, "passages_len": [792, 180, 224, 155, 71, 71, 314, 116, 123, 91, 84, 71, 224, 30], "chunk_ids": [0, 11, 12, 3, 8, 1, 7, 13, 2, 14, 15, 1, 12], "selected_abs": [792, 793, 794, 795, 796, 797, 798, 799, 800, 815, 822, 825, 826, 832, 846, 869, 872, 896, 897, 914, 921, 925, 944, 971, 972, 973, 974, 975, 976, 977, 978, 979, 996, 1004, 1011, 1049, 1067, 1079, 1081, 1094, 1111, 1125, 1158, 1174, 1186, 1195, 1196, 1197, 1198, 1199, 1202, 1208, 1219, 1232, 1233, 1261, 1270, 1274, 1275, 1293, 1329, 1350, 1351, 1352, 1353, 1354, 1355, 1356, 1369, 1396, 1420, 1421, 1422, 1423, 1424, 1425, 1426, 1427, 1428, 1429, 1430, 1431, 1432, 1433, 1434, 1435, 1436, 1437, 1438, 1439, 1440, 1441, 1442, 1443, 1444, 1445, 1448, 1449, 1450, 1492, 1493, 1494, 1495, 1496, 1500, 1582, 1597, 1598, 1610, 1618, 1645, 1691, 1729, 1806, 1807, 1808, 1809, 1810, 1811, 1817, 1819, 1865, 1866, 1867, 1868, 1869, 1872, 1876, 1881, 1882, 1883, 1884, 1885, 1886, 1887, 1888, 1889, 1900, 1917, 1918, 1919, 1920, 1921, 1922, 1923, 1924, 1925, 1926, 1927, 1928, 1929, 1930, 1931, 1932, 1933, 1934, 1959, 1962, 1974, 1975, 1995, 1998, 2009, 2044, 2045, 2046, 2047, 2048, 2049, 2050, 2051, 2052, 2053, 2054, 2055, 2056, 2057, 2058, 2059, 2060, 2061, 2062, 2063, 2064, 2065, 2066, 2071, 2135, 2136, 2137, 2138, 2139, 2140, 2141, 2142, 2143, 2144, 2145, 2146, 2147, 2148, 2149, 2150, 2151, 2152, 2153, 2154, 2155, 2156, 2157, 2158, 2159, 2160, 2161, 2162, 2163, 2164, 2165, 2166, 2170, 2171, 2172, 2173, 2174, 2175, 2176, 2177, 2178, 2179, 2181, 2182, 2183, 2184, 2185, 2186, 2187, 2188, 2189, 2190, 2191, 2192, 2194, 2195, 2196, 2197, 2206, 2207, 2210, 2211, 2212, 2213, 2214, 2215, 2216, 2217, 2218, 2219, 2220, 2221, 2222, 2223, 2224, 2225, 2226, 2227, 2228, 2229, 2230, 2231, 2232, 2233, 2234, 2235, 2236, 2237, 2238, 2239, 2240, 2241, 2242, 2243, 2244, 2247, 2248, 2249, 2291, 2292, 2293, 2294, 2295, 2296, 2297, 2298, 2299, 2301, 2302, 2303, 2306, 2315, 2316, 2324, 2331, 2350, 2381, 2387, 2408, 2414, 2431, 2445, 2451, 2469, 2478, 2498, 2514, 2515, 2516, 2517, 2518, 2519, 2520, 2521, 2522, 2523, 2524, 2525, 2526, 2527, 2528, 2529, 2530, 2531, 2532, 2533, 2534, 2535, 2536, 2537, 2538, 2539, 2540, 2541, 2542, 2543, 2544, 2545], "selected_count": 345, "selection_time": 0.079066487000091, "selection_score_forward_time": 0.07866206098697148}