{"example_id": 164, "sub_q_idx": 0, "method": "DraftModel", "reprocess_method": "DraftModel", "rate": 0.1, "system_len": 792, "passages_len": [792, 63, 101, 102, 216, 150, 246, 202, 235, 213, 153, 31], "chunk_ids": [0, 1, 2, 3, 4, 5, 6, 7, 8, 9, 10], "selected_abs": [792, 793, 794, 795, 796, 797, 798, 799, 800, 801, 802, 803, 804, 805, 806, 807, 808, 809, 816, 819, 820, 821, 823, 826, 827, 828, 829, 853, 854, 855, 856, 857, 858, 859, 860, 861, 862, 863, 864, 865, 866, 867, 868, 872, 882, 883, 884, 885, 886, 895, 896, 897, 901, 928, 938, 954, 955, 956, 957, 958, 959, 960, 961, 962, 999, 1000, 1004, 1052, 1053, 1057, 1058, 1059, 1060, 1061, 1062, 1063, 1064, 1065, 1069, 1075, 1079, 1080, 1083, 1085, 1094, 1128, 1129, 1134, 1135, 1140, 1142, 1146, 1192, 1236, 1242, 1244, 1252, 1272, 1273, 1274, 1275, 1276, 1277, 1278, 1279, 1280, 1285, 1286, 1287, 1288, 1289, 1291, 1292, 1293, 1294, 1295, 1296, 1297, 1298, 1299, 1341, 1422, 1423, 1424, 1425, 1426, 1427, 1428, 1429, 1430, 1431, 1433, 1476, 1483, 1620, 1669, 1670, 1671, 1672, 1673, 1674, 1675, 1676, 1677, 1681, 1683, 1748, 1755, 1779, 1832, 1871, 1872, 1873, 1874, 1875, 1876, 1877, 1878, 1879, 1881, 1894, 1920, 2032, 2100, 2106, 2107, 2108, 2109, 2110, 2111, 2112, 2113, 2114, 2132, 2162, 2215, 2242, 2259, 2300, 2319, 2320, 2321, 2322, 2323, 2324, 2325, 2326, 2327, 2328, 2329, 2330, 2336, 2337, 2339, 2340, 2342, 2344, 2349, 2354, 2368, 2369, 2379, 2381, 2382, 2385, 2388, 2397, 2398, 2414, 2415, 2430, 2431, 2432, 2435, 2436, 2444, 2458, 2459, 2464, 2465, 2471, 2472, 2473, 2474, 2475, 2476, 2477, 2478, 2479, 2480, 2481, 2482, 2483, 2484, 2485, 2486, 2487, 2488, 2489, 2490, 2491, 2492, 2493, 2494, 2495, 2496, 2497, 2498, 2499, 2500, 2501, 2502, 2503], "selected_count": 253, "selection_time": 0.07837137999013066, "selection_score_forward_time": 0.0780135759850964}