{"example_id": 163, "sub_q_idx": 0, "method": "DraftModel", "reprocess_method": "DraftModel", "rate": 0.1, "system_len": 792, "passages_len": [792, 170, 113, 102, 184, 57, 109, 179, 153, 88, 126, 30], "chunk_ids": [0, 1, 2, 3, 4, 5, 6, 7, 8, 9, 10], "selected_abs": [792, 793, 794, 795, 796, 797, 798, 799, 800, 801, 802, 803, 804, 805, 806, 808, 809, 810, 814, 820, 823, 824, 825, 826, 827, 828, 829, 835, 836, 837, 840, 849, 852, 853, 859, 860, 885, 896, 917, 921, 961, 962, 963, 964, 965, 994, 1067, 1073, 1074, 1075, 1076, 1077, 1078, 1079, 1080, 1085, 1087, 1088, 1094, 1123, 1146, 1176, 1177, 1178, 1179, 1180, 1181, 1184, 1193, 1225, 1316, 1360, 1361, 1369, 1417, 1418, 1526, 1527, 1532, 1560, 1561, 1631, 1650, 1664, 1675, 1687, 1701, 1705, 1706, 1707, 1708, 1812, 1821, 1833, 1858, 1859, 1860, 1868, 1879, 1883, 1942, 1945, 1946, 1947, 1948, 1949, 1950, 1952, 1953, 1967, 1969, 1970, 1996, 2000, 2014, 2016, 2034, 2051, 2072, 2073, 2074, 2075, 2076, 2077, 2078, 2079, 2080, 2081, 2082, 2083, 2084, 2085, 2086, 2087, 2088, 2089, 2090, 2091, 2092, 2093, 2094, 2095, 2096, 2097, 2098, 2099, 2100, 2101, 2102], "selected_count": 149, "selection_time": 0.06619941699318588, "selection_score_forward_time": 0.06583239199244417}