{"example_id": 174, "sub_q_idx": 0, "method": "DraftModel", "reprocess_method": "DraftModel", "rate": 0.1, "system_len": 792, "passages_len": [792, 114, 56, 42, 75, 99, 42, 265, 109, 59, 53, 26], "chunk_ids": [0, 1, 2, 3, 4, 5, 6, 7, 8, 9, 10], "selected_abs": [792, 793, 794, 795, 796, 797, 798, 799, 800, 803, 804, 805, 807, 808, 809, 812, 813, 814, 815, 816, 817, 819, 820, 821, 822, 823, 824, 825, 844, 857, 886, 905, 906, 907, 908, 909, 910, 911, 912, 913, 919, 920, 928, 959, 960, 961, 962, 963, 964, 965, 966, 967, 968, 969, 997, 998, 999, 1000, 1001, 1002, 1003, 1004, 1005, 1006, 1007, 1008, 1009, 1010, 1019, 1078, 1079, 1080, 1081, 1082, 1083, 1099, 1177, 1178, 1179, 1180, 1181, 1182, 1183, 1186, 1189, 1200, 1210, 1213, 1214, 1215, 1216, 1217, 1218, 1219, 1220, 1221, 1222, 1223, 1232, 1258, 1291, 1322, 1374, 1460, 1482, 1483, 1484, 1485, 1486, 1487, 1488, 1489, 1490, 1491, 1492, 1493, 1505, 1593, 1594, 1595, 1596, 1597, 1598, 1599, 1600, 1601, 1603, 1604, 1605, 1607, 1617, 1636, 1640, 1642, 1652, 1653, 1654, 1655, 1656, 1657, 1659, 1660, 1662, 1663, 1664, 1665, 1666, 1668, 1678, 1680, 1681, 1689, 1694, 1696, 1699, 1700, 1702, 1704, 1705, 1706, 1707, 1708, 1709, 1710, 1711, 1712, 1713, 1714, 1715, 1716, 1717, 1718, 1719, 1720, 1721, 1722, 1723, 1724, 1725, 1726, 1727, 1728, 1729, 1730, 1731], "selected_count": 185, "selection_time": 0.0543419290042948, "selection_score_forward_time": 0.05400105699663982}