{"example_id": 166, "sub_q_idx": 0, "method": "DraftModel", "reprocess_method": "DraftModel", "rate": 0.1, "system_len": 792, "passages_len": [792, 52, 170, 73, 160, 143, 89, 204, 200, 83, 143, 31], "chunk_ids": [0, 1, 2, 3, 4, 5, 6, 7, 8, 9, 10], "selected_abs": [792, 793, 794, 795, 796, 797, 798, 799, 800, 801, 802, 803, 804, 805, 806, 807, 808, 809, 810, 811, 812, 813, 814, 815, 816, 817, 818, 819, 820, 821, 822, 823, 831, 833, 834, 835, 836, 840, 841, 842, 843, 844, 845, 846, 847, 848, 849, 850, 851, 854, 880, 883, 906, 940, 955, 969, 988, 1013, 1014, 1015, 1016, 1017, 1021, 1060, 1086, 1087, 1088, 1089, 1090, 1094, 1129, 1139, 1164, 1194, 1246, 1247, 1248, 1249, 1256, 1279, 1286, 1385, 1389, 1390, 1391, 1392, 1398, 1413, 1417, 1442, 1459, 1478, 1479, 1481, 1491, 1504, 1569, 1586, 1618, 1682, 1683, 1684, 1685, 1686, 1687, 1688, 1695, 1705, 1748, 1782, 1828, 1882, 1883, 1884, 1885, 1886, 1893, 1898, 1899, 1902, 1903, 1906, 1913, 1932, 1965, 1966, 1967, 1968, 1969, 1970, 1975, 1976, 1977, 2000, 2004, 2028, 2063, 2074, 2087, 2089, 2092, 2093, 2099, 2104, 2105, 2108, 2109, 2110, 2111, 2112, 2113, 2114, 2115, 2116, 2117, 2118, 2119, 2120, 2121, 2122, 2123, 2124, 2125, 2126, 2127, 2128, 2129, 2130, 2131, 2132, 2133, 2134, 2135, 2136, 2137, 2138, 2139], "selected_count": 177, "selection_time": 0.06602003498119302, "selection_score_forward_time": 0.0656658069929108}