{"example_id": 174, "sub_q_idx": 1, "method": "DraftModel", "reprocess_method": "DraftModel", "rate": 0.1, "system_len": 792, "passages_len": [792, 79, 114, 134, 47, 78, 63, 194, 129, 51, 146, 114, 79, 29], "chunk_ids": [0, 11, 1, 12, 13, 14, 15, 16, 17, 18, 19, 1, 11], "selected_abs": [792, 793, 794, 795, 796, 797, 798, 801, 803, 806, 812, 823, 836, 870, 871, 872, 873, 874, 875, 876, 877, 878, 879, 882, 883, 884, 886, 887, 888, 889, 890, 891, 892, 893, 894, 895, 896, 898, 899, 900, 901, 902, 903, 904, 984, 985, 1118, 1119, 1120, 1160, 1165, 1166, 1167, 1243, 1244, 1245, 1306, 1307, 1452, 1500, 1501, 1502, 1503, 1504, 1629, 1630, 1631, 1632, 1633, 1634, 1635, 1636, 1680, 1681, 1682, 1683, 1684, 1685, 1686, 1687, 1688, 1689, 1717, 1722, 1766, 1767, 1768, 1769, 1770, 1771, 1772, 1773, 1774, 1795, 1796, 1797, 1798, 1799, 1800, 1801, 1802, 1803, 1804, 1805, 1806, 1807, 1808, 1809, 1810, 1811, 1812, 1813, 1814, 1815, 1816, 1817, 1818, 1819, 1820, 1821, 1822, 1823, 1824, 1825, 1826, 1827, 1828, 1829, 1830, 1831, 1832, 1833, 1834, 1835, 1838, 1839, 1840, 1842, 1843, 1844, 1846, 1847, 1848, 1849, 1850, 1851, 1852, 1854, 1855, 1856, 1857, 1858, 1859, 1860, 1879, 1892, 1923, 1940, 1941, 1942, 1943, 1944, 1945, 1946, 1947, 1948, 1949, 1950, 1951, 1952, 1953, 1954, 1955, 1956, 1957, 1959, 1960, 1961, 1963, 1966, 1967, 1968, 1972, 1984, 1985, 1991, 1992, 1997, 1998, 2012, 2013, 2018, 2019, 2020, 2021, 2022, 2023, 2024, 2025, 2026, 2027, 2028, 2029, 2030, 2031, 2032, 2033, 2034, 2035, 2036, 2037, 2038, 2039, 2040, 2041, 2042, 2043, 2044, 2045, 2046, 2047, 2048], "selected_count": 222, "selection_time": 0.06579055401380174, "selection_score_forward_time": 0.06544767500599846}