{"example_id": 152, "sub_q_idx": 0, "method": "DraftModel", "reprocess_method": "DraftModel", "rate": 0.1, "system_len": 792, "passages_len": [792, 71, 123, 155, 342, 194, 156, 314, 71, 160, 109, 34], "chunk_ids": [0, 1, 2, 3, 4, 5, 6, 7, 8, 9, 10], "selected_abs": [792, 793, 794, 795, 796, 797, 798, 799, 800, 801, 802, 803, 804, 805, 806, 807, 808, 809, 810, 811, 812, 813, 814, 815, 818, 819, 820, 831, 834, 841, 843, 847, 855, 856, 862, 863, 864, 865, 866, 867, 868, 870, 871, 902, 935, 938, 980, 984, 985, 986, 987, 988, 989, 998, 1011, 1022, 1041, 1051, 1060, 1064, 1065, 1083, 1085, 1119, 1140, 1141, 1142, 1143, 1144, 1145, 1146, 1147, 1148, 1149, 1173, 1203, 1204, 1299, 1482, 1483, 1484, 1485, 1486, 1487, 1488, 1489, 1491, 1522, 1526, 1549, 1555, 1562, 1570, 1591, 1648, 1649, 1651, 1653, 1657, 1676, 1677, 1678, 1679, 1680, 1682, 1683, 1686, 1688, 1689, 1694, 1715, 1832, 1833, 1834, 1835, 1836, 1840, 1843, 1845, 1856, 1858, 1922, 1937, 1938, 1958, 1961, 1985, 2031, 2069, 2146, 2147, 2148, 2149, 2150, 2151, 2152, 2154, 2165, 2175, 2187, 2188, 2207, 2216, 2217, 2218, 2219, 2220, 2221, 2222, 2223, 2224, 2225, 2226, 2227, 2253, 2295, 2368, 2376, 2377, 2378, 2379, 2380, 2381, 2382, 2383, 2385, 2386, 2387, 2388, 2390, 2391, 2392, 2395, 2396, 2405, 2406, 2407, 2411, 2414, 2415, 2421, 2422, 2423, 2462, 2463, 2464, 2474, 2486, 2487, 2488, 2489, 2490, 2491, 2492, 2493, 2494, 2495, 2496, 2497, 2498, 2499, 2500, 2501, 2502, 2503, 2504, 2505, 2506, 2507, 2508, 2509, 2510, 2511, 2512, 2513, 2514, 2515, 2516, 2517, 2518, 2519, 2520], "selected_count": 222, "selection_time": 0.08301636000396684, "selection_score_forward_time": 0.08263898399309255}