{"example_id": 169, "sub_q_idx": 1, "method": "DraftModel", "reprocess_method": "DraftModel", "rate": 0.1, "system_len": 792, "passages_len": [792, 127, 119, 128, 142, 190, 58, 164, 146, 106, 213, 42, 127, 30], "chunk_ids": [0, 11, 2, 12, 13, 14, 15, 16, 17, 18, 19, 1, 11], "selected_abs": [792, 793, 794, 795, 796, 797, 798, 799, 800, 802, 811, 813, 814, 821, 828, 843, 854, 857, 861, 864, 871, 879, 890, 894, 904, 917, 918, 919, 920, 921, 922, 923, 924, 925, 927, 947, 1001, 1004, 1013, 1037, 1038, 1039, 1040, 1041, 1042, 1043, 1044, 1045, 1046, 1047, 1048, 1049, 1096, 1101, 1111, 1165, 1166, 1167, 1168, 1169, 1170, 1171, 1172, 1242, 1256, 1307, 1308, 1309, 1310, 1311, 1332, 1345, 1497, 1498, 1499, 1500, 1501, 1536, 1537, 1555, 1556, 1557, 1558, 1559, 1560, 1561, 1562, 1587, 1640, 1719, 1720, 1721, 1722, 1723, 1865, 1866, 1867, 1868, 1869, 1870, 1871, 1872, 1873, 1874, 1875, 1876, 1892, 1970, 1971, 1972, 1973, 1974, 1975, 1976, 1977, 1978, 1979, 1984, 1985, 1986, 1987, 1988, 1989, 1990, 2012, 2100, 2124, 2126, 2127, 2128, 2129, 2130, 2131, 2132, 2133, 2134, 2135, 2136, 2137, 2138, 2168, 2169, 2170, 2171, 2172, 2173, 2174, 2175, 2176, 2177, 2178, 2179, 2180, 2181, 2182, 2183, 2184, 2185, 2186, 2187, 2188, 2189, 2190, 2191, 2192, 2193, 2194, 2195, 2196, 2197, 2198, 2199, 2200, 2201, 2202, 2203, 2204, 2205, 2206, 2207, 2208, 2209, 2210, 2211, 2212, 2213, 2214, 2215, 2216, 2217, 2218, 2219, 2220, 2221, 2222, 2223, 2224, 2225, 2226, 2227, 2228, 2229, 2230, 2231, 2232, 2233, 2234, 2235, 2236, 2237, 2238, 2239, 2242, 2246, 2247, 2248, 2249, 2250, 2255, 2261, 2262, 2263, 2266, 2276, 2278, 2283, 2287, 2289, 2292, 2294, 2296, 2299, 2300, 2303, 2305, 2306, 2311, 2313, 2314, 2320, 2321, 2322, 2323, 2324, 2325, 2336, 2338, 2339, 2342, 2348, 2349, 2352, 2353, 2354, 2355, 2356, 2357, 2358, 2359, 2360, 2361, 2362, 2363, 2364, 2365, 2366, 2367, 2368, 2369, 2370, 2371, 2372, 2373, 2374, 2375, 2376, 2377, 2378, 2379, 2380, 2381, 2382, 2383], "selected_count": 283, "selection_time": 0.07098121900344267, "selection_score_forward_time": 0.070609135000268}