{"example_id": 169, "sub_q_idx": 0, "method": "DraftModel", "reprocess_method": "DraftModel", "rate": 0.1, "system_len": 792, "passages_len": [792, 42, 119, 95, 170, 157, 198, 109, 52, 84, 65, 27], "chunk_ids": [0, 1, 2, 3, 4, 5, 6, 7, 8, 9, 10], "selected_abs": [792, 793, 794, 795, 796, 797, 798, 799, 800, 801, 802, 803, 804, 805, 806, 807, 808, 809, 810, 811, 812, 813, 814, 815, 816, 817, 818, 819, 820, 821, 822, 823, 824, 825, 826, 827, 828, 829, 830, 831, 832, 833, 834, 835, 836, 838, 839, 840, 919, 952, 953, 954, 955, 956, 957, 958, 959, 961, 962, 963, 964, 965, 1030, 1047, 1048, 1049, 1050, 1051, 1052, 1053, 1054, 1055, 1057, 1058, 1066, 1089, 1146, 1150, 1182, 1183, 1184, 1185, 1186, 1187, 1217, 1218, 1219, 1220, 1221, 1222, 1223, 1224, 1241, 1374, 1375, 1376, 1377, 1378, 1382, 1383, 1415, 1500, 1503, 1572, 1573, 1574, 1575, 1576, 1577, 1578, 1579, 1580, 1585, 1606, 1610, 1628, 1635, 1677, 1681, 1682, 1683, 1684, 1685, 1686, 1687, 1688, 1693, 1695, 1696, 1698, 1704, 1710, 1713, 1716, 1719, 1733, 1734, 1735, 1736, 1737, 1738, 1749, 1761, 1766, 1767, 1781, 1800, 1817, 1818, 1819, 1820, 1821, 1822, 1823, 1824, 1826, 1827, 1832, 1833, 1834, 1835, 1839, 1852, 1857, 1858, 1861, 1862, 1867, 1868, 1869, 1876, 1878, 1879, 1881, 1882, 1883, 1884, 1885, 1886, 1887, 1888, 1889, 1890, 1891, 1892, 1893, 1894, 1895, 1896, 1897, 1898, 1899, 1900, 1901, 1902, 1903, 1904, 1905, 1906, 1907, 1908, 1909], "selected_count": 202, "selection_time": 0.061721809004666284, "selection_score_forward_time": 0.06135011700098403}