kind,layers,mean_target_energy_fraction,mean_error_energy_fraction,mean_group_relative_l2,num_chunks
value,0-15,0.000166,0.000114,0.347423,6
value,16-31,0.005120,0.002662,0.329439,6
value,32-47,0.033041,0.025495,0.349785,6
value,48-63,0.961673,0.971729,0.390390,6
key,0-15,0.026824,0.028337,0.336109,6
key,16-31,0.146874,0.102750,0.324462,6
key,32-47,0.330619,0.290849,0.315660,6
key,48-63,0.495683,0.578064,0.336315,6
