{"example_id": 180, "sub_q_idx": 0, "method": "DraftModel", "reprocess_method": "DraftModel", "rate": 0.1, "system_len": 792, "passages_len": [792, 115, 159, 108, 322, 160, 114, 208, 60, 126, 178, 25], "chunk_ids": [0, 1, 2, 3, 4, 5, 6, 7, 8, 9, 10], "selected_abs": [792, 793, 794, 795, 796, 797, 798, 799, 800, 801, 802, 803, 804, 805, 806, 807, 808, 809, 810, 811, 812, 813, 814, 822, 824, 863, 906, 907, 908, 909, 913, 956, 958, 1065, 1066, 1067, 1068, 1069, 1070, 1071, 1122, 1173, 1174, 1175, 1176, 1177, 1178, 1179, 1193, 1275, 1495, 1496, 1497, 1498, 1499, 1500, 1504, 1515, 1602, 1655, 1656, 1657, 1658, 1659, 1671, 1672, 1673, 1674, 1675, 1677, 1683, 1769, 1770, 1771, 1772, 1773, 1774, 1775, 1776, 1777, 1778, 1779, 1780, 1781, 1792, 1824, 1858, 1977, 1978, 1979, 1980, 1981, 1982, 1983, 1984, 1985, 1986, 1987, 2007, 2037, 2038, 2039, 2040, 2041, 2042, 2048, 2055, 2065, 2080, 2103, 2133, 2152, 2160, 2163, 2164, 2165, 2166, 2167, 2169, 2172, 2173, 2174, 2175, 2176, 2210, 2221, 2245, 2247, 2255, 2265, 2272, 2276, 2277, 2287, 2288, 2289, 2293, 2300, 2302, 2303, 2307, 2308, 2310, 2311, 2314, 2315, 2316, 2318, 2319, 2321, 2322, 2323, 2324, 2326, 2327, 2328, 2329, 2330, 2331, 2332, 2333, 2334, 2335, 2336, 2337, 2338, 2339, 2340, 2341, 2342, 2343, 2344, 2345, 2346, 2347, 2348, 2349, 2350, 2351, 2352, 2353, 2354, 2355, 2356, 2357, 2358, 2359, 2360, 2361, 2362, 2363, 2364, 2365, 2366], "selected_count": 194, "selection_time": 0.04934550399775617, "selection_score_forward_time": 0.04896548899705522}