{"example_id": 179, "sub_q_idx": 1, "method": "DraftModel", "reprocess_method": "DraftModel", "rate": 0.1, "system_len": 792, "passages_len": [792, 78, 34, 159, 108, 115, 59, 122, 66, 69, 113, 108, 78, 34, 30], "chunk_ids": [0, 11, 12, 3, 1, 5, 13, 14, 15, 16, 17, 1, 11, 12], "selected_abs": [792, 793, 794, 795, 796, 797, 798, 799, 800, 801, 809, 816, 817, 819, 820, 821, 822, 853, 869, 870, 871, 872, 891, 893, 900, 901, 902, 903, 904, 905, 906, 907, 910, 925, 964, 1036, 1062, 1063, 1064, 1065, 1066, 1067, 1068, 1069, 1070, 1071, 1072, 1073, 1074, 1075, 1076, 1077, 1078, 1079, 1080, 1081, 1082, 1170, 1171, 1172, 1173, 1285, 1286, 1287, 1288, 1334, 1344, 1345, 1346, 1347, 1348, 1428, 1466, 1467, 1468, 1469, 1470, 1471, 1472, 1473, 1474, 1515, 1532, 1533, 1534, 1535, 1536, 1541, 1552, 1553, 1554, 1555, 1556, 1557, 1558, 1575, 1591, 1600, 1601, 1602, 1603, 1604, 1605, 1606, 1607, 1608, 1609, 1610, 1631, 1633, 1634, 1635, 1636, 1637, 1638, 1639, 1640, 1641, 1642, 1643, 1662, 1686, 1687, 1688, 1689, 1690, 1691, 1692, 1693, 1694, 1695, 1696, 1697, 1698, 1699, 1700, 1701, 1702, 1703, 1704, 1705, 1706, 1707, 1708, 1709, 1710, 1711, 1712, 1713, 1714, 1715, 1716, 1717, 1718, 1719, 1720, 1721, 1722, 1723, 1724, 1725, 1726, 1727, 1728, 1729, 1730, 1731, 1732, 1733, 1734, 1736, 1737, 1738, 1771, 1772, 1791, 1822, 1823, 1824, 1825, 1826, 1827, 1828, 1829, 1830, 1831, 1832, 1840, 1847, 1848, 1850, 1851, 1852, 1853, 1873, 1881, 1884, 1885, 1886, 1890, 1894, 1899, 1900, 1901, 1902, 1903, 1904, 1905, 1906, 1907, 1908, 1909, 1910, 1911, 1912, 1913, 1914, 1915, 1916, 1917, 1918, 1919, 1920, 1921, 1922, 1923, 1924, 1925, 1926, 1927, 1928, 1929, 1930, 1931, 1932, 1933, 1934, 1935, 1936, 1937, 1938, 1939, 1940, 1941, 1942, 1943, 1944, 1945, 1946, 1947, 1948, 1949, 1950, 1951, 1952, 1953, 1954, 1955, 1956, 1957, 1958, 1959, 1960, 1961, 1962, 1963, 1964], "selected_count": 267, "selection_time": 0.046968804992502555, "selection_score_forward_time": 0.04662819902296178}