{"example_id": 179, "sub_q_idx": 0, "method": "DraftModel", "reprocess_method": "DraftModel", "rate": 0.1, "system_len": 792, "passages_len": [792, 108, 97, 159, 91, 115, 102, 42, 126, 96, 130, 28], "chunk_ids": [0, 1, 2, 3, 4, 5, 6, 7, 8, 9, 10], "selected_abs": [792, 793, 794, 795, 796, 797, 798, 799, 800, 801, 802, 803, 804, 805, 806, 807, 808, 809, 810, 811, 848, 868, 899, 900, 901, 902, 903, 907, 996, 997, 998, 999, 1000, 1003, 1155, 1156, 1157, 1158, 1159, 1160, 1161, 1246, 1247, 1248, 1249, 1361, 1362, 1363, 1364, 1365, 1379, 1463, 1464, 1465, 1466, 1467, 1505, 1516, 1533, 1631, 1632, 1633, 1634, 1654, 1658, 1681, 1727, 1728, 1729, 1730, 1731, 1735, 1739, 1748, 1757, 1758, 1791, 1802, 1805, 1813, 1823, 1825, 1826, 1827, 1828, 1829, 1830, 1833, 1834, 1835, 1837, 1839, 1841, 1842, 1844, 1845, 1846, 1847, 1848, 1849, 1850, 1851, 1852, 1853, 1854, 1855, 1856, 1857, 1858, 1859, 1860, 1861, 1862, 1863, 1864, 1865, 1866, 1867, 1868, 1869, 1870, 1871, 1872, 1873, 1874, 1875, 1876, 1877, 1878, 1879, 1880, 1881, 1882, 1883, 1884, 1885], "selected_count": 136, "selection_time": 0.04380483701243065, "selection_score_forward_time": 0.04346458101645112}