{"example_id": 50, "sub_q_idx": 0, "method": "DraftModel", "reprocess_method": "DraftModel", "rate": 0.1, "system_len": 792, "passages_len": [792, 265, 321, 189, 212, 98, 57, 139, 85, 152, 154, 26], "chunk_ids": [0, 1, 2, 3, 4, 5, 6, 7, 8, 9, 10], "selected_abs": [792, 793, 794, 795, 796, 797, 798, 799, 800, 801, 802, 803, 804, 805, 806, 836, 837, 838, 839, 879, 880, 881, 882, 883, 884, 885, 886, 887, 893, 1022, 1055, 1056, 1057, 1058, 1059, 1060, 1061, 1063, 1064, 1065, 1066, 1377, 1378, 1379, 1380, 1381, 1382, 1383, 1384, 1414, 1566, 1567, 1568, 1569, 1570, 1571, 1572, 1573, 1574, 1575, 1576, 1778, 1779, 1780, 1781, 1782, 1783, 1784, 1785, 1786, 1787, 1788, 1789, 1792, 1816, 1817, 1818, 1876, 1877, 1878, 1879, 1880, 1881, 1882, 1894, 1913, 1914, 1915, 1916, 1917, 1933, 1934, 1935, 1936, 1937, 1940, 1941, 1942, 1943, 1944, 1989, 2030, 2072, 2073, 2074, 2075, 2076, 2077, 2078, 2079, 2080, 2081, 2083, 2084, 2085, 2086, 2101, 2107, 2111, 2113, 2114, 2125, 2135, 2157, 2158, 2159, 2160, 2161, 2162, 2163, 2164, 2173, 2175, 2178, 2179, 2190, 2261, 2264, 2272, 2309, 2310, 2311, 2312, 2313, 2314, 2315, 2316, 2317, 2318, 2319, 2320, 2328, 2333, 2336, 2344, 2345, 2346, 2347, 2350, 2353, 2357, 2366, 2367, 2372, 2373, 2374, 2375, 2377, 2381, 2389, 2391, 2392, 2393, 2394, 2395, 2396, 2397, 2400, 2404, 2408, 2410, 2412, 2414, 2418, 2421, 2424, 2426, 2429, 2430, 2434, 2439, 2440, 2441, 2442, 2443, 2444, 2445, 2446, 2447, 2448, 2449, 2450, 2452, 2453, 2455, 2456, 2457, 2459, 2460, 2461, 2462, 2463, 2464, 2465, 2466, 2467, 2468, 2469, 2470, 2471, 2472, 2473, 2474, 2475, 2476, 2477, 2478, 2479, 2480, 2481, 2482, 2483, 2484, 2485, 2486, 2487, 2488, 2489], "selected_count": 238, "selection_time": 0.1474762819998432, "selection_score_forward_time": 0.14706365202437155}