{"example_id": 60, "sub_q_idx": 0, "method": "DraftModel", "reprocess_method": "DraftModel", "rate": 0.1, "system_len": 792, "passages_len": [792, 140, 148, 148, 154, 170, 108, 62, 54, 92, 156, 32], "chunk_ids": [0, 1, 2, 3, 4, 5, 6, 7, 8, 9, 10], "selected_abs": [792, 793, 794, 795, 796, 797, 798, 799, 800, 801, 802, 803, 804, 805, 806, 807, 808, 809, 810, 811, 812, 813, 814, 815, 816, 817, 826, 828, 830, 842, 843, 844, 845, 930, 931, 932, 933, 934, 935, 936, 937, 938, 1079, 1080, 1081, 1082, 1083, 1085, 1112, 1116, 1183, 1227, 1228, 1229, 1230, 1381, 1382, 1383, 1384, 1385, 1386, 1387, 1388, 1389, 1390, 1391, 1392, 1464, 1551, 1552, 1553, 1554, 1555, 1556, 1557, 1558, 1560, 1581, 1583, 1618, 1659, 1660, 1661, 1662, 1663, 1664, 1665, 1668, 1683, 1696, 1709, 1712, 1721, 1722, 1723, 1724, 1725, 1726, 1727, 1728, 1731, 1741, 1742, 1743, 1744, 1745, 1746, 1747, 1753, 1773, 1774, 1775, 1776, 1777, 1778, 1779, 1780, 1781, 1782, 1783, 1790, 1825, 1831, 1832, 1847, 1850, 1867, 1868, 1869, 1870, 1871, 1872, 1873, 1874, 1875, 1876, 1877, 1879, 1880, 1881, 1882, 1891, 1894, 1895, 1897, 1907, 1914, 1915, 1916, 1919, 1923, 1927, 1929, 1930, 1935, 1936, 1943, 1946, 1956, 1965, 1973, 1987, 1990, 1996, 1997, 1998, 1999, 2001, 2007, 2008, 2011, 2012, 2013, 2014, 2015, 2017, 2018, 2019, 2020, 2022, 2023, 2024, 2025, 2026, 2027, 2028, 2029, 2030, 2031, 2032, 2033, 2034, 2035, 2036, 2037, 2038, 2039, 2040, 2041, 2042, 2043, 2044, 2045, 2046, 2047, 2048, 2049, 2050, 2051, 2052, 2053, 2054, 2055], "selected_count": 213, "selection_time": 0.019484026008285582, "selection_score_forward_time": 0.01911446198937483}