{"example_id": 63, "sub_q_idx": 1, "method": "DraftModel", "reprocess_method": "DraftModel", "rate": 0.1, "system_len": 792, "passages_len": [792, 45, 60, 95, 75, 82, 49, 75, 84, 53, 113, 60, 45, 29], "chunk_ids": [0, 11, 1, 12, 13, 14, 15, 16, 17, 18, 19, 1, 11], "selected_abs": [792, 793, 794, 795, 796, 797, 798, 799, 800, 810, 812, 818, 836, 837, 838, 839, 840, 841, 842, 843, 844, 845, 846, 847, 848, 849, 850, 851, 852, 853, 854, 861, 896, 897, 898, 899, 900, 901, 902, 903, 904, 917, 991, 992, 993, 994, 995, 996, 997, 1000, 1066, 1067, 1068, 1069, 1070, 1079, 1082, 1148, 1149, 1150, 1151, 1152, 1154, 1155, 1197, 1198, 1199, 1200, 1201, 1202, 1203, 1209, 1271, 1272, 1273, 1274, 1275, 1276, 1277, 1278, 1279, 1280, 1356, 1357, 1358, 1359, 1360, 1361, 1362, 1363, 1364, 1365, 1366, 1409, 1410, 1411, 1412, 1413, 1414, 1415, 1416, 1417, 1418, 1419, 1423, 1425, 1426, 1428, 1429, 1432, 1486, 1487, 1488, 1489, 1490, 1491, 1492, 1493, 1494, 1495, 1496, 1497, 1498, 1501, 1502, 1503, 1504, 1505, 1506, 1507, 1508, 1509, 1510, 1511, 1512, 1513, 1514, 1515, 1516, 1517, 1518, 1519, 1520, 1521, 1522, 1523, 1524, 1525, 1526, 1527, 1528, 1529, 1530, 1531, 1532, 1533, 1534, 1535, 1536, 1537, 1538, 1539, 1540, 1547, 1548, 1549, 1551, 1554, 1558, 1560, 1568, 1570, 1582, 1583, 1584, 1585, 1586, 1587, 1588, 1589, 1590, 1591, 1592, 1594, 1595, 1596, 1597, 1598, 1600, 1601, 1603, 1609, 1610, 1611, 1612, 1613, 1615, 1619, 1620, 1621, 1625, 1626, 1627, 1628, 1629, 1630, 1631, 1632, 1633, 1634, 1635, 1636, 1637, 1638, 1639, 1640, 1641, 1642, 1643, 1644, 1645, 1646, 1647, 1648, 1649, 1650, 1651, 1652, 1653, 1654, 1655, 1656], "selected_count": 232, "selection_time": 0.015140587987843901, "selection_score_forward_time": 0.01482850601314567}