{"example_id": 60, "sub_q_idx": 1, "method": "DraftModel", "reprocess_method": "DraftModel", "rate": 0.1, "system_len": 792, "passages_len": [792, 140, 154, 148, 148, 170, 114, 92, 253, 118, 184, 140, 154, 148, 33], "chunk_ids": [0, 1, 4, 2, 3, 5, 11, 9, 12, 13, 14, 1, 4, 3], "selected_abs": [792, 793, 794, 795, 796, 797, 798, 799, 800, 801, 802, 803, 804, 805, 806, 807, 808, 809, 810, 811, 812, 813, 814, 815, 816, 817, 818, 819, 820, 826, 828, 830, 842, 843, 844, 845, 913, 930, 931, 932, 933, 934, 969, 1085, 1086, 1087, 1088, 1089, 1090, 1091, 1092, 1233, 1234, 1235, 1236, 1237, 1249, 1266, 1270, 1381, 1382, 1383, 1384, 1385, 1386, 1387, 1388, 1389, 1390, 1391, 1392, 1400, 1421, 1464, 1551, 1552, 1553, 1554, 1555, 1556, 1557, 1558, 1559, 1574, 1578, 1587, 1588, 1589, 1590, 1591, 1592, 1593, 1665, 1666, 1667, 1668, 1669, 1670, 1671, 1672, 1673, 1721, 1757, 1758, 1759, 1760, 1761, 1762, 1764, 2010, 2011, 2012, 2013, 2014, 2015, 2016, 2017, 2018, 2019, 2020, 2026, 2095, 2128, 2129, 2130, 2131, 2132, 2133, 2134, 2135, 2136, 2137, 2138, 2139, 2288, 2289, 2290, 2291, 2292, 2293, 2294, 2295, 2296, 2297, 2298, 2299, 2300, 2301, 2302, 2303, 2304, 2305, 2306, 2307, 2308, 2309, 2310, 2311, 2312, 2313, 2314, 2315, 2316, 2317, 2318, 2319, 2320, 2321, 2322, 2323, 2324, 2325, 2326, 2327, 2328, 2329, 2330, 2331, 2332, 2333, 2334, 2335, 2336, 2337, 2338, 2339, 2340, 2347, 2349, 2351, 2363, 2364, 2365, 2366, 2427, 2430, 2431, 2434, 2451, 2452, 2453, 2454, 2455, 2462, 2467, 2468, 2479, 2480, 2490, 2491, 2492, 2495, 2498, 2499, 2501, 2502, 2525, 2545, 2549, 2597, 2606, 2607, 2608, 2609, 2610, 2616, 2620, 2621, 2622, 2624, 2632, 2633, 2639, 2643, 2644, 2645, 2646, 2647, 2648, 2650, 2651, 2652, 2654, 2655, 2658, 2663, 2665, 2678, 2679, 2682, 2683, 2685, 2688, 2689, 2690, 2691, 2692, 2693, 2697, 2698, 2699, 2702, 2703, 2704, 2706, 2707, 2710, 2722, 2731, 2735, 2738, 2739, 2740, 2741, 2742, 2743, 2744, 2745, 2746, 2747, 2748, 2749, 2750, 2751, 2752, 2753, 2754, 2755, 2756, 2757, 2758, 2759, 2760, 2761, 2762, 2763, 2764, 2765, 2766, 2767, 2768, 2769, 2770, 2771, 2772, 2773, 2774, 2775, 2776, 2777, 2778, 2779, 2780, 2781, 2782, 2783, 2784, 2785, 2786, 2787], "selected_count": 320, "selection_time": 0.023876911000115797, "selection_score_forward_time": 0.02351010500569828}