{"example_id": 74, "sub_q_idx": 0, "method": "DraftModel", "reprocess_method": "DraftModel", "rate": 0.1, "system_len": 792, "passages_len": [792, 71, 158, 76, 161, 191, 47, 200, 51, 147, 149, 28], "chunk_ids": [0, 1, 2, 3, 4, 5, 6, 7, 8, 9, 10], "selected_abs": [792, 793, 794, 795, 796, 797, 798, 799, 800, 801, 802, 805, 806, 807, 808, 809, 810, 811, 813, 824, 825, 826, 827, 861, 862, 863, 864, 865, 866, 979, 1020, 1021, 1022, 1023, 1061, 1066, 1096, 1097, 1098, 1099, 1126, 1257, 1258, 1259, 1260, 1261, 1262, 1263, 1299, 1346, 1371, 1372, 1448, 1449, 1450, 1451, 1452, 1453, 1478, 1480, 1495, 1496, 1497, 1498, 1499, 1569, 1695, 1696, 1697, 1698, 1699, 1700, 1701, 1703, 1704, 1705, 1712, 1746, 1747, 1748, 1749, 1750, 1751, 1764, 1765, 1766, 1774, 1775, 1781, 1841, 1846, 1851, 1893, 1894, 1895, 1896, 1897, 1898, 1899, 1900, 1901, 1902, 1903, 1904, 1906, 1907, 1908, 1909, 1911, 1913, 1915, 1916, 1919, 1935, 1939, 1940, 1944, 1955, 1956, 1964, 1974, 1980, 1982, 1983, 1984, 1985, 1986, 1987, 1988, 1989, 1995, 2000, 2018, 2025, 2035, 2037, 2038, 2039, 2040, 2041, 2042, 2043, 2044, 2045, 2046, 2047, 2048, 2049, 2050, 2051, 2052, 2053, 2054, 2055, 2056, 2057, 2058, 2059, 2060, 2061, 2062, 2063, 2064, 2065, 2066, 2067, 2068, 2069, 2070], "selected_count": 169, "selection_time": 0.018355690990574658, "selection_score_forward_time": 0.017980928998440504}