{"example_id": 58, "sub_q_idx": 0, "method": "DraftModel", "reprocess_method": "DraftModel", "rate": 0.1, "system_len": 792, "passages_len": [792, 87, 96, 180, 94, 171, 68, 68, 122, 140, 117, 25], "chunk_ids": [0, 1, 2, 3, 4, 5, 6, 7, 8, 9, 10], "selected_abs": [792, 793, 794, 795, 796, 797, 798, 799, 800, 801, 802, 803, 804, 805, 806, 807, 808, 809, 810, 811, 812, 813, 814, 816, 817, 818, 819, 820, 821, 878, 879, 880, 881, 882, 883, 884, 885, 974, 975, 976, 977, 978, 979, 980, 981, 982, 983, 1028, 1154, 1155, 1156, 1157, 1158, 1159, 1160, 1161, 1162, 1163, 1164, 1248, 1249, 1250, 1251, 1252, 1271, 1419, 1420, 1421, 1422, 1423, 1424, 1428, 1429, 1451, 1487, 1488, 1489, 1490, 1491, 1492, 1493, 1555, 1556, 1557, 1558, 1563, 1591, 1593, 1624, 1677, 1678, 1679, 1680, 1681, 1682, 1683, 1684, 1685, 1690, 1691, 1692, 1698, 1720, 1756, 1758, 1817, 1818, 1819, 1820, 1821, 1822, 1823, 1824, 1825, 1826, 1827, 1828, 1829, 1833, 1837, 1838, 1843, 1847, 1853, 1854, 1857, 1859, 1861, 1866, 1874, 1888, 1891, 1892, 1893, 1894, 1907, 1909, 1911, 1912, 1915, 1916, 1918, 1919, 1920, 1921, 1922, 1923, 1924, 1925, 1928, 1930, 1931, 1932, 1933, 1934, 1935, 1936, 1937, 1938, 1939, 1940, 1941, 1942, 1943, 1944, 1945, 1946, 1947, 1948, 1949, 1950, 1951, 1952, 1953, 1954, 1955, 1956, 1957, 1958, 1959], "selected_count": 180, "selection_time": 0.018179268983658403, "selection_score_forward_time": 0.017836484999861568}