method_a,method_b,jaccard,a_covered_by_b,b_covered_by_a,a_count,b_count,inter,n
online_draft,offline_hybrid70,0.3003650442629161,0.42484238824261167,0.500834184864182,244.16,208.744,104.356,250
online_draft,draft_max_score,0.2937003669292571,0.41758260556785504,0.49224833536911977,244.16,208.744,102.708,250
online_draft,draft_top2_mean,0.2967727387424064,0.42097755529124425,0.4962370399728545,244.16,208.744,103.508,250
offline_hybrid70,draft_max_score,0.7517719301721271,0.8565170380480169,0.8565170380480169,208.744,208.744,178.976,250
offline_hybrid70,draft_top2_mean,0.8029633835357322,0.8895238830626901,0.8895238830626901,208.744,208.744,185.872,250
draft_max_score,draft_top2_mean,0.9063175568824944,0.9505206034877638,0.9505206034877638,208.744,208.744,198.472,250
