method,jaccard_vs_online_draft,online_draft_covered_by_method,method_covered_by_online_draft,online_doc_avg_count,method_doc_avg_count,avg_intersection,n
offline_hybrid70,0.3312925777835685,0.4890391583801622,0.5008341848641822,213.496,208.744,104.356,250
draft_max_score,0.32375133629481145,0.4806660596904454,0.49224833536912,213.496,208.744,102.708,250
draft_top2_mean,0.3272031424432781,0.4845610956300771,0.49623703997285457,213.496,208.744,103.508,250
