method_a,method_b,jaccard,a_covered_by_b,b_covered_by_a,a_count,b_count,inter,n
online_draft,offline_hybrid70,0.3312925777835685,0.4890391583801622,0.5008341848641822,213.496,208.744,104.356,250
online_draft,draft_max_score,0.32375133629481145,0.4806660596904454,0.49224833536912,213.496,208.744,102.708,250
online_draft,draft_top2_mean,0.3272031424432781,0.4845610956300771,0.49623703997285457,213.496,208.744,103.508,250
offline_hybrid70,draft_max_score,0.7517719301721274,0.8565170380480168,0.8565170380480168,208.744,208.744,178.976,250
offline_hybrid70,draft_top2_mean,0.8029633835357322,0.8895238830626903,0.8895238830626903,208.744,208.744,185.872,250
draft_max_score,draft_top2_mean,0.9063175568824943,0.9505206034877632,0.9505206034877632,208.744,208.744,198.472,250
