method,jaccard_vs_online_draft,online_draft_covered_by_method,method_covered_by_online_draft,online_draft_avg_count,method_avg_count,avg_intersection,n
offline_hybrid70,0.3003650442629161,0.42484238824261167,0.500834184864182,244.16,208.744,104.356,250
draft_max_score,0.2937003669292571,0.41758260556785504,0.49224833536911977,244.16,208.744,102.708,250
draft_top2_mean,0.2967727387424064,0.42097755529124425,0.4962370399728545,244.16,208.744,103.508,250
