rate,passages,token_jaccard_mean,block_jaccard_mean,score_cosine_mean,score_l2_rel_mean,source_json
0.1,3,0.6797397076311202,0.7444705543346912,0.9666822697577306,0.23507259162023852,MOTIVATION_EXPERIMENTS/query_recompute_overlap_detail_full/draft_batch_20260626_184238_20examples_3passages_rate0.1_rrf.json
0.1,5,0.681455252307104,0.7504374834237885,0.961026313996643,0.25479691081635125,MOTIVATION_EXPERIMENTS/query_recompute_overlap_detail_full/draft_batch_20260626_184238_20examples_5passages_rate0.1_rrf.json
0.1,10,0.6745189700613654,0.7507518828484491,0.9472488762807062,0.2958271217323071,MOTIVATION_EXPERIMENTS/query_recompute_overlap_detail_full/draft_batch_20260626_184238_20examples_10passages_rate0.1_rrf.json
0.2,3,0.7075936916269352,0.8143640868745001,0.9666822697577306,0.23507259162023852,MOTIVATION_EXPERIMENTS/query_recompute_overlap_detail_full/draft_batch_20260626_184238_20examples_3passages_rate0.2_rrf.json
0.2,5,0.7152489735282875,0.8263106960893787,0.961026313996643,0.25479691081635125,MOTIVATION_EXPERIMENTS/query_recompute_overlap_detail_full/draft_batch_20260626_184238_20examples_5passages_rate0.2_rrf.json
0.2,10,0.7075930809215786,0.8264874950099929,0.9472488762807062,0.2958271217323071,MOTIVATION_EXPERIMENTS/query_recompute_overlap_detail_full/draft_batch_20260626_184238_20examples_10passages_rate0.2_rrf.json
0.15,10,0.6936071066397176,0.7782639554143023,0.9472488762807062,0.2958271217323071,MOTIVATION_EXPERIMENTS/full_rag_draft_query_stability/recomputed_from_saved_scores/offline_draft_20260708_013713_20examples_10passages_rate0.15.json
0.15,3,0.6889860533337239,0.786530942231388,0.9666822697577306,0.23507259162023852,MOTIVATION_EXPERIMENTS/full_rag_draft_query_stability/recomputed_from_saved_scores/offline_draft_20260708_013713_20examples_3passages_rate0.15.json
0.15,5,0.6855570315812634,0.7910751101726954,0.961026313996643,0.25479691081635125,MOTIVATION_EXPERIMENTS/full_rag_draft_query_stability/recomputed_from_saved_scores/offline_draft_20260708_013713_20examples_5passages_rate0.15.json
