{"example_id": 21, "sub_q_idx": 0, "method": "FusionRAG", "reprocess_method": "FusionRAG", "rate": 0.15, "system_len": 792, "passages_len": [792, 75, 120, 212, 139, 152, 205, 148, 321, 149, 228, 31], "chunk_ids": [0, 1, 2, 3, 4, 5, 6, 7, 8, 9, 10], "selected_abs": [792, 793, 794, 795, 796, 797, 798, 799, 800, 801, 802, 828, 839, 843, 844, 866, 867, 868, 869, 870, 871, 872, 873, 874, 895, 926, 927, 951, 986, 987, 988, 989, 990, 991, 992, 993, 994, 995, 996, 1008, 1009, 1016, 1077, 1093, 1136, 1198, 1199, 1200, 1201, 1202, 1203, 1204, 1205, 1210, 1239, 1240, 1242, 1286, 1316, 1320, 1321, 1334, 1335, 1336, 1337, 1338, 1339, 1340, 1341, 1342, 1344, 1345, 1353, 1354, 1356, 1371, 1388, 1439, 1446, 1489, 1490, 1491, 1492, 1496, 1497, 1500, 1501, 1502, 1503, 1504, 1505, 1507, 1511, 1512, 1537, 1562, 1610, 1634, 1669, 1673, 1694, 1695, 1696, 1697, 1698, 1699, 1700, 1701, 1702, 1703, 1704, 1707, 1709, 1712, 1729, 1730, 1747, 1761, 1802, 1842, 1843, 1844, 1845, 1846, 1847, 1848, 1849, 1850, 1851, 1852, 1856, 1858, 1862, 1879, 1880, 1892, 1919, 1979, 2027, 2028, 2068, 2114, 2146, 2147, 2163, 2164, 2165, 2166, 2167, 2168, 2169, 2171, 2172, 2173, 2180, 2215, 2219, 2228, 2270, 2309, 2310, 2311, 2312, 2313, 2314, 2315, 2316, 2317, 2318, 2319, 2320, 2321, 2322, 2324, 2349, 2370, 2386, 2444, 2496, 2530, 2540, 2541, 2542, 2543, 2544, 2545, 2546, 2547, 2548, 2549, 2550, 2551, 2552, 2553, 2554, 2555, 2556, 2557, 2558, 2559, 2560, 2561, 2562, 2563, 2564, 2565, 2566, 2567, 2568, 2569, 2570, 2571], "selected_count": 212, "selection_time": 0.004738198011182249, "selection_score_forward_time": 0.004223618976539001}