{"example_id": 4, "sub_q_idx": 0, "method": "FusionRAG", "reprocess_method": "FusionRAG", "rate": 0.15, "system_len": 792, "passages_len": [792, 96, 139, 192, 126, 265, 74, 60, 45, 79, 102, 36], "chunk_ids": [0, 1, 2, 3, 4, 5, 6, 7, 8, 9, 10], "selected_abs": [792, 793, 794, 795, 796, 797, 798, 799, 800, 801, 802, 803, 804, 805, 806, 807, 808, 812, 813, 814, 815, 816, 817, 818, 819, 820, 821, 822, 823, 824, 825, 826, 827, 828, 829, 830, 831, 833, 834, 835, 836, 837, 850, 887, 888, 889, 890, 891, 892, 894, 895, 896, 897, 898, 899, 900, 909, 910, 941, 984, 1008, 1026, 1027, 1028, 1029, 1030, 1043, 1065, 1079, 1095, 1096, 1097, 1128, 1148, 1218, 1219, 1220, 1221, 1222, 1223, 1224, 1225, 1233, 1236, 1237, 1238, 1239, 1240, 1241, 1259, 1275, 1344, 1345, 1346, 1347, 1348, 1349, 1350, 1351, 1352, 1353, 1354, 1361, 1362, 1366, 1372, 1390, 1444, 1465, 1484, 1496, 1589, 1609, 1610, 1611, 1612, 1613, 1614, 1615, 1616, 1622, 1623, 1624, 1625, 1626, 1680, 1681, 1682, 1683, 1684, 1685, 1686, 1687, 1688, 1691, 1693, 1694, 1695, 1721, 1726, 1743, 1744, 1745, 1746, 1747, 1748, 1749, 1750, 1751, 1754, 1755, 1760, 1770, 1780, 1787, 1788, 1789, 1790, 1791, 1792, 1797, 1801, 1802, 1809, 1850, 1867, 1868, 1869, 1870, 1871, 1872, 1873, 1924, 1943, 1969, 1970, 1971, 1972, 1973, 1974, 1975, 1976, 1977, 1978, 1979, 1980, 1981, 1982, 1983, 1984, 1985, 1986, 1987, 1988, 1989, 1990, 1991, 1992, 1993, 1994, 1995, 1996, 1997, 1998, 1999, 2000, 2001, 2002, 2003, 2004, 2005], "selected_count": 211, "selection_time": 0.004703587997937575, "selection_score_forward_time": 0.004196299996692687}