{"example_id": 16, "sub_q_idx": 0, "method": "FusionRAG", "reprocess_method": "FusionRAG", "rate": 0.15, "system_len": 792, "passages_len": [792, 225, 138, 198, 183, 148, 75, 195, 80, 162, 111, 32], "chunk_ids": [0, 1, 2, 3, 4, 5, 6, 7, 8, 9, 10], "selected_abs": [792, 793, 794, 795, 796, 797, 798, 799, 800, 801, 802, 803, 804, 805, 806, 807, 822, 825, 839, 840, 841, 842, 843, 860, 864, 865, 866, 867, 869, 870, 911, 912, 938, 955, 956, 957, 989, 1015, 1016, 1017, 1018, 1019, 1020, 1021, 1022, 1025, 1026, 1035, 1036, 1040, 1050, 1091, 1123, 1154, 1155, 1156, 1157, 1159, 1165, 1170, 1174, 1186, 1193, 1222, 1232, 1233, 1236, 1239, 1240, 1261, 1294, 1297, 1352, 1353, 1354, 1355, 1356, 1361, 1375, 1387, 1425, 1426, 1535, 1536, 1537, 1538, 1539, 1540, 1541, 1542, 1544, 1547, 1548, 1549, 1550, 1564, 1622, 1643, 1666, 1667, 1683, 1684, 1685, 1686, 1687, 1688, 1689, 1690, 1691, 1692, 1694, 1695, 1699, 1700, 1707, 1758, 1759, 1760, 1761, 1762, 1763, 1764, 1770, 1776, 1778, 1779, 1826, 1827, 1846, 1850, 1916, 1933, 1953, 1954, 1955, 1956, 1957, 1958, 1959, 1961, 1964, 1966, 1997, 2001, 2033, 2034, 2035, 2036, 2037, 2038, 2043, 2055, 2104, 2105, 2119, 2152, 2195, 2196, 2197, 2198, 2199, 2200, 2201, 2204, 2205, 2206, 2207, 2208, 2209, 2210, 2211, 2212, 2213, 2214, 2215, 2225, 2227, 2228, 2238, 2239, 2279, 2302, 2306, 2307, 2308, 2309, 2310, 2311, 2312, 2313, 2314, 2315, 2316, 2317, 2318, 2319, 2320, 2321, 2322, 2323, 2324, 2325, 2326, 2327, 2328, 2329, 2330, 2331, 2332, 2333, 2334, 2335, 2336, 2337, 2338], "selected_count": 215, "selection_time": 0.004412087000673637, "selection_score_forward_time": 0.003952039987780154}