{"example_id": 18, "sub_q_idx": 0, "method": "FusionRAG", "reprocess_method": "FusionRAG", "rate": 0.15, "system_len": 792, "passages_len": [792, 106, 144, 84, 141, 113, 93, 101, 71, 120, 47, 32], "chunk_ids": [0, 1, 2, 3, 4, 5, 6, 7, 8, 9, 10], "selected_abs": [792, 793, 794, 795, 796, 797, 798, 799, 800, 801, 802, 808, 811, 812, 813, 814, 815, 816, 818, 819, 820, 821, 851, 896, 897, 898, 899, 900, 901, 902, 906, 907, 993, 1041, 1042, 1043, 1044, 1045, 1046, 1049, 1050, 1051, 1125, 1126, 1127, 1128, 1129, 1130, 1133, 1134, 1135, 1138, 1139, 1267, 1269, 1270, 1271, 1274, 1275, 1276, 1289, 1292, 1317, 1380, 1382, 1383, 1384, 1387, 1388, 1389, 1390, 1393, 1473, 1475, 1476, 1481, 1482, 1574, 1603, 1615, 1616, 1644, 1645, 1646, 1647, 1648, 1717, 1764, 1765, 1766, 1767, 1768, 1770, 1771, 1800, 1811, 1812, 1813, 1814, 1815, 1816, 1817, 1818, 1819, 1820, 1821, 1822, 1823, 1824, 1825, 1826, 1827, 1828, 1829, 1830, 1831, 1832, 1833, 1834, 1835, 1836, 1837, 1838, 1839, 1840, 1841, 1842, 1843], "selected_count": 128, "selection_time": 0.004128249012865126, "selection_score_forward_time": 0.0036820479726884514}