{"example_id": 10, "sub_q_idx": 0, "method": "FusionRAG", "reprocess_method": "FusionRAG", "rate": 0.15, "system_len": 792, "passages_len": [792, 186, 203, 90, 310, 88, 123, 89, 117, 68, 231, 29], "chunk_ids": [0, 1, 2, 3, 4, 5, 6, 7, 8, 9, 10], "selected_abs": [792, 793, 794, 795, 796, 797, 798, 799, 800, 801, 802, 803, 804, 805, 806, 807, 808, 809, 810, 811, 812, 813, 814, 815, 816, 817, 818, 819, 820, 821, 822, 823, 824, 844, 850, 875, 876, 935, 976, 977, 978, 979, 980, 981, 982, 983, 991, 1013, 1057, 1100, 1170, 1180, 1181, 1182, 1183, 1184, 1185, 1186, 1188, 1199, 1224, 1241, 1242, 1252, 1270, 1271, 1272, 1273, 1274, 1275, 1276, 1282, 1286, 1287, 1293, 1306, 1307, 1327, 1328, 1348, 1354, 1413, 1442, 1529, 1530, 1556, 1557, 1558, 1559, 1580, 1581, 1582, 1583, 1584, 1585, 1586, 1587, 1595, 1600, 1607, 1608, 1631, 1635, 1638, 1668, 1669, 1670, 1671, 1672, 1673, 1674, 1675, 1676, 1697, 1710, 1711, 1791, 1792, 1793, 1794, 1795, 1796, 1797, 1799, 1800, 1801, 1802, 1816, 1817, 1835, 1880, 1881, 1882, 1883, 1884, 1885, 1887, 1895, 1997, 1998, 1999, 2000, 2001, 2002, 2003, 2004, 2005, 2018, 2028, 2046, 2065, 2066, 2067, 2068, 2069, 2070, 2071, 2075, 2076, 2077, 2078, 2093, 2094, 2095, 2096, 2098, 2125, 2162, 2175, 2296, 2297, 2298, 2299, 2300, 2301, 2302, 2303, 2304, 2305, 2306, 2307, 2308, 2309, 2310, 2311, 2312, 2313, 2314, 2315, 2316, 2317, 2318, 2319, 2320, 2321, 2322, 2323, 2324, 2325], "selected_count": 199, "selection_time": 0.005103953997604549, "selection_score_forward_time": 0.00460195099003613}