{"example_id": 24, "sub_q_idx": 0, "method": "FusionRAG", "reprocess_method": "FusionRAG", "rate": 0.15, "system_len": 792, "passages_len": [792, 256, 242, 222, 47, 180, 123, 95, 92, 89, 210, 30], "chunk_ids": [0, 1, 2, 3, 4, 5, 6, 7, 8, 9, 10], "selected_abs": [792, 793, 794, 795, 796, 797, 798, 799, 800, 801, 802, 803, 804, 805, 806, 807, 809, 817, 818, 819, 820, 821, 822, 840, 849, 868, 910, 925, 926, 962, 1012, 1025, 1047, 1048, 1049, 1050, 1051, 1052, 1053, 1054, 1055, 1056, 1060, 1065, 1072, 1096, 1105, 1134, 1136, 1167, 1168, 1204, 1254, 1289, 1290, 1291, 1292, 1293, 1294, 1298, 1299, 1300, 1301, 1302, 1303, 1304, 1305, 1306, 1307, 1308, 1453, 1465, 1487, 1488, 1511, 1512, 1513, 1514, 1515, 1516, 1517, 1518, 1519, 1521, 1547, 1558, 1559, 1560, 1561, 1562, 1564, 1565, 1567, 1572, 1575, 1629, 1671, 1677, 1715, 1738, 1739, 1740, 1741, 1744, 1745, 1747, 1748, 1782, 1792, 1793, 1808, 1861, 1862, 1863, 1864, 1865, 1866, 1868, 1869, 1870, 1941, 1942, 1956, 1957, 1958, 1959, 1960, 1964, 1966, 1967, 1968, 1999, 2010, 2028, 2029, 2030, 2049, 2050, 2051, 2053, 2058, 2059, 2060, 2074, 2086, 2092, 2137, 2138, 2140, 2166, 2190, 2238, 2287, 2291, 2347, 2348, 2349, 2350, 2351, 2352, 2353, 2354, 2355, 2356, 2357, 2358, 2359, 2360, 2361, 2362, 2363, 2364, 2365, 2366, 2367, 2368, 2369, 2370, 2371, 2372, 2373, 2374, 2375, 2376, 2377], "selected_count": 185, "selection_time": 0.005353607994038612, "selection_score_forward_time": 0.004847030009841546}