{"example_id": 17, "sub_q_idx": 0, "method": "FusionRAG", "reprocess_method": "FusionRAG", "rate": 0.15, "system_len": 792, "passages_len": [792, 114, 285, 78, 90, 72, 232, 221, 65, 170, 88, 32], "chunk_ids": [0, 1, 2, 3, 4, 5, 6, 7, 8, 9, 10], "selected_abs": [792, 793, 794, 795, 796, 797, 798, 799, 800, 801, 802, 803, 804, 805, 806, 807, 808, 809, 810, 811, 812, 813, 814, 815, 820, 821, 822, 823, 824, 825, 826, 827, 828, 830, 831, 855, 856, 901, 904, 905, 906, 907, 908, 909, 910, 911, 912, 914, 915, 953, 954, 999, 1001, 1003, 1026, 1027, 1055, 1070, 1082, 1103, 1142, 1171, 1190, 1191, 1192, 1193, 1194, 1195, 1196, 1206, 1215, 1240, 1253, 1254, 1267, 1268, 1269, 1270, 1271, 1272, 1274, 1275, 1276, 1277, 1286, 1354, 1357, 1358, 1359, 1360, 1361, 1362, 1363, 1374, 1383, 1408, 1415, 1430, 1431, 1432, 1433, 1434, 1435, 1438, 1440, 1443, 1453, 1485, 1562, 1618, 1619, 1661, 1662, 1663, 1664, 1665, 1666, 1667, 1669, 1670, 1673, 1687, 1688, 1689, 1692, 1693, 1694, 1695, 1715, 1716, 1814, 1882, 1883, 1884, 1885, 1886, 1887, 1888, 1898, 1908, 1913, 1935, 1944, 1948, 1949, 1950, 1951, 1952, 1953, 1954, 1955, 1956, 1957, 1958, 1959, 1991, 2015, 2031, 2035, 2118, 2119, 2120, 2121, 2122, 2123, 2124, 2125, 2126, 2127, 2141, 2145, 2190, 2202, 2206, 2207, 2208, 2209, 2210, 2211, 2212, 2213, 2214, 2215, 2216, 2217, 2218, 2219, 2220, 2221, 2222, 2223, 2224, 2225, 2226, 2227, 2228, 2229, 2230, 2231, 2232, 2233, 2234, 2235, 2236, 2237, 2238], "selected_count": 206, "selection_time": 0.004209284990793094, "selection_score_forward_time": 0.0037585000100079924}