{"example_id": 9, "sub_q_idx": 0, "method": "FusionRAG", "reprocess_method": "FusionRAG", "rate": 0.15, "system_len": 792, "passages_len": [792, 205, 152, 321, 212, 228, 154, 139, 265, 196, 126, 29], "chunk_ids": [0, 1, 2, 3, 4, 5, 6, 7, 8, 9, 10], "selected_abs": [792, 793, 794, 795, 796, 797, 798, 799, 800, 802, 803, 804, 805, 806, 807, 810, 811, 812, 813, 814, 830, 832, 833, 838, 839, 840, 841, 864, 912, 936, 971, 972, 973, 974, 975, 976, 979, 982, 994, 995, 996, 997, 998, 999, 1000, 1001, 1002, 1003, 1004, 1005, 1006, 1007, 1008, 1009, 1010, 1011, 1012, 1013, 1014, 1015, 1016, 1017, 1018, 1030, 1047, 1054, 1098, 1105, 1147, 1148, 1149, 1150, 1151, 1152, 1153, 1154, 1155, 1156, 1157, 1158, 1159, 1164, 1168, 1185, 1186, 1225, 1285, 1326, 1333, 1334, 1374, 1381, 1398, 1410, 1420, 1452, 1453, 1465, 1469, 1470, 1471, 1472, 1473, 1474, 1475, 1476, 1477, 1478, 1479, 1488, 1491, 1492, 1499, 1509, 1560, 1576, 1619, 1681, 1682, 1683, 1684, 1685, 1686, 1687, 1688, 1689, 1690, 1718, 1739, 1773, 1813, 1865, 1872, 1899, 1909, 1910, 1911, 1912, 1913, 1914, 1915, 1916, 1917, 1918, 1924, 1933, 1934, 1936, 1937, 1944, 1966, 2018, 2063, 2064, 2065, 2066, 2067, 2068, 2069, 2070, 2071, 2072, 2075, 2076, 2117, 2160, 2202, 2203, 2204, 2205, 2207, 2208, 2209, 2210, 2212, 2224, 2230, 2248, 2302, 2323, 2342, 2343, 2354, 2391, 2447, 2457, 2462, 2467, 2468, 2469, 2470, 2471, 2472, 2473, 2474, 2475, 2476, 2477, 2490, 2506, 2531, 2546, 2547, 2623, 2624, 2659, 2663, 2664, 2665, 2666, 2667, 2668, 2669, 2670, 2672, 2673, 2678, 2681, 2682, 2683, 2684, 2685, 2686, 2689, 2690, 2704, 2720, 2747, 2789, 2790, 2791, 2792, 2793, 2794, 2795, 2796, 2797, 2798, 2799, 2800, 2801, 2802, 2803, 2804, 2805, 2806, 2807, 2808, 2809, 2810, 2811, 2812, 2813, 2814, 2815, 2816, 2817, 2818], "selected_count": 258, "selection_time": 0.004818396002519876, "selection_score_forward_time": 0.004293635982321575}