{"example_id": 19, "sub_q_idx": 0, "method": "FusionRAG", "reprocess_method": "FusionRAG", "rate": 0.15, "system_len": 792, "passages_len": [792, 67, 37, 131, 46, 188, 190, 82, 135, 38, 120, 26], "chunk_ids": [0, 1, 2, 3, 4, 5, 6, 7, 8, 9, 10], "selected_abs": [792, 793, 794, 795, 796, 797, 798, 799, 800, 801, 802, 803, 804, 805, 806, 807, 808, 809, 817, 818, 820, 821, 822, 823, 824, 825, 826, 827, 838, 839, 840, 841, 842, 843, 844, 846, 847, 848, 849, 850, 851, 855, 856, 857, 858, 859, 860, 861, 862, 863, 864, 871, 875, 876, 894, 895, 896, 897, 898, 899, 900, 901, 902, 903, 904, 905, 906, 907, 914, 917, 921, 922, 930, 974, 1025, 1026, 1027, 1028, 1029, 1030, 1031, 1039, 1050, 1051, 1055, 1072, 1073, 1074, 1075, 1076, 1077, 1078, 1090, 1106, 1109, 1124, 1129, 1153, 1154, 1175, 1218, 1227, 1233, 1260, 1261, 1262, 1263, 1264, 1265, 1266, 1267, 1268, 1269, 1270, 1271, 1272, 1273, 1274, 1449, 1450, 1451, 1452, 1453, 1454, 1455, 1456, 1457, 1458, 1459, 1460, 1485, 1486, 1532, 1533, 1534, 1535, 1536, 1537, 1538, 1539, 1569, 1592, 1593, 1606, 1617, 1646, 1666, 1667, 1668, 1669, 1670, 1671, 1672, 1673, 1674, 1675, 1676, 1677, 1678, 1679, 1681, 1690, 1693, 1694, 1705, 1706, 1707, 1708, 1709, 1710, 1711, 1712, 1713, 1714, 1715, 1719, 1728, 1747, 1748, 1783, 1825, 1826, 1827, 1828, 1829, 1830, 1831, 1832, 1833, 1834, 1835, 1836, 1837, 1838, 1839, 1840, 1841, 1842, 1843, 1844, 1845, 1846, 1847, 1848, 1849, 1850, 1851], "selected_count": 207, "selection_time": 0.00418842799263075, "selection_score_forward_time": 0.0037297340168152004}