{"example_id": 6, "sub_q_idx": 0, "method": "FusionRAG", "reprocess_method": "FusionRAG", "rate": 0.15, "system_len": 792, "passages_len": [792, 183, 84, 154, 244, 86, 49, 203, 140, 113, 148, 86, 25], "chunk_ids": [0, 1, 2, 3, 4, 5, 6, 7, 8, 9, 10, 5], "selected_abs": [792, 793, 794, 795, 796, 797, 798, 799, 800, 801, 802, 803, 804, 805, 806, 807, 808, 816, 822, 838, 897, 898, 951, 953, 974, 975, 976, 977, 978, 979, 980, 981, 982, 985, 986, 987, 988, 1017, 1018, 1056, 1057, 1058, 1059, 1060, 1061, 1062, 1063, 1064, 1065, 1066, 1067, 1068, 1069, 1070, 1071, 1072, 1073, 1074, 1089, 1091, 1177, 1212, 1213, 1214, 1215, 1216, 1218, 1219, 1220, 1221, 1222, 1232, 1233, 1235, 1236, 1276, 1285, 1286, 1365, 1408, 1409, 1456, 1457, 1458, 1459, 1460, 1461, 1462, 1463, 1464, 1465, 1466, 1467, 1468, 1469, 1470, 1471, 1488, 1490, 1500, 1538, 1542, 1543, 1544, 1545, 1546, 1547, 1548, 1549, 1550, 1553, 1555, 1556, 1557, 1558, 1591, 1592, 1593, 1594, 1595, 1597, 1598, 1599, 1600, 1605, 1666, 1672, 1676, 1712, 1735, 1736, 1794, 1795, 1796, 1797, 1798, 1799, 1800, 1801, 1802, 1803, 1804, 1842, 1887, 1890, 1896, 1934, 1935, 1936, 1937, 1938, 1939, 1940, 1941, 1942, 1943, 1944, 1946, 1947, 1948, 1949, 1961, 1965, 1966, 1993, 1996, 2016, 2047, 2048, 2049, 2050, 2051, 2052, 2053, 2054, 2055, 2056, 2059, 2060, 2061, 2065, 2069, 2089, 2148, 2149, 2150, 2151, 2152, 2153, 2176, 2177, 2178, 2179, 2180, 2181, 2182, 2183, 2184, 2185, 2186, 2187, 2188, 2189, 2190, 2191, 2192, 2193, 2194, 2195, 2196, 2197, 2198, 2199, 2200, 2201, 2202, 2203, 2204, 2205, 2206, 2207, 2208, 2209, 2210, 2227, 2229, 2239, 2277, 2281, 2282, 2283, 2284, 2285, 2286, 2287, 2288, 2289, 2290, 2291, 2292, 2293, 2294, 2295, 2296, 2297, 2298, 2299, 2300, 2301, 2302, 2303, 2304, 2305, 2306], "selected_count": 254, "selection_time": 0.004830356017919257, "selection_score_forward_time": 0.0042756409966386855}