{"example_id": 4, "sub_q_idx": 1, "method": "FusionRAG", "reprocess_method": "FusionRAG", "rate": 0.15, "system_len": 792, "passages_len": [792, 148, 139, 149, 265, 228, 196, 72, 88, 86, 321, 96, 148, 139, 28], "chunk_ids": [0, 11, 12, 13, 5, 14, 15, 16, 17, 18, 19, 1, 11, 12], "selected_abs": [792, 793, 794, 795, 796, 797, 798, 799, 800, 801, 802, 826, 827, 844, 858, 869, 899, 939, 940, 941, 942, 943, 944, 945, 946, 951, 980, 981, 983, 989, 1027, 1057, 1061, 1062, 1074, 1075, 1076, 1077, 1078, 1079, 1080, 1081, 1082, 1083, 1084, 1085, 1086, 1087, 1088, 1089, 1130, 1134, 1143, 1185, 1224, 1225, 1226, 1227, 1228, 1229, 1230, 1231, 1232, 1233, 1234, 1235, 1236, 1237, 1249, 1255, 1273, 1327, 1333, 1348, 1361, 1367, 1368, 1379, 1492, 1493, 1494, 1495, 1496, 1497, 1498, 1499, 1500, 1501, 1502, 1529, 1550, 1624, 1656, 1658, 1676, 1710, 1720, 1721, 1722, 1723, 1724, 1725, 1726, 1727, 1728, 1729, 1730, 1732, 1733, 1743, 1759, 1784, 1799, 1876, 1877, 1912, 1916, 1917, 1918, 1919, 1920, 1921, 1922, 1923, 1924, 1925, 1926, 1932, 1966, 1988, 1989, 1990, 1991, 1992, 1993, 1994, 1995, 1997, 2002, 2003, 2006, 2008, 2010, 2016, 2041, 2042, 2054, 2072, 2076, 2077, 2078, 2079, 2080, 2081, 2082, 2083, 2084, 2085, 2086, 2087, 2096, 2098, 2103, 2105, 2106, 2107, 2108, 2109, 2110, 2111, 2112, 2114, 2123, 2143, 2161, 2162, 2163, 2164, 2165, 2166, 2167, 2168, 2169, 2170, 2171, 2172, 2173, 2174, 2175, 2176, 2178, 2182, 2199, 2200, 2239, 2240, 2299, 2347, 2348, 2356, 2388, 2395, 2432, 2433, 2434, 2435, 2436, 2437, 2438, 2439, 2440, 2441, 2463, 2464, 2465, 2466, 2467, 2468, 2469, 2470, 2471, 2472, 2473, 2474, 2475, 2476, 2477, 2478, 2479, 2480, 2481, 2482, 2483, 2484, 2485, 2486, 2487, 2488, 2490, 2491, 2492, 2493, 2494, 2495, 2496, 2497, 2498, 2499, 2500, 2504, 2505, 2506, 2507, 2508, 2509, 2510, 2511, 2512, 2513, 2514, 2515, 2516, 2517, 2518, 2519, 2520, 2521, 2522, 2523, 2525, 2526, 2527, 2528, 2529, 2542, 2553, 2579, 2580, 2581, 2582, 2583, 2584, 2585, 2586, 2587, 2588, 2589, 2590, 2614, 2615, 2632, 2646, 2657, 2687, 2727, 2728, 2729, 2730, 2731, 2732, 2733, 2734, 2739, 2768, 2769, 2771, 2777, 2815, 2845, 2849, 2850, 2862, 2863, 2864, 2865, 2866, 2867, 2868, 2869, 2870, 2871, 2872, 2873, 2874, 2875, 2876, 2877, 2878, 2879, 2880, 2881, 2882, 2883, 2884, 2885, 2886, 2887, 2888, 2889, 2890, 2891, 2892, 2893, 2894], "selected_count": 344, "selection_time": 0.005571971996687353, "selection_score_forward_time": 0.0050334160041529685}