{"example_id": 20, "sub_q_idx": 0, "method": "FusionRAG", "reprocess_method": "FusionRAG", "rate": 0.15, "system_len": 792, "passages_len": [792, 256, 242, 123, 92, 89, 180, 165, 136, 138, 98, 30], "chunk_ids": [0, 1, 2, 3, 4, 5, 6, 7, 8, 9, 10], "selected_abs": [792, 793, 794, 795, 796, 797, 798, 799, 800, 801, 802, 803, 804, 805, 806, 807, 809, 815, 816, 817, 818, 819, 820, 821, 822, 823, 831, 840, 849, 868, 892, 910, 925, 926, 962, 1012, 1025, 1047, 1048, 1049, 1050, 1051, 1052, 1053, 1054, 1055, 1056, 1059, 1060, 1061, 1062, 1063, 1065, 1072, 1074, 1075, 1076, 1077, 1078, 1096, 1105, 1134, 1136, 1167, 1168, 1204, 1254, 1267, 1288, 1289, 1290, 1291, 1292, 1293, 1294, 1295, 1296, 1297, 1298, 1299, 1300, 1301, 1302, 1303, 1304, 1305, 1306, 1307, 1308, 1333, 1344, 1359, 1412, 1413, 1414, 1415, 1416, 1420, 1422, 1423, 1424, 1455, 1466, 1484, 1485, 1486, 1504, 1505, 1506, 1507, 1509, 1512, 1514, 1515, 1516, 1530, 1542, 1548, 1593, 1594, 1595, 1596, 1597, 1599, 1600, 1601, 1602, 1607, 1610, 1664, 1706, 1712, 1750, 1773, 1774, 1775, 1776, 1777, 1779, 1783, 1795, 1799, 1812, 1847, 1848, 1907, 1938, 1939, 1940, 1941, 1951, 1967, 1986, 2005, 2034, 2074, 2075, 2076, 2077, 2078, 2080, 2081, 2086, 2100, 2101, 2106, 2110, 2151, 2178, 2201, 2212, 2213, 2214, 2215, 2222, 2223, 2238, 2295, 2310, 2311, 2312, 2313, 2314, 2315, 2316, 2317, 2318, 2319, 2320, 2321, 2322, 2323, 2324, 2325, 2326, 2327, 2328, 2329, 2330, 2331, 2332, 2333, 2334, 2335, 2336, 2337, 2338, 2339, 2340], "selected_count": 209, "selection_time": 0.004266572999767959, "selection_score_forward_time": 0.0038064870168454945}