{"example_id": 3, "sub_q_idx": 0, "method": "FusionRAG", "reprocess_method": "FusionRAG", "rate": 0.15, "system_len": 792, "passages_len": [792, 108, 92, 90, 170, 141, 200, 52, 143, 68, 90, 30], "chunk_ids": [0, 1, 2, 3, 4, 5, 6, 7, 8, 9, 10], "selected_abs": [792, 793, 794, 795, 796, 797, 798, 799, 800, 801, 802, 803, 804, 815, 828, 829, 830, 831, 886, 897, 898, 899, 900, 901, 902, 903, 904, 906, 917, 918, 919, 947, 991, 992, 993, 994, 995, 999, 1000, 1001, 1008, 1032, 1046, 1081, 1082, 1083, 1084, 1085, 1087, 1088, 1089, 1090, 1144, 1145, 1169, 1178, 1193, 1226, 1251, 1252, 1253, 1254, 1255, 1257, 1261, 1269, 1296, 1300, 1301, 1303, 1310, 1311, 1324, 1328, 1392, 1393, 1394, 1395, 1396, 1397, 1398, 1404, 1405, 1412, 1478, 1492, 1496, 1592, 1593, 1594, 1595, 1596, 1598, 1600, 1601, 1604, 1643, 1644, 1645, 1646, 1647, 1648, 1653, 1654, 1655, 1657, 1658, 1684, 1713, 1757, 1766, 1783, 1787, 1788, 1789, 1790, 1791, 1792, 1793, 1794, 1795, 1796, 1803, 1833, 1855, 1856, 1857, 1858, 1859, 1860, 1861, 1862, 1863, 1875, 1880, 1908, 1945, 1946, 1947, 1948, 1949, 1950, 1951, 1952, 1953, 1954, 1955, 1956, 1957, 1958, 1959, 1960, 1961, 1962, 1963, 1964, 1965, 1966, 1967, 1968, 1969, 1970, 1971, 1972, 1973, 1974, 1975], "selected_count": 167, "selection_time": 0.0056344009935855865, "selection_score_forward_time": 0.005151382996700704}