{"example_id": 13, "sub_q_idx": 0, "method": "FusionRAG", "reprocess_method": "FusionRAG", "rate": 0.15, "system_len": 792, "passages_len": [792, 86, 265, 45, 79, 60, 126, 96, 45, 148, 192, 25], "chunk_ids": [0, 1, 2, 3, 4, 5, 6, 7, 8, 9, 10], "selected_abs": [792, 793, 794, 795, 796, 797, 798, 799, 800, 801, 802, 809, 810, 811, 812, 813, 814, 815, 816, 818, 820, 821, 822, 823, 824, 825, 826, 827, 828, 829, 830, 838, 858, 873, 874, 876, 877, 878, 879, 880, 881, 882, 883, 884, 885, 886, 887, 899, 905, 919, 923, 977, 998, 1017, 1029, 1122, 1142, 1143, 1144, 1145, 1146, 1147, 1148, 1149, 1154, 1159, 1169, 1179, 1186, 1187, 1188, 1189, 1190, 1200, 1201, 1208, 1213, 1249, 1250, 1266, 1267, 1268, 1269, 1270, 1271, 1304, 1309, 1326, 1327, 1328, 1329, 1330, 1331, 1332, 1341, 1346, 1367, 1383, 1452, 1453, 1454, 1455, 1456, 1463, 1465, 1466, 1476, 1481, 1511, 1522, 1548, 1549, 1550, 1551, 1552, 1553, 1559, 1594, 1595, 1596, 1597, 1598, 1599, 1600, 1601, 1602, 1603, 1604, 1628, 1629, 1646, 1701, 1741, 1742, 1743, 1744, 1749, 1770, 1794, 1811, 1812, 1843, 1863, 1933, 1934, 1935, 1936, 1937, 1938, 1939, 1940, 1941, 1942, 1943, 1944, 1945, 1946, 1947, 1948, 1949, 1950, 1951, 1952, 1953, 1954, 1955, 1956, 1957, 1958], "selected_count": 169, "selection_time": 0.004811774007976055, "selection_score_forward_time": 0.004333172022597864}