{"example_id": 12, "sub_q_idx": 0, "method": "FusionRAG", "reprocess_method": "FusionRAG", "rate": 0.15, "system_len": 792, "passages_len": [792, 138, 225, 198, 183, 148, 75, 195, 243, 336, 270, 36], "chunk_ids": [0, 1, 2, 3, 4, 5, 6, 7, 8, 9, 10], "selected_abs": [792, 793, 794, 795, 796, 797, 798, 799, 800, 801, 802, 803, 804, 805, 807, 808, 809, 810, 811, 812, 815, 825, 834, 835, 838, 841, 862, 864, 865, 866, 867, 868, 869, 898, 929, 930, 931, 932, 933, 934, 935, 936, 937, 978, 1003, 1004, 1007, 1009, 1049, 1050, 1076, 1095, 1127, 1154, 1155, 1156, 1157, 1159, 1162, 1165, 1170, 1174, 1186, 1187, 1193, 1222, 1232, 1236, 1240, 1261, 1294, 1295, 1297, 1352, 1353, 1354, 1355, 1356, 1357, 1358, 1359, 1360, 1361, 1372, 1375, 1387, 1425, 1426, 1535, 1536, 1537, 1538, 1539, 1540, 1541, 1542, 1544, 1547, 1548, 1549, 1550, 1564, 1622, 1643, 1666, 1667, 1683, 1684, 1685, 1686, 1687, 1688, 1689, 1690, 1691, 1692, 1694, 1695, 1699, 1700, 1707, 1758, 1759, 1760, 1761, 1762, 1763, 1770, 1776, 1778, 1779, 1826, 1827, 1846, 1916, 1917, 1933, 1934, 1953, 1954, 1955, 1956, 1957, 1959, 1984, 2033, 2092, 2125, 2126, 2127, 2128, 2196, 2197, 2198, 2199, 2200, 2201, 2202, 2203, 2204, 2208, 2224, 2251, 2285, 2286, 2309, 2382, 2397, 2411, 2418, 2468, 2469, 2470, 2474, 2532, 2533, 2534, 2535, 2536, 2537, 2538, 2545, 2578, 2579, 2639, 2674, 2677, 2711, 2712, 2715, 2727, 2735, 2802, 2803, 2804, 2805, 2806, 2807, 2808, 2809, 2810, 2811, 2812, 2813, 2814, 2815, 2816, 2817, 2818, 2819, 2820, 2821, 2822, 2823, 2824, 2825, 2826, 2827, 2828, 2829, 2830, 2831, 2832, 2833, 2834, 2835, 2836, 2837, 2838], "selected_count": 229, "selection_time": 0.004257992986822501, "selection_score_forward_time": 0.0037872690008953214}