{"example_id": 1, "sub_q_idx": 0, "method": "FusionRAG", "reprocess_method": "FusionRAG", "rate": 0.15, "system_len": 792, "passages_len": [792, 90, 85, 130, 86, 135, 217, 56, 216, 113, 77, 90, 29], "chunk_ids": [0, 1, 2, 3, 4, 5, 6, 7, 8, 9, 10, 1], "selected_abs": [792, 793, 794, 795, 796, 797, 798, 799, 801, 802, 803, 804, 805, 806, 814, 830, 880, 881, 882, 883, 884, 885, 886, 887, 888, 892, 893, 902, 917, 923, 948, 966, 967, 968, 969, 970, 972, 973, 978, 1025, 1037, 1041, 1042, 1097, 1098, 1099, 1101, 1102, 1103, 1104, 1106, 1107, 1113, 1143, 1157, 1182, 1183, 1184, 1185, 1186, 1187, 1188, 1189, 1190, 1210, 1211, 1235, 1240, 1271, 1279, 1306, 1318, 1320, 1321, 1352, 1353, 1374, 1379, 1442, 1494, 1508, 1534, 1535, 1536, 1537, 1538, 1540, 1541, 1542, 1543, 1546, 1547, 1554, 1564, 1589, 1590, 1591, 1592, 1593, 1594, 1595, 1596, 1597, 1598, 1599, 1600, 1620, 1621, 1627, 1633, 1653, 1678, 1743, 1749, 1773, 1806, 1807, 1808, 1809, 1810, 1811, 1812, 1813, 1867, 1897, 1919, 1920, 1921, 1922, 1923, 1924, 1925, 1926, 1927, 1928, 1929, 1930, 1931, 1932, 1933, 1934, 1935, 1936, 1937, 1938, 1939, 1940, 1941, 1942, 1943, 1944, 1955, 1957, 1958, 1959, 1960, 1961, 1962, 1963, 1964, 1965, 1966, 1967, 1968, 1979, 1980, 1981, 1982, 1983, 1984, 1985, 1986, 1987, 1988, 1989, 1990, 1991, 1992, 1993, 1994, 1995, 1996, 1997, 1998, 1999, 2000, 2001, 2002, 2003, 2004, 2006, 2007, 2008, 2009, 2010, 2011, 2019, 2035, 2085, 2086, 2087, 2088, 2089, 2090, 2091, 2092, 2093, 2094, 2095, 2096, 2097, 2098, 2099, 2100, 2101, 2102, 2103, 2104, 2105, 2106, 2107, 2108, 2109, 2110, 2111, 2112, 2113, 2114, 2115], "selected_count": 229, "selection_time": 0.0056842399935703725, "selection_score_forward_time": 0.005181273998459801}