{"example_id": 3, "sub_q_idx": 1, "method": "FusionRAG", "reprocess_method": "FusionRAG", "rate": 0.15, "system_len": 792, "passages_len": [792, 92, 108, 170, 143, 200, 89, 52, 141, 68, 90, 108, 92, 31], "chunk_ids": [0, 2, 1, 4, 8, 6, 11, 7, 5, 9, 10, 1, 2], "selected_abs": [792, 793, 794, 795, 796, 798, 807, 809, 810, 811, 824, 839, 883, 884, 885, 886, 887, 888, 889, 890, 891, 892, 893, 894, 895, 896, 898, 901, 907, 917, 920, 921, 922, 923, 978, 989, 990, 991, 992, 993, 994, 995, 997, 998, 999, 1000, 1054, 1055, 1079, 1088, 1103, 1136, 1161, 1162, 1163, 1164, 1165, 1170, 1171, 1172, 1201, 1230, 1274, 1278, 1282, 1283, 1300, 1304, 1305, 1306, 1307, 1308, 1309, 1310, 1316, 1317, 1324, 1390, 1404, 1408, 1413, 1504, 1505, 1506, 1507, 1508, 1509, 1510, 1517, 1528, 1547, 1548, 1549, 1550, 1551, 1552, 1553, 1554, 1555, 1556, 1557, 1558, 1559, 1560, 1561, 1562, 1563, 1564, 1565, 1566, 1567, 1577, 1578, 1579, 1580, 1581, 1582, 1583, 1584, 1585, 1586, 1587, 1588, 1589, 1590, 1591, 1592, 1593, 1594, 1595, 1596, 1597, 1598, 1599, 1600, 1601, 1602, 1605, 1644, 1645, 1646, 1647, 1648, 1649, 1651, 1655, 1663, 1690, 1694, 1695, 1697, 1704, 1705, 1718, 1722, 1786, 1787, 1788, 1789, 1790, 1791, 1792, 1793, 1794, 1795, 1802, 1832, 1854, 1855, 1856, 1857, 1858, 1859, 1860, 1861, 1862, 1874, 1879, 1907, 1944, 1945, 1946, 1947, 1948, 1949, 1950, 1951, 1952, 1953, 1954, 1955, 1956, 1957, 1959, 1962, 1968, 1978, 1981, 1982, 1983, 1984, 2039, 2050, 2051, 2052, 2053, 2054, 2055, 2056, 2057, 2059, 2070, 2071, 2072, 2100, 2144, 2145, 2146, 2147, 2148, 2149, 2150, 2151, 2152, 2153, 2154, 2155, 2156, 2157, 2158, 2159, 2160, 2161, 2162, 2163, 2164, 2165, 2166, 2167, 2168, 2169, 2170, 2171, 2172, 2173, 2174, 2175], "selected_count": 247, "selection_time": 0.0049050610105041414, "selection_score_forward_time": 0.004375946999061853}