{"example_id": 7, "sub_q_idx": 1, "method": "FusionRAG", "reprocess_method": "FusionRAG", "rate": 0.15, "system_len": 792, "passages_len": [792, 86, 84, 183, 154, 49, 140, 42, 203, 148, 137, 154, 86, 32], "chunk_ids": [0, 11, 2, 8, 1, 5, 12, 13, 6, 14, 15, 1, 11], "selected_abs": [792, 793, 794, 795, 796, 797, 798, 799, 800, 801, 802, 803, 804, 805, 806, 820, 821, 822, 823, 824, 825, 835, 873, 877, 878, 879, 880, 881, 882, 883, 885, 886, 887, 888, 889, 890, 891, 892, 920, 921, 959, 960, 961, 962, 963, 964, 965, 966, 967, 968, 969, 976, 978, 986, 992, 1008, 1047, 1121, 1123, 1144, 1145, 1146, 1147, 1148, 1149, 1150, 1151, 1152, 1153, 1154, 1155, 1156, 1157, 1158, 1159, 1160, 1161, 1175, 1177, 1263, 1264, 1289, 1298, 1299, 1300, 1301, 1302, 1303, 1304, 1305, 1306, 1307, 1308, 1309, 1310, 1311, 1312, 1313, 1314, 1347, 1348, 1349, 1350, 1351, 1352, 1353, 1354, 1356, 1357, 1358, 1388, 1395, 1440, 1443, 1449, 1487, 1488, 1489, 1490, 1491, 1492, 1493, 1497, 1512, 1516, 1517, 1518, 1519, 1520, 1521, 1522, 1523, 1526, 1527, 1528, 1529, 1530, 1531, 1532, 1533, 1534, 1535, 1536, 1537, 1538, 1539, 1540, 1541, 1543, 1592, 1601, 1604, 1610, 1614, 1650, 1673, 1674, 1732, 1733, 1734, 1735, 1736, 1737, 1738, 1739, 1740, 1741, 1742, 1744, 1747, 1749, 1750, 1754, 1774, 1833, 1835, 1866, 1868, 1869, 1880, 1881, 1882, 1883, 1884, 1885, 1886, 1887, 1888, 1889, 1893, 1894, 1896, 1900, 1906, 1924, 1925, 1985, 1986, 1987, 1988, 1989, 1990, 1991, 1992, 1993, 1994, 1995, 1996, 1997, 1998, 1999, 2000, 2001, 2002, 2003, 2004, 2005, 2006, 2007, 2008, 2009, 2010, 2011, 2012, 2013, 2014, 2015, 2016, 2017, 2018, 2019, 2020, 2021, 2022, 2023, 2024, 2025, 2026, 2027, 2028, 2029, 2030, 2031, 2032, 2033, 2034, 2048, 2050, 2136, 2137, 2171, 2172, 2173, 2174, 2175, 2176, 2177, 2178, 2179, 2180, 2181, 2182, 2183, 2184, 2185, 2186, 2200, 2201, 2202, 2203, 2204, 2205, 2215, 2253, 2257, 2258, 2259, 2260, 2261, 2262, 2263, 2264, 2265, 2266, 2267, 2268, 2269, 2270, 2271, 2272, 2273, 2274, 2275, 2276, 2277, 2278, 2279, 2280, 2281, 2282, 2283, 2284, 2285, 2286, 2287, 2288, 2289], "selected_count": 307, "selection_time": 0.004596226994181052, "selection_score_forward_time": 0.004114366020075977}