{"example_id": 14, "sub_q_idx": 0, "method": "FusionRAG", "reprocess_method": "FusionRAG", "rate": 0.15, "system_len": 792, "passages_len": [792, 144, 71, 113, 84, 141, 93, 101, 106, 93, 111, 40], "chunk_ids": [0, 1, 2, 3, 4, 5, 6, 7, 8, 9, 10], "selected_abs": [792, 793, 794, 795, 796, 797, 798, 799, 800, 801, 802, 803, 804, 805, 806, 807, 808, 887, 890, 935, 936, 937, 938, 939, 940, 962, 963, 964, 965, 966, 967, 968, 970, 971, 977, 978, 979, 1005, 1006, 1007, 1008, 1009, 1010, 1011, 1012, 1013, 1014, 1015, 1016, 1029, 1032, 1034, 1035, 1037, 1038, 1057, 1118, 1119, 1120, 1121, 1122, 1123, 1124, 1125, 1126, 1127, 1128, 1129, 1134, 1203, 1204, 1205, 1206, 1207, 1208, 1209, 1210, 1211, 1212, 1213, 1214, 1216, 1217, 1344, 1345, 1346, 1347, 1348, 1349, 1350, 1351, 1352, 1353, 1354, 1355, 1356, 1358, 1359, 1437, 1438, 1439, 1440, 1441, 1442, 1445, 1446, 1447, 1448, 1537, 1539, 1547, 1555, 1568, 1598, 1644, 1645, 1646, 1647, 1648, 1649, 1650, 1651, 1660, 1663, 1718, 1737, 1738, 1739, 1740, 1741, 1750, 1756, 1808, 1823, 1848, 1849, 1850, 1851, 1852, 1853, 1854, 1855, 1856, 1857, 1858, 1859, 1860, 1861, 1862, 1863, 1864, 1865, 1866, 1867, 1868, 1869, 1870, 1871, 1872, 1873, 1874, 1875, 1876, 1877, 1878, 1879, 1880, 1881, 1882, 1883, 1884, 1885, 1886, 1887, 1888], "selected_count": 175, "selection_time": 0.004606817994499579, "selection_score_forward_time": 0.004108477995032445}