{"example_id": 19, "sub_q_idx": 1, "method": "DraftModel", "reprocess_method": "DraftModel", "rate": 0.15, "system_len": 792, "passages_len": [792, 131, 37, 46, 137, 340, 82, 49, 125, 124, 341, 37, 131, 31], "chunk_ids": [0, 3, 2, 4, 11, 12, 7, 13, 14, 15, 16, 2, 3], "selected_abs": [792, 793, 794, 795, 796, 797, 798, 799, 800, 801, 802, 803, 804, 805, 806, 807, 808, 809, 810, 811, 812, 813, 814, 815, 816, 817, 818, 836, 837, 838, 889, 890, 891, 892, 894, 895, 896, 897, 898, 899, 900, 901, 902, 918, 919, 920, 921, 922, 923, 924, 925, 926, 927, 928, 929, 950, 951, 952, 953, 954, 955, 956, 957, 958, 959, 960, 961, 962, 963, 964, 1004, 1005, 1006, 1007, 1142, 1143, 1144, 1145, 1146, 1262, 1263, 1264, 1265, 1482, 1483, 1484, 1485, 1486, 1487, 1488, 1489, 1564, 1565, 1566, 1567, 1568, 1601, 1602, 1603, 1604, 1606, 1607, 1608, 1609, 1610, 1663, 1664, 1665, 1666, 1745, 1746, 1747, 1748, 1749, 1827, 1828, 1829, 1830, 1862, 1863, 1864, 1865, 1866, 1867, 1868, 1931, 2033, 2098, 2135, 2165, 2203, 2204, 2205, 2206, 2207, 2208, 2209, 2210, 2215, 2216, 2222, 2223, 2224, 2225, 2229, 2230, 2231, 2232, 2233, 2234, 2235, 2236, 2237, 2238, 2239, 2240, 2241, 2242, 2243, 2244, 2245, 2246, 2247, 2248, 2249, 2250, 2251, 2252, 2253, 2254, 2255, 2256, 2257, 2258, 2259, 2260, 2261, 2262, 2263, 2264, 2265, 2266, 2267, 2268, 2269, 2274, 2275, 2276, 2285, 2286, 2287, 2288, 2289, 2290, 2306, 2307, 2308, 2309, 2310, 2311, 2317, 2318, 2319, 2320, 2321, 2330, 2331, 2332, 2333, 2334, 2335, 2337, 2338, 2339, 2340, 2341, 2342, 2343, 2344, 2345, 2346, 2347, 2348, 2349, 2350, 2351, 2352, 2353, 2354, 2355, 2356, 2366, 2367, 2368, 2369, 2370, 2371, 2372, 2373, 2374, 2375, 2376, 2377, 2378, 2379, 2380, 2381, 2382, 2383, 2384, 2385, 2386, 2387, 2388, 2389, 2390, 2391, 2392, 2393, 2394, 2395, 2396, 2397, 2398, 2399, 2400, 2401, 2402], "selected_count": 268, "selection_time": 0.13923110300675035, "selection_score_forward_time": 0.13794969001901336}