{"example_id": 7, "sub_q_idx": 0, "method": "DraftModel", "reprocess_method": "DraftModel", "rate": 0.15, "system_len": 792, "passages_len": [792, 154, 84, 152, 254, 49, 203, 37, 183, 244, 227, 31], "chunk_ids": [0, 1, 2, 3, 4, 5, 6, 7, 8, 9, 10], "selected_abs": [792, 793, 794, 795, 796, 797, 798, 799, 800, 801, 802, 803, 804, 805, 806, 807, 808, 809, 810, 811, 812, 813, 814, 815, 816, 817, 818, 820, 821, 822, 823, 824, 825, 826, 827, 828, 829, 830, 831, 832, 833, 837, 838, 839, 840, 841, 842, 872, 873, 874, 907, 908, 909, 910, 911, 912, 934, 935, 936, 937, 938, 939, 944, 945, 946, 947, 948, 949, 950, 951, 952, 956, 957, 958, 959, 960, 961, 965, 966, 967, 968, 969, 970, 971, 972, 973, 974, 980, 981, 982, 983, 984, 985, 986, 987, 988, 989, 1027, 1028, 1029, 1030, 1031, 1032, 1033, 1034, 1035, 1036, 1181, 1182, 1183, 1184, 1185, 1186, 1193, 1435, 1436, 1437, 1438, 1439, 1440, 1441, 1442, 1443, 1444, 1445, 1446, 1447, 1448, 1449, 1450, 1451, 1484, 1485, 1486, 1487, 1488, 1490, 1491, 1492, 1565, 1687, 1688, 1689, 1690, 1691, 1692, 1693, 1694, 1695, 1696, 1697, 1698, 1699, 1700, 1701, 1702, 1704, 1705, 1706, 1707, 1708, 1709, 1710, 1711, 1712, 1713, 1724, 1725, 1726, 1727, 1728, 1729, 1730, 1731, 1755, 1830, 1831, 1832, 1833, 1907, 1908, 1909, 1910, 1911, 1912, 1913, 1914, 1915, 1916, 2151, 2152, 2153, 2154, 2155, 2156, 2157, 2158, 2159, 2160, 2161, 2162, 2163, 2164, 2165, 2166, 2178, 2179, 2190, 2193, 2194, 2195, 2196, 2197, 2198, 2199, 2200, 2201, 2322, 2323, 2324, 2325, 2346, 2347, 2363, 2364, 2365, 2366, 2367, 2368, 2369, 2370, 2372, 2373, 2374, 2375, 2376, 2377, 2378, 2379, 2380, 2381, 2382, 2383, 2384, 2385, 2386, 2387, 2388, 2389, 2390, 2391, 2392, 2393, 2394, 2395, 2396, 2397, 2398, 2399, 2400, 2401, 2402, 2403, 2404, 2405, 2406, 2407, 2408, 2409], "selected_count": 269, "selection_time": 0.14053180499468, "selection_score_forward_time": 0.13921284300158732}