{"example_id": 4, "sub_q_idx": 0, "method": "DraftModel", "reprocess_method": "DraftModel", "rate": 0.15, "system_len": 792, "passages_len": [792, 96, 139, 192, 126, 265, 74, 60, 45, 79, 102, 36], "chunk_ids": [0, 1, 2, 3, 4, 5, 6, 7, 8, 9, 10], "selected_abs": [792, 793, 794, 795, 796, 797, 798, 799, 800, 801, 802, 803, 804, 805, 806, 807, 808, 809, 810, 811, 817, 818, 819, 820, 821, 822, 823, 824, 825, 826, 827, 828, 829, 830, 831, 832, 833, 834, 835, 836, 837, 838, 839, 840, 841, 842, 843, 844, 845, 846, 847, 848, 849, 850, 851, 887, 888, 889, 890, 891, 1026, 1027, 1028, 1029, 1030, 1031, 1032, 1033, 1034, 1065, 1093, 1094, 1095, 1096, 1218, 1219, 1220, 1221, 1222, 1223, 1224, 1225, 1237, 1238, 1239, 1240, 1241, 1242, 1243, 1244, 1245, 1344, 1345, 1346, 1347, 1348, 1609, 1610, 1611, 1612, 1613, 1614, 1615, 1619, 1620, 1621, 1622, 1623, 1624, 1625, 1626, 1683, 1684, 1685, 1686, 1687, 1688, 1689, 1742, 1743, 1744, 1745, 1746, 1747, 1748, 1749, 1750, 1770, 1787, 1788, 1789, 1790, 1791, 1792, 1793, 1794, 1795, 1796, 1867, 1868, 1869, 1870, 1871, 1872, 1873, 1883, 1884, 1885, 1886, 1887, 1888, 1889, 1890, 1891, 1892, 1905, 1906, 1907, 1908, 1909, 1910, 1923, 1924, 1925, 1926, 1927, 1928, 1942, 1943, 1944, 1945, 1946, 1947, 1948, 1968, 1969, 1970, 1971, 1972, 1973, 1974, 1975, 1976, 1977, 1978, 1979, 1980, 1981, 1982, 1983, 1984, 1985, 1986, 1987, 1988, 1989, 1990, 1991, 1992, 1993, 1994, 1995, 1996, 1997, 1998, 1999, 2000, 2001, 2002, 2003, 2004, 2005], "selected_count": 212, "selection_time": 0.12828559498302639, "selection_score_forward_time": 0.12714175798464566}