{"example_id": 3, "sub_q_idx": 0, "method": "DraftModel", "reprocess_method": "DraftModel", "rate": 0.15, "system_len": 792, "passages_len": [792, 108, 92, 90, 170, 141, 200, 52, 143, 68, 90, 30], "chunk_ids": [0, 1, 2, 3, 4, 5, 6, 7, 8, 9, 10], "selected_abs": [792, 793, 794, 795, 796, 797, 798, 799, 800, 801, 802, 803, 804, 805, 806, 807, 808, 809, 810, 811, 814, 815, 816, 824, 825, 826, 827, 828, 829, 830, 831, 832, 833, 839, 840, 841, 842, 843, 844, 845, 846, 847, 848, 849, 850, 851, 859, 860, 861, 862, 863, 864, 865, 868, 869, 870, 871, 880, 881, 882, 883, 884, 885, 886, 887, 888, 889, 898, 899, 900, 901, 902, 903, 916, 917, 918, 919, 920, 921, 922, 923, 924, 925, 926, 927, 928, 929, 930, 931, 932, 933, 934, 935, 936, 937, 938, 940, 941, 943, 944, 945, 946, 947, 948, 991, 992, 993, 1041, 1042, 1081, 1082, 1083, 1084, 1085, 1091, 1092, 1093, 1094, 1095, 1251, 1252, 1253, 1254, 1255, 1260, 1261, 1262, 1263, 1392, 1393, 1394, 1395, 1396, 1397, 1412, 1413, 1414, 1415, 1416, 1417, 1418, 1419, 1592, 1593, 1594, 1595, 1596, 1644, 1645, 1646, 1647, 1787, 1788, 1789, 1790, 1791, 1792, 1793, 1794, 1795, 1796, 1797, 1854, 1855, 1856, 1857, 1858, 1859, 1860, 1861, 1862, 1944, 1945, 1946, 1947, 1948, 1949, 1950, 1951, 1952, 1953, 1954, 1955, 1956, 1957, 1958, 1959, 1960, 1961, 1962, 1963, 1964, 1965, 1966, 1967, 1968, 1969, 1970, 1971, 1972, 1973, 1974, 1975], "selected_count": 203, "selection_time": 0.12485670900787227, "selection_score_forward_time": 0.12375175900524482}