{"example_id": 18, "sub_q_idx": 1, "method": "DraftModel", "reprocess_method": "DraftModel", "rate": 0.15, "system_len": 792, "passages_len": [792, 86, 144, 106, 95, 51, 118, 47, 49, 80, 93, 84, 113, 93, 47, 26], "chunk_ids": [0, 11, 2, 1, 12, 13, 14, 15, 16, 17, 6, 3, 5, 6, 15], "selected_abs": [792, 793, 794, 795, 796, 797, 798, 799, 800, 801, 802, 803, 809, 810, 811, 812, 813, 814, 820, 821, 824, 825, 826, 827, 847, 848, 849, 850, 856, 857, 858, 859, 860, 876, 877, 878, 879, 880, 881, 1008, 1021, 1022, 1023, 1024, 1025, 1026, 1027, 1028, 1029, 1030, 1031, 1127, 1128, 1129, 1130, 1131, 1177, 1178, 1179, 1180, 1222, 1223, 1224, 1225, 1226, 1227, 1228, 1229, 1230, 1231, 1232, 1272, 1273, 1274, 1275, 1276, 1277, 1278, 1279, 1280, 1342, 1343, 1344, 1345, 1346, 1348, 1349, 1350, 1351, 1352, 1353, 1391, 1392, 1393, 1394, 1395, 1429, 1430, 1431, 1432, 1433, 1434, 1435, 1436, 1437, 1438, 1439, 1440, 1441, 1442, 1460, 1461, 1486, 1487, 1488, 1489, 1490, 1491, 1567, 1568, 1569, 1570, 1572, 1600, 1601, 1602, 1603, 1604, 1605, 1660, 1661, 1662, 1663, 1744, 1745, 1746, 1747, 1749, 1750, 1751, 1856, 1857, 1858, 1859, 1860, 1862, 1863, 1890, 1891, 1892, 1893, 1894, 1949, 1950, 1951, 1952, 1953, 1954, 1955, 1956, 1957, 1958, 1959, 1960, 1961, 1983, 1984, 1985, 1986, 1987, 1988, 1989, 1990, 1991, 1992, 1993, 1994, 1995, 1996, 1997, 1998, 1999, 2000, 2001, 2002, 2003, 2004, 2005, 2006, 2007, 2008, 2009, 2010, 2011, 2012, 2013, 2014, 2015, 2016, 2017, 2018, 2019, 2020, 2021, 2022, 2023], "selected_count": 206, "selection_time": 0.12360438698669896, "selection_score_forward_time": 0.12267533800331876}