{"example_id": 14, "sub_q_idx": 0, "method": "DraftModel", "reprocess_method": "DraftModel", "rate": 0.15, "system_len": 792, "passages_len": [792, 144, 71, 113, 84, 141, 93, 101, 106, 93, 111, 40], "chunk_ids": [0, 1, 2, 3, 4, 5, 6, 7, 8, 9, 10], "selected_abs": [792, 793, 794, 795, 796, 797, 798, 799, 800, 801, 802, 935, 936, 937, 938, 939, 940, 964, 965, 966, 967, 968, 969, 970, 971, 972, 973, 974, 975, 976, 977, 978, 1006, 1007, 1008, 1009, 1010, 1011, 1012, 1013, 1118, 1119, 1120, 1121, 1122, 1123, 1124, 1125, 1126, 1127, 1128, 1129, 1203, 1204, 1205, 1206, 1207, 1208, 1209, 1211, 1212, 1213, 1214, 1215, 1216, 1344, 1345, 1346, 1347, 1348, 1349, 1350, 1351, 1535, 1536, 1537, 1538, 1539, 1541, 1542, 1543, 1544, 1545, 1554, 1555, 1587, 1588, 1589, 1590, 1591, 1592, 1593, 1594, 1595, 1596, 1597, 1598, 1599, 1600, 1601, 1602, 1603, 1604, 1605, 1644, 1645, 1646, 1647, 1648, 1649, 1650, 1651, 1652, 1653, 1654, 1655, 1656, 1657, 1658, 1659, 1660, 1661, 1662, 1663, 1664, 1665, 1666, 1667, 1727, 1728, 1729, 1730, 1737, 1738, 1739, 1740, 1741, 1742, 1743, 1744, 1745, 1746, 1755, 1756, 1767, 1797, 1798, 1799, 1800, 1801, 1807, 1808, 1809, 1810, 1811, 1812, 1847, 1848, 1849, 1850, 1851, 1852, 1853, 1854, 1855, 1856, 1857, 1858, 1859, 1860, 1861, 1862, 1863, 1864, 1865, 1866, 1867, 1868, 1869, 1870, 1871, 1872, 1873, 1874, 1875, 1876, 1877, 1878, 1879, 1880, 1881, 1882, 1883, 1884, 1885, 1886, 1887, 1888], "selected_count": 198, "selection_time": 0.12068162200739607, "selection_score_forward_time": 0.11978038898087107}