{"example_id": 15, "sub_q_idx": 1, "method": "DraftModel", "reprocess_method": "DraftModel", "rate": 0.15, "system_len": 792, "passages_len": [792, 70, 89, 89, 127, 47, 112, 70, 153, 90, 115, 89, 70, 32], "chunk_ids": [0, 11, 1, 12, 13, 14, 15, 16, 17, 18, 19, 1, 11], "selected_abs": [792, 793, 794, 795, 796, 797, 798, 799, 800, 801, 802, 803, 804, 805, 806, 807, 809, 810, 811, 812, 813, 814, 815, 816, 817, 818, 819, 823, 824, 825, 826, 827, 828, 829, 830, 860, 861, 862, 863, 864, 865, 879, 880, 881, 882, 883, 884, 885, 887, 888, 889, 950, 951, 952, 953, 954, 955, 956, 957, 958, 965, 966, 967, 968, 969, 970, 971, 972, 973, 1039, 1040, 1041, 1042, 1043, 1050, 1051, 1052, 1053, 1054, 1111, 1166, 1167, 1168, 1169, 1170, 1325, 1326, 1327, 1328, 1329, 1546, 1548, 1549, 1550, 1551, 1552, 1638, 1639, 1640, 1641, 1642, 1643, 1644, 1645, 1753, 1754, 1755, 1756, 1757, 1758, 1759, 1760, 1761, 1771, 1772, 1773, 1774, 1775, 1776, 1802, 1803, 1841, 1842, 1843, 1844, 1845, 1846, 1847, 1848, 1849, 1850, 1851, 1852, 1853, 1854, 1855, 1856, 1857, 1858, 1859, 1860, 1861, 1862, 1863, 1864, 1865, 1866, 1867, 1868, 1869, 1870, 1874, 1875, 1876, 1877, 1878, 1879, 1882, 1883, 1884, 1885, 1886, 1887, 1888, 1909, 1910, 1911, 1912, 1913, 1914, 1915, 1916, 1917, 1918, 1919, 1920, 1921, 1922, 1923, 1924, 1925, 1926, 1927, 1928, 1929, 1930, 1931, 1932, 1933, 1934, 1935, 1936, 1937, 1938, 1939, 1940, 1941, 1942, 1943, 1944], "selected_count": 200, "selection_time": 0.12418633201741613, "selection_score_forward_time": 0.12316238501807675}