{"example_id": 179, "sub_q_idx": 0, "method": "DraftModel", "reprocess_method": "DraftModel", "rate": 0.1, "system_len": 792, "passages_len": [792, 108, 97, 159, 91, 115, 102, 42, 126, 96, 130, 28], "chunk_ids": [0, 1, 2, 3, 4, 5, 6, 7, 8, 9, 10], "selected_abs": [792, 793, 794, 795, 796, 797, 798, 799, 800, 801, 802, 803, 804, 805, 806, 807, 808, 809, 810, 811, 818, 848, 899, 900, 901, 902, 903, 905, 919, 967, 982, 996, 997, 998, 999, 1000, 1029, 1057, 1143, 1151, 1155, 1156, 1157, 1158, 1159, 1160, 1242, 1246, 1247, 1248, 1249, 1253, 1318, 1361, 1362, 1363, 1364, 1365, 1370, 1378, 1385, 1392, 1463, 1464, 1465, 1466, 1467, 1474, 1482, 1485, 1505, 1506, 1507, 1516, 1542, 1566, 1631, 1632, 1633, 1634, 1641, 1648, 1657, 1662, 1672, 1727, 1728, 1729, 1730, 1731, 1734, 1735, 1739, 1748, 1749, 1762, 1791, 1792, 1794, 1796, 1798, 1802, 1805, 1813, 1823, 1834, 1845, 1857, 1858, 1859, 1860, 1861, 1862, 1863, 1864, 1865, 1866, 1867, 1868, 1869, 1870, 1871, 1872, 1873, 1874, 1875, 1876, 1877, 1878, 1879, 1880, 1881, 1882, 1883, 1884, 1885], "selected_count": 136, "selection_time": 0.06155894399853423, "selection_score_forward_time": 0.061143520986661315}