{"example_id": 180, "sub_q_idx": 1, "method": "DraftModel", "reprocess_method": "DraftModel", "rate": 0.1, "system_len": 792, "passages_len": [792, 78, 34, 159, 108, 115, 122, 84, 113, 43, 94, 115, 159, 78, 34, 34], "chunk_ids": [0, 11, 12, 2, 3, 1, 13, 14, 15, 16, 17, 1, 2, 11, 12], "selected_abs": [792, 793, 794, 795, 796, 797, 798, 799, 800, 801, 802, 809, 815, 816, 817, 821, 853, 869, 870, 871, 872, 873, 876, 900, 901, 902, 903, 904, 905, 906, 921, 925, 927, 964, 1001, 1058, 1062, 1063, 1064, 1065, 1066, 1067, 1068, 1170, 1171, 1172, 1173, 1174, 1175, 1176, 1177, 1178, 1179, 1180, 1181, 1182, 1183, 1184, 1185, 1186, 1187, 1188, 1189, 1190, 1191, 1192, 1193, 1194, 1285, 1286, 1287, 1288, 1289, 1296, 1300, 1316, 1352, 1407, 1408, 1409, 1410, 1411, 1412, 1428, 1442, 1491, 1492, 1493, 1494, 1495, 1496, 1497, 1498, 1499, 1521, 1527, 1604, 1605, 1606, 1607, 1608, 1609, 1610, 1611, 1646, 1647, 1648, 1649, 1650, 1651, 1652, 1653, 1654, 1655, 1656, 1657, 1658, 1659, 1660, 1665, 1666, 1668, 1669, 1670, 1671, 1672, 1673, 1674, 1675, 1676, 1677, 1678, 1679, 1680, 1681, 1682, 1683, 1684, 1685, 1697, 1698, 1699, 1700, 1701, 1702, 1703, 1704, 1705, 1706, 1715, 1716, 1717, 1718, 1719, 1720, 1721, 1722, 1723, 1724, 1725, 1726, 1727, 1728, 1729, 1730, 1731, 1732, 1733, 1734, 1735, 1736, 1737, 1738, 1739, 1740, 1741, 1742, 1743, 1744, 1745, 1746, 1747, 1748, 1749, 1750, 1751, 1752, 1753, 1754, 1755, 1756, 1757, 1758, 1759, 1760, 1761, 1762, 1763, 1764, 1765, 1813, 1853, 1856, 1857, 1858, 1859, 1865, 1941, 2003, 2011, 2015, 2016, 2017, 2018, 2019, 2020, 2021, 2022, 2023, 2024, 2025, 2026, 2033, 2037, 2040, 2041, 2043, 2045, 2047, 2051, 2054, 2065, 2069, 2077, 2078, 2079, 2091, 2093, 2094, 2095, 2096, 2097, 2098, 2099, 2100, 2102, 2103, 2104, 2105, 2106, 2107, 2108, 2109, 2110, 2111, 2113, 2114, 2115, 2116, 2117, 2118, 2119, 2120, 2121, 2124, 2125, 2126, 2127, 2128, 2129, 2130, 2131, 2132, 2133, 2134, 2135, 2136, 2137, 2138, 2139, 2140, 2141, 2142, 2143, 2144, 2145, 2146, 2147, 2148, 2149, 2150, 2151, 2152, 2153, 2154, 2155, 2156, 2157, 2158, 2159, 2160, 2161], "selected_count": 302, "selection_time": 0.06629895902005956, "selection_score_forward_time": 0.06593598300241865}