{"example_id": 178, "sub_q_idx": 1, "method": "DraftModel", "reprocess_method": "DraftModel", "rate": 0.1, "system_len": 792, "passages_len": [792, 56, 41, 112, 64, 109, 161, 80, 72, 74, 76, 41, 56, 27], "chunk_ids": [0, 3, 1, 11, 12, 13, 14, 15, 16, 17, 18, 1, 3], "selected_abs": [792, 793, 794, 795, 796, 797, 799, 801, 805, 812, 824, 847, 848, 849, 850, 851, 852, 853, 854, 855, 856, 870, 887, 888, 889, 890, 891, 892, 893, 894, 895, 896, 992, 1000, 1001, 1002, 1003, 1004, 1025, 1060, 1064, 1065, 1066, 1067, 1069, 1173, 1174, 1175, 1176, 1177, 1178, 1180, 1181, 1232, 1266, 1334, 1335, 1336, 1337, 1338, 1339, 1340, 1414, 1415, 1416, 1417, 1418, 1419, 1420, 1421, 1422, 1423, 1424, 1425, 1486, 1487, 1488, 1489, 1490, 1491, 1492, 1493, 1494, 1495, 1496, 1497, 1498, 1499, 1500, 1502, 1503, 1504, 1505, 1506, 1530, 1531, 1559, 1560, 1561, 1562, 1563, 1564, 1565, 1566, 1567, 1568, 1569, 1570, 1571, 1572, 1573, 1574, 1575, 1576, 1577, 1578, 1579, 1580, 1581, 1582, 1583, 1584, 1585, 1586, 1587, 1588, 1589, 1592, 1595, 1596, 1597, 1598, 1599, 1600, 1601, 1602, 1603, 1604, 1605, 1606, 1607, 1608, 1609, 1610, 1622, 1623, 1624, 1625, 1626, 1627, 1628, 1629, 1630, 1631, 1632, 1633, 1634, 1635, 1636, 1637, 1638, 1639, 1640, 1641, 1642, 1643, 1644, 1645, 1649, 1650, 1658, 1659, 1660, 1676, 1677, 1678, 1679, 1680, 1681, 1682, 1683, 1685, 1686, 1687, 1688, 1689, 1690, 1691, 1692, 1693, 1694, 1695, 1696, 1697, 1698, 1699, 1700, 1703, 1706, 1709, 1710, 1712, 1713, 1716, 1717, 1718, 1719, 1720, 1723, 1725, 1726, 1729, 1732, 1733, 1734, 1735, 1736, 1737, 1738, 1739, 1740, 1741, 1742, 1743, 1744, 1745, 1746, 1747, 1748, 1749, 1750, 1751, 1752, 1753, 1754, 1755, 1756, 1757, 1758, 1759, 1760], "selected_count": 241, "selection_time": 0.05554367901640944, "selection_score_forward_time": 0.055182191979838535}