{"example_id": 178, "sub_q_idx": 0, "method": "DraftModel", "reprocess_method": "DraftModel", "rate": 0.1, "system_len": 792, "passages_len": [792, 41, 118, 56, 92, 178, 36, 79, 281, 52, 192, 29], "chunk_ids": [0, 1, 2, 3, 4, 5, 6, 7, 8, 9, 10], "selected_abs": [792, 793, 794, 795, 796, 797, 798, 799, 800, 805, 818, 819, 827, 831, 832, 833, 834, 835, 836, 837, 838, 839, 893, 894, 905, 943, 950, 951, 952, 953, 954, 955, 956, 958, 960, 964, 970, 971, 983, 1006, 1007, 1008, 1009, 1012, 1016, 1018, 1098, 1099, 1100, 1101, 1107, 1109, 1110, 1115, 1145, 1186, 1222, 1231, 1276, 1277, 1278, 1279, 1292, 1312, 1313, 1314, 1315, 1317, 1365, 1391, 1392, 1393, 1394, 1400, 1433, 1462, 1570, 1655, 1672, 1673, 1674, 1675, 1676, 1677, 1678, 1679, 1680, 1681, 1690, 1703, 1704, 1706, 1724, 1725, 1726, 1727, 1728, 1729, 1730, 1731, 1738, 1750, 1766, 1785, 1816, 1825, 1862, 1885, 1899, 1901, 1908, 1909, 1912, 1916, 1917, 1918, 1919, 1920, 1921, 1922, 1923, 1924, 1925, 1926, 1927, 1928, 1929, 1930, 1931, 1932, 1933, 1934, 1935, 1936, 1937, 1938, 1939, 1940, 1941, 1942, 1943, 1944, 1945], "selected_count": 143, "selection_time": 0.06466750701656565, "selection_score_forward_time": 0.06433043000288308}