{"example_id": 188, "sub_q_idx": 0, "method": "DraftModel", "reprocess_method": "DraftModel", "rate": 0.1, "system_len": 792, "passages_len": [792, 69, 219, 69, 47, 67, 130, 70, 79, 56, 57, 28], "chunk_ids": [0, 1, 2, 3, 4, 5, 6, 7, 8, 9, 10], "selected_abs": [792, 793, 794, 795, 796, 797, 798, 799, 800, 801, 802, 803, 804, 805, 806, 807, 808, 809, 810, 811, 812, 821, 826, 833, 846, 856, 859, 860, 861, 862, 863, 864, 865, 866, 867, 868, 869, 917, 1079, 1080, 1081, 1082, 1083, 1085, 1091, 1112, 1136, 1148, 1149, 1150, 1151, 1152, 1153, 1154, 1155, 1183, 1195, 1196, 1197, 1199, 1262, 1263, 1264, 1306, 1392, 1393, 1394, 1395, 1398, 1413, 1419, 1462, 1463, 1464, 1465, 1466, 1467, 1468, 1469, 1470, 1471, 1541, 1542, 1543, 1546, 1548, 1549, 1569, 1582, 1597, 1598, 1599, 1600, 1602, 1603, 1604, 1605, 1611, 1614, 1620, 1631, 1654, 1655, 1656, 1657, 1658, 1659, 1660, 1661, 1662, 1663, 1664, 1665, 1666, 1667, 1668, 1669, 1670, 1671, 1672, 1673, 1674, 1675, 1676, 1677, 1678, 1679, 1680, 1681, 1682], "selected_count": 130, "selection_time": 0.05413944000611082, "selection_score_forward_time": 0.05375148699386045}