{"example_id": 180, "sub_q_idx": 0, "method": "DraftModel", "reprocess_method": "DraftModel", "rate": 0.1, "system_len": 792, "passages_len": [792, 115, 159, 108, 322, 160, 114, 208, 60, 126, 178, 25], "chunk_ids": [0, 1, 2, 3, 4, 5, 6, 7, 8, 9, 10], "selected_abs": [792, 793, 794, 795, 796, 797, 798, 799, 800, 801, 802, 803, 804, 805, 806, 807, 808, 809, 810, 811, 812, 813, 814, 820, 821, 822, 824, 826, 830, 831, 850, 851, 863, 869, 906, 907, 908, 909, 910, 912, 913, 915, 919, 920, 922, 939, 954, 955, 958, 967, 978, 1000, 1001, 1004, 1008, 1022, 1053, 1061, 1065, 1066, 1067, 1068, 1069, 1070, 1071, 1108, 1122, 1173, 1174, 1175, 1176, 1177, 1178, 1179, 1192, 1193, 1204, 1255, 1275, 1441, 1457, 1458, 1495, 1496, 1497, 1498, 1499, 1500, 1504, 1510, 1514, 1515, 1638, 1655, 1656, 1657, 1658, 1659, 1667, 1671, 1672, 1673, 1674, 1675, 1677, 1726, 1745, 1769, 1770, 1771, 1772, 1773, 1774, 1775, 1776, 1777, 1778, 1779, 1780, 1781, 1824, 1835, 1846, 1977, 1978, 1979, 1980, 1981, 1982, 1983, 1984, 1985, 1986, 1995, 1996, 2007, 2025, 2032, 2037, 2038, 2039, 2040, 2047, 2048, 2055, 2062, 2065, 2074, 2098, 2163, 2164, 2165, 2166, 2167, 2172, 2174, 2175, 2180, 2210, 2251, 2255, 2296, 2305, 2332, 2333, 2334, 2337, 2340, 2341, 2342, 2343, 2344, 2345, 2346, 2347, 2348, 2349, 2350, 2351, 2352, 2353, 2354, 2355, 2356, 2357, 2358, 2359, 2360, 2361, 2362, 2363, 2364, 2365, 2366], "selected_count": 194, "selection_time": 0.07145950198173523, "selection_score_forward_time": 0.07089450699277222}