{"example_id": 183, "sub_q_idx": 0, "method": "DraftModel", "reprocess_method": "DraftModel", "rate": 0.1, "system_len": 792, "passages_len": [792, 331, 133, 162, 184, 81, 173, 127, 112, 139, 152, 27], "chunk_ids": [0, 1, 2, 3, 4, 5, 6, 7, 8, 9, 10], "selected_abs": [792, 793, 794, 795, 796, 797, 798, 799, 800, 801, 802, 803, 804, 805, 806, 807, 808, 809, 827, 830, 831, 834, 836, 840, 850, 851, 852, 879, 906, 930, 931, 932, 938, 948, 963, 1000, 1006, 1062, 1122, 1123, 1124, 1125, 1126, 1127, 1131, 1132, 1133, 1134, 1156, 1182, 1255, 1256, 1257, 1258, 1259, 1260, 1261, 1262, 1263, 1264, 1417, 1418, 1419, 1420, 1421, 1422, 1423, 1424, 1454, 1513, 1547, 1588, 1601, 1602, 1603, 1604, 1605, 1606, 1607, 1608, 1609, 1614, 1615, 1616, 1617, 1618, 1628, 1679, 1681, 1682, 1683, 1684, 1685, 1686, 1687, 1688, 1689, 1694, 1725, 1855, 1856, 1857, 1858, 1859, 1860, 1861, 1862, 1863, 1869, 1870, 1909, 1982, 1983, 1984, 1985, 1986, 1990, 1992, 1995, 2007, 2020, 2058, 2094, 2095, 2096, 2097, 2098, 2100, 2102, 2172, 2233, 2234, 2235, 2236, 2237, 2238, 2239, 2240, 2242, 2243, 2244, 2245, 2246, 2247, 2251, 2275, 2283, 2284, 2288, 2289, 2301, 2302, 2310, 2314, 2315, 2323, 2329, 2330, 2335, 2337, 2339, 2340, 2348, 2352, 2353, 2357, 2361, 2362, 2363, 2371, 2375, 2376, 2377, 2378, 2379, 2380, 2384, 2385, 2386, 2387, 2388, 2389, 2390, 2391, 2392, 2393, 2394, 2395, 2396, 2397, 2398, 2399, 2400, 2401, 2402, 2403, 2404, 2405, 2406, 2407, 2408, 2409, 2410, 2411, 2412], "selected_count": 205, "selection_time": 0.07127545299590565, "selection_score_forward_time": 0.07066076699993573}