{"example_id": 12, "sub_q_idx": 1, "method": "DraftModel", "reprocess_method": "DraftModel", "rate": 0.15, "system_len": 792, "passages_len": [792, 198, 183, 75, 138, 225, 270, 161, 50, 78, 162, 138, 225, 198, 34], "chunk_ids": [0, 3, 4, 6, 1, 2, 10, 11, 12, 13, 14, 1, 2, 3], "selected_abs": [792, 793, 794, 795, 796, 797, 801, 802, 897, 898, 930, 931, 932, 934, 988, 989, 990, 991, 992, 1171, 1172, 1173, 1174, 1185, 1186, 1187, 1188, 1189, 1247, 1248, 1249, 1252, 1253, 1254, 1281, 1384, 1385, 1386, 1387, 1433, 1434, 1435, 1458, 1459, 1460, 1462, 1463, 1464, 1531, 1532, 1583, 1609, 1610, 1611, 1612, 1613, 1614, 1615, 1617, 1618, 1619, 1620, 1625, 1626, 1627, 1655, 1656, 1657, 1755, 1792, 1793, 1879, 1880, 1881, 1882, 1884, 1885, 1947, 1948, 2040, 2041, 2042, 2043, 2044, 2045, 2046, 2052, 2053, 2054, 2084, 2086, 2087, 2090, 2091, 2092, 2093, 2094, 2099, 2100, 2101, 2168, 2169, 2170, 2171, 2172, 2199, 2200, 2220, 2221, 2222, 2254, 2255, 2256, 2330, 2331, 2332, 2333, 2334, 2335, 2336, 2337, 2338, 2339, 2340, 2354, 2355, 2361, 2362, 2363, 2365, 2369, 2370, 2371, 2376, 2377, 2378, 2405, 2406, 2407, 2469, 2470, 2471, 2472, 2473, 2474, 2547, 2574, 2605, 2615, 2616, 2693, 2694, 2695, 2696, 2697, 2698, 2699, 2700, 2701, 2702, 2703, 2704, 2705, 2706, 2707, 2708, 2709, 2710, 2711, 2712, 2713, 2714, 2715, 2716, 2717, 2718, 2719, 2720, 2721, 2723, 2724, 2725, 2726, 2727, 2731, 2732, 2733, 2734, 2735, 2736, 2737, 2738, 2739, 2740, 2749, 2750, 2751, 2752, 2753, 2759, 2760, 2761, 2762, 2763, 2764, 2765, 2766, 2767, 2768, 2770, 2771, 2772, 2773, 2774, 2775, 2776, 2777, 2778, 2779, 2780, 2781, 2782, 2783, 2784, 2785, 2786, 2787, 2788, 2789, 2790, 2791, 2792, 2793, 2794, 2795, 2796, 2797, 2798, 2799, 2800, 2801, 2802, 2803, 2804, 2805, 2806, 2813, 2814, 2815, 2816, 2817, 2818, 2819, 2820, 2832, 2833, 2834, 2835, 2836, 2837, 2838, 2839, 2840, 2841, 2842, 2843, 2844, 2845, 2846, 2847, 2848, 2849, 2850, 2851, 2852, 2853, 2854, 2855, 2856, 2857, 2858, 2859, 2860, 2861, 2862, 2863, 2864, 2865, 2866, 2867, 2868, 2869, 2870, 2871, 2872, 2873, 2874, 2875, 2876, 2877, 2878, 2879, 2880, 2881, 2882, 2883, 2884, 2885, 2886, 2887, 2888, 2889, 2890, 2891, 2892, 2893, 2894, 2895, 2896, 2897, 2898, 2899, 2900, 2901, 2902, 2903, 2904, 2905, 2906, 2907, 2908, 2909, 2910, 2911, 2912, 2913, 2914, 2915, 2916, 2917, 2918, 2919, 2920, 2921, 2922, 2923, 2924, 2925, 2926], "selected_count": 349, "selection_time": 0.09073336599976756, "selection_score_forward_time": 0.08901979599613696}