{"example_id": 17, "sub_q_idx": 1, "method": "DraftModel", "reprocess_method": "DraftModel", "rate": 0.15, "system_len": 792, "passages_len": [792, 114, 90, 116, 285, 72, 127, 78, 65, 214, 226, 285, 78, 72, 114, 34], "chunk_ids": [0, 1, 4, 11, 2, 5, 12, 3, 8, 13, 14, 2, 3, 5, 1], "selected_abs": [792, 793, 794, 795, 796, 797, 798, 799, 820, 821, 822, 854, 855, 856, 904, 905, 906, 907, 908, 909, 994, 995, 996, 997, 998, 1010, 1011, 1012, 1013, 1023, 1024, 1025, 1030, 1031, 1032, 1039, 1040, 1041, 1042, 1111, 1112, 1113, 1114, 1115, 1116, 1158, 1159, 1160, 1204, 1205, 1206, 1207, 1208, 1209, 1210, 1275, 1276, 1277, 1278, 1279, 1280, 1287, 1288, 1289, 1308, 1309, 1310, 1312, 1313, 1314, 1395, 1396, 1397, 1398, 1399, 1400, 1401, 1402, 1403, 1404, 1405, 1406, 1409, 1410, 1411, 1412, 1413, 1414, 1415, 1416, 1420, 1421, 1422, 1424, 1425, 1426, 1427, 1428, 1445, 1446, 1447, 1467, 1468, 1469, 1470, 1471, 1472, 1473, 1474, 1556, 1557, 1558, 1561, 1562, 1563, 1594, 1595, 1596, 1597, 1598, 1599, 1600, 1610, 1611, 1612, 1619, 1620, 1673, 1674, 1675, 1698, 1737, 1738, 1739, 1740, 1741, 1742, 1743, 1744, 1745, 1814, 1815, 1816, 1859, 1922, 1925, 1926, 1927, 1928, 1929, 1930, 1951, 1952, 1953, 1954, 1955, 1956, 1957, 1958, 2024, 2034, 2143, 2178, 2179, 2180, 2181, 2182, 2183, 2184, 2188, 2189, 2190, 2197, 2198, 2199, 2225, 2226, 2227, 2270, 2271, 2272, 2342, 2343, 2354, 2355, 2379, 2380, 2462, 2463, 2464, 2465, 2466, 2467, 2468, 2469, 2470, 2478, 2479, 2480, 2487, 2488, 2512, 2513, 2541, 2542, 2543, 2544, 2545, 2546, 2556, 2557, 2558, 2565, 2566, 2590, 2591, 2612, 2613, 2614, 2615, 2616, 2617, 2618, 2619, 2620, 2621, 2622, 2623, 2624, 2625, 2626, 2627, 2628, 2629, 2630, 2631, 2632, 2633, 2634, 2635, 2636, 2639, 2640, 2641, 2642, 2643, 2644, 2645, 2646, 2647, 2648, 2649, 2650, 2651, 2652, 2653, 2654, 2658, 2659, 2660, 2661, 2662, 2663, 2664, 2665, 2666, 2667, 2668, 2669, 2671, 2672, 2673, 2674, 2675, 2676, 2677, 2678, 2709, 2710, 2711, 2712, 2713, 2720, 2721, 2722, 2723, 2724, 2725, 2726, 2727, 2728, 2729, 2730, 2731, 2732, 2733, 2734, 2735, 2736, 2737, 2738, 2739, 2740, 2741, 2742, 2743, 2744, 2745, 2746, 2747, 2748, 2749, 2750, 2751, 2752, 2753, 2754, 2755, 2756, 2757, 2758, 2759, 2760, 2761], "selected_count": 324, "selection_time": 0.0895291350025218, "selection_score_forward_time": 0.08813157997792587}