{"example_id": 14, "sub_q_idx": 0, "method": "DraftModel", "reprocess_method": "DraftModel", "rate": 0.15, "system_len": 792, "passages_len": [792, 144, 71, 113, 84, 141, 93, 101, 106, 93, 111, 40], "chunk_ids": [0, 1, 2, 3, 4, 5, 6, 7, 8, 9, 10], "selected_abs": [792, 793, 794, 795, 796, 799, 800, 801, 802, 886, 887, 888, 889, 890, 922, 934, 935, 936, 937, 938, 939, 940, 970, 971, 972, 973, 974, 976, 977, 978, 979, 1006, 1007, 1008, 1009, 1034, 1035, 1036, 1037, 1038, 1118, 1119, 1120, 1121, 1203, 1204, 1205, 1207, 1208, 1209, 1343, 1344, 1345, 1346, 1348, 1349, 1350, 1351, 1352, 1353, 1354, 1385, 1386, 1387, 1437, 1438, 1439, 1441, 1442, 1443, 1444, 1476, 1477, 1478, 1536, 1537, 1538, 1539, 1540, 1541, 1542, 1543, 1553, 1554, 1555, 1591, 1592, 1593, 1594, 1595, 1597, 1598, 1599, 1600, 1643, 1644, 1645, 1646, 1647, 1648, 1649, 1650, 1651, 1652, 1653, 1654, 1655, 1656, 1657, 1663, 1736, 1737, 1738, 1739, 1740, 1741, 1742, 1743, 1744, 1745, 1746, 1754, 1755, 1756, 1758, 1759, 1760, 1766, 1767, 1768, 1773, 1774, 1775, 1776, 1777, 1782, 1783, 1784, 1797, 1798, 1799, 1800, 1801, 1807, 1808, 1809, 1810, 1811, 1812, 1822, 1823, 1824, 1843, 1844, 1845, 1846, 1847, 1848, 1849, 1850, 1851, 1852, 1853, 1854, 1855, 1856, 1857, 1858, 1859, 1860, 1861, 1862, 1863, 1864, 1865, 1866, 1867, 1868, 1869, 1870, 1871, 1872, 1873, 1874, 1875, 1876, 1877, 1878, 1879, 1880, 1881, 1882, 1883, 1884, 1885, 1886, 1887, 1888], "selected_count": 198, "selection_time": 0.06257176099461503, "selection_score_forward_time": 0.06173970300005749}