{"example_id": 9, "sub_q_idx": 0, "method": "DraftModel", "reprocess_method": "DraftModel", "rate": 0.15, "system_len": 792, "passages_len": [792, 205, 152, 321, 212, 228, 154, 139, 265, 196, 126, 29], "chunk_ids": [0, 1, 2, 3, 4, 5, 6, 7, 8, 9, 10], "selected_abs": [792, 793, 794, 795, 796, 797, 798, 799, 800, 802, 803, 804, 805, 806, 812, 813, 814, 831, 832, 833, 834, 838, 839, 840, 841, 842, 898, 899, 900, 901, 902, 919, 921, 970, 971, 972, 973, 974, 975, 976, 995, 996, 997, 998, 999, 1002, 1003, 1004, 1005, 1008, 1009, 1010, 1011, 1012, 1013, 1014, 1015, 1016, 1017, 1018, 1019, 1029, 1030, 1031, 1072, 1073, 1105, 1106, 1147, 1148, 1149, 1150, 1155, 1156, 1157, 1167, 1168, 1169, 1408, 1409, 1410, 1419, 1420, 1422, 1428, 1429, 1430, 1451, 1452, 1453, 1454, 1459, 1460, 1461, 1468, 1469, 1470, 1471, 1472, 1473, 1488, 1489, 1490, 1491, 1492, 1565, 1566, 1567, 1568, 1569, 1570, 1581, 1582, 1680, 1681, 1682, 1683, 1687, 1688, 1689, 1690, 1691, 1693, 1694, 1718, 1719, 1865, 1866, 1899, 1909, 1910, 1911, 1912, 1913, 1916, 1917, 1918, 1919, 1943, 1944, 1945, 2062, 2063, 2064, 2065, 2066, 2114, 2115, 2116, 2117, 2118, 2201, 2202, 2203, 2204, 2205, 2206, 2229, 2230, 2231, 2232, 2233, 2244, 2301, 2302, 2303, 2319, 2320, 2321, 2322, 2323, 2324, 2390, 2391, 2392, 2393, 2446, 2447, 2467, 2468, 2469, 2470, 2471, 2472, 2473, 2474, 2475, 2476, 2477, 2478, 2479, 2480, 2489, 2490, 2491, 2492, 2493, 2505, 2506, 2507, 2534, 2535, 2536, 2574, 2575, 2587, 2588, 2589, 2590, 2604, 2641, 2642, 2643, 2658, 2659, 2660, 2661, 2662, 2663, 2664, 2665, 2666, 2667, 2668, 2669, 2670, 2671, 2672, 2673, 2674, 2675, 2676, 2677, 2678, 2679, 2680, 2681, 2682, 2683, 2684, 2685, 2686, 2687, 2688, 2689, 2690, 2691, 2693, 2694, 2695, 2696, 2703, 2704, 2705, 2706, 2707, 2708, 2709, 2710, 2711, 2712, 2714, 2715, 2717, 2718, 2719, 2720, 2721, 2733, 2734, 2735, 2740, 2741, 2742, 2743, 2744, 2745, 2746, 2747, 2748, 2749, 2752, 2753, 2764, 2765, 2766, 2767, 2768, 2776, 2777, 2778, 2779, 2783, 2784, 2785, 2786, 2787, 2788, 2789, 2790, 2791, 2792, 2793, 2794, 2795, 2796, 2797, 2798, 2799, 2800, 2801, 2802, 2803, 2804, 2805, 2806, 2807, 2808, 2809, 2810, 2811, 2812, 2813, 2814, 2815, 2816, 2817, 2818], "selected_count": 328, "selection_time": 0.09018701399327256, "selection_score_forward_time": 0.08857069199439138}