{"example_id": 4, "sub_q_idx": 0, "method": "DraftModel", "reprocess_method": "DraftModel", "rate": 0.15, "system_len": 792, "passages_len": [792, 96, 139, 192, 126, 265, 74, 60, 45, 79, 102, 36], "chunk_ids": [0, 1, 2, 3, 4, 5, 6, 7, 8, 9, 10], "selected_abs": [792, 793, 794, 795, 796, 797, 798, 799, 800, 801, 802, 803, 804, 805, 806, 807, 808, 809, 810, 814, 815, 816, 817, 818, 819, 820, 821, 826, 827, 828, 833, 834, 835, 836, 837, 841, 842, 843, 849, 850, 851, 886, 887, 888, 889, 890, 1026, 1027, 1028, 1055, 1056, 1065, 1066, 1093, 1094, 1095, 1096, 1097, 1179, 1180, 1203, 1217, 1218, 1219, 1220, 1221, 1222, 1223, 1224, 1225, 1343, 1344, 1345, 1346, 1347, 1608, 1609, 1610, 1611, 1612, 1613, 1614, 1615, 1616, 1683, 1684, 1685, 1686, 1687, 1693, 1694, 1695, 1721, 1722, 1742, 1743, 1744, 1745, 1746, 1747, 1748, 1749, 1750, 1751, 1759, 1760, 1761, 1762, 1763, 1770, 1777, 1778, 1779, 1780, 1781, 1787, 1788, 1789, 1790, 1791, 1792, 1793, 1794, 1795, 1796, 1848, 1849, 1850, 1851, 1866, 1867, 1868, 1869, 1870, 1871, 1872, 1873, 1874, 1875, 1876, 1877, 1878, 1879, 1880, 1881, 1882, 1883, 1884, 1885, 1886, 1887, 1888, 1889, 1890, 1891, 1892, 1893, 1900, 1905, 1906, 1907, 1908, 1922, 1923, 1924, 1925, 1926, 1942, 1943, 1944, 1945, 1946, 1947, 1948, 1968, 1969, 1970, 1971, 1972, 1973, 1974, 1975, 1976, 1977, 1978, 1979, 1980, 1981, 1982, 1983, 1984, 1985, 1986, 1987, 1988, 1989, 1990, 1991, 1992, 1993, 1994, 1995, 1996, 1997, 1998, 1999, 2000, 2001, 2002, 2003, 2004, 2005], "selected_count": 212, "selection_time": 0.0661015759978909, "selection_score_forward_time": 0.06511189899174497}