{"example_id": 17, "sub_q_idx": 0, "method": "DraftModel", "reprocess_method": "DraftModel", "rate": 0.15, "system_len": 792, "passages_len": [792, 114, 285, 78, 90, 72, 232, 221, 65, 170, 88, 32], "chunk_ids": [0, 1, 2, 3, 4, 5, 6, 7, 8, 9, 10], "selected_abs": [792, 793, 794, 795, 796, 797, 798, 799, 800, 801, 802, 803, 804, 805, 806, 820, 821, 822, 854, 855, 856, 857, 858, 904, 905, 906, 907, 908, 909, 910, 915, 916, 952, 953, 954, 998, 999, 1000, 1001, 1002, 1003, 1004, 1069, 1070, 1072, 1073, 1081, 1082, 1107, 1190, 1191, 1192, 1193, 1194, 1195, 1205, 1206, 1207, 1214, 1215, 1216, 1217, 1218, 1219, 1220, 1239, 1240, 1267, 1268, 1269, 1270, 1271, 1356, 1357, 1358, 1359, 1360, 1361, 1362, 1363, 1373, 1374, 1375, 1382, 1383, 1430, 1431, 1432, 1433, 1434, 1437, 1438, 1439, 1661, 1662, 1663, 1664, 1665, 1666, 1667, 1672, 1673, 1674, 1675, 1676, 1677, 1687, 1688, 1689, 1692, 1693, 1694, 1695, 1696, 1776, 1777, 1856, 1857, 1872, 1873, 1874, 1882, 1883, 1884, 1885, 1886, 1887, 1888, 1889, 1897, 1898, 1899, 1907, 1908, 1909, 1910, 1911, 1912, 1913, 1934, 1935, 1936, 1944, 1947, 1948, 1949, 1950, 1951, 2047, 2064, 2117, 2118, 2119, 2120, 2121, 2122, 2123, 2124, 2125, 2126, 2127, 2128, 2129, 2130, 2131, 2132, 2133, 2134, 2135, 2139, 2140, 2141, 2142, 2143, 2144, 2145, 2146, 2147, 2148, 2149, 2150, 2151, 2152, 2153, 2154, 2155, 2156, 2157, 2158, 2159, 2167, 2168, 2169, 2188, 2189, 2190, 2191, 2192, 2193, 2194, 2195, 2196, 2197, 2198, 2199, 2200, 2201, 2202, 2203, 2204, 2205, 2206, 2207, 2208, 2209, 2210, 2211, 2212, 2213, 2214, 2215, 2216, 2217, 2218, 2219, 2220, 2221, 2222, 2223, 2224, 2225, 2226, 2227, 2228, 2229, 2230, 2231, 2232, 2233, 2234, 2235, 2236, 2237, 2238], "selected_count": 244, "selection_time": 0.06926825700793415, "selection_score_forward_time": 0.06821963301626965}