{"example_id": 13, "sub_q_idx": 0, "method": "DraftModel", "reprocess_method": "DraftModel", "rate": 0.15, "system_len": 792, "passages_len": [792, 86, 265, 45, 79, 60, 126, 96, 45, 148, 192, 25], "chunk_ids": [0, 1, 2, 3, 4, 5, 6, 7, 8, 9, 10], "selected_abs": [792, 793, 794, 795, 796, 797, 798, 799, 800, 801, 802, 803, 804, 805, 806, 807, 808, 809, 810, 811, 812, 813, 814, 815, 816, 817, 818, 819, 820, 821, 822, 823, 824, 825, 826, 827, 837, 838, 839, 840, 849, 850, 851, 852, 853, 854, 876, 877, 878, 879, 880, 919, 994, 995, 1121, 1122, 1123, 1141, 1142, 1143, 1144, 1145, 1146, 1147, 1148, 1158, 1159, 1160, 1168, 1169, 1170, 1176, 1177, 1178, 1179, 1180, 1186, 1187, 1188, 1189, 1190, 1191, 1265, 1266, 1267, 1268, 1269, 1270, 1304, 1305, 1325, 1326, 1327, 1328, 1329, 1330, 1407, 1428, 1429, 1430, 1451, 1452, 1453, 1454, 1455, 1456, 1476, 1477, 1522, 1523, 1547, 1548, 1549, 1550, 1551, 1552, 1553, 1554, 1555, 1556, 1557, 1558, 1592, 1593, 1594, 1595, 1596, 1597, 1646, 1647, 1679, 1680, 1697, 1741, 1742, 1743, 1744, 1745, 1746, 1747, 1748, 1749, 1770, 1771, 1772, 1773, 1774, 1779, 1780, 1781, 1793, 1794, 1795, 1796, 1797, 1808, 1809, 1810, 1811, 1812, 1894, 1897, 1898, 1899, 1900, 1901, 1917, 1918, 1919, 1932, 1933, 1934, 1935, 1936, 1937, 1938, 1939, 1940, 1941, 1942, 1943, 1944, 1945, 1946, 1947, 1948, 1949, 1950, 1951, 1952, 1953, 1954, 1955, 1956, 1957, 1958], "selected_count": 196, "selection_time": 0.06461839997791685, "selection_score_forward_time": 0.06375760800438002}