{"example_id": 3, "sub_q_idx": 0, "method": "DraftModel", "reprocess_method": "DraftModel", "rate": 0.15, "system_len": 792, "passages_len": [792, 108, 92, 90, 170, 141, 200, 52, 143, 68, 90, 30], "chunk_ids": [0, 1, 2, 3, 4, 5, 6, 7, 8, 9, 10], "selected_abs": [792, 793, 794, 795, 796, 797, 798, 799, 800, 801, 802, 803, 804, 812, 813, 814, 815, 816, 817, 818, 819, 825, 827, 828, 829, 830, 831, 832, 833, 843, 844, 845, 846, 859, 860, 861, 880, 881, 882, 883, 898, 899, 900, 901, 902, 916, 917, 918, 919, 920, 922, 923, 924, 925, 926, 928, 929, 933, 934, 935, 936, 937, 938, 945, 946, 947, 948, 990, 991, 992, 993, 1004, 1005, 1007, 1008, 1041, 1042, 1080, 1081, 1082, 1083, 1251, 1252, 1253, 1388, 1392, 1393, 1394, 1395, 1396, 1397, 1415, 1416, 1417, 1418, 1591, 1592, 1593, 1594, 1595, 1596, 1597, 1598, 1615, 1616, 1617, 1618, 1643, 1644, 1645, 1646, 1647, 1683, 1684, 1685, 1787, 1788, 1789, 1790, 1791, 1792, 1793, 1794, 1795, 1796, 1802, 1803, 1804, 1805, 1806, 1807, 1854, 1855, 1856, 1857, 1858, 1859, 1860, 1861, 1862, 1863, 1864, 1865, 1866, 1867, 1868, 1869, 1879, 1880, 1881, 1882, 1883, 1884, 1888, 1889, 1891, 1892, 1893, 1894, 1895, 1896, 1897, 1906, 1907, 1908, 1909, 1911, 1912, 1913, 1914, 1915, 1944, 1945, 1946, 1947, 1948, 1949, 1950, 1951, 1952, 1953, 1954, 1955, 1956, 1957, 1958, 1959, 1960, 1961, 1962, 1963, 1964, 1965, 1966, 1967, 1968, 1969, 1970, 1971, 1972, 1973, 1974, 1975], "selected_count": 203, "selection_time": 0.06480401300359517, "selection_score_forward_time": 0.06381217698799446}