{"example_id": 2, "sub_q_idx": 0, "method": "DraftModel", "reprocess_method": "DraftModel", "rate": 0.15, "system_len": 792, "passages_len": [792, 64, 122, 88, 48, 185, 63, 99, 106, 234, 368, 64, 25], "chunk_ids": [0, 1, 2, 3, 4, 5, 6, 7, 8, 9, 10, 1], "selected_abs": [792, 793, 794, 795, 796, 797, 798, 799, 800, 801, 802, 803, 805, 806, 807, 808, 809, 810, 811, 812, 813, 814, 815, 816, 817, 823, 824, 825, 826, 827, 828, 829, 830, 831, 833, 834, 835, 836, 854, 855, 856, 857, 858, 859, 860, 861, 862, 882, 883, 884, 885, 886, 890, 891, 892, 893, 894, 895, 897, 898, 899, 900, 912, 913, 914, 976, 977, 978, 979, 980, 981, 1065, 1066, 1067, 1068, 1069, 1070, 1071, 1072, 1093, 1094, 1113, 1114, 1115, 1116, 1117, 1118, 1297, 1298, 1299, 1300, 1301, 1302, 1361, 1362, 1363, 1364, 1365, 1366, 1371, 1372, 1373, 1452, 1453, 1454, 1459, 1460, 1461, 1462, 1463, 1464, 1465, 1503, 1566, 1567, 1568, 1569, 1570, 1592, 1593, 1614, 1615, 1633, 1634, 1642, 1643, 1681, 1682, 1799, 1800, 1801, 1802, 1803, 1804, 1806, 1807, 1808, 1809, 1818, 1819, 1820, 1845, 1846, 1953, 1954, 1955, 1956, 2026, 2027, 2028, 2029, 2030, 2039, 2040, 2041, 2101, 2102, 2107, 2145, 2146, 2167, 2168, 2169, 2170, 2171, 2172, 2173, 2174, 2175, 2176, 2177, 2178, 2179, 2180, 2181, 2182, 2183, 2184, 2185, 2186, 2187, 2188, 2189, 2190, 2191, 2192, 2193, 2194, 2195, 2196, 2197, 2198, 2199, 2200, 2201, 2203, 2204, 2205, 2206, 2207, 2208, 2209, 2210, 2211, 2212, 2213, 2214, 2215, 2216, 2218, 2219, 2220, 2221, 2230, 2231, 2232, 2233, 2234, 2235, 2236, 2237, 2238, 2239, 2240, 2241, 2242, 2243, 2244, 2245, 2246, 2247, 2248, 2249, 2250, 2251, 2252, 2253, 2254, 2255, 2256, 2257], "selected_count": 241, "selection_time": 0.06978609500220045, "selection_score_forward_time": 0.06856084999162704}