{"example_id": 11, "sub_q_idx": 1, "method": "DraftModel", "reprocess_method": "DraftModel", "rate": 0.15, "system_len": 792, "passages_len": [792, 34, 36, 102, 101, 177, 178, 87, 162, 107, 151, 34, 36, 30], "chunk_ids": [0, 1, 11, 12, 13, 14, 15, 16, 17, 18, 19, 1, 11], "selected_abs": [792, 793, 794, 795, 796, 797, 798, 799, 800, 801, 802, 803, 804, 805, 806, 807, 808, 809, 810, 811, 824, 825, 826, 827, 828, 829, 839, 840, 841, 844, 845, 846, 853, 854, 855, 856, 857, 860, 861, 862, 863, 864, 958, 959, 962, 963, 964, 965, 966, 967, 968, 969, 970, 974, 975, 976, 1063, 1064, 1065, 1066, 1067, 1068, 1190, 1191, 1206, 1207, 1236, 1237, 1240, 1241, 1242, 1243, 1244, 1328, 1329, 1373, 1374, 1418, 1419, 1420, 1421, 1422, 1469, 1505, 1506, 1507, 1508, 1509, 1668, 1669, 1670, 1671, 1682, 1683, 1684, 1685, 1686, 1774, 1775, 1776, 1777, 1778, 1794, 1795, 1796, 1798, 1799, 1800, 1801, 1802, 1803, 1859, 1864, 1865, 1926, 1927, 1928, 1929, 1930, 1931, 1932, 1933, 1934, 1935, 1936, 1937, 1938, 1939, 1940, 1941, 1942, 1943, 1944, 1945, 1946, 1947, 1948, 1949, 1950, 1952, 1953, 1954, 1959, 1960, 1961, 1962, 1963, 1964, 1965, 1966, 1967, 1968, 1969, 1970, 1971, 1972, 1973, 1974, 1975, 1976, 1977, 1978, 1979, 1980, 1981, 1982, 1983, 1984, 1985, 1986, 1987, 1988, 1989, 1990, 1991, 1992, 1993, 1994, 1995, 1996, 1997, 1998, 1999, 2000, 2001, 2002, 2003, 2004, 2005, 2006, 2007, 2008, 2009, 2010, 2011, 2012, 2013, 2014, 2015, 2016, 2017, 2018, 2019, 2020, 2021, 2022, 2023, 2024, 2025, 2026], "selected_count": 210, "selection_time": 0.06487129101878963, "selection_score_forward_time": 0.06402255001012236}