{"example_id": 10, "sub_q_idx": 0, "method": "DraftModel", "reprocess_method": "DraftModel", "rate": 0.15, "system_len": 792, "passages_len": [792, 186, 203, 90, 310, 88, 123, 89, 117, 68, 231, 29], "chunk_ids": [0, 1, 2, 3, 4, 5, 6, 7, 8, 9, 10], "selected_abs": [792, 793, 794, 795, 796, 797, 798, 799, 804, 805, 806, 807, 808, 809, 810, 811, 812, 813, 814, 815, 816, 817, 818, 819, 820, 821, 822, 823, 824, 848, 849, 850, 874, 875, 876, 883, 884, 885, 886, 887, 888, 889, 934, 935, 936, 952, 953, 954, 955, 956, 976, 977, 978, 979, 980, 981, 990, 991, 992, 995, 996, 1000, 1001, 1002, 1003, 1004, 1056, 1057, 1058, 1059, 1142, 1143, 1144, 1145, 1179, 1180, 1181, 1182, 1183, 1184, 1185, 1186, 1251, 1252, 1266, 1270, 1271, 1272, 1285, 1286, 1287, 1353, 1354, 1380, 1386, 1393, 1457, 1458, 1459, 1499, 1500, 1579, 1580, 1581, 1582, 1583, 1584, 1593, 1594, 1595, 1596, 1598, 1599, 1600, 1601, 1602, 1603, 1604, 1638, 1667, 1668, 1669, 1670, 1671, 1672, 1673, 1790, 1791, 1792, 1793, 1794, 1795, 1799, 1800, 1801, 1802, 1803, 1804, 1805, 1814, 1815, 1816, 1817, 1853, 1854, 1880, 1881, 1882, 1883, 1884, 1885, 1886, 1887, 1898, 1899, 1900, 1917, 1918, 1919, 1923, 1924, 1925, 1952, 1953, 1954, 1996, 1997, 1998, 1999, 2000, 2001, 2002, 2017, 2018, 2019, 2020, 2021, 2022, 2023, 2024, 2025, 2026, 2027, 2028, 2029, 2064, 2065, 2066, 2067, 2068, 2069, 2070, 2071, 2072, 2076, 2077, 2078, 2094, 2095, 2096, 2161, 2162, 2163, 2205, 2206, 2207, 2209, 2210, 2211, 2212, 2213, 2243, 2244, 2245, 2246, 2247, 2274, 2275, 2276, 2280, 2281, 2282, 2283, 2295, 2296, 2297, 2298, 2299, 2300, 2301, 2302, 2303, 2304, 2305, 2306, 2307, 2308, 2309, 2310, 2311, 2312, 2313, 2314, 2315, 2316, 2317, 2318, 2319, 2320, 2321, 2322, 2323, 2324, 2325], "selected_count": 254, "selection_time": 0.07229854998877272, "selection_score_forward_time": 0.07099802099401131}