{"example_id": 19, "sub_q_idx": 0, "method": "DraftModel", "reprocess_method": "DraftModel", "rate": 0.15, "system_len": 792, "passages_len": [792, 67, 37, 131, 46, 188, 190, 82, 135, 38, 120, 26], "chunk_ids": [0, 1, 2, 3, 4, 5, 6, 7, 8, 9, 10], "selected_abs": [792, 793, 794, 795, 796, 797, 799, 800, 801, 802, 808, 809, 810, 817, 818, 820, 821, 822, 823, 824, 825, 826, 827, 841, 842, 843, 844, 857, 858, 859, 860, 861, 862, 863, 873, 874, 875, 876, 894, 895, 896, 897, 898, 899, 900, 901, 930, 940, 941, 988, 989, 1025, 1026, 1027, 1028, 1029, 1030, 1031, 1047, 1048, 1049, 1050, 1072, 1073, 1074, 1123, 1124, 1125, 1218, 1226, 1227, 1259, 1260, 1261, 1262, 1449, 1450, 1451, 1452, 1453, 1454, 1531, 1532, 1533, 1534, 1535, 1617, 1642, 1666, 1667, 1668, 1669, 1670, 1671, 1672, 1673, 1674, 1675, 1676, 1677, 1678, 1679, 1680, 1692, 1693, 1694, 1704, 1705, 1706, 1707, 1708, 1709, 1710, 1711, 1712, 1713, 1714, 1715, 1716, 1717, 1718, 1719, 1720, 1721, 1722, 1723, 1724, 1744, 1745, 1746, 1747, 1748, 1755, 1756, 1757, 1758, 1774, 1775, 1776, 1777, 1781, 1782, 1783, 1784, 1799, 1800, 1801, 1802, 1816, 1817, 1818, 1819, 1823, 1824, 1825, 1826, 1827, 1828, 1829, 1830, 1831, 1832, 1833, 1834, 1835, 1836, 1837, 1838, 1839, 1840, 1841, 1842, 1843, 1844, 1845, 1846, 1847, 1848, 1849, 1850, 1851], "selected_count": 181, "selection_time": 0.06203268701210618, "selection_score_forward_time": 0.06124978401931003}