{"example_id": 12, "sub_q_idx": 0, "method": "DraftModel", "reprocess_method": "DraftModel", "rate": 0.15, "system_len": 792, "passages_len": [792, 138, 225, 198, 183, 148, 75, 195, 243, 336, 270, 36], "chunk_ids": [0, 1, 2, 3, 4, 5, 6, 7, 8, 9, 10], "selected_abs": [792, 793, 794, 795, 796, 798, 799, 800, 801, 802, 806, 807, 808, 809, 810, 811, 812, 815, 816, 817, 818, 825, 834, 835, 836, 837, 838, 840, 841, 842, 843, 852, 853, 854, 857, 858, 859, 860, 861, 862, 863, 864, 865, 866, 867, 884, 885, 886, 897, 898, 899, 928, 929, 930, 931, 932, 933, 934, 935, 936, 937, 938, 939, 940, 941, 977, 978, 979, 994, 995, 996, 997, 998, 999, 1002, 1003, 1004, 1007, 1008, 1016, 1017, 1018, 1019, 1046, 1047, 1048, 1049, 1050, 1071, 1072, 1073, 1075, 1076, 1081, 1082, 1083, 1087, 1088, 1089, 1093, 1094, 1095, 1096, 1126, 1127, 1128, 1153, 1154, 1155, 1156, 1157, 1159, 1165, 1185, 1186, 1197, 1198, 1199, 1225, 1226, 1227, 1232, 1233, 1235, 1236, 1237, 1296, 1297, 1351, 1352, 1353, 1354, 1355, 1356, 1357, 1358, 1359, 1360, 1361, 1362, 1386, 1387, 1388, 1390, 1391, 1392, 1393, 1467, 1468, 1469, 1470, 1534, 1535, 1536, 1537, 1538, 1539, 1540, 1541, 1542, 1543, 1544, 1545, 1546, 1547, 1592, 1593, 1594, 1682, 1683, 1684, 1685, 1697, 1698, 1699, 1700, 1757, 1758, 1759, 1760, 1807, 1808, 1845, 1846, 1892, 1893, 1894, 1895, 1896, 1952, 1953, 1954, 1955, 1956, 1957, 1958, 1959, 1960, 2032, 2033, 2092, 2103, 2195, 2196, 2197, 2198, 2199, 2200, 2201, 2202, 2203, 2204, 2205, 2206, 2207, 2208, 2209, 2217, 2218, 2219, 2220, 2245, 2284, 2285, 2286, 2410, 2411, 2412, 2418, 2517, 2518, 2519, 2531, 2532, 2533, 2534, 2535, 2536, 2537, 2538, 2539, 2540, 2541, 2542, 2543, 2547, 2548, 2549, 2569, 2570, 2571, 2577, 2578, 2579, 2580, 2581, 2582, 2583, 2584, 2587, 2588, 2589, 2590, 2591, 2592, 2593, 2594, 2595, 2597, 2598, 2621, 2622, 2623, 2624, 2625, 2626, 2645, 2646, 2676, 2677, 2678, 2710, 2711, 2712, 2713, 2714, 2715, 2740, 2741, 2742, 2765, 2766, 2767, 2768, 2769, 2793, 2794, 2795, 2796, 2801, 2802, 2803, 2804, 2805, 2806, 2807, 2808, 2809, 2810, 2811, 2812, 2813, 2814, 2815, 2816, 2817, 2818, 2819, 2820, 2821, 2822, 2823, 2824, 2825, 2826, 2827, 2828, 2829, 2830, 2831, 2832, 2833, 2834, 2835, 2836, 2837, 2838], "selected_count": 337, "selection_time": 0.09008572401944548, "selection_score_forward_time": 0.08849419100442901}