{"example_id": 16, "sub_q_idx": 0, "method": "DraftModel", "reprocess_method": "DraftModel", "rate": 0.15, "system_len": 792, "passages_len": [792, 225, 138, 198, 183, 148, 75, 195, 80, 162, 111, 32], "chunk_ids": [0, 1, 2, 3, 4, 5, 6, 7, 8, 9, 10], "selected_abs": [792, 793, 794, 795, 796, 797, 798, 799, 800, 801, 802, 803, 804, 805, 817, 818, 819, 822, 823, 824, 825, 826, 827, 828, 829, 830, 831, 832, 833, 834, 839, 840, 841, 842, 843, 844, 845, 846, 847, 851, 852, 853, 854, 855, 856, 857, 858, 859, 860, 861, 863, 864, 865, 866, 867, 868, 869, 870, 871, 872, 873, 874, 875, 877, 878, 879, 880, 881, 882, 901, 902, 903, 904, 906, 907, 908, 909, 910, 911, 912, 913, 914, 937, 938, 939, 954, 955, 956, 957, 958, 988, 989, 990, 1015, 1016, 1017, 1018, 1019, 1020, 1021, 1022, 1023, 1024, 1025, 1034, 1035, 1036, 1037, 1040, 1041, 1049, 1050, 1090, 1091, 1092, 1153, 1154, 1155, 1156, 1157, 1159, 1164, 1165, 1232, 1233, 1235, 1236, 1297, 1351, 1352, 1353, 1354, 1495, 1496, 1520, 1535, 1536, 1537, 1538, 1539, 1540, 1541, 1542, 1592, 1593, 1594, 1682, 1683, 1684, 1685, 1691, 1692, 1696, 1697, 1698, 1699, 1700, 1757, 1758, 1759, 1760, 1806, 1807, 1808, 1845, 1846, 1894, 1895, 1896, 1952, 1953, 1954, 1955, 1956, 1960, 1961, 1962, 1996, 1997, 1998, 2032, 2033, 2034, 2035, 2043, 2044, 2045, 2063, 2118, 2119, 2121, 2122, 2194, 2195, 2196, 2197, 2198, 2199, 2200, 2201, 2207, 2208, 2209, 2210, 2211, 2212, 2213, 2214, 2215, 2224, 2225, 2226, 2227, 2228, 2229, 2237, 2238, 2239, 2279, 2280, 2300, 2301, 2302, 2303, 2304, 2305, 2306, 2307, 2308, 2309, 2310, 2311, 2312, 2313, 2314, 2315, 2316, 2317, 2318, 2319, 2320, 2321, 2322, 2323, 2324, 2325, 2326, 2327, 2328, 2329, 2330, 2331, 2332, 2333, 2334, 2335, 2336, 2337, 2338], "selected_count": 259, "selection_time": 0.07171410298906267, "selection_score_forward_time": 0.07055525699979626}