{"example_id": 4, "sub_q_idx": 1, "method": "DraftModel", "reprocess_method": "DraftModel", "rate": 0.15, "system_len": 792, "passages_len": [792, 148, 139, 149, 265, 228, 196, 72, 88, 86, 321, 96, 148, 139, 28], "chunk_ids": [0, 11, 12, 13, 5, 14, 15, 16, 17, 18, 19, 1, 11, 12], "selected_abs": [792, 793, 794, 795, 798, 799, 800, 801, 825, 826, 827, 876, 877, 895, 938, 939, 940, 941, 942, 943, 944, 945, 970, 971, 972, 979, 980, 981, 1026, 1027, 1057, 1076, 1077, 1078, 1079, 1080, 1143, 1226, 1227, 1228, 1229, 1269, 1332, 1333, 1334, 1344, 1345, 1415, 1416, 1417, 1418, 1471, 1472, 1492, 1493, 1494, 1495, 1496, 1498, 1499, 1500, 1501, 1502, 1503, 1504, 1505, 1520, 1521, 1522, 1523, 1524, 1525, 1526, 1527, 1528, 1529, 1530, 1531, 1595, 1596, 1597, 1676, 1710, 1720, 1721, 1722, 1723, 1724, 1731, 1732, 1733, 1912, 1913, 1915, 1916, 1917, 1918, 1920, 1921, 1922, 1923, 1988, 1989, 1990, 1991, 1992, 1993, 1994, 2016, 2017, 2054, 2057, 2058, 2059, 2060, 2071, 2072, 2075, 2076, 2077, 2078, 2079, 2080, 2081, 2082, 2093, 2094, 2095, 2096, 2097, 2098, 2099, 2100, 2101, 2102, 2105, 2106, 2107, 2108, 2109, 2110, 2111, 2112, 2113, 2114, 2115, 2122, 2123, 2124, 2161, 2162, 2163, 2164, 2165, 2166, 2181, 2182, 2183, 2298, 2299, 2300, 2346, 2347, 2348, 2387, 2388, 2389, 2482, 2483, 2484, 2485, 2486, 2487, 2489, 2490, 2491, 2506, 2507, 2508, 2509, 2510, 2511, 2512, 2518, 2519, 2520, 2521, 2522, 2523, 2524, 2525, 2526, 2529, 2530, 2531, 2548, 2579, 2580, 2581, 2582, 2583, 2584, 2585, 2586, 2587, 2588, 2589, 2590, 2591, 2592, 2593, 2594, 2595, 2596, 2597, 2598, 2599, 2600, 2601, 2602, 2603, 2604, 2605, 2613, 2614, 2615, 2621, 2622, 2623, 2624, 2627, 2628, 2629, 2631, 2632, 2633, 2664, 2665, 2666, 2682, 2683, 2693, 2694, 2695, 2726, 2727, 2728, 2729, 2730, 2731, 2732, 2733, 2734, 2735, 2736, 2737, 2738, 2739, 2740, 2741, 2742, 2743, 2745, 2746, 2747, 2748, 2749, 2750, 2751, 2756, 2757, 2758, 2759, 2760, 2761, 2767, 2768, 2769, 2770, 2771, 2772, 2773, 2774, 2775, 2776, 2777, 2778, 2814, 2815, 2816, 2837, 2838, 2843, 2844, 2845, 2846, 2847, 2848, 2849, 2850, 2851, 2853, 2854, 2855, 2860, 2861, 2862, 2863, 2864, 2865, 2866, 2867, 2868, 2869, 2870, 2871, 2872, 2873, 2874, 2875, 2876, 2877, 2878, 2879, 2880, 2881, 2882, 2883, 2884, 2885, 2886, 2887, 2888, 2889, 2890, 2891, 2892, 2893, 2894], "selected_count": 339, "selection_time": 0.09137507699779235, "selection_score_forward_time": 0.08958086199709214}