{"example_id": 11, "sub_q_idx": 0, "method": "DraftModel", "reprocess_method": "DraftModel", "rate": 0.15, "system_len": 792, "passages_len": [792, 34, 96, 149, 295, 140, 127, 153, 73, 90, 73, 31], "chunk_ids": [0, 1, 2, 3, 4, 5, 6, 7, 8, 9, 10], "selected_abs": [792, 793, 794, 795, 796, 797, 798, 799, 800, 801, 802, 803, 804, 805, 806, 807, 808, 809, 810, 811, 817, 818, 819, 824, 825, 826, 827, 828, 834, 835, 836, 841, 842, 843, 844, 871, 872, 873, 874, 875, 876, 920, 921, 922, 923, 1031, 1054, 1070, 1071, 1072, 1073, 1074, 1075, 1076, 1077, 1078, 1230, 1236, 1237, 1238, 1331, 1365, 1366, 1367, 1368, 1447, 1448, 1504, 1505, 1506, 1507, 1508, 1509, 1510, 1511, 1512, 1517, 1518, 1519, 1520, 1521, 1522, 1632, 1633, 1634, 1635, 1636, 1637, 1638, 1639, 1640, 1641, 1642, 1643, 1648, 1649, 1650, 1784, 1785, 1786, 1787, 1788, 1789, 1790, 1803, 1804, 1805, 1806, 1858, 1859, 1860, 1861, 1862, 1866, 1867, 1868, 1869, 1870, 1874, 1875, 1876, 1877, 1880, 1881, 1882, 1884, 1892, 1893, 1894, 1947, 1948, 1949, 1950, 1951, 1952, 1953, 1954, 1955, 1956, 1957, 1958, 1959, 1960, 1961, 1962, 1963, 1964, 1965, 1966, 1967, 1968, 1969, 1970, 1971, 1972, 1973, 1974, 1975, 1976, 1977, 1978, 1983, 1984, 1985, 1989, 1990, 1991, 1995, 1996, 1997, 1998, 1999, 2000, 2001, 2002, 2003, 2004, 2015, 2016, 2017, 2018, 2019, 2020, 2021, 2022, 2023, 2024, 2025, 2026, 2027, 2028, 2029, 2030, 2031, 2032, 2033, 2034, 2035, 2036, 2037, 2038, 2039, 2040, 2041, 2042, 2043, 2044, 2045, 2046, 2047, 2048, 2049, 2050, 2051, 2052], "selected_count": 215, "selection_time": 0.06664305299636908, "selection_score_forward_time": 0.06580663300701417}