{"example_id": 15, "sub_q_idx": 1, "method": "DraftModel", "reprocess_method": "DraftModel", "rate": 0.15, "system_len": 792, "passages_len": [792, 70, 89, 89, 127, 47, 112, 70, 153, 90, 115, 89, 70, 32], "chunk_ids": [0, 11, 1, 12, 13, 14, 15, 16, 17, 18, 19, 1, 11], "selected_abs": [792, 793, 794, 795, 796, 797, 798, 799, 804, 805, 806, 813, 814, 815, 816, 817, 818, 819, 860, 861, 862, 863, 864, 879, 880, 881, 882, 883, 884, 949, 950, 951, 952, 953, 1038, 1039, 1040, 1041, 1042, 1043, 1051, 1052, 1066, 1067, 1068, 1110, 1111, 1112, 1144, 1166, 1167, 1168, 1169, 1170, 1213, 1214, 1215, 1324, 1325, 1326, 1327, 1328, 1329, 1359, 1395, 1396, 1397, 1398, 1424, 1425, 1426, 1545, 1546, 1548, 1549, 1550, 1551, 1601, 1602, 1622, 1638, 1639, 1640, 1641, 1642, 1643, 1644, 1645, 1695, 1696, 1753, 1754, 1755, 1756, 1757, 1758, 1759, 1760, 1761, 1765, 1766, 1771, 1772, 1773, 1774, 1775, 1776, 1839, 1840, 1841, 1842, 1843, 1844, 1845, 1846, 1847, 1848, 1849, 1850, 1851, 1852, 1853, 1854, 1855, 1856, 1857, 1858, 1859, 1860, 1861, 1862, 1863, 1864, 1865, 1866, 1867, 1868, 1869, 1870, 1875, 1876, 1877, 1878, 1879, 1882, 1883, 1884, 1885, 1886, 1887, 1888, 1892, 1893, 1894, 1895, 1896, 1897, 1898, 1903, 1904, 1905, 1906, 1907, 1908, 1909, 1910, 1911, 1912, 1913, 1914, 1915, 1916, 1917, 1918, 1919, 1920, 1921, 1922, 1923, 1924, 1925, 1926, 1927, 1928, 1929, 1930, 1931, 1932, 1933, 1934, 1935, 1936, 1937, 1938, 1939, 1940, 1941, 1942, 1943, 1944], "selected_count": 200, "selection_time": 0.0647076609893702, "selection_score_forward_time": 0.06374660399160348}