percentile,key_token_rel_delta,value_token_rel_delta,value_over_key
10,0.1589327335357666,0.4094984531402588,2.5765520042987515
20,0.1645961195230484,0.4894187211990356,2.9734523670255926
30,0.16876896023750304,0.5648277282714844,3.3467512478397734
40,0.17241719365119934,0.6519283413887024,3.7811098045567078
50,0.17601464688777924,0.7795436978340149,4.428856982175038
60,0.1796430230140686,0.97549809217453,5.430203053853835
70,0.1838009774684906,1.1253293514251708,6.122542801047336
80,0.18874317705631255,1.3595542430877685,7.203196768708297
90,0.19561936855316164,1.5746066331863409,8.04933910600179
