{
  "config": {
    "model_type": "qwen",
    "model_path": "/mnt/qjhs-sh-lab-01/models/Qwen2.5-7B-Instruct",
    "model_name": "Qwen2.5-7B-Instruct",
    "data_path": "./data/result_reflect.json",
    "bge_model_path": "/mnt/qjhs-sh-lab-01/models/bge-m3",
    "topk": 10,
    "rate": 0.15,
    "max_sub_questions": 200,
    "max_main_questions": null,
    "bins": 10,
    "device": "cuda:0",
    "out_dir": "MOTIVATION_EXPERIMENTS/selection_rank_delta_correlation_fresh_raw"
  },
  "summary": {
    "num_tokens": 42983,
    "correlation": {
      "early_rank_vs_key_delta": {
        "pearson": 0.0012866878719855095,
        "spearman": -0.02196079393732591
      },
      "early_rank_vs_value_delta": {
        "pearson": 0.06088816573882432,
        "spearman": 0.03227289913868803
      },
      "importance_vs_key_delta": {
        "pearson": 0.3576936079530413,
        "spearman": -0.007465229422662962
      },
      "importance_vs_value_delta": {
        "pearson": 0.22175450596470553,
        "spearman": 0.06803959932583734
      }
    },
    "bins": [
      {
        "bin": 0,
        "rank_pct_range": [
          0.0,
          0.1
        ],
        "count": 4294,
        "importance_mean": 127.57795761527713,
        "key_delta_mean": 0.1862607164942613,
        "key_delta_p50": 0.18794623762369156,
        "key_delta_p90": 0.2072461038827896,
        "value_delta_mean": 1.1659741993970965,
        "value_delta_p50": 1.3585585951805115,
        "value_delta_p90": 1.5612650871276859
      },
      {
        "bin": 1,
        "rank_pct_range": [
          0.1,
          0.2
        ],
        "count": 4311,
        "importance_mean": 17.034091568081653,
        "key_delta_mean": 0.1739312490926655,
        "key_delta_p50": 0.17413096129894257,
        "key_delta_p90": 0.18995225429534912,
        "value_delta_mean": 0.915610950691632,
        "value_delta_p50": 0.8819934129714966,
        "value_delta_p90": 1.7490965127944946
      },
      {
        "bin": 2,
        "rank_pct_range": [
          0.2,
          0.3
        ],
        "count": 4283,
        "importance_mean": 12.278864113938829,
        "key_delta_mean": 0.17238408495493088,
        "key_delta_p50": 0.1723029464483261,
        "key_delta_p90": 0.18814839124679567,
        "value_delta_mean": 0.8400395746205195,
        "value_delta_p50": 0.6506521105766296,
        "value_delta_p90": 1.602587985992432
      },
      {
        "bin": 3,
        "rank_pct_range": [
          0.3,
          0.4
        ],
        "count": 4304,
        "importance_mean": 9.850233794144982,
        "key_delta_mean": 0.17284013233476467,
        "key_delta_p50": 0.1723581701517105,
        "key_delta_p90": 0.18953730762004853,
        "value_delta_mean": 0.8215244678420371,
        "value_delta_p50": 0.658161461353302,
        "value_delta_p90": 1.5207038164138793
      },
      {
        "bin": 4,
        "rank_pct_range": [
          0.4,
          0.5
        ],
        "count": 4249,
        "importance_mean": 8.382420863732643,
        "key_delta_mean": 0.17417894561386413,
        "key_delta_p50": 0.17389869689941406,
        "key_delta_p90": 0.19160937070846557,
        "value_delta_mean": 0.8374114181187945,
        "value_delta_p50": 0.6848780512809753,
        "value_delta_p90": 1.488775181770325
      },
      {
        "bin": 5,
        "rank_pct_range": [
          0.5,
          0.6
        ],
        "count": 4350,
        "importance_mean": 7.386239224137931,
        "key_delta_mean": 0.17539765274387667,
        "key_delta_p50": 0.1750877946615219,
        "key_delta_p90": 0.19300164729356767,
        "value_delta_mean": 0.8687283950941316,
        "value_delta_p50": 0.7156462371349335,
        "value_delta_p90": 1.5313069820404053
      },
      {
        "bin": 6,
        "rank_pct_range": [
          0.6,
          0.7
        ],
        "count": 4292,
        "importance_mean": 6.628189072693383,
        "key_delta_mean": 0.17629745315486098,
        "key_delta_p50": 0.17617514729499817,
        "key_delta_p90": 0.1935599148273468,
        "value_delta_mean": 0.8749182463692152,
        "value_delta_p50": 0.7229113280773163,
        "value_delta_p90": 1.5482164025306704
      },
      {
        "bin": 7,
        "rank_pct_range": [
          0.7,
          0.8
        ],
        "count": 4295,
        "importance_mean": 6.037147118742724,
        "key_delta_mean": 0.1772333431091242,
        "key_delta_p50": 0.17727218568325043,
        "key_delta_p90": 0.19535432159900665,
        "value_delta_mean": 0.9097219665266998,
        "value_delta_p50": 0.7684462666511536,
        "value_delta_p90": 1.5815473556518553
      },
      {
        "bin": 8,
        "rank_pct_range": [
          0.8,
          0.9
        ],
        "count": 4299,
        "importance_mean": 5.542102814608048,
        "key_delta_mean": 0.17838040589385046,
        "key_delta_p50": 0.17829999327659607,
        "key_delta_p90": 0.1958564430475235,
        "value_delta_mean": 0.9232828243128448,
        "value_delta_p50": 0.7906445264816284,
        "value_delta_p90": 1.5796470165252685
      },
      {
        "bin": 9,
        "rank_pct_range": [
          0.9,
          1.0
        ],
        "count": 4306,
        "importance_mean": 5.150037738039944,
        "key_delta_mean": 0.17930766394732997,
        "key_delta_p50": 0.17937173694372177,
        "key_delta_p90": 0.19688661396503448,
        "value_delta_mean": 0.9290553524681872,
        "value_delta_p50": 0.8136872053146362,
        "value_delta_p90": 1.5678672790527344
      }
    ]
  }
}