{"example_id": 103, "sub_q_idx": 0, "method": "FusionRAG", "reprocess_method": "FusionRAG", "rate": 0.15, "system_len": 792, "passages_len": [792, 57, 118, 171, 143, 221, 189, 113, 108, 157, 96, 38], "chunk_ids": [0, 1, 2, 3, 4, 5, 6, 7, 8, 9, 10], "selected_abs": [792, 793, 794, 795, 796, 797, 798, 799, 800, 801, 802, 803, 809, 810, 812, 833, 834, 836, 848, 849, 850, 851, 854, 855, 856, 860, 865, 866, 873, 907, 966, 967, 968, 969, 970, 976, 984, 1012, 1072, 1093, 1101, 1137, 1138, 1139, 1140, 1141, 1144, 1145, 1149, 1167, 1190, 1194, 1280, 1281, 1282, 1283, 1288, 1295, 1305, 1366, 1501, 1502, 1503, 1509, 1513, 1518, 1522, 1528, 1619, 1620, 1690, 1691, 1692, 1693, 1694, 1695, 1696, 1701, 1702, 1706, 1752, 1753, 1771, 1775, 1799, 1804, 1806, 1849, 1886, 1888, 1911, 1912, 1913, 1914, 1915, 1916, 1917, 1922, 1923, 1927, 1981, 1993, 2009, 2021, 2069, 2073, 2074, 2075, 2076, 2080, 2088, 2120, 2121, 2164, 2165, 2166, 2167, 2168, 2169, 2170, 2171, 2172, 2173, 2174, 2175, 2176, 2177, 2178, 2179, 2180, 2181, 2182, 2183, 2184, 2185, 2186, 2187, 2188, 2189, 2190, 2191, 2192, 2193, 2194, 2195, 2196, 2197, 2198, 2199, 2200, 2201, 2202], "selected_count": 152, "selection_time": 0.004677912016632035, "selection_score_forward_time": 0.004184436984360218}