{"example_id": 113, "sub_q_idx": 0, "method": "FusionRAG", "reprocess_method": "FusionRAG", "rate": 0.15, "system_len": 792, "passages_len": [792, 131, 225, 210, 102, 102, 168, 61, 121, 216, 120, 27], "chunk_ids": [0, 1, 2, 3, 4, 5, 6, 7, 8, 9, 10], "selected_abs": [792, 793, 794, 795, 796, 797, 798, 799, 800, 803, 804, 805, 806, 807, 808, 809, 810, 811, 812, 813, 814, 823, 824, 825, 826, 827, 828, 829, 830, 836, 837, 838, 839, 840, 879, 893, 894, 895, 922, 923, 924, 925, 926, 927, 928, 991, 1109, 1120, 1147, 1148, 1149, 1150, 1151, 1152, 1153, 1154, 1159, 1160, 1161, 1163, 1164, 1311, 1313, 1325, 1326, 1357, 1358, 1359, 1360, 1361, 1363, 1366, 1367, 1369, 1370, 1371, 1372, 1377, 1378, 1384, 1395, 1400, 1440, 1443, 1447, 1459, 1460, 1461, 1462, 1463, 1464, 1465, 1468, 1528, 1532, 1561, 1562, 1563, 1564, 1565, 1567, 1568, 1569, 1570, 1617, 1623, 1655, 1729, 1730, 1731, 1732, 1733, 1734, 1735, 1736, 1737, 1738, 1741, 1747, 1752, 1779, 1780, 1790, 1791, 1792, 1793, 1794, 1795, 1796, 1799, 1801, 1809, 1825, 1842, 1843, 1849, 1853, 1888, 1902, 1911, 1912, 1913, 1914, 1915, 1919, 1920, 1921, 1941, 1942, 1948, 1954, 1974, 1999, 2064, 2094, 2127, 2128, 2129, 2130, 2131, 2132, 2133, 2134, 2135, 2136, 2141, 2150, 2169, 2205, 2247, 2248, 2249, 2250, 2251, 2252, 2253, 2254, 2255, 2256, 2257, 2258, 2259, 2260, 2261, 2262, 2263, 2264, 2265, 2266, 2267, 2268, 2269, 2270, 2271, 2272, 2273, 2274], "selected_count": 197, "selection_time": 0.004413176997331902, "selection_score_forward_time": 0.003936357010388747}