{"example_id": 123, "sub_q_idx": 1, "method": "FusionRAG", "reprocess_method": "FusionRAG", "rate": 0.15, "system_len": 792, "passages_len": [792, 105, 107, 87, 135, 85, 157, 352, 195, 137, 196, 28], "chunk_ids": [0, 1, 11, 4, 12, 13, 14, 15, 16, 17, 5], "selected_abs": [792, 793, 794, 795, 796, 797, 798, 799, 800, 801, 802, 803, 804, 805, 806, 807, 808, 809, 810, 811, 812, 813, 814, 819, 820, 821, 822, 823, 824, 846, 847, 848, 849, 850, 857, 858, 859, 860, 862, 892, 893, 894, 895, 896, 897, 898, 899, 900, 901, 902, 903, 904, 905, 906, 907, 908, 909, 912, 913, 919, 922, 923, 925, 940, 945, 1003, 1004, 1005, 1006, 1007, 1008, 1009, 1010, 1011, 1013, 1014, 1015, 1019, 1023, 1031, 1032, 1058, 1062, 1090, 1091, 1092, 1093, 1094, 1100, 1101, 1106, 1111, 1114, 1115, 1116, 1117, 1118, 1119, 1153, 1154, 1155, 1181, 1183, 1225, 1226, 1227, 1228, 1229, 1230, 1231, 1232, 1233, 1234, 1235, 1236, 1237, 1238, 1244, 1250, 1251, 1255, 1310, 1311, 1312, 1313, 1314, 1315, 1316, 1317, 1318, 1319, 1324, 1329, 1330, 1331, 1342, 1353, 1385, 1429, 1466, 1467, 1468, 1469, 1470, 1471, 1472, 1473, 1474, 1475, 1477, 1478, 1479, 1480, 1481, 1485, 1492, 1525, 1526, 1557, 1573, 1574, 1576, 1577, 1578, 1579, 1614, 1651, 1652, 1687, 1703, 1708, 1719, 1720, 1784, 1797, 1816, 1819, 1820, 1821, 1822, 1823, 1824, 1825, 1826, 1827, 1828, 1831, 1832, 1836, 1837, 1839, 1841, 1843, 1844, 1846, 1850, 1851, 1903, 1907, 1908, 1982, 2010, 2014, 2015, 2016, 2017, 2018, 2019, 2020, 2021, 2022, 2028, 2029, 2030, 2031, 2036, 2076, 2077, 2099, 2127, 2140, 2150, 2151, 2152, 2153, 2154, 2155, 2156, 2157, 2158, 2159, 2160, 2164, 2165, 2169, 2205, 2206, 2207, 2208, 2209, 2210, 2253, 2293, 2347, 2348, 2349, 2350, 2351, 2352, 2353, 2354, 2355, 2356, 2357, 2358, 2359, 2360, 2361, 2362, 2363, 2364, 2365, 2366, 2367, 2368, 2369, 2370, 2371, 2372, 2373, 2374, 2375], "selected_count": 272, "selection_time": 0.004320691979955882, "selection_score_forward_time": 0.0038312189863063395}