{"example_id": 112, "sub_q_idx": 1, "method": "FusionRAG", "reprocess_method": "FusionRAG", "rate": 0.15, "system_len": 792, "passages_len": [792, 82, 95, 43, 49, 68, 106, 110, 238, 112, 132, 43, 82, 27], "chunk_ids": [0, 11, 12, 1, 13, 14, 15, 16, 17, 18, 19, 1, 11], "selected_abs": [792, 793, 794, 795, 796, 797, 798, 799, 800, 801, 873, 874, 875, 876, 877, 881, 882, 908, 930, 934, 968, 969, 970, 971, 972, 973, 974, 975, 976, 977, 978, 979, 980, 981, 982, 983, 984, 985, 986, 987, 988, 994, 1001, 1010, 1011, 1012, 1013, 1014, 1015, 1016, 1017, 1018, 1019, 1023, 1026, 1035, 1036, 1037, 1050, 1056, 1061, 1062, 1063, 1064, 1068, 1069, 1072, 1073, 1084, 1086, 1087, 1100, 1109, 1110, 1116, 1129, 1130, 1131, 1132, 1134, 1135, 1136, 1163, 1169, 1198, 1234, 1235, 1236, 1237, 1238, 1239, 1240, 1249, 1270, 1274, 1315, 1344, 1345, 1346, 1347, 1348, 1349, 1350, 1351, 1378, 1396, 1397, 1417, 1517, 1529, 1550, 1551, 1582, 1583, 1584, 1585, 1586, 1587, 1588, 1589, 1590, 1591, 1600, 1624, 1649, 1659, 1665, 1669, 1670, 1694, 1695, 1696, 1697, 1698, 1699, 1700, 1701, 1702, 1703, 1704, 1705, 1706, 1707, 1708, 1709, 1711, 1712, 1713, 1714, 1722, 1726, 1727, 1728, 1729, 1730, 1731, 1732, 1733, 1734, 1735, 1736, 1737, 1765, 1788, 1789, 1790, 1791, 1792, 1793, 1803, 1804, 1805, 1806, 1807, 1808, 1809, 1810, 1811, 1812, 1813, 1814, 1815, 1816, 1817, 1818, 1819, 1820, 1821, 1822, 1823, 1824, 1825, 1826, 1827, 1828, 1829, 1830, 1831, 1832, 1833, 1834, 1835, 1836, 1837, 1838, 1839, 1840, 1841, 1842, 1843, 1844, 1845, 1846, 1852, 1859, 1868, 1869, 1870, 1871, 1872, 1873, 1874, 1875, 1876, 1877, 1878, 1879, 1951, 1952, 1953, 1954, 1955, 1956, 1957, 1958, 1959, 1960, 1961, 1962, 1963, 1964, 1965, 1966, 1967, 1968, 1969, 1970, 1971, 1972, 1973, 1974, 1975, 1976, 1977, 1978], "selected_count": 255, "selection_time": 0.005033627996454015, "selection_score_forward_time": 0.004500433016801253}