{"example_id": 123, "sub_q_idx": 0, "method": "FusionRAG", "reprocess_method": "FusionRAG", "rate": 0.15, "system_len": 792, "passages_len": [792, 105, 60, 420, 87, 196, 223, 231, 218, 241, 162, 26], "chunk_ids": [0, 1, 2, 3, 4, 5, 6, 7, 8, 9, 10], "selected_abs": [792, 793, 794, 795, 796, 797, 798, 799, 800, 801, 802, 803, 804, 805, 806, 807, 808, 809, 810, 811, 812, 813, 814, 819, 820, 821, 822, 823, 824, 846, 847, 848, 849, 850, 857, 858, 859, 860, 862, 892, 893, 894, 895, 896, 897, 898, 899, 900, 901, 902, 903, 904, 906, 907, 908, 910, 926, 932, 933, 953, 956, 957, 958, 959, 960, 961, 962, 966, 970, 976, 986, 993, 994, 1029, 1030, 1031, 1147, 1148, 1162, 1202, 1203, 1207, 1212, 1321, 1335, 1336, 1337, 1338, 1339, 1340, 1376, 1377, 1378, 1379, 1380, 1381, 1382, 1383, 1384, 1386, 1387, 1388, 1404, 1405, 1431, 1435, 1463, 1464, 1465, 1466, 1467, 1468, 1469, 1470, 1471, 1472, 1481, 1517, 1518, 1519, 1520, 1521, 1565, 1605, 1659, 1660, 1661, 1662, 1663, 1664, 1665, 1666, 1668, 1669, 1672, 1673, 1676, 1677, 1678, 1715, 1746, 1781, 1796, 1840, 1882, 1883, 1884, 1885, 1886, 1887, 1889, 1890, 1892, 1893, 1894, 1895, 1897, 1898, 1902, 1917, 1918, 1954, 1974, 1986, 1996, 2037, 2047, 2048, 2060, 2113, 2114, 2115, 2116, 2117, 2118, 2119, 2120, 2122, 2123, 2124, 2125, 2128, 2129, 2130, 2136, 2139, 2140, 2143, 2158, 2195, 2327, 2331, 2332, 2333, 2334, 2335, 2336, 2337, 2338, 2339, 2348, 2367, 2371, 2396, 2397, 2427, 2460, 2483, 2497, 2529, 2565, 2566, 2567, 2572, 2573, 2574, 2575, 2576, 2577, 2578, 2579, 2580, 2581, 2589, 2590, 2595, 2596, 2597, 2630, 2639, 2640, 2655, 2662, 2734, 2735, 2736, 2737, 2738, 2739, 2740, 2741, 2742, 2743, 2744, 2745, 2746, 2747, 2748, 2749, 2750, 2751, 2752, 2753, 2754, 2755, 2756, 2757, 2758, 2759, 2760], "selected_count": 260, "selection_time": 0.0051434949855320156, "selection_score_forward_time": 0.004622720996849239}