{"example_id": 103, "sub_q_idx": 1, "method": "FusionRAG", "reprocess_method": "FusionRAG", "rate": 0.15, "system_len": 792, "passages_len": [792, 55, 57, 108, 77, 143, 97, 134, 120, 129, 93, 57, 55, 29], "chunk_ids": [0, 11, 1, 8, 12, 4, 13, 14, 15, 16, 17, 1, 11], "selected_abs": [792, 793, 794, 795, 796, 797, 805, 806, 808, 811, 812, 813, 814, 815, 816, 830, 842, 846, 847, 848, 849, 850, 851, 852, 853, 854, 855, 856, 857, 858, 864, 865, 866, 867, 888, 889, 891, 903, 904, 905, 906, 909, 910, 924, 949, 986, 1011, 1012, 1013, 1014, 1015, 1016, 1026, 1027, 1037, 1069, 1070, 1084, 1088, 1089, 1090, 1091, 1092, 1095, 1096, 1100, 1102, 1107, 1111, 1112, 1118, 1141, 1145, 1146, 1166, 1231, 1232, 1233, 1234, 1235, 1236, 1237, 1238, 1239, 1252, 1278, 1328, 1329, 1330, 1331, 1332, 1333, 1334, 1335, 1340, 1349, 1368, 1398, 1448, 1456, 1462, 1463, 1464, 1465, 1466, 1467, 1468, 1469, 1470, 1471, 1472, 1476, 1480, 1481, 1485, 1504, 1540, 1581, 1582, 1583, 1584, 1585, 1586, 1587, 1588, 1589, 1590, 1591, 1592, 1595, 1596, 1597, 1598, 1599, 1600, 1601, 1602, 1603, 1604, 1623, 1624, 1692, 1711, 1712, 1713, 1714, 1715, 1716, 1717, 1718, 1719, 1720, 1721, 1722, 1723, 1724, 1725, 1726, 1727, 1728, 1729, 1730, 1733, 1734, 1735, 1736, 1737, 1738, 1739, 1740, 1741, 1742, 1743, 1744, 1745, 1746, 1747, 1748, 1749, 1750, 1751, 1752, 1753, 1754, 1755, 1756, 1757, 1758, 1759, 1760, 1763, 1764, 1765, 1766, 1767, 1768, 1769, 1770, 1771, 1772, 1773, 1774, 1775, 1776, 1777, 1778, 1779, 1780, 1781, 1782, 1783, 1784, 1785, 1786, 1787, 1788, 1789, 1790, 1791, 1792, 1793, 1794, 1795, 1796, 1797, 1798, 1799, 1800, 1801, 1802, 1803, 1804, 1805, 1806, 1807, 1808, 1809, 1810, 1811, 1812, 1813, 1814, 1815, 1816, 1822, 1823, 1825, 1846, 1847, 1849, 1861, 1862, 1863, 1864, 1865, 1866, 1867, 1875, 1878, 1881, 1882, 1883, 1884, 1885, 1886, 1900, 1912, 1916, 1917, 1918, 1919, 1920, 1921, 1922, 1923, 1924, 1925, 1926, 1927, 1928, 1929, 1930, 1931, 1932, 1933, 1934, 1935, 1936, 1937, 1938, 1939, 1940, 1941, 1942, 1943, 1944, 1945], "selected_count": 297, "selection_time": 0.00506557899643667, "selection_score_forward_time": 0.004554758983431384}