{"example_id": 118, "sub_q_idx": 0, "method": "FusionRAG", "reprocess_method": "FusionRAG", "rate": 0.15, "system_len": 792, "passages_len": [792, 108, 81, 179, 35, 56, 189, 139, 80, 137, 223, 108, 81, 25], "chunk_ids": [0, 1, 2, 3, 4, 5, 6, 7, 8, 9, 10, 1, 2], "selected_abs": [792, 793, 794, 795, 796, 797, 798, 799, 800, 801, 802, 803, 804, 805, 806, 811, 824, 825, 826, 827, 828, 829, 830, 831, 832, 883, 884, 899, 900, 901, 902, 903, 904, 905, 906, 907, 908, 926, 927, 941, 980, 981, 982, 983, 984, 985, 988, 989, 1009, 1010, 1041, 1094, 1159, 1160, 1161, 1162, 1163, 1164, 1165, 1169, 1170, 1171, 1174, 1193, 1194, 1195, 1196, 1197, 1198, 1199, 1200, 1201, 1212, 1215, 1250, 1251, 1252, 1253, 1254, 1256, 1257, 1258, 1274, 1300, 1371, 1374, 1439, 1440, 1441, 1442, 1443, 1444, 1445, 1446, 1447, 1497, 1519, 1520, 1548, 1578, 1579, 1580, 1581, 1582, 1584, 1585, 1631, 1644, 1651, 1654, 1657, 1658, 1659, 1660, 1661, 1662, 1663, 1664, 1665, 1680, 1720, 1721, 1743, 1784, 1795, 1796, 1797, 1798, 1799, 1800, 1801, 1802, 1803, 1804, 1805, 1806, 1807, 1808, 1810, 1811, 1812, 1813, 1814, 1815, 1816, 1817, 1819, 1820, 1821, 1822, 1823, 1825, 1826, 1851, 1882, 1917, 1932, 1976, 1997, 1998, 1999, 2000, 2001, 2002, 2003, 2004, 2005, 2006, 2007, 2008, 2009, 2010, 2011, 2012, 2013, 2014, 2015, 2016, 2017, 2018, 2019, 2020, 2021, 2022, 2023, 2024, 2025, 2026, 2027, 2028, 2029, 2030, 2031, 2032, 2033, 2038, 2051, 2052, 2053, 2054, 2055, 2056, 2057, 2058, 2059, 2110, 2111, 2126, 2127, 2128, 2129, 2130, 2131, 2132, 2133, 2134, 2135, 2153, 2154, 2168, 2207, 2208, 2209, 2210, 2211, 2212, 2213, 2214, 2215, 2216, 2217, 2218, 2219, 2220, 2221, 2222, 2223, 2224, 2225, 2226, 2227, 2228, 2229, 2230, 2231, 2232], "selected_count": 246, "selection_time": 0.004439038020791486, "selection_score_forward_time": 0.003975050989538431}