{"example_id": 113, "sub_q_idx": 1, "method": "FusionRAG", "reprocess_method": "FusionRAG", "rate": 0.15, "system_len": 792, "passages_len": [792, 121, 131, 147, 64, 75, 120, 91, 77, 156, 97, 131, 121, 26], "chunk_ids": [0, 8, 1, 11, 12, 13, 10, 14, 15, 16, 17, 1, 8], "selected_abs": [792, 793, 794, 795, 796, 797, 799, 800, 802, 803, 810, 826, 843, 844, 850, 889, 903, 912, 913, 914, 915, 916, 917, 918, 919, 920, 921, 924, 925, 926, 927, 928, 929, 930, 931, 932, 933, 934, 935, 944, 945, 946, 947, 948, 949, 950, 951, 957, 958, 959, 960, 961, 1000, 1001, 1014, 1043, 1044, 1045, 1046, 1047, 1048, 1049, 1050, 1057, 1064, 1074, 1103, 1122, 1133, 1190, 1191, 1192, 1193, 1194, 1196, 1197, 1198, 1199, 1205, 1221, 1246, 1247, 1254, 1255, 1256, 1257, 1258, 1260, 1261, 1294, 1295, 1329, 1330, 1331, 1332, 1333, 1334, 1335, 1336, 1337, 1338, 1343, 1352, 1371, 1372, 1407, 1449, 1450, 1451, 1452, 1453, 1454, 1455, 1456, 1457, 1464, 1498, 1540, 1541, 1542, 1543, 1544, 1545, 1555, 1556, 1566, 1598, 1599, 1613, 1617, 1618, 1619, 1620, 1621, 1622, 1623, 1624, 1625, 1626, 1627, 1628, 1629, 1630, 1631, 1659, 1675, 1721, 1728, 1755, 1771, 1772, 1773, 1774, 1775, 1776, 1777, 1778, 1779, 1780, 1781, 1782, 1783, 1784, 1785, 1786, 1787, 1788, 1789, 1790, 1799, 1800, 1801, 1802, 1803, 1804, 1805, 1806, 1807, 1808, 1809, 1810, 1817, 1818, 1819, 1820, 1821, 1822, 1823, 1824, 1825, 1826, 1827, 1828, 1829, 1831, 1843, 1844, 1845, 1846, 1847, 1848, 1849, 1850, 1851, 1852, 1853, 1854, 1855, 1856, 1857, 1858, 1859, 1860, 1861, 1862, 1863, 1864, 1865, 1866, 1867, 1868, 1869, 1870, 1871, 1872, 1873, 1874, 1875, 1876, 1877, 1878, 1879, 1882, 1883, 1884, 1885, 1886, 1887, 1888, 1889, 1890, 1891, 1892, 1893, 1902, 1903, 1904, 1905, 1906, 1907, 1908, 1909, 1915, 1916, 1917, 1918, 1919, 1958, 1959, 1972, 2001, 2002, 2003, 2004, 2005, 2006, 2007, 2009, 2010, 2012, 2020, 2036, 2053, 2054, 2060, 2099, 2113, 2122, 2123, 2124, 2125, 2126, 2127, 2128, 2129, 2130, 2131, 2132, 2133, 2134, 2135, 2136, 2137, 2138, 2139, 2140, 2141, 2142, 2143, 2144, 2145, 2146, 2147, 2148], "selected_count": 304, "selection_time": 0.004318508988944814, "selection_score_forward_time": 0.0038581280095968395}