{"example_id": 117, "sub_q_idx": 0, "method": "FusionRAG", "reprocess_method": "FusionRAG", "rate": 0.15, "system_len": 792, "passages_len": [792, 49, 123, 186, 59, 141, 124, 138, 189, 131, 203, 28], "chunk_ids": [0, 1, 2, 3, 4, 5, 6, 7, 8, 9, 10], "selected_abs": [792, 793, 794, 795, 796, 797, 798, 799, 800, 801, 802, 803, 804, 805, 806, 807, 808, 809, 810, 811, 812, 813, 814, 815, 816, 817, 818, 819, 820, 830, 836, 839, 840, 841, 842, 843, 844, 851, 855, 868, 893, 963, 964, 965, 966, 967, 969, 970, 971, 973, 978, 981, 995, 996, 1016, 1022, 1047, 1048, 1107, 1149, 1150, 1151, 1152, 1153, 1154, 1159, 1160, 1161, 1163, 1175, 1207, 1208, 1209, 1210, 1211, 1212, 1214, 1215, 1216, 1225, 1226, 1240, 1248, 1291, 1329, 1345, 1349, 1350, 1351, 1352, 1353, 1354, 1355, 1356, 1357, 1373, 1377, 1391, 1408, 1473, 1474, 1475, 1476, 1477, 1478, 1479, 1480, 1481, 1482, 1525, 1559, 1607, 1611, 1612, 1613, 1614, 1615, 1618, 1619, 1627, 1643, 1644, 1670, 1713, 1714, 1798, 1800, 1801, 1802, 1803, 1804, 1805, 1808, 1809, 1810, 1811, 1812, 1860, 1867, 1902, 1931, 1932, 1933, 1934, 1935, 1936, 1937, 1945, 1954, 1955, 1956, 1957, 1958, 1967, 2011, 2054, 2124, 2133, 2134, 2135, 2136, 2137, 2138, 2139, 2140, 2141, 2142, 2143, 2144, 2145, 2146, 2147, 2148, 2149, 2150, 2151, 2152, 2153, 2154, 2155, 2156, 2157, 2158, 2159, 2160, 2161, 2162], "selected_count": 187, "selection_time": 0.0047279160062316805, "selection_score_forward_time": 0.004276141989976168}