{"example_id": 101, "sub_q_idx": 0, "method": "FusionRAG", "reprocess_method": "FusionRAG", "rate": 0.15, "system_len": 792, "passages_len": [792, 135, 77, 176, 126, 52, 79, 87, 58, 51, 52, 27], "chunk_ids": [0, 1, 2, 3, 4, 5, 6, 7, 8, 9, 10], "selected_abs": [792, 793, 794, 795, 796, 797, 798, 799, 801, 802, 803, 804, 805, 813, 821, 822, 823, 824, 825, 866, 867, 926, 927, 928, 929, 930, 934, 935, 939, 947, 974, 975, 989, 1003, 1004, 1005, 1006, 1007, 1009, 1012, 1013, 1021, 1033, 1156, 1179, 1180, 1181, 1182, 1189, 1194, 1203, 1217, 1268, 1305, 1306, 1307, 1308, 1309, 1312, 1313, 1333, 1334, 1358, 1364, 1365, 1376, 1398, 1436, 1437, 1438, 1439, 1440, 1441, 1451, 1468, 1469, 1522, 1523, 1524, 1525, 1526, 1532, 1536, 1542, 1582, 1595, 1614, 1633, 1650, 1676, 1677, 1684, 1685, 1686, 1687, 1688, 1689, 1690, 1691, 1692, 1693, 1694, 1695, 1696, 1697, 1698, 1699, 1700, 1701, 1702, 1703, 1704, 1705, 1706, 1707, 1708, 1709, 1710, 1711], "selected_count": 119, "selection_time": 0.005818620003992692, "selection_score_forward_time": 0.005315418995451182}