{"example_id": 105, "sub_q_idx": 0, "method": "FusionRAG", "reprocess_method": "FusionRAG", "rate": 0.15, "system_len": 792, "passages_len": [792, 228, 264, 335, 171, 167, 314, 248, 222, 201, 260, 35], "chunk_ids": [0, 1, 2, 3, 4, 5, 6, 7, 8, 9, 10], "selected_abs": [792, 793, 794, 795, 796, 797, 798, 799, 800, 801, 802, 803, 804, 805, 806, 807, 808, 809, 810, 811, 812, 815, 816, 817, 819, 820, 821, 822, 823, 824, 827, 829, 830, 831, 832, 833, 835, 836, 838, 839, 840, 842, 843, 844, 845, 846, 847, 848, 849, 900, 901, 960, 961, 962, 963, 1007, 1011, 1012, 1019, 1020, 1021, 1022, 1023, 1024, 1025, 1027, 1028, 1029, 1030, 1031, 1032, 1043, 1058, 1064, 1065, 1066, 1093, 1109, 1135, 1136, 1163, 1191, 1192, 1196, 1219, 1220, 1232, 1233, 1283, 1284, 1285, 1286, 1287, 1289, 1290, 1291, 1292, 1293, 1294, 1295, 1296, 1300, 1301, 1311, 1338, 1395, 1396, 1419, 1458, 1500, 1501, 1542, 1593, 1594, 1606, 1607, 1608, 1609, 1610, 1611, 1612, 1617, 1618, 1619, 1620, 1621, 1622, 1623, 1624, 1625, 1626, 1633, 1637, 1638, 1640, 1645, 1646, 1647, 1710, 1739, 1771, 1789, 1790, 1791, 1792, 1793, 1795, 1796, 1797, 1798, 1799, 1800, 1801, 1802, 1803, 1807, 1821, 1838, 1860, 1861, 1918, 1942, 1956, 1957, 1958, 1959, 1960, 1961, 1962, 1963, 1965, 1966, 1967, 1968, 1969, 1970, 1971, 1972, 1973, 1974, 1975, 1978, 1979, 1992, 1994, 1998, 1999, 2000, 2023, 2024, 2099, 2170, 2249, 2269, 2270, 2271, 2272, 2273, 2276, 2277, 2278, 2279, 2280, 2281, 2285, 2286, 2294, 2295, 2296, 2297, 2338, 2342, 2478, 2479, 2518, 2519, 2520, 2521, 2522, 2523, 2524, 2525, 2527, 2528, 2529, 2530, 2536, 2540, 2544, 2549, 2550, 2556, 2561, 2566, 2567, 2580, 2673, 2674, 2675, 2676, 2693, 2694, 2700, 2740, 2741, 2742, 2743, 2744, 2746, 2747, 2749, 2750, 2751, 2752, 2753, 2767, 2824, 2825, 2871, 2912, 2933, 2941, 2942, 2943, 2944, 2945, 2946, 2947, 2948, 2949, 2950, 2951, 2952, 2953, 2954, 2955, 2962, 2983, 3006, 3007, 3048, 3049, 3050, 3051, 3052, 3053, 3054, 3055, 3098, 3099, 3145, 3163, 3171, 3176, 3200, 3201, 3202, 3203, 3204, 3205, 3206, 3207, 3208, 3209, 3210, 3211, 3212, 3213, 3214, 3215, 3216, 3217, 3218, 3219, 3220, 3221, 3222, 3223, 3224, 3225, 3226, 3227, 3228, 3229, 3230, 3231, 3232, 3233, 3234, 3235, 3236], "selected_count": 331, "selection_time": 0.005243741994490847, "selection_score_forward_time": 0.0046723869745619595}