{"example_id": 120, "sub_q_idx": 0, "method": "FusionRAG", "reprocess_method": "FusionRAG", "rate": 0.15, "system_len": 792, "passages_len": [792, 267, 87, 140, 203, 164, 264, 307, 160, 102, 54, 267, 140, 33], "chunk_ids": [0, 1, 2, 3, 4, 5, 6, 7, 8, 9, 10, 1, 3], "selected_abs": [792, 793, 794, 795, 796, 797, 798, 799, 800, 801, 802, 803, 804, 805, 806, 807, 837, 840, 841, 842, 866, 867, 884, 912, 915, 962, 976, 1012, 1019, 1026, 1058, 1059, 1060, 1061, 1062, 1063, 1064, 1067, 1068, 1069, 1070, 1072, 1073, 1075, 1079, 1080, 1081, 1082, 1108, 1131, 1132, 1145, 1146, 1147, 1148, 1157, 1162, 1163, 1167, 1179, 1185, 1186, 1187, 1188, 1189, 1199, 1221, 1285, 1286, 1287, 1288, 1289, 1291, 1292, 1293, 1297, 1319, 1329, 1334, 1367, 1368, 1405, 1409, 1417, 1438, 1488, 1489, 1490, 1491, 1492, 1493, 1494, 1496, 1499, 1500, 1501, 1502, 1503, 1506, 1507, 1508, 1509, 1524, 1547, 1565, 1592, 1625, 1652, 1653, 1654, 1655, 1664, 1686, 1696, 1846, 1847, 1848, 1874, 1875, 1915, 1916, 1917, 1918, 1919, 1949, 1959, 1991, 2011, 2061, 2087, 2112, 2172, 2201, 2202, 2208, 2209, 2211, 2214, 2215, 2216, 2218, 2219, 2223, 2224, 2225, 2226, 2227, 2228, 2229, 2230, 2231, 2232, 2233, 2234, 2235, 2236, 2237, 2238, 2239, 2240, 2241, 2242, 2243, 2248, 2252, 2299, 2313, 2382, 2383, 2384, 2385, 2386, 2387, 2388, 2389, 2390, 2391, 2392, 2393, 2394, 2395, 2396, 2397, 2398, 2399, 2400, 2401, 2402, 2403, 2404, 2407, 2409, 2410, 2415, 2417, 2418, 2419, 2420, 2421, 2422, 2438, 2459, 2484, 2485, 2486, 2487, 2488, 2489, 2490, 2491, 2492, 2493, 2494, 2495, 2496, 2497, 2498, 2499, 2500, 2501, 2502, 2503, 2504, 2505, 2506, 2507, 2508, 2509, 2510, 2511, 2512, 2513, 2514, 2515, 2516, 2517, 2518, 2519, 2520, 2521, 2522, 2523, 2524, 2525, 2526, 2527, 2528, 2529, 2530, 2531, 2532, 2533, 2534, 2535, 2536, 2537, 2538, 2539, 2540, 2541, 2542, 2543, 2544, 2545, 2546, 2547, 2548, 2549, 2550, 2551, 2552, 2553, 2554, 2555, 2585, 2588, 2589, 2590, 2614, 2615, 2632, 2660, 2663, 2710, 2724, 2760, 2767, 2774, 2806, 2807, 2808, 2809, 2818, 2823, 2824, 2828, 2840, 2846, 2847, 2848, 2849, 2850, 2860, 2882, 2946, 2947, 2948, 2949, 2950, 2951, 2952, 2953, 2954, 2955, 2956, 2957, 2958, 2959, 2960, 2961, 2962, 2963, 2964, 2965, 2966, 2967, 2968, 2969, 2970, 2971, 2972, 2973, 2974, 2975, 2976, 2977, 2978, 2979], "selected_count": 338, "selection_time": 0.004551538993837312, "selection_score_forward_time": 0.004065660992637277}