{"example_id": 102, "sub_q_idx": 0, "method": "FusionRAG", "reprocess_method": "FusionRAG", "rate": 0.15, "system_len": 792, "passages_len": [792, 124, 59, 158, 99, 147, 78, 156, 118, 185, 136, 27], "chunk_ids": [0, 1, 2, 3, 4, 5, 6, 7, 8, 9, 10], "selected_abs": [792, 793, 794, 795, 796, 797, 798, 799, 800, 801, 802, 803, 804, 805, 806, 807, 808, 853, 854, 889, 915, 916, 917, 918, 919, 920, 921, 922, 923, 924, 925, 926, 927, 938, 939, 940, 974, 975, 976, 977, 978, 979, 980, 981, 984, 985, 987, 988, 989, 991, 1017, 1018, 1070, 1090, 1091, 1131, 1132, 1133, 1134, 1135, 1136, 1137, 1140, 1147, 1150, 1164, 1165, 1191, 1231, 1232, 1233, 1234, 1235, 1236, 1237, 1238, 1239, 1241, 1244, 1265, 1314, 1341, 1342, 1343, 1378, 1379, 1380, 1381, 1382, 1383, 1384, 1385, 1387, 1388, 1404, 1408, 1456, 1457, 1458, 1459, 1460, 1464, 1465, 1470, 1485, 1486, 1487, 1489, 1500, 1510, 1514, 1515, 1531, 1612, 1613, 1614, 1615, 1616, 1617, 1619, 1620, 1630, 1696, 1697, 1698, 1714, 1716, 1726, 1730, 1731, 1732, 1733, 1741, 1742, 1743, 1770, 1774, 1775, 1782, 1804, 1805, 1828, 1854, 1915, 1916, 1917, 1918, 1919, 1920, 2006, 2051, 2052, 2053, 2054, 2055, 2056, 2057, 2058, 2059, 2060, 2061, 2062, 2063, 2064, 2065, 2066, 2067, 2068, 2069, 2070, 2071, 2072, 2073, 2074, 2075, 2076, 2077, 2078], "selected_count": 178, "selection_time": 0.005773767014034092, "selection_score_forward_time": 0.005260699021164328}