{"example_id": 117, "sub_q_idx": 1, "method": "FusionRAG", "reprocess_method": "FusionRAG", "rate": 0.15, "system_len": 792, "passages_len": [792, 82, 95, 43, 49, 68, 110, 106, 76, 112, 152, 49, 82, 28], "chunk_ids": [0, 11, 12, 13, 1, 14, 15, 16, 17, 18, 19, 1, 11], "selected_abs": [792, 793, 794, 795, 798, 799, 800, 801, 807, 835, 873, 874, 875, 876, 877, 880, 881, 882, 883, 884, 885, 886, 887, 888, 908, 930, 934, 968, 969, 970, 971, 972, 973, 974, 975, 976, 982, 983, 984, 985, 986, 987, 994, 1001, 1010, 1011, 1012, 1013, 1014, 1015, 1016, 1017, 1018, 1019, 1020, 1021, 1022, 1023, 1024, 1025, 1026, 1027, 1028, 1029, 1030, 1031, 1032, 1033, 1034, 1035, 1036, 1037, 1038, 1039, 1040, 1050, 1056, 1059, 1060, 1061, 1062, 1063, 1064, 1065, 1068, 1069, 1072, 1073, 1086, 1087, 1100, 1109, 1110, 1116, 1127, 1128, 1129, 1130, 1131, 1132, 1133, 1134, 1143, 1164, 1168, 1209, 1238, 1239, 1240, 1241, 1242, 1243, 1244, 1245, 1246, 1273, 1279, 1308, 1344, 1345, 1346, 1347, 1348, 1349, 1350, 1351, 1352, 1357, 1386, 1411, 1419, 1420, 1421, 1422, 1423, 1424, 1425, 1426, 1427, 1428, 1429, 1437, 1438, 1462, 1487, 1497, 1503, 1507, 1508, 1532, 1533, 1534, 1535, 1536, 1537, 1538, 1539, 1540, 1545, 1547, 1548, 1549, 1550, 1551, 1565, 1566, 1575, 1589, 1635, 1636, 1637, 1638, 1639, 1640, 1650, 1651, 1652, 1653, 1654, 1655, 1656, 1657, 1658, 1659, 1660, 1661, 1669, 1670, 1671, 1672, 1673, 1674, 1675, 1676, 1677, 1678, 1679, 1680, 1681, 1682, 1683, 1684, 1685, 1686, 1687, 1688, 1689, 1690, 1691, 1692, 1693, 1694, 1695, 1696, 1697, 1698, 1699, 1700, 1701, 1702, 1703, 1704, 1705, 1706, 1707, 1708, 1709, 1710, 1711, 1712, 1713, 1723, 1729, 1732, 1733, 1734, 1735, 1736, 1737, 1740, 1741, 1742, 1743, 1815, 1816, 1817, 1818, 1819, 1820, 1821, 1822, 1823, 1824, 1825, 1826, 1827, 1828, 1829, 1830, 1831, 1832, 1833, 1834, 1835, 1836, 1837, 1838, 1839, 1840, 1841, 1842, 1843], "selected_count": 272, "selection_time": 0.005055217014160007, "selection_score_forward_time": 0.004557895008474588}