{"example_id": 119, "sub_q_idx": 0, "method": "FusionRAG", "reprocess_method": "FusionRAG", "rate": 0.15, "system_len": 792, "passages_len": [792, 68, 138, 186, 170, 141, 89, 203, 72, 227, 117, 37], "chunk_ids": [0, 1, 2, 3, 4, 5, 6, 7, 8, 9, 10], "selected_abs": [792, 793, 794, 795, 796, 797, 798, 799, 800, 801, 802, 803, 804, 805, 806, 807, 808, 809, 810, 811, 812, 813, 814, 815, 817, 818, 819, 831, 840, 841, 858, 859, 860, 861, 862, 863, 864, 865, 866, 868, 872, 873, 877, 910, 997, 998, 999, 1000, 1001, 1003, 1004, 1005, 1007, 1011, 1012, 1013, 1015, 1029, 1030, 1050, 1056, 1081, 1082, 1141, 1183, 1184, 1185, 1186, 1187, 1188, 1189, 1190, 1192, 1201, 1235, 1301, 1311, 1353, 1354, 1355, 1356, 1357, 1359, 1360, 1361, 1366, 1367, 1369, 1370, 1371, 1385, 1393, 1436, 1474, 1490, 1494, 1495, 1496, 1497, 1498, 1499, 1500, 1501, 1502, 1503, 1504, 1505, 1519, 1520, 1538, 1557, 1583, 1584, 1585, 1586, 1587, 1597, 1619, 1621, 1663, 1706, 1776, 1786, 1787, 1788, 1789, 1790, 1791, 1792, 1793, 1794, 1806, 1822, 1839, 1858, 1859, 1860, 1861, 1862, 1863, 1864, 1865, 1867, 1918, 1924, 1953, 1974, 2002, 2067, 2068, 2085, 2086, 2087, 2088, 2089, 2090, 2109, 2112, 2126, 2130, 2202, 2203, 2204, 2205, 2206, 2207, 2208, 2209, 2210, 2211, 2212, 2213, 2214, 2215, 2216, 2217, 2218, 2219, 2220, 2221, 2222, 2223, 2224, 2225, 2226, 2227, 2228, 2229, 2230, 2231, 2232, 2233, 2234, 2235, 2236, 2237, 2238, 2239], "selected_count": 198, "selection_time": 0.004587603994878009, "selection_score_forward_time": 0.004109374975087121}