{"example_id": 121, "sub_q_idx": 0, "method": "FusionRAG", "reprocess_method": "FusionRAG", "rate": 0.15, "system_len": 792, "passages_len": [792, 100, 325, 208, 270, 84, 190, 120, 126, 168, 205, 28], "chunk_ids": [0, 1, 2, 3, 4, 5, 6, 7, 8, 9, 10], "selected_abs": [792, 793, 794, 795, 796, 797, 798, 799, 800, 801, 803, 804, 805, 806, 807, 808, 809, 811, 819, 821, 822, 823, 832, 837, 868, 869, 890, 891, 892, 893, 894, 895, 896, 922, 926, 956, 984, 987, 1075, 1076, 1113, 1114, 1116, 1120, 1130, 1150, 1156, 1158, 1216, 1217, 1218, 1219, 1220, 1221, 1222, 1223, 1225, 1227, 1236, 1273, 1293, 1294, 1379, 1380, 1412, 1424, 1425, 1426, 1427, 1428, 1429, 1430, 1431, 1432, 1473, 1524, 1528, 1529, 1570, 1604, 1605, 1623, 1624, 1654, 1655, 1663, 1694, 1695, 1696, 1697, 1698, 1699, 1700, 1701, 1702, 1703, 1713, 1725, 1726, 1732, 1778, 1779, 1780, 1781, 1782, 1783, 1784, 1785, 1786, 1787, 1793, 1797, 1800, 1846, 1864, 1865, 1867, 1928, 1968, 1969, 1970, 1971, 1972, 1973, 1974, 1975, 1976, 1980, 1997, 2028, 2029, 2053, 2088, 2089, 2090, 2091, 2092, 2093, 2094, 2095, 2096, 2099, 2130, 2182, 2197, 2214, 2215, 2216, 2217, 2218, 2219, 2225, 2227, 2232, 2234, 2248, 2255, 2256, 2257, 2284, 2342, 2355, 2356, 2357, 2382, 2383, 2384, 2385, 2386, 2387, 2393, 2395, 2400, 2406, 2420, 2426, 2474, 2476, 2513, 2587, 2588, 2589, 2590, 2591, 2592, 2593, 2594, 2595, 2596, 2597, 2598, 2599, 2600, 2601, 2602, 2603, 2604, 2605, 2606, 2607, 2608, 2609, 2610, 2611, 2612, 2613, 2614, 2615], "selected_count": 208, "selection_time": 0.0051802579837385565, "selection_score_forward_time": 0.004669695015763864}