{"example_id": 100, "sub_q_idx": 1, "method": "FusionRAG", "reprocess_method": "FusionRAG", "rate": 0.15, "system_len": 792, "passages_len": [792, 55, 57, 108, 77, 143, 134, 97, 93, 120, 142, 57, 108, 143, 55, 25], "chunk_ids": [0, 5, 1, 2, 11, 3, 12, 13, 14, 15, 16, 1, 2, 3, 5], "selected_abs": [792, 793, 794, 795, 796, 797, 798, 799, 800, 801, 802, 803, 804, 805, 806, 807, 808, 812, 813, 814, 830, 832, 842, 846, 847, 848, 849, 850, 851, 852, 853, 854, 855, 856, 857, 864, 865, 867, 888, 889, 891, 903, 904, 905, 906, 907, 910, 924, 949, 981, 986, 1011, 1012, 1013, 1014, 1015, 1016, 1026, 1027, 1037, 1069, 1070, 1084, 1088, 1089, 1090, 1091, 1092, 1095, 1096, 1100, 1102, 1111, 1118, 1141, 1145, 1146, 1166, 1189, 1231, 1232, 1233, 1234, 1235, 1237, 1238, 1243, 1252, 1271, 1301, 1351, 1359, 1365, 1366, 1367, 1368, 1369, 1370, 1371, 1372, 1373, 1386, 1412, 1462, 1463, 1464, 1465, 1466, 1469, 1470, 1476, 1486, 1511, 1515, 1516, 1554, 1555, 1556, 1557, 1558, 1559, 1560, 1561, 1562, 1563, 1564, 1565, 1566, 1567, 1568, 1569, 1570, 1571, 1572, 1573, 1574, 1575, 1597, 1633, 1674, 1675, 1676, 1677, 1678, 1679, 1680, 1681, 1682, 1683, 1684, 1685, 1709, 1719, 1721, 1722, 1723, 1724, 1725, 1726, 1727, 1728, 1729, 1754, 1755, 1763, 1765, 1788, 1789, 1790, 1791, 1792, 1793, 1794, 1795, 1796, 1797, 1798, 1799, 1800, 1801, 1802, 1803, 1804, 1805, 1806, 1807, 1808, 1809, 1810, 1811, 1812, 1813, 1814, 1815, 1816, 1817, 1818, 1819, 1820, 1821, 1822, 1823, 1824, 1825, 1826, 1827, 1828, 1835, 1836, 1838, 1859, 1860, 1862, 1874, 1875, 1876, 1877, 1878, 1881, 1895, 1920, 1952, 1957, 1982, 1983, 1984, 1985, 1986, 1989, 1990, 1994, 1996, 2005, 2012, 2035, 2039, 2040, 2060, 2083, 2125, 2126, 2127, 2128, 2129, 2130, 2131, 2132, 2133, 2134, 2135, 2136, 2137, 2138, 2139, 2140, 2141, 2142, 2146, 2147, 2148, 2164, 2166, 2176, 2180, 2181, 2182, 2183, 2184, 2185, 2186, 2187, 2188, 2189, 2190, 2191, 2192, 2193, 2194, 2195, 2196, 2197, 2198, 2199, 2200, 2201, 2202, 2203, 2204, 2205], "selected_count": 289, "selection_time": 0.004574204998789355, "selection_score_forward_time": 0.004083892010385171}