{"example_id": 12, "sub_q_idx": 1, "method": "DraftModel", "reprocess_method": "DraftModel", "rate": 0.15, "system_len": 792, "passages_len": [792, 198, 183, 75, 138, 225, 270, 161, 50, 78, 162, 138, 225, 198, 34], "chunk_ids": [0, 3, 4, 6, 1, 2, 10, 11, 12, 13, 14, 1, 2, 3], "selected_abs": [792, 793, 794, 822, 823, 833, 834, 835, 836, 861, 862, 863, 864, 899, 900, 901, 934, 935, 936, 937, 940, 941, 942, 943, 944, 989, 990, 991, 992, 1083, 1172, 1173, 1174, 1175, 1177, 1178, 1179, 1247, 1248, 1249, 1252, 1385, 1386, 1387, 1388, 1558, 1559, 1560, 1610, 1611, 1612, 1613, 1625, 1626, 1627, 1628, 1629, 1654, 1655, 1656, 1657, 1658, 1659, 1682, 1683, 1684, 1847, 1879, 1880, 1881, 1882, 1883, 1884, 1885, 1886, 1887, 1888, 1889, 1890, 1891, 1922, 1923, 1926, 1927, 1928, 1953, 1954, 1964, 1965, 1966, 1988, 1989, 1990, 1991, 2040, 2041, 2042, 2043, 2044, 2045, 2046, 2047, 2048, 2049, 2052, 2053, 2054, 2063, 2064, 2065, 2066, 2086, 2087, 2088, 2089, 2090, 2091, 2092, 2093, 2094, 2095, 2096, 2097, 2098, 2099, 2100, 2101, 2102, 2103, 2104, 2107, 2108, 2109, 2110, 2115, 2116, 2117, 2118, 2119, 2138, 2139, 2140, 2141, 2142, 2143, 2144, 2164, 2165, 2166, 2168, 2169, 2170, 2171, 2172, 2182, 2183, 2184, 2316, 2317, 2331, 2332, 2333, 2335, 2336, 2337, 2338, 2339, 2340, 2370, 2371, 2372, 2373, 2374, 2375, 2382, 2383, 2384, 2469, 2470, 2471, 2472, 2473, 2474, 2475, 2476, 2477, 2495, 2496, 2497, 2517, 2518, 2589, 2590, 2627, 2628, 2629, 2690, 2691, 2692, 2693, 2694, 2695, 2696, 2697, 2698, 2699, 2700, 2701, 2702, 2703, 2704, 2708, 2709, 2710, 2711, 2712, 2713, 2714, 2715, 2716, 2725, 2726, 2727, 2736, 2737, 2738, 2739, 2740, 2761, 2762, 2763, 2764, 2765, 2766, 2767, 2768, 2769, 2770, 2775, 2776, 2777, 2779, 2780, 2781, 2782, 2783, 2785, 2786, 2787, 2795, 2796, 2797, 2802, 2803, 2804, 2805, 2817, 2818, 2819, 2833, 2834, 2835, 2836, 2837, 2838, 2839, 2840, 2841, 2842, 2843, 2844, 2845, 2846, 2847, 2848, 2850, 2851, 2852, 2853, 2854, 2855, 2857, 2858, 2859, 2860, 2861, 2862, 2865, 2866, 2867, 2868, 2869, 2870, 2871, 2872, 2873, 2874, 2875, 2876, 2877, 2878, 2879, 2880, 2881, 2882, 2883, 2884, 2885, 2886, 2887, 2888, 2889, 2890, 2891, 2892, 2893, 2894, 2895, 2896, 2897, 2898, 2899, 2900, 2901, 2902, 2903, 2904, 2905, 2906, 2907, 2908, 2909, 2910, 2911, 2912, 2913, 2914, 2915, 2916, 2917, 2918, 2919, 2920, 2921, 2922, 2923, 2924, 2925, 2926], "selected_count": 349, "selection_time": 0.0278251180134248, "selection_score_forward_time": 0.026207172981230542}