{"example_id": 12, "sub_q_idx": 0, "method": "DraftModel", "reprocess_method": "DraftModel", "rate": 0.15, "system_len": 792, "passages_len": [792, 138, 225, 198, 183, 148, 75, 195, 243, 336, 270, 36], "chunk_ids": [0, 1, 2, 3, 4, 5, 6, 7, 8, 9, 10], "selected_abs": [792, 793, 794, 795, 796, 808, 809, 810, 811, 812, 813, 814, 815, 816, 817, 824, 825, 826, 827, 830, 831, 832, 833, 834, 835, 836, 837, 838, 839, 840, 841, 842, 843, 844, 929, 930, 931, 932, 1154, 1155, 1156, 1157, 1352, 1353, 1354, 1355, 1356, 1357, 1358, 1370, 1371, 1372, 1373, 1391, 1392, 1413, 1446, 1466, 1467, 1468, 1535, 1536, 1537, 1538, 1539, 1540, 1541, 1542, 1548, 1549, 1550, 1551, 1564, 1565, 1566, 1682, 1683, 1684, 1685, 1686, 1687, 1688, 1689, 1690, 1758, 1759, 1760, 1761, 1777, 1778, 1779, 1847, 1848, 1953, 1954, 1955, 1956, 2001, 2002, 2003, 2127, 2195, 2196, 2197, 2198, 2199, 2200, 2201, 2202, 2263, 2264, 2344, 2345, 2346, 2347, 2348, 2349, 2366, 2380, 2381, 2382, 2384, 2385, 2386, 2396, 2397, 2398, 2449, 2450, 2468, 2469, 2532, 2533, 2534, 2535, 2536, 2537, 2538, 2557, 2558, 2559, 2577, 2578, 2579, 2580, 2581, 2582, 2583, 2589, 2590, 2591, 2602, 2603, 2604, 2605, 2606, 2622, 2623, 2624, 2625, 2626, 2627, 2628, 2629, 2630, 2632, 2633, 2634, 2639, 2640, 2641, 2642, 2643, 2644, 2657, 2658, 2668, 2669, 2670, 2671, 2673, 2674, 2675, 2676, 2677, 2678, 2679, 2680, 2681, 2682, 2683, 2684, 2685, 2686, 2688, 2689, 2690, 2695, 2696, 2697, 2698, 2699, 2700, 2701, 2702, 2703, 2704, 2705, 2706, 2707, 2710, 2711, 2712, 2713, 2714, 2715, 2716, 2717, 2718, 2719, 2720, 2721, 2722, 2723, 2724, 2725, 2726, 2727, 2728, 2729, 2730, 2731, 2732, 2733, 2734, 2735, 2737, 2738, 2739, 2740, 2741, 2742, 2743, 2744, 2745, 2746, 2747, 2748, 2749, 2750, 2751, 2752, 2753, 2754, 2755, 2756, 2757, 2758, 2759, 2760, 2761, 2762, 2763, 2764, 2765, 2766, 2767, 2768, 2769, 2770, 2771, 2772, 2773, 2774, 2775, 2776, 2777, 2778, 2779, 2780, 2781, 2782, 2783, 2785, 2786, 2787, 2788, 2789, 2790, 2791, 2792, 2793, 2794, 2795, 2796, 2797, 2798, 2799, 2800, 2801, 2802, 2803, 2804, 2805, 2806, 2807, 2808, 2809, 2810, 2811, 2812, 2813, 2814, 2815, 2816, 2817, 2818, 2819, 2820, 2821, 2822, 2823, 2824, 2825, 2826, 2827, 2828, 2829, 2830, 2831, 2832, 2833, 2834, 2835, 2836, 2837, 2838], "selected_count": 337, "selection_time": 0.025509155995678157, "selection_score_forward_time": 0.024023682984989136}