{"example_id": 4, "sub_q_idx": 0, "method": "DraftModel", "reprocess_method": "DraftModel", "rate": 0.15, "system_len": 792, "passages_len": [792, 96, 139, 192, 126, 265, 74, 60, 45, 79, 102, 36], "chunk_ids": [0, 1, 2, 3, 4, 5, 6, 7, 8, 9, 10], "selected_abs": [792, 793, 794, 795, 796, 797, 798, 799, 800, 801, 802, 803, 804, 805, 819, 820, 821, 849, 850, 851, 887, 888, 889, 1026, 1027, 1028, 1029, 1030, 1032, 1033, 1034, 1035, 1041, 1042, 1043, 1044, 1218, 1219, 1220, 1237, 1238, 1239, 1240, 1343, 1344, 1345, 1346, 1347, 1348, 1349, 1608, 1609, 1610, 1611, 1612, 1613, 1614, 1615, 1616, 1623, 1624, 1683, 1684, 1685, 1686, 1687, 1688, 1689, 1690, 1691, 1692, 1724, 1725, 1726, 1727, 1728, 1743, 1744, 1745, 1746, 1747, 1748, 1749, 1750, 1751, 1773, 1774, 1775, 1776, 1777, 1778, 1779, 1780, 1781, 1782, 1783, 1784, 1785, 1787, 1788, 1789, 1790, 1791, 1792, 1794, 1795, 1796, 1797, 1849, 1850, 1851, 1859, 1860, 1861, 1862, 1866, 1867, 1868, 1869, 1870, 1871, 1872, 1873, 1874, 1884, 1885, 1886, 1887, 1888, 1889, 1890, 1891, 1907, 1908, 1909, 1910, 1911, 1912, 1913, 1923, 1924, 1925, 1926, 1927, 1928, 1929, 1939, 1940, 1941, 1942, 1943, 1944, 1945, 1946, 1947, 1948, 1949, 1951, 1952, 1953, 1954, 1955, 1956, 1957, 1958, 1959, 1960, 1961, 1962, 1963, 1964, 1965, 1966, 1967, 1968, 1969, 1970, 1971, 1972, 1973, 1974, 1975, 1976, 1977, 1978, 1979, 1980, 1981, 1982, 1983, 1984, 1985, 1986, 1987, 1988, 1989, 1990, 1991, 1992, 1993, 1994, 1995, 1996, 1997, 1998, 1999, 2000, 2001, 2002, 2003, 2004, 2005], "selected_count": 212, "selection_time": 0.018816619995050132, "selection_score_forward_time": 0.017894608026836067}