{"example_id": 2, "sub_q_idx": 0, "method": "DraftModel", "reprocess_method": "DraftModel", "rate": 0.15, "system_len": 792, "passages_len": [792, 64, 122, 88, 48, 185, 63, 99, 106, 234, 368, 64, 25], "chunk_ids": [0, 1, 2, 3, 4, 5, 6, 7, 8, 9, 10, 1], "selected_abs": [792, 793, 794, 795, 796, 797, 799, 800, 801, 802, 803, 808, 809, 812, 813, 814, 815, 827, 828, 829, 830, 831, 855, 856, 857, 858, 859, 860, 861, 862, 863, 879, 880, 977, 978, 979, 980, 981, 982, 983, 984, 985, 1064, 1065, 1066, 1067, 1068, 1070, 1071, 1072, 1073, 1298, 1299, 1300, 1301, 1308, 1309, 1310, 1361, 1362, 1363, 1364, 1372, 1460, 1461, 1462, 1463, 1467, 1566, 1567, 1568, 1569, 1570, 1572, 1573, 1574, 1575, 1576, 1577, 1578, 1579, 1580, 1582, 1583, 1596, 1597, 1598, 1631, 1632, 1633, 1722, 1723, 1724, 1725, 1791, 1792, 1799, 1800, 1801, 1802, 1803, 1804, 1805, 1806, 1807, 1808, 1844, 1845, 1846, 1847, 1848, 1922, 1923, 1924, 1925, 1926, 1927, 1954, 1955, 1956, 1961, 2021, 2022, 2023, 2024, 2025, 2026, 2027, 2028, 2029, 2030, 2031, 2032, 2033, 2034, 2035, 2036, 2037, 2101, 2102, 2103, 2104, 2105, 2106, 2130, 2131, 2132, 2133, 2134, 2142, 2143, 2144, 2145, 2146, 2147, 2148, 2149, 2167, 2168, 2169, 2170, 2171, 2172, 2173, 2174, 2175, 2176, 2177, 2178, 2179, 2180, 2181, 2182, 2183, 2184, 2185, 2186, 2187, 2188, 2189, 2190, 2191, 2192, 2193, 2194, 2195, 2196, 2204, 2205, 2206, 2207, 2208, 2209, 2210, 2211, 2212, 2213, 2214, 2215, 2216, 2217, 2218, 2219, 2220, 2221, 2222, 2223, 2224, 2225, 2226, 2227, 2228, 2229, 2230, 2231, 2232, 2233, 2234, 2235, 2236, 2237, 2238, 2239, 2240, 2241, 2242, 2243, 2244, 2245, 2246, 2247, 2248, 2249, 2250, 2251, 2252, 2253, 2254, 2255, 2256, 2257], "selected_count": 241, "selection_time": 0.01981400599470362, "selection_score_forward_time": 0.018687870004214346}