{"example_id": 19, "sub_q_idx": 1, "method": "DraftModel", "reprocess_method": "DraftModel", "rate": 0.15, "system_len": 792, "passages_len": [792, 131, 37, 46, 137, 340, 82, 49, 125, 124, 341, 37, 131, 31], "chunk_ids": [0, 3, 2, 4, 11, 12, 7, 13, 14, 15, 16, 2, 3], "selected_abs": [792, 793, 794, 795, 796, 797, 919, 920, 921, 922, 923, 924, 925, 926, 927, 938, 939, 940, 941, 942, 943, 952, 953, 954, 955, 957, 958, 959, 960, 961, 962, 977, 978, 979, 1004, 1005, 1006, 1007, 1008, 1010, 1011, 1012, 1025, 1026, 1027, 1035, 1036, 1037, 1038, 1142, 1143, 1144, 1145, 1146, 1147, 1148, 1149, 1452, 1453, 1476, 1481, 1482, 1483, 1484, 1485, 1563, 1564, 1565, 1566, 1567, 1568, 1569, 1570, 1571, 1600, 1601, 1602, 1603, 1613, 1614, 1615, 1616, 1617, 1618, 1619, 1663, 1664, 1665, 1666, 1738, 1739, 1740, 1741, 1742, 1745, 1746, 1747, 1748, 1826, 1849, 1850, 1851, 1862, 1863, 1864, 1865, 1886, 1887, 1888, 1889, 1922, 1923, 1924, 1961, 1962, 1964, 1965, 2006, 2007, 2008, 2035, 2036, 2050, 2051, 2052, 2171, 2172, 2173, 2185, 2186, 2187, 2188, 2193, 2194, 2195, 2197, 2202, 2203, 2204, 2205, 2206, 2207, 2208, 2209, 2220, 2221, 2222, 2223, 2224, 2225, 2233, 2234, 2235, 2236, 2237, 2238, 2239, 2240, 2241, 2242, 2243, 2244, 2245, 2246, 2247, 2248, 2249, 2250, 2251, 2252, 2253, 2254, 2255, 2256, 2257, 2258, 2259, 2260, 2265, 2266, 2267, 2268, 2269, 2270, 2271, 2272, 2299, 2300, 2301, 2302, 2303, 2307, 2308, 2309, 2310, 2311, 2318, 2319, 2320, 2321, 2322, 2323, 2324, 2325, 2326, 2339, 2340, 2341, 2342, 2343, 2344, 2345, 2346, 2348, 2349, 2350, 2351, 2352, 2353, 2354, 2355, 2356, 2357, 2358, 2359, 2360, 2361, 2362, 2363, 2364, 2365, 2366, 2367, 2368, 2369, 2370, 2371, 2372, 2373, 2374, 2375, 2376, 2377, 2378, 2379, 2380, 2381, 2382, 2383, 2384, 2385, 2386, 2387, 2388, 2389, 2390, 2391, 2392, 2393, 2394, 2395, 2396, 2397, 2398, 2399, 2400, 2401, 2402], "selected_count": 268, "selection_time": 0.02034288298455067, "selection_score_forward_time": 0.019190432009054348}