{"example_id": 7, "sub_q_idx": 0, "method": "DraftModel", "reprocess_method": "DraftModel", "rate": 0.15, "system_len": 792, "passages_len": [792, 154, 84, 152, 254, 49, 203, 37, 183, 244, 227, 31], "chunk_ids": [0, 1, 2, 3, 4, 5, 6, 7, 8, 9, 10], "selected_abs": [792, 793, 794, 795, 796, 797, 798, 799, 800, 801, 804, 805, 806, 825, 826, 827, 845, 846, 847, 944, 945, 946, 947, 948, 949, 950, 951, 952, 955, 956, 957, 968, 969, 970, 978, 979, 980, 986, 987, 988, 989, 1028, 1029, 1030, 1031, 1032, 1033, 1034, 1035, 1041, 1042, 1043, 1044, 1181, 1182, 1183, 1184, 1435, 1436, 1437, 1438, 1439, 1440, 1441, 1442, 1443, 1444, 1445, 1446, 1447, 1448, 1449, 1450, 1451, 1484, 1485, 1486, 1487, 1491, 1492, 1687, 1688, 1689, 1690, 1692, 1693, 1694, 1696, 1697, 1698, 1700, 1701, 1708, 1709, 1710, 1723, 1724, 1725, 1726, 1727, 1729, 1730, 1831, 1832, 1906, 1907, 1908, 1909, 1910, 1913, 1914, 1915, 1918, 1919, 1976, 1977, 1978, 1979, 1980, 2000, 2035, 2036, 2037, 2060, 2061, 2089, 2151, 2152, 2153, 2154, 2155, 2156, 2157, 2158, 2159, 2164, 2165, 2166, 2167, 2168, 2171, 2172, 2173, 2174, 2181, 2182, 2183, 2184, 2193, 2194, 2195, 2196, 2197, 2198, 2199, 2200, 2201, 2246, 2247, 2248, 2249, 2250, 2251, 2252, 2253, 2279, 2280, 2281, 2282, 2283, 2284, 2292, 2293, 2294, 2295, 2297, 2298, 2299, 2300, 2301, 2302, 2303, 2304, 2305, 2306, 2307, 2322, 2323, 2324, 2325, 2326, 2327, 2328, 2329, 2330, 2334, 2335, 2336, 2337, 2338, 2339, 2341, 2342, 2343, 2344, 2345, 2346, 2347, 2348, 2349, 2350, 2351, 2352, 2353, 2355, 2356, 2357, 2358, 2359, 2360, 2361, 2362, 2363, 2364, 2365, 2366, 2367, 2368, 2369, 2370, 2371, 2372, 2373, 2374, 2375, 2376, 2377, 2378, 2379, 2380, 2381, 2382, 2383, 2384, 2385, 2386, 2387, 2388, 2389, 2390, 2391, 2392, 2393, 2394, 2395, 2396, 2397, 2398, 2399, 2400, 2401, 2402, 2403, 2404, 2405, 2406, 2407, 2408, 2409], "selected_count": 269, "selection_time": 0.02086775001953356, "selection_score_forward_time": 0.01974625399452634}