{"example_id": 19, "sub_q_idx": 0, "method": "DraftModel", "reprocess_method": "DraftModel", "rate": 0.15, "system_len": 792, "passages_len": [792, 67, 37, 131, 46, 188, 190, 82, 135, 38, 120, 26], "chunk_ids": [0, 1, 2, 3, 4, 5, 6, 7, 8, 9, 10], "selected_abs": [792, 793, 794, 795, 796, 798, 799, 800, 801, 802, 822, 823, 824, 825, 858, 859, 860, 861, 862, 863, 894, 895, 896, 897, 899, 900, 901, 1025, 1026, 1027, 1028, 1029, 1072, 1073, 1074, 1260, 1261, 1262, 1263, 1264, 1270, 1271, 1272, 1273, 1274, 1275, 1288, 1289, 1290, 1291, 1301, 1302, 1449, 1450, 1451, 1452, 1453, 1454, 1455, 1456, 1457, 1458, 1532, 1533, 1534, 1535, 1536, 1537, 1538, 1539, 1540, 1541, 1542, 1666, 1667, 1668, 1669, 1670, 1673, 1674, 1675, 1676, 1677, 1678, 1692, 1693, 1694, 1704, 1705, 1706, 1707, 1708, 1709, 1710, 1711, 1712, 1713, 1714, 1715, 1716, 1717, 1718, 1719, 1721, 1722, 1723, 1724, 1725, 1726, 1727, 1728, 1729, 1730, 1731, 1732, 1733, 1734, 1735, 1736, 1737, 1738, 1757, 1758, 1759, 1760, 1761, 1762, 1781, 1782, 1783, 1784, 1785, 1786, 1787, 1788, 1789, 1794, 1795, 1796, 1797, 1811, 1812, 1813, 1814, 1815, 1816, 1817, 1818, 1819, 1820, 1821, 1822, 1823, 1824, 1825, 1826, 1827, 1828, 1829, 1830, 1831, 1832, 1833, 1834, 1835, 1836, 1837, 1838, 1839, 1840, 1841, 1842, 1843, 1844, 1845, 1846, 1847, 1848, 1849, 1850, 1851], "selected_count": 181, "selection_time": 0.022381135990144685, "selection_score_forward_time": 0.02160612097941339}