{"example_id": 4, "sub_q_idx": 1, "method": "DraftModel", "reprocess_method": "DraftModel", "rate": 0.15, "system_len": 792, "passages_len": [792, 148, 139, 149, 265, 228, 196, 72, 88, 86, 321, 96, 148, 139, 28], "chunk_ids": [0, 11, 12, 13, 5, 14, 15, 16, 17, 18, 19, 1, 11, 12], "selected_abs": [792, 793, 794, 799, 800, 801, 802, 819, 820, 837, 838, 858, 859, 860, 867, 868, 869, 871, 873, 874, 914, 915, 916, 939, 940, 941, 942, 943, 944, 945, 1075, 1076, 1077, 1078, 1079, 1080, 1081, 1082, 1083, 1084, 1085, 1114, 1115, 1116, 1117, 1227, 1229, 1230, 1231, 1232, 1233, 1458, 1491, 1492, 1493, 1494, 1495, 1496, 1497, 1499, 1500, 1501, 1534, 1535, 1536, 1624, 1720, 1721, 1722, 1723, 1724, 1725, 1726, 1727, 1728, 1729, 1731, 1732, 1733, 1916, 1917, 1918, 1919, 1920, 1921, 1922, 1923, 1924, 1988, 1989, 1990, 1991, 1992, 1993, 1994, 2026, 2027, 2028, 2029, 2030, 2061, 2062, 2063, 2075, 2076, 2077, 2078, 2079, 2080, 2081, 2082, 2083, 2107, 2108, 2109, 2110, 2111, 2112, 2113, 2114, 2162, 2163, 2164, 2165, 2166, 2167, 2168, 2169, 2170, 2171, 2172, 2178, 2482, 2483, 2484, 2485, 2486, 2487, 2489, 2490, 2491, 2492, 2493, 2496, 2497, 2498, 2510, 2511, 2512, 2513, 2514, 2520, 2521, 2522, 2523, 2524, 2525, 2526, 2535, 2536, 2537, 2541, 2542, 2543, 2556, 2557, 2558, 2579, 2580, 2581, 2582, 2583, 2584, 2585, 2587, 2588, 2589, 2590, 2595, 2596, 2607, 2608, 2613, 2614, 2615, 2616, 2625, 2626, 2645, 2646, 2647, 2648, 2655, 2656, 2657, 2658, 2659, 2692, 2693, 2694, 2702, 2703, 2727, 2728, 2729, 2730, 2731, 2732, 2733, 2734, 2735, 2736, 2737, 2742, 2743, 2744, 2745, 2746, 2747, 2748, 2749, 2750, 2752, 2753, 2754, 2755, 2756, 2757, 2758, 2765, 2766, 2767, 2768, 2769, 2774, 2775, 2776, 2777, 2778, 2779, 2780, 2781, 2782, 2783, 2784, 2785, 2786, 2790, 2791, 2792, 2793, 2794, 2795, 2796, 2797, 2798, 2799, 2800, 2801, 2805, 2806, 2807, 2808, 2809, 2810, 2811, 2812, 2813, 2814, 2815, 2816, 2817, 2818, 2819, 2820, 2821, 2822, 2823, 2824, 2825, 2826, 2827, 2828, 2839, 2840, 2841, 2842, 2843, 2844, 2845, 2846, 2847, 2848, 2849, 2850, 2851, 2852, 2853, 2854, 2855, 2856, 2857, 2858, 2859, 2860, 2861, 2862, 2863, 2864, 2865, 2866, 2867, 2868, 2869, 2870, 2871, 2872, 2873, 2874, 2875, 2876, 2877, 2878, 2879, 2880, 2881, 2882, 2883, 2884, 2885, 2886, 2887, 2888, 2889, 2890, 2891, 2892, 2893, 2894], "selected_count": 339, "selection_time": 0.026168028998654336, "selection_score_forward_time": 0.02440226700855419}