{"example_id": 3, "sub_q_idx": 0, "method": "DraftModel", "reprocess_method": "DraftModel", "rate": 0.15, "system_len": 792, "passages_len": [792, 108, 92, 90, 170, 141, 200, 52, 143, 68, 90, 30], "chunk_ids": [0, 1, 2, 3, 4, 5, 6, 7, 8, 9, 10], "selected_abs": [792, 793, 794, 795, 796, 797, 798, 799, 800, 801, 802, 803, 804, 845, 846, 847, 848, 849, 899, 900, 901, 902, 923, 924, 925, 933, 934, 935, 991, 992, 993, 1081, 1082, 1083, 1084, 1251, 1252, 1253, 1254, 1261, 1301, 1302, 1303, 1304, 1392, 1393, 1394, 1395, 1418, 1419, 1592, 1593, 1594, 1595, 1612, 1613, 1614, 1615, 1616, 1643, 1644, 1645, 1646, 1647, 1656, 1657, 1658, 1659, 1736, 1737, 1743, 1744, 1745, 1750, 1751, 1752, 1753, 1755, 1756, 1757, 1786, 1787, 1788, 1789, 1790, 1791, 1812, 1813, 1814, 1815, 1816, 1828, 1829, 1830, 1831, 1832, 1833, 1834, 1835, 1836, 1853, 1854, 1855, 1856, 1857, 1858, 1859, 1860, 1861, 1862, 1863, 1864, 1865, 1866, 1869, 1870, 1871, 1872, 1873, 1881, 1882, 1883, 1884, 1885, 1891, 1892, 1893, 1894, 1895, 1896, 1897, 1898, 1899, 1900, 1901, 1902, 1903, 1904, 1905, 1906, 1907, 1908, 1909, 1910, 1911, 1912, 1913, 1914, 1915, 1922, 1923, 1924, 1925, 1926, 1927, 1928, 1929, 1930, 1931, 1932, 1933, 1934, 1935, 1936, 1937, 1938, 1939, 1940, 1941, 1942, 1943, 1944, 1945, 1946, 1947, 1948, 1949, 1950, 1951, 1952, 1953, 1954, 1955, 1956, 1957, 1958, 1959, 1960, 1961, 1962, 1963, 1964, 1965, 1966, 1967, 1968, 1969, 1970, 1971, 1972, 1973, 1974, 1975], "selected_count": 203, "selection_time": 0.01887251899461262, "selection_score_forward_time": 0.017820262000896037}