{"example_id": 11, "sub_q_idx": 0, "method": "DraftModel", "reprocess_method": "DraftModel", "rate": 0.15, "system_len": 792, "passages_len": [792, 34, 96, 149, 295, 140, 127, 153, 73, 90, 73, 31], "chunk_ids": [0, 1, 2, 3, 4, 5, 6, 7, 8, 9, 10], "selected_abs": [792, 793, 794, 795, 796, 797, 798, 799, 800, 801, 802, 803, 804, 805, 806, 807, 808, 825, 826, 827, 828, 853, 1070, 1071, 1072, 1073, 1079, 1080, 1081, 1355, 1365, 1366, 1367, 1368, 1369, 1370, 1378, 1379, 1380, 1505, 1506, 1507, 1508, 1509, 1510, 1511, 1512, 1513, 1632, 1633, 1634, 1635, 1640, 1641, 1642, 1643, 1777, 1778, 1779, 1785, 1786, 1787, 1788, 1789, 1790, 1791, 1804, 1805, 1806, 1809, 1810, 1811, 1812, 1817, 1818, 1819, 1820, 1821, 1829, 1830, 1831, 1858, 1859, 1860, 1861, 1867, 1868, 1869, 1874, 1875, 1876, 1877, 1892, 1893, 1894, 1895, 1897, 1898, 1899, 1900, 1901, 1902, 1906, 1907, 1908, 1909, 1910, 1925, 1926, 1927, 1939, 1940, 1941, 1946, 1947, 1948, 1949, 1950, 1951, 1952, 1953, 1954, 1955, 1956, 1957, 1958, 1959, 1960, 1961, 1962, 1963, 1964, 1965, 1966, 1967, 1969, 1970, 1971, 1972, 1973, 1974, 1975, 1976, 1977, 1982, 1983, 1984, 1985, 1986, 1987, 1988, 1989, 1990, 1991, 1992, 1993, 1994, 1995, 1996, 1997, 1998, 1999, 2000, 2001, 2002, 2003, 2004, 2005, 2006, 2007, 2008, 2009, 2010, 2011, 2012, 2013, 2014, 2015, 2016, 2017, 2018, 2019, 2020, 2021, 2022, 2023, 2024, 2025, 2026, 2027, 2028, 2029, 2030, 2031, 2032, 2033, 2034, 2035, 2036, 2037, 2038, 2039, 2040, 2041, 2042, 2043, 2044, 2045, 2046, 2047, 2048, 2049, 2050, 2051, 2052], "selected_count": 215, "selection_time": 0.018759555998258293, "selection_score_forward_time": 0.0178365979809314}