{"example_id": 18, "sub_q_idx": 1, "method": "DraftModel", "reprocess_method": "DraftModel", "rate": 0.15, "system_len": 792, "passages_len": [792, 86, 144, 106, 95, 51, 118, 47, 49, 80, 93, 84, 113, 93, 47, 26], "chunk_ids": [0, 11, 2, 1, 12, 13, 14, 15, 16, 17, 6, 3, 5, 6, 15], "selected_abs": [792, 793, 794, 795, 877, 878, 879, 880, 991, 992, 993, 1020, 1021, 1022, 1023, 1024, 1025, 1026, 1127, 1128, 1129, 1130, 1177, 1178, 1179, 1221, 1222, 1223, 1224, 1229, 1230, 1233, 1234, 1272, 1273, 1274, 1275, 1276, 1279, 1280, 1281, 1282, 1391, 1392, 1393, 1394, 1436, 1437, 1438, 1464, 1465, 1466, 1467, 1468, 1567, 1568, 1569, 1570, 1660, 1661, 1662, 1663, 1669, 1670, 1671, 1685, 1686, 1687, 1688, 1689, 1710, 1711, 1744, 1745, 1746, 1747, 1765, 1766, 1767, 1768, 1769, 1775, 1776, 1777, 1778, 1794, 1795, 1796, 1807, 1808, 1809, 1856, 1857, 1858, 1859, 1860, 1864, 1865, 1866, 1867, 1868, 1869, 1874, 1875, 1876, 1877, 1878, 1879, 1880, 1881, 1882, 1883, 1884, 1885, 1892, 1893, 1894, 1895, 1898, 1899, 1900, 1913, 1914, 1915, 1916, 1931, 1932, 1933, 1934, 1935, 1936, 1937, 1938, 1939, 1949, 1950, 1951, 1952, 1953, 1954, 1955, 1956, 1957, 1958, 1959, 1960, 1961, 1962, 1963, 1964, 1965, 1966, 1967, 1971, 1972, 1973, 1974, 1975, 1976, 1977, 1978, 1979, 1980, 1981, 1982, 1983, 1984, 1985, 1986, 1987, 1988, 1989, 1990, 1991, 1992, 1993, 1994, 1995, 1996, 1997, 1998, 1999, 2000, 2001, 2002, 2003, 2004, 2005, 2006, 2007, 2008, 2009, 2010, 2011, 2012, 2013, 2014, 2015, 2016, 2017, 2018, 2019, 2020, 2021, 2022, 2023], "selected_count": 206, "selection_time": 0.01873932100716047, "selection_score_forward_time": 0.017836411017924547}