{"example_id": 9, "sub_q_idx": 0, "method": "DraftModel", "reprocess_method": "DraftModel", "rate": 0.15, "system_len": 792, "passages_len": [792, 205, 152, 321, 212, 228, 154, 139, 265, 196, 126, 29], "chunk_ids": [0, 1, 2, 3, 4, 5, 6, 7, 8, 9, 10], "selected_abs": [792, 793, 794, 795, 796, 797, 798, 799, 800, 801, 802, 803, 804, 805, 806, 831, 832, 833, 841, 842, 843, 848, 849, 850, 957, 995, 996, 997, 998, 999, 1000, 1001, 1002, 1003, 1004, 1005, 1012, 1013, 1030, 1031, 1032, 1040, 1041, 1042, 1148, 1149, 1150, 1151, 1155, 1156, 1157, 1350, 1351, 1352, 1393, 1394, 1395, 1407, 1408, 1409, 1410, 1428, 1448, 1449, 1452, 1453, 1454, 1455, 1456, 1457, 1468, 1469, 1470, 1471, 1472, 1473, 1474, 1475, 1476, 1477, 1478, 1500, 1501, 1567, 1568, 1681, 1682, 1683, 1684, 1688, 1689, 1876, 1877, 1878, 1909, 1910, 1911, 1912, 1916, 1917, 1918, 1943, 1944, 1993, 1994, 1995, 2062, 2063, 2064, 2065, 2066, 2067, 2068, 2069, 2070, 2071, 2072, 2073, 2074, 2075, 2174, 2175, 2202, 2203, 2204, 2205, 2206, 2207, 2208, 2209, 2210, 2261, 2262, 2269, 2270, 2312, 2384, 2385, 2386, 2387, 2388, 2389, 2466, 2467, 2468, 2469, 2470, 2471, 2472, 2473, 2474, 2475, 2476, 2478, 2479, 2480, 2481, 2498, 2499, 2506, 2507, 2519, 2520, 2545, 2546, 2547, 2588, 2589, 2623, 2624, 2625, 2626, 2627, 2652, 2653, 2661, 2662, 2663, 2664, 2665, 2666, 2667, 2668, 2669, 2670, 2671, 2672, 2673, 2674, 2675, 2676, 2677, 2678, 2681, 2682, 2683, 2684, 2685, 2686, 2687, 2688, 2689, 2690, 2691, 2692, 2693, 2694, 2697, 2698, 2699, 2700, 2701, 2702, 2703, 2704, 2705, 2706, 2707, 2708, 2709, 2710, 2711, 2712, 2713, 2714, 2715, 2716, 2717, 2718, 2719, 2720, 2721, 2722, 2723, 2724, 2725, 2726, 2727, 2728, 2729, 2730, 2731, 2732, 2733, 2734, 2735, 2736, 2737, 2738, 2739, 2740, 2741, 2742, 2743, 2744, 2746, 2747, 2748, 2749, 2750, 2751, 2752, 2753, 2754, 2755, 2756, 2757, 2758, 2759, 2760, 2761, 2762, 2763, 2764, 2765, 2766, 2767, 2768, 2769, 2770, 2771, 2772, 2773, 2774, 2775, 2776, 2777, 2778, 2779, 2780, 2781, 2782, 2783, 2784, 2785, 2786, 2787, 2788, 2789, 2790, 2791, 2792, 2793, 2794, 2795, 2796, 2797, 2798, 2799, 2800, 2801, 2802, 2803, 2804, 2805, 2806, 2807, 2808, 2809, 2810, 2811, 2812, 2813, 2814, 2815, 2816, 2817, 2818], "selected_count": 328, "selection_time": 0.02548714299337007, "selection_score_forward_time": 0.024027508014114574}