source,kind,relative_l2,diff_norm,full_norm,source_norm,cosine_source_full,num_examples,num_chunks,num_tokens
raw,hidden_layer_input,0.735713699427569,2447587.678556299,3326820.8549883934,3607414.697666621,0.7536937387805543,25,584,405615
preprocess,hidden_layer_input,0.7341355785344466,2442337.5530573665,3326820.8549883934,3342827.529237841,0.7318243573853477,25,584,405615
