{"example_id": 37, "sub_q_idx": 0, "method": "DraftModel", "reprocess_method": "DraftModel", "rate": 0.15, "system_len": 792, "passages_len": [792, 109, 100, 54, 106, 59, 90, 242, 98, 169, 45, 32], "chunk_ids": [0, 1, 2, 3, 4, 5, 6, 7, 8, 9, 10], "selected_abs": [792, 793, 794, 795, 796, 797, 798, 799, 800, 801, 802, 803, 804, 806, 816, 818, 819, 820, 821, 822, 825, 828, 829, 830, 831, 833, 852, 853, 854, 861, 899, 900, 901, 902, 903, 904, 905, 928, 933, 1000, 1001, 1002, 1003, 1004, 1024, 1054, 1055, 1056, 1057, 1058, 1160, 1161, 1162, 1163, 1164, 1219, 1220, 1221, 1293, 1309, 1310, 1311, 1312, 1325, 1326, 1327, 1548, 1551, 1552, 1553, 1554, 1555, 1561, 1569, 1579, 1649, 1650, 1651, 1652, 1653, 1660, 1663, 1717, 1736, 1740, 1767, 1770, 1774, 1789, 1791, 1794, 1796, 1797, 1800, 1801, 1802, 1804, 1805, 1806, 1813, 1815, 1817, 1818, 1819, 1820, 1821, 1822, 1823, 1824, 1825, 1826, 1827, 1828, 1829, 1830, 1831, 1832, 1833, 1834, 1837, 1838, 1839, 1842, 1843, 1844, 1845, 1848, 1849, 1850, 1851, 1852, 1853, 1854, 1855, 1856, 1857, 1858, 1859, 1860, 1861, 1862, 1863, 1864, 1865, 1866, 1867, 1868, 1869, 1870, 1871, 1872, 1873, 1874, 1875, 1876, 1877, 1878, 1879, 1880, 1881, 1882, 1883, 1884, 1885, 1886, 1887, 1888, 1889, 1890, 1891, 1892, 1893, 1894, 1895], "selected_count": 174, "selection_time": 0.017700233991490677, "selection_score_forward_time": 0.017388889013091102}