{"example_id": 44, "sub_q_idx": 1, "method": "DraftModel", "reprocess_method": "DraftModel", "rate": 0.15, "system_len": 792, "passages_len": [792, 77, 62, 242, 40, 119, 92, 94, 59, 172, 150, 30], "chunk_ids": [0, 1, 11, 6, 12, 3, 5, 13, 8, 14, 15], "selected_abs": [792, 793, 794, 795, 796, 797, 798, 799, 800, 801, 802, 803, 804, 805, 806, 807, 808, 809, 810, 811, 812, 813, 814, 815, 816, 817, 823, 834, 835, 836, 837, 838, 839, 840, 842, 843, 844, 845, 846, 847, 848, 867, 868, 869, 870, 871, 872, 875, 876, 877, 887, 930, 931, 932, 933, 934, 935, 936, 937, 938, 939, 940, 941, 972, 973, 974, 977, 978, 1035, 1036, 1171, 1172, 1173, 1174, 1175, 1176, 1177, 1178, 1179, 1180, 1183, 1184, 1185, 1187, 1197, 1212, 1213, 1214, 1215, 1216, 1217, 1218, 1219, 1220, 1221, 1222, 1223, 1225, 1226, 1227, 1252, 1253, 1254, 1331, 1332, 1333, 1334, 1335, 1418, 1422, 1423, 1424, 1425, 1426, 1427, 1428, 1429, 1430, 1431, 1432, 1442, 1449, 1516, 1517, 1518, 1519, 1520, 1521, 1522, 1525, 1531, 1575, 1576, 1577, 1578, 1579, 1580, 1581, 1582, 1591, 1690, 1705, 1748, 1749, 1750, 1751, 1752, 1753, 1754, 1755, 1756, 1757, 1758, 1762, 1763, 1766, 1771, 1778, 1779, 1781, 1783, 1790, 1791, 1804, 1811, 1813, 1814, 1818, 1825, 1826, 1828, 1830, 1834, 1836, 1838, 1842, 1844, 1845, 1849, 1850, 1855, 1860, 1862, 1864, 1867, 1869, 1870, 1872, 1873, 1875, 1877, 1883, 1885, 1888, 1889, 1891, 1892, 1893, 1895, 1896, 1897, 1898, 1899, 1900, 1901, 1902, 1903, 1904, 1905, 1906, 1907, 1908, 1909, 1910, 1911, 1912, 1913, 1914, 1915, 1916, 1917, 1918, 1919, 1920, 1921, 1922, 1923, 1924, 1925, 1926, 1927, 1928], "selected_count": 232, "selection_time": 0.018052464991342276, "selection_score_forward_time": 0.017718124989187345}