{"example_id": 27, "sub_q_idx": 0, "method": "DraftModel", "reprocess_method": "DraftModel", "rate": 0.15, "system_len": 792, "passages_len": [792, 41, 152, 112, 102, 308, 84, 190, 153, 61, 134, 30], "chunk_ids": [0, 1, 2, 3, 4, 5, 6, 7, 8, 9, 10], "selected_abs": [792, 793, 794, 795, 796, 797, 798, 800, 801, 802, 803, 804, 805, 806, 807, 808, 809, 810, 811, 812, 813, 814, 815, 816, 817, 818, 819, 820, 821, 830, 831, 832, 833, 834, 835, 836, 837, 844, 845, 846, 847, 848, 849, 860, 861, 862, 865, 866, 873, 884, 911, 912, 913, 921, 984, 985, 986, 987, 988, 989, 990, 991, 992, 993, 994, 1096, 1097, 1098, 1099, 1100, 1102, 1103, 1104, 1105, 1106, 1107, 1198, 1199, 1200, 1201, 1202, 1203, 1204, 1205, 1250, 1251, 1256, 1262, 1270, 1271, 1282, 1318, 1319, 1506, 1507, 1508, 1509, 1510, 1511, 1512, 1513, 1514, 1515, 1516, 1531, 1572, 1590, 1591, 1592, 1593, 1594, 1595, 1599, 1600, 1601, 1602, 1603, 1623, 1706, 1780, 1781, 1782, 1783, 1784, 1785, 1786, 1787, 1793, 1794, 1795, 1803, 1804, 1808, 1809, 1810, 1811, 1812, 1823, 1824, 1825, 1827, 1831, 1832, 1837, 1855, 1856, 1932, 1933, 1934, 1935, 1936, 1937, 1938, 1939, 1940, 1941, 1945, 1954, 1955, 1956, 1963, 1964, 1967, 1994, 1995, 1996, 1997, 1998, 1999, 2000, 2001, 2002, 2006, 2007, 2008, 2009, 2010, 2011, 2016, 2032, 2033, 2039, 2040, 2041, 2042, 2043, 2044, 2045, 2054, 2056, 2060, 2061, 2065, 2066, 2067, 2068, 2072, 2077, 2080, 2099, 2101, 2116, 2118, 2119, 2121, 2123, 2125, 2126, 2127, 2128, 2129, 2130, 2131, 2132, 2133, 2134, 2135, 2136, 2137, 2138, 2139, 2140, 2141, 2142, 2143, 2144, 2145, 2146, 2147, 2148, 2149, 2150, 2151, 2152, 2153, 2154, 2155, 2156, 2157, 2158], "selected_count": 240, "selection_time": 0.018641199014382437, "selection_score_forward_time": 0.018251039989991114}