{"example_id": 25, "sub_q_idx": 0, "method": "DraftModel", "reprocess_method": "DraftModel", "rate": 0.15, "system_len": 792, "passages_len": [792, 48, 33, 115, 102, 31, 80, 113, 104, 81, 82, 30], "chunk_ids": [0, 1, 2, 3, 4, 5, 6, 7, 8, 9, 10], "selected_abs": [792, 793, 794, 795, 796, 797, 798, 799, 800, 803, 804, 805, 813, 814, 815, 816, 817, 818, 819, 820, 839, 840, 841, 842, 843, 844, 845, 846, 847, 848, 849, 850, 851, 852, 853, 855, 856, 871, 872, 873, 874, 875, 876, 877, 878, 879, 880, 881, 882, 883, 884, 885, 893, 894, 895, 896, 897, 898, 900, 901, 902, 903, 904, 905, 906, 907, 908, 909, 910, 911, 925, 926, 935, 936, 986, 987, 988, 989, 990, 991, 992, 993, 1019, 1020, 1021, 1022, 1051, 1089, 1090, 1091, 1092, 1093, 1094, 1095, 1096, 1097, 1120, 1121, 1122, 1123, 1124, 1180, 1200, 1201, 1202, 1203, 1204, 1205, 1206, 1207, 1208, 1313, 1314, 1315, 1316, 1317, 1318, 1322, 1387, 1417, 1418, 1419, 1420, 1421, 1428, 1491, 1492, 1493, 1494, 1498, 1499, 1500, 1501, 1502, 1503, 1504, 1505, 1506, 1507, 1508, 1513, 1514, 1516, 1517, 1518, 1520, 1525, 1527, 1533, 1534, 1535, 1537, 1538, 1539, 1549, 1550, 1554, 1563, 1564, 1565, 1566, 1567, 1570, 1571, 1572, 1573, 1574, 1575, 1576, 1578, 1579, 1580, 1581, 1582, 1583, 1584, 1585, 1586, 1587, 1588, 1589, 1590, 1591, 1592, 1593, 1594, 1595, 1596, 1597, 1598, 1599, 1600, 1601, 1602, 1603, 1604, 1605, 1606, 1607, 1608, 1609, 1610], "selected_count": 202, "selection_time": 0.12013316201046109, "selection_score_forward_time": 0.11977458099136129}