{"example_id": 35, "sub_q_idx": 0, "method": "DraftModel", "reprocess_method": "DraftModel", "rate": 0.15, "system_len": 792, "passages_len": [792, 45, 70, 113, 119, 173, 117, 126, 125, 136, 150, 29], "chunk_ids": [0, 1, 2, 3, 4, 5, 6, 7, 8, 9, 10], "selected_abs": [792, 793, 794, 795, 796, 797, 798, 799, 800, 801, 803, 804, 805, 806, 807, 808, 809, 813, 814, 815, 816, 817, 818, 819, 821, 822, 823, 835, 836, 837, 838, 839, 840, 846, 856, 905, 906, 907, 908, 909, 910, 911, 913, 914, 915, 916, 918, 919, 920, 921, 922, 1019, 1020, 1021, 1022, 1023, 1030, 1031, 1032, 1033, 1038, 1044, 1058, 1066, 1099, 1138, 1139, 1140, 1141, 1142, 1143, 1144, 1145, 1146, 1147, 1148, 1149, 1215, 1274, 1311, 1312, 1313, 1314, 1315, 1316, 1317, 1428, 1429, 1430, 1431, 1432, 1433, 1457, 1463, 1554, 1555, 1556, 1557, 1558, 1559, 1560, 1561, 1562, 1563, 1564, 1565, 1573, 1574, 1583, 1642, 1678, 1679, 1680, 1681, 1682, 1683, 1684, 1688, 1689, 1690, 1691, 1708, 1740, 1744, 1774, 1797, 1815, 1816, 1817, 1818, 1819, 1820, 1821, 1822, 1823, 1824, 1827, 1828, 1830, 1831, 1833, 1834, 1848, 1865, 1866, 1870, 1887, 1889, 1895, 1896, 1898, 1899, 1902, 1904, 1906, 1907, 1908, 1910, 1911, 1913, 1914, 1922, 1923, 1929, 1931, 1932, 1933, 1934, 1937, 1939, 1940, 1951, 1952, 1953, 1954, 1955, 1957, 1959, 1960, 1961, 1962, 1963, 1964, 1965, 1966, 1967, 1968, 1969, 1970, 1971, 1972, 1973, 1974, 1975, 1976, 1977, 1978, 1979, 1980, 1981, 1982, 1983, 1984, 1985, 1986, 1987, 1988, 1989, 1990, 1991, 1992, 1993, 1994], "selected_count": 213, "selection_time": 0.018348445009905845, "selection_score_forward_time": 0.01799251901684329}