{"example_id": 45, "sub_q_idx": 0, "method": "DraftModel", "reprocess_method": "DraftModel", "rate": 0.15, "system_len": 792, "passages_len": [792, 104, 184, 97, 209, 77, 253, 96, 149, 296, 73, 27], "chunk_ids": [0, 1, 2, 3, 4, 5, 6, 7, 8, 9, 10], "selected_abs": [792, 793, 794, 795, 796, 797, 798, 799, 800, 801, 802, 803, 804, 805, 806, 807, 808, 809, 810, 811, 812, 813, 814, 815, 818, 819, 820, 821, 828, 829, 830, 831, 832, 833, 834, 835, 836, 837, 838, 839, 840, 841, 842, 843, 844, 850, 851, 852, 854, 855, 856, 857, 858, 859, 866, 867, 868, 880, 881, 894, 895, 896, 897, 898, 899, 900, 901, 902, 903, 904, 905, 906, 917, 926, 927, 928, 945, 946, 947, 948, 998, 1062, 1067, 1076, 1077, 1078, 1079, 1080, 1081, 1082, 1083, 1084, 1085, 1086, 1087, 1089, 1090, 1107, 1108, 1109, 1110, 1111, 1139, 1140, 1159, 1176, 1177, 1178, 1179, 1180, 1199, 1255, 1270, 1271, 1369, 1385, 1386, 1387, 1388, 1389, 1392, 1393, 1394, 1395, 1401, 1411, 1412, 1414, 1461, 1462, 1463, 1464, 1465, 1466, 1468, 1469, 1470, 1603, 1715, 1716, 1717, 1718, 1719, 1720, 1729, 1731, 1732, 1733, 1734, 1735, 1736, 1737, 1755, 1756, 1757, 1761, 1811, 1812, 1813, 1814, 1821, 1829, 1844, 1851, 1889, 1890, 1891, 1926, 1960, 1961, 1962, 1963, 1964, 1965, 1966, 1967, 1968, 1988, 2024, 2046, 2136, 2161, 2162, 2176, 2180, 2199, 2202, 2207, 2231, 2233, 2238, 2256, 2257, 2258, 2259, 2260, 2261, 2262, 2263, 2264, 2265, 2266, 2267, 2268, 2270, 2271, 2273, 2278, 2279, 2280, 2281, 2283, 2285, 2286, 2287, 2291, 2292, 2295, 2297, 2298, 2299, 2300, 2302, 2303, 2304, 2305, 2309, 2310, 2311, 2312, 2313, 2314, 2315, 2316, 2317, 2318, 2319, 2320, 2321, 2322, 2323, 2324, 2325, 2326, 2327, 2328, 2329, 2330, 2331, 2332, 2333, 2334, 2335, 2336, 2337, 2338, 2339, 2340, 2341, 2342, 2343, 2344, 2345, 2346, 2347, 2348, 2349, 2350, 2351, 2352, 2353, 2354, 2355, 2356], "selected_count": 274, "selection_time": 0.019407129002502188, "selection_score_forward_time": 0.019063312007347122}