{
  "config": {
    "model": "/mnt/qjhs-sh-lab-01/models/Qwen2.5-7B-Instruct",
    "dataset": "musique",
    "topk": 10,
    "rate": 0.15,
    "max_main_questions": 120,
    "max_sub_questions": 120,
    "warmup_sub_questions": 8,
    "raw_kv_cache": "/raid/home/hming/fusionrag-reflect-full-cache/Qwen2.5-7B-Instruct/musique/kv_cache",
    "preprocess_kv_cache": "/raid/home/hming/fusionrag-reflect-full-cache/Qwen2.5-7B-Instruct/musique/preprocess_kv_cache_global_topk10_bge"
  },
  "num_measured": 112,
  "full_ttft_compute_s_mean": 0.11154416629246303,
  "full_ttft_compute_s_p50": 0.11364388465881348,
  "full_ttft_compute_s_p95": 0.15181684494018555,
  "full_ttft_wall_s_mean": 0.29947988963769084,
  "full_ttft_wall_s_p50": 0.2917147255502641,
  "full_ttft_wall_s_p95": 0.3884095447137952,
  "full_exact_cache_ttft_s_mean": 0.29832309457456824,
  "full_exact_cache_ttft_s_p50": 0.2904311621095985,
  "full_exact_cache_ttft_s_p95": 0.38748194091022015,
  "fusion_ttft_compute_s_mean": 0.2295954870184817,
  "fusion_ttft_compute_s_p50": 0.22308457782492042,
  "fusion_ttft_compute_s_p95": 0.2512784288264811,
  "fusion_ttft_wall_s_mean": 0.29012898985196706,
  "fusion_ttft_wall_s_p50": 0.2807992664165795,
  "fusion_ttft_wall_s_p95": 0.3330423589795828,
  "speedup_compute_mean": 0.48242311925091513,
  "ttft_reduction_pct_compute_mean": -112.25286926179415,
  "speedup_full_exact_over_fusion_compute_mean": 1.2906475593948215,
  "ttft_reduction_pct_full_exact_vs_fusion_compute_mean": 21.005209086083045,
  "speedup_wall_mean": 1.023967854364056,
  "ttft_reduction_pct_wall_mean": 1.112581935923501,
  "fusion_storage_time_s_mean": 0.024586516478198712,
  "fusion_selection_time_s_mean": 0.10262165278878196,
  "fusion_selection_score_forward_time_s_mean": 0.10181821595428378,
  "fusion_reprocess_prefill_time_s_mean": 0.10238731775150102,
  "fusion_selected_doc_tokens_mean": 216.73214285714286,
  "fusion_reprocess_prefill_tokens_mean": 243.92857142857142,
  "full_tokens_mean": 2267.1160714285716
}