{"example_id": 57, "sub_q_idx": 0, "method": "DraftModel", "reprocess_method": "DraftModel", "rate": 0.1, "system_len": 792, "passages_len": [792, 135, 51, 46, 126, 157, 123, 72, 128, 57, 137, 135, 26], "chunk_ids": [0, 1, 2, 3, 4, 5, 6, 7, 8, 9, 10, 1], "selected_abs": [792, 793, 794, 795, 796, 797, 798, 799, 800, 801, 802, 803, 804, 806, 807, 808, 809, 810, 812, 813, 814, 815, 816, 817, 819, 820, 821, 842, 882, 896, 926, 927, 928, 929, 930, 931, 932, 936, 937, 940, 954, 955, 956, 977, 978, 980, 984, 1004, 1023, 1024, 1025, 1026, 1027, 1028, 1029, 1030, 1040, 1149, 1150, 1151, 1152, 1153, 1157, 1244, 1306, 1307, 1308, 1309, 1310, 1311, 1312, 1313, 1314, 1343, 1429, 1430, 1431, 1432, 1433, 1434, 1438, 1501, 1502, 1503, 1504, 1505, 1506, 1507, 1508, 1509, 1510, 1511, 1532, 1594, 1629, 1630, 1631, 1632, 1633, 1634, 1635, 1636, 1637, 1653, 1686, 1687, 1688, 1689, 1690, 1691, 1692, 1693, 1694, 1695, 1696, 1697, 1698, 1699, 1700, 1701, 1702, 1703, 1704, 1727, 1741, 1812, 1813, 1814, 1815, 1816, 1817, 1818, 1819, 1820, 1821, 1822, 1823, 1824, 1825, 1826, 1827, 1828, 1829, 1830, 1831, 1832, 1833, 1834, 1835, 1836, 1837, 1838, 1839, 1840, 1841, 1842, 1843, 1844, 1845, 1846, 1847, 1848, 1849, 1850, 1851, 1852, 1853, 1854, 1856, 1867, 1874, 1901, 1909, 1913, 1914, 1928, 1946, 1957, 1958, 1959, 1960, 1961, 1962, 1963, 1964, 1965, 1966, 1967, 1968, 1969, 1970, 1971, 1972, 1973, 1974, 1975, 1976, 1977, 1978, 1979, 1980, 1981, 1982, 1983, 1984], "selected_count": 205, "selection_time": 0.12507954699685797, "selection_score_forward_time": 0.12468253198312595}