{"example_id": 71, "sub_q_idx": 0, "method": "DraftModel", "reprocess_method": "DraftModel", "rate": 0.1, "system_len": 792, "passages_len": [792, 153, 268, 165, 249, 138, 176, 55, 176, 70, 170, 29], "chunk_ids": [0, 1, 2, 3, 4, 5, 6, 7, 8, 9, 10], "selected_abs": [792, 793, 794, 795, 796, 797, 798, 799, 800, 801, 802, 803, 804, 805, 806, 808, 809, 811, 812, 826, 827, 834, 835, 836, 837, 838, 840, 841, 842, 843, 844, 847, 857, 859, 867, 879, 944, 945, 946, 947, 948, 950, 951, 961, 985, 1003, 1004, 1021, 1064, 1154, 1155, 1212, 1213, 1214, 1215, 1216, 1217, 1221, 1222, 1224, 1226, 1227, 1228, 1229, 1231, 1232, 1233, 1237, 1281, 1282, 1283, 1284, 1285, 1288, 1291, 1296, 1302, 1304, 1306, 1314, 1317, 1321, 1323, 1325, 1326, 1327, 1328, 1329, 1333, 1334, 1339, 1346, 1351, 1366, 1377, 1378, 1379, 1380, 1381, 1385, 1387, 1388, 1389, 1401, 1403, 1626, 1627, 1628, 1629, 1630, 1631, 1632, 1633, 1759, 1764, 1765, 1766, 1767, 1768, 1769, 1770, 1771, 1940, 1941, 1942, 1943, 1944, 1945, 1995, 1996, 1997, 1998, 1999, 2007, 2171, 2172, 2173, 2174, 2175, 2179, 2196, 2199, 2200, 2212, 2241, 2242, 2243, 2244, 2245, 2246, 2247, 2248, 2249, 2250, 2283, 2333, 2367, 2380, 2404, 2411, 2412, 2413, 2414, 2415, 2416, 2417, 2418, 2419, 2420, 2421, 2422, 2423, 2424, 2425, 2426, 2427, 2428, 2429, 2430, 2431, 2432, 2433, 2434, 2435, 2436, 2437, 2438, 2439, 2440], "selected_count": 189, "selection_time": 0.15244343498488888, "selection_score_forward_time": 0.15204412399907596}