{"example_id": 51, "sub_q_idx": 1, "method": "DraftModel", "reprocess_method": "DraftModel", "rate": 0.1, "system_len": 792, "passages_len": [792, 94, 83, 71, 208, 162, 116, 130, 95, 71, 47, 83, 94, 71, 208, 35], "chunk_ids": [0, 2, 1, 11, 12, 3, 13, 14, 6, 15, 16, 1, 2, 11, 12], "selected_abs": [792, 793, 794, 795, 796, 797, 798, 799, 800, 802, 805, 820, 831, 833, 834, 835, 836, 837, 838, 842, 846, 847, 860, 885, 886, 887, 888, 889, 890, 891, 892, 893, 894, 895, 896, 913, 914, 915, 916, 917, 918, 919, 920, 921, 949, 953, 954, 966, 967, 968, 969, 970, 971, 972, 974, 975, 976, 988, 989, 990, 991, 992, 1039, 1040, 1043, 1046, 1121, 1139, 1140, 1236, 1247, 1248, 1249, 1250, 1251, 1252, 1253, 1309, 1313, 1352, 1362, 1409, 1410, 1411, 1412, 1413, 1414, 1415, 1416, 1417, 1418, 1419, 1420, 1440, 1525, 1526, 1527, 1528, 1529, 1530, 1531, 1532, 1533, 1534, 1535, 1536, 1537, 1538, 1548, 1549, 1655, 1656, 1657, 1658, 1659, 1662, 1663, 1750, 1751, 1752, 1753, 1754, 1755, 1756, 1757, 1758, 1759, 1763, 1764, 1766, 1767, 1768, 1769, 1770, 1771, 1772, 1773, 1774, 1776, 1777, 1779, 1794, 1820, 1821, 1822, 1823, 1824, 1825, 1826, 1827, 1828, 1829, 1830, 1831, 1832, 1833, 1834, 1835, 1836, 1837, 1838, 1839, 1851, 1852, 1853, 1854, 1855, 1856, 1857, 1858, 1859, 1860, 1861, 1862, 1863, 1864, 1865, 1866, 1867, 1868, 1869, 1870, 1871, 1872, 1873, 1874, 1875, 1876, 1877, 1878, 1879, 1884, 1885, 1886, 1888, 1896, 1897, 1898, 1899, 1900, 1901, 1902, 1903, 1904, 1908, 1950, 1951, 1952, 1953, 1954, 1955, 1957, 1962, 1989, 2003, 2031, 2045, 2046, 2047, 2048, 2049, 2050, 2051, 2052, 2053, 2056, 2061, 2062, 2063, 2064, 2066, 2067, 2068, 2070, 2116, 2117, 2118, 2119, 2120, 2121, 2123, 2124, 2170, 2171, 2216, 2233, 2267, 2324, 2325, 2326, 2327, 2328, 2329, 2330, 2331, 2332, 2333, 2334, 2335, 2336, 2337, 2338, 2339, 2340, 2341, 2342, 2343, 2344, 2345, 2346, 2347, 2348, 2349, 2350, 2351, 2352, 2353, 2354, 2355, 2356, 2357, 2358, 2359], "selected_count": 283, "selection_time": 0.13696996500948444, "selection_score_forward_time": 0.1364752090012189}