{"example_id": 60, "sub_q_idx": 1, "method": "DraftModel", "reprocess_method": "DraftModel", "rate": 0.1, "system_len": 792, "passages_len": [792, 140, 154, 148, 148, 170, 114, 92, 253, 118, 184, 140, 154, 148, 33], "chunk_ids": [0, 1, 4, 2, 3, 5, 11, 9, 12, 13, 14, 1, 4, 3], "selected_abs": [792, 793, 794, 795, 796, 797, 798, 799, 800, 801, 802, 803, 804, 805, 806, 807, 808, 809, 810, 811, 812, 813, 814, 815, 816, 817, 818, 819, 820, 821, 823, 826, 828, 830, 833, 839, 842, 843, 844, 845, 867, 872, 873, 896, 901, 909, 910, 912, 913, 914, 922, 927, 930, 931, 932, 933, 934, 940, 945, 955, 965, 974, 978, 979, 980, 981, 982, 1049, 1085, 1086, 1087, 1088, 1089, 1090, 1091, 1092, 1094, 1096, 1097, 1111, 1112, 1113, 1114, 1233, 1234, 1235, 1236, 1237, 1242, 1247, 1256, 1266, 1280, 1282, 1301, 1354, 1381, 1382, 1383, 1384, 1385, 1386, 1387, 1388, 1389, 1390, 1391, 1392, 1396, 1441, 1467, 1551, 1552, 1553, 1554, 1555, 1556, 1557, 1558, 1559, 1574, 1587, 1588, 1589, 1590, 1591, 1592, 1593, 1610, 1665, 1666, 1667, 1668, 1669, 1670, 1671, 1672, 1673, 1757, 1758, 1759, 1760, 1761, 1762, 1830, 2010, 2011, 2012, 2013, 2014, 2015, 2016, 2017, 2018, 2019, 2020, 2128, 2129, 2130, 2131, 2132, 2133, 2134, 2135, 2136, 2137, 2138, 2139, 2288, 2289, 2290, 2291, 2292, 2293, 2294, 2295, 2296, 2297, 2298, 2299, 2300, 2301, 2302, 2303, 2304, 2305, 2306, 2307, 2308, 2309, 2310, 2311, 2312, 2313, 2314, 2315, 2316, 2317, 2318, 2319, 2320, 2321, 2322, 2323, 2324, 2325, 2326, 2327, 2328, 2329, 2330, 2331, 2332, 2333, 2334, 2335, 2336, 2337, 2338, 2339, 2340, 2341, 2342, 2344, 2347, 2349, 2351, 2354, 2359, 2360, 2363, 2364, 2365, 2366, 2412, 2413, 2431, 2433, 2434, 2445, 2448, 2451, 2452, 2453, 2454, 2455, 2456, 2461, 2466, 2486, 2497, 2498, 2499, 2500, 2501, 2502, 2514, 2515, 2521, 2605, 2606, 2607, 2608, 2609, 2610, 2615, 2619, 2620, 2629, 2639, 2650, 2651, 2652, 2653, 2654, 2655, 2660, 2668, 2674, 2684, 2685, 2689, 2726, 2727, 2736, 2753, 2754, 2755, 2756, 2757, 2758, 2759, 2760, 2761, 2762, 2763, 2764, 2765, 2766, 2767, 2768, 2769, 2770, 2771, 2772, 2773, 2774, 2775, 2776, 2777, 2778, 2779, 2780, 2781, 2782, 2783, 2784, 2785, 2786, 2787], "selected_count": 320, "selection_time": 0.1680148460145574, "selection_score_forward_time": 0.16755914100212976}