{"example_id": 63, "sub_q_idx": 0, "method": "DraftModel", "reprocess_method": "DraftModel", "rate": 0.1, "system_len": 792, "passages_len": [792, 60, 244, 92, 88, 145, 135, 169, 162, 292, 85, 27], "chunk_ids": [0, 1, 2, 3, 4, 5, 6, 7, 8, 9, 10], "selected_abs": [792, 793, 794, 795, 796, 797, 798, 799, 800, 801, 802, 803, 804, 805, 806, 807, 808, 809, 810, 811, 812, 813, 814, 815, 816, 817, 818, 819, 820, 821, 822, 823, 824, 825, 826, 827, 828, 829, 830, 851, 852, 853, 854, 855, 856, 857, 858, 859, 861, 870, 890, 1053, 1070, 1086, 1095, 1096, 1097, 1098, 1099, 1100, 1101, 1102, 1103, 1104, 1108, 1109, 1121, 1154, 1162, 1187, 1188, 1189, 1190, 1191, 1192, 1193, 1195, 1196, 1197, 1198, 1199, 1200, 1201, 1202, 1230, 1249, 1275, 1276, 1277, 1278, 1279, 1280, 1281, 1362, 1420, 1421, 1422, 1423, 1424, 1425, 1426, 1427, 1428, 1429, 1435, 1454, 1511, 1555, 1556, 1557, 1558, 1559, 1560, 1561, 1563, 1566, 1569, 1696, 1724, 1725, 1726, 1727, 1728, 1733, 1737, 1738, 1741, 1742, 1744, 1781, 1797, 1798, 1815, 1816, 1886, 1887, 1888, 1889, 1890, 1892, 1900, 1941, 1942, 2060, 2074, 2089, 2120, 2178, 2179, 2180, 2181, 2182, 2183, 2184, 2185, 2186, 2187, 2188, 2189, 2194, 2196, 2199, 2205, 2214, 2217, 2223, 2225, 2226, 2227, 2245, 2247, 2263, 2264, 2265, 2266, 2267, 2268, 2269, 2270, 2271, 2272, 2273, 2274, 2275, 2276, 2277, 2278, 2279, 2280, 2281, 2282, 2283, 2284, 2285, 2286, 2287, 2288, 2289, 2290], "selected_count": 199, "selection_time": 0.1351945879869163, "selection_score_forward_time": 0.13479513101628982}