{"example_id": 59, "sub_q_idx": 0, "method": "DraftModel", "reprocess_method": "DraftModel", "rate": 0.1, "system_len": 792, "passages_len": [792, 56, 120, 127, 156, 273, 181, 115, 75, 94, 89, 27], "chunk_ids": [0, 1, 2, 3, 4, 5, 6, 7, 8, 9, 10], "selected_abs": [792, 793, 794, 795, 796, 797, 798, 799, 800, 801, 802, 803, 804, 805, 806, 811, 812, 813, 814, 815, 816, 817, 818, 819, 820, 821, 823, 824, 825, 828, 829, 832, 833, 847, 848, 849, 850, 854, 855, 872, 920, 967, 968, 969, 970, 971, 976, 980, 1094, 1095, 1096, 1097, 1098, 1127, 1250, 1251, 1252, 1253, 1254, 1375, 1396, 1523, 1524, 1525, 1526, 1527, 1528, 1529, 1689, 1704, 1705, 1706, 1707, 1708, 1709, 1710, 1711, 1819, 1820, 1821, 1822, 1823, 1824, 1825, 1826, 1827, 1894, 1895, 1896, 1897, 1898, 1901, 1902, 1988, 1989, 1990, 1991, 1992, 1994, 1997, 1998, 1999, 2005, 2006, 2010, 2011, 2012, 2013, 2014, 2023, 2028, 2029, 2034, 2037, 2038, 2039, 2040, 2041, 2046, 2047, 2058, 2059, 2064, 2065, 2068, 2069, 2070, 2076, 2077, 2078, 2079, 2080, 2081, 2082, 2083, 2084, 2085, 2086, 2087, 2088, 2089, 2090, 2091, 2092, 2093, 2094, 2095, 2096, 2097, 2098, 2099, 2100, 2101, 2102, 2103, 2104], "selected_count": 156, "selection_time": 0.13009522299398668, "selection_score_forward_time": 0.12973375199362636}