{"example_id": 74, "sub_q_idx": 1, "method": "DraftModel", "reprocess_method": "DraftModel", "rate": 0.1, "system_len": 792, "passages_len": [792, 158, 78, 128, 76, 71, 147, 69, 51, 156, 191, 71, 158, 128, 76, 27], "chunk_ids": [0, 2, 11, 12, 3, 1, 9, 13, 8, 14, 5, 1, 2, 12, 3], "selected_abs": [792, 793, 794, 795, 796, 797, 798, 799, 804, 805, 806, 808, 811, 812, 815, 816, 818, 819, 820, 822, 823, 824, 829, 834, 841, 844, 846, 847, 848, 850, 853, 857, 907, 908, 934, 949, 950, 951, 952, 953, 954, 955, 956, 976, 978, 979, 990, 1002, 1023, 1027, 1028, 1029, 1030, 1031, 1032, 1033, 1034, 1038, 1039, 1112, 1113, 1148, 1149, 1153, 1154, 1155, 1156, 1157, 1158, 1207, 1208, 1209, 1210, 1231, 1232, 1233, 1234, 1235, 1236, 1237, 1238, 1239, 1240, 1241, 1242, 1246, 1247, 1248, 1249, 1250, 1251, 1252, 1253, 1254, 1264, 1265, 1266, 1267, 1276, 1287, 1293, 1301, 1302, 1303, 1304, 1305, 1306, 1307, 1449, 1450, 1451, 1452, 1453, 1454, 1455, 1456, 1457, 1458, 1459, 1466, 1467, 1468, 1469, 1517, 1518, 1519, 1520, 1521, 1522, 1523, 1569, 1570, 1571, 1572, 1573, 1574, 1596, 1597, 1598, 1599, 1600, 1601, 1603, 1604, 1605, 1606, 1607, 1608, 1609, 1610, 1611, 1612, 1613, 1614, 1615, 1626, 1627, 1628, 1629, 1630, 1631, 1706, 1707, 1708, 1709, 1710, 1711, 1712, 1713, 1714, 1715, 1716, 1717, 1718, 1719, 1720, 1721, 1722, 1723, 1724, 1725, 1726, 1727, 1728, 1729, 1730, 1731, 1733, 1797, 1882, 1916, 1917, 1918, 1919, 1920, 1921, 1922, 1923, 1924, 1925, 1926, 1927, 1931, 1932, 1933, 1934, 1935, 1936, 1937, 1938, 1949, 1950, 1951, 1952, 1953, 1982, 1986, 1987, 1988, 1989, 1990, 1991, 1993, 1995, 2000, 2004, 2008, 2012, 2014, 2016, 2017, 2018, 2019, 2040, 2043, 2044, 2046, 2064, 2104, 2130, 2145, 2146, 2147, 2148, 2149, 2150, 2151, 2152, 2156, 2157, 2230, 2266, 2267, 2271, 2272, 2273, 2274, 2275, 2276, 2325, 2326, 2327, 2342, 2348, 2349, 2350, 2351, 2352, 2353, 2354, 2355, 2356, 2357, 2358, 2359, 2360, 2361, 2362, 2363, 2364, 2365, 2366, 2367, 2368, 2369, 2370, 2371, 2372, 2373, 2374, 2375, 2376], "selected_count": 292, "selection_time": 0.13945252500707284, "selection_score_forward_time": 0.13895095500629395}