{"example_id": 52, "sub_q_idx": 1, "method": "DraftModel", "reprocess_method": "DraftModel", "rate": 0.1, "system_len": 792, "passages_len": [792, 94, 110, 71, 208, 147, 83, 308, 116, 130, 71, 35], "chunk_ids": [0, 2, 11, 12, 13, 14, 1, 15, 16, 17, 18], "selected_abs": [792, 793, 794, 795, 796, 797, 798, 799, 801, 802, 808, 831, 833, 834, 835, 836, 838, 847, 883, 885, 886, 887, 888, 889, 892, 991, 995, 996, 997, 998, 999, 1001, 1002, 1003, 1006, 1012, 1014, 1015, 1016, 1017, 1018, 1019, 1066, 1067, 1068, 1069, 1070, 1072, 1073, 1074, 1148, 1166, 1167, 1263, 1274, 1275, 1276, 1277, 1278, 1279, 1280, 1281, 1421, 1422, 1423, 1424, 1425, 1426, 1427, 1428, 1429, 1430, 1431, 1432, 1433, 1437, 1438, 1439, 1440, 1441, 1442, 1443, 1444, 1449, 1450, 1451, 1452, 1453, 1454, 1455, 1456, 1503, 1504, 1505, 1506, 1507, 1508, 1509, 1510, 1511, 1512, 1513, 1556, 1557, 1577, 1617, 1812, 1813, 1814, 1815, 1816, 1817, 1818, 1819, 1820, 1821, 1822, 1928, 1929, 1930, 1931, 1932, 1933, 1936, 1937, 1938, 1941, 1951, 1952, 1967, 2058, 2059, 2060, 2061, 2062, 2064, 2065, 2066, 2071, 2072, 2076, 2077, 2078, 2079, 2080, 2081, 2082, 2084, 2087, 2088, 2090, 2093, 2097, 2101, 2102, 2103, 2109, 2113, 2114, 2129, 2130, 2131, 2132, 2133, 2134, 2135, 2136, 2137, 2138, 2139, 2140, 2141, 2142, 2143, 2144, 2145, 2146, 2147, 2148, 2149, 2150, 2151, 2152, 2153, 2154, 2155, 2156, 2157, 2158, 2159, 2160, 2161, 2162, 2163, 2164], "selected_count": 195, "selection_time": 0.12999675699393265, "selection_score_forward_time": 0.1295867069857195}