epoch,musique_val_jaccard_r0p05,musique_val_jaccard_r0p1,musique_val_jaccard_r0p15,musique_val_jaccard_r0p3,musique_val_kl,musique_val_recall_r0p05,musique_val_recall_r0p1,musique_val_recall_r0p15,musique_val_recall_r0p3,train_loss,wiki_val_jaccard_r0p05,wiki_val_jaccard_r0p1,wiki_val_jaccard_r0p15,wiki_val_jaccard_r0p3,wiki_val_kl,wiki_val_recall_r0p05,wiki_val_recall_r0p1,wiki_val_recall_r0p15,wiki_val_recall_r0p3
0,0.35104741734744827,0.3279384698709709,0.3464875929588598,0.40309146478633706,0.010136713057236617,0.5026042016938592,0.4827810589271605,0.5080942921058217,0.5708381921946524,0.0,0.38676798935604956,0.39369120529781837,0.4134912210596047,0.4794139470333238,0.007770229443407858,0.548511854716663,0.558222633260466,0.5800683818171612,0.6454924295041028
1,0.35023097038768763,0.3303383527691572,0.34655163506454323,0.4034710403071389,0.010161467373024586,0.5016981089426011,0.48610550584860873,0.507963596190994,0.5712091226484244,0.007788840351104736,0.3954130139930835,0.4014599465883541,0.4227618422298501,0.4853919380569924,0.007734646343777831,0.557592063225154,0.5660837397006885,0.5890645143209445,0.6507848312265643
