{
  "config": {
    "model": "/mnt/qjhs-sh-lab-01/models/Qwen2.5-7B-Instruct",
    "dataset": "musique",
    "topk": 10,
    "rate": 0.05,
    "max_main_questions": 120,
    "max_sub_questions": 120,
    "warmup_sub_questions": 8,
    "raw_kv_cache": "/raid/home/hming/fusionrag-reflect-full-cache/Qwen2.5-7B-Instruct/musique/kv_cache",
    "preprocess_kv_cache": "/raid/home/hming/fusionrag-reflect-full-cache/Qwen2.5-7B-Instruct/musique/preprocess_kv_cache_global_topk10_bge"
  },
  "num_measured": 112,
  "full_ttft_compute_s_mean": 0.11148402307714735,
  "full_ttft_compute_s_p50": 0.11343705654144287,
  "full_ttft_compute_s_p95": 0.1517493724822998,
  "full_ttft_wall_s_mean": 0.2993179597667352,
  "full_ttft_wall_s_p50": 0.29159008082933724,
  "full_ttft_wall_s_p95": 0.3877633446827531,
  "full_exact_cache_ttft_s_mean": 0.2981125817916888,
  "full_exact_cache_ttft_s_p50": 0.2901840158738196,
  "full_exact_cache_ttft_s_p95": 0.3863054062239826,
  "fusion_ttft_compute_s_mean": 0.2080169705607529,
  "fusion_ttft_compute_s_p50": 0.2057578342501074,
  "fusion_ttft_compute_s_p95": 0.227706974837929,
  "fusion_ttft_wall_s_mean": 0.26564156704781844,
  "fusion_ttft_wall_s_p50": 0.2618505156133324,
  "fusion_ttft_wall_s_p95": 0.29964790493249893,
  "speedup_compute_mean": 0.5329853100510216,
  "ttft_reduction_pct_compute_mean": -92.98647020406055,
  "speedup_full_exact_over_fusion_compute_mean": 1.4260361212212724,
  "ttft_reduction_pct_full_exact_vs_fusion_compute_mean": 28.120292886688297,
  "speedup_wall_mean": 1.1184628881089107,
  "ttft_reduction_pct_wall_mean": 9.19080029165195,
  "fusion_storage_time_s_mean": 0.024446477290309434,
  "fusion_selection_time_s_mean": 0.1025726152500803,
  "fusion_selection_score_forward_time_s_mean": 0.10177495600406214,
  "fusion_reprocess_prefill_time_s_mean": 0.08099787802036319,
  "fusion_selected_doc_tokens_mean": 71.89285714285714,
  "fusion_reprocess_prefill_tokens_mean": 99.08928571428571,
  "full_tokens_mean": 2267.1160714285716
}