source,kind,relative_l2,diff_norm,full_norm,source_norm,cosine_source_full,num_examples,num_chunks,num_tokens
raw,hidden_layer_input,0.6957850698654814,1491143.2942573621,2143109.070370898,2299254.407876871,0.7768540551675459,10,221,167145
preprocess,hidden_layer_input,0.8074339475582643,1730419.016737496,2143109.070370898,2179787.5497199646,0.679654258057474,10,221,167145
