split,val_jaccard_r0p05,val_jaccard_r0p1,val_jaccard_r0p15,val_jaccard_r0p3,val_kl,val_recall_r0p05,val_recall_r0p1,val_recall_r0p15,val_recall_r0p3
wiki,0.2574397009103345,0.31749365252562306,0.3585358567829613,0.4349098194547366,0.008084128147363662,0.4003473684210519,0.47575789473684227,0.5227508771929819,0.6031947826086926
musique,0.3187211933113079,0.32408575799635436,0.33346696793368585,0.393846971045073,0.010401435968649649,0.467060021413031,0.4817873928892539,0.49486333874890176,0.5608841440944472
