label,rate,main_correct,main_total,main_acc,sub_correct,sub_total,sub_acc,avg_f1,avg_em,n_timing,prompt_eval_mean_s,storage_time_mean_s,selection_time_mean_s
rate1_full_attention,1.0,105,135,0.7777777777777778,218,248,0.8790322580645161,0.5691769810114732,0.22983870967741934,250,0.11671351909637451,0.0,0.0
online_qk_rate030,0.3,94,135,0.6962962962962963,197,248,0.7943548387096774,0.5103703321658923,0.1935483870967742,250,0.25837062690407037,0.02534554124251008,0.10425677097029984
online_qk_rate015,0.15,84,135,0.6222222222222222,187,248,0.7540322580645161,0.48972942891317506,0.21370967741935484,250,0.23114286382682622,0.024921747168526052,0.10323252451978623
rate0_no_doc_recompute,0.0,75,135,0.5555555555555556,173,248,0.6975806451612904,0.45261988204959563,0.16129032258064516,250,0.10109068003669382,0.025017696088179945,0.0
offline_position_boundary_rate015,0.15,71,135,0.5259259259259259,169,248,0.6814516129032258,0.4628054946684686,0.17338709677419356,250,0.12933167837560178,0.024533308301120996,0.0
offline_position_tail_rate015,0.15,79,135,0.5851851851851851,176,248,0.7096774193548387,0.4430092875826503,0.15725806451612903,251,0.1316007803921473,0.025052601857746524,0.0
offline_random_rate015,0.15,73,135,0.5407407407407407,172,248,0.6935483870967742,0.4460652881626224,0.1693548387096774,250,0.13130751704610885,0.02483325101902701,0.0
