split,val_jaccard_r0p05,val_jaccard_r0p1,val_jaccard_r0p15,val_jaccard_r0p3,val_kl,val_recall_r0p05,val_recall_r0p1,val_recall_r0p15,val_recall_r0p3
wiki,0.25782508897911405,0.31784539907835685,0.3586223558365684,0.43488933299953625,0.008085430188477039,0.4008421052631568,0.47616842105263185,0.5228666666666671,0.6031721739130411
musique,0.32060804596449877,0.32407241248259633,0.33373027832352087,0.3934123514807224,0.010403786882431838,0.46911741919391503,0.48179160294314716,0.4950712509953336,0.5603968141076159
