{"example_id": 11, "sub_q_idx": 0, "method": "DraftModel", "reprocess_method": "DraftModel", "rate": 0.1, "system_len": 792, "passages_len": [792, 34, 96, 149, 295, 140, 127, 153, 73, 90, 73, 31], "chunk_ids": [0, 1, 2, 3, 4, 5, 6, 7, 8, 9, 10], "selected_abs": [792, 793, 794, 795, 796, 797, 798, 799, 800, 801, 802, 803, 804, 805, 806, 807, 808, 809, 810, 811, 817, 818, 824, 825, 826, 827, 828, 829, 830, 831, 835, 843, 868, 875, 921, 922, 923, 924, 925, 926, 930, 931, 932, 933, 957, 958, 1019, 1031, 1062, 1070, 1071, 1072, 1073, 1074, 1075, 1077, 1080, 1230, 1365, 1366, 1367, 1368, 1369, 1370, 1371, 1372, 1373, 1374, 1375, 1376, 1377, 1378, 1379, 1380, 1381, 1382, 1383, 1448, 1505, 1506, 1507, 1508, 1509, 1510, 1511, 1514, 1517, 1518, 1519, 1520, 1521, 1522, 1523, 1549, 1555, 1631, 1632, 1633, 1634, 1635, 1636, 1637, 1638, 1641, 1642, 1665, 1666, 1682, 1686, 1785, 1786, 1787, 1788, 1789, 1790, 1791, 1819, 1830, 1832, 1858, 1859, 1860, 1861, 1862, 1865, 1867, 1868, 1869, 1884, 1893, 1948, 1949, 1950, 1951, 1952, 1953, 1955, 1956, 1957, 1958, 1959, 1967, 1970, 1971, 1976, 1977, 1984, 1987, 1990, 1997, 2001, 2017, 2021, 2022, 2023, 2024, 2025, 2026, 2027, 2028, 2029, 2030, 2031, 2032, 2033, 2034, 2035, 2036, 2037, 2038, 2039, 2040, 2041, 2042, 2043, 2044, 2045, 2046, 2047, 2048, 2049, 2050, 2051, 2052], "selected_count": 184, "selection_time": 0.12843917301506735, "selection_score_forward_time": 0.12810150801669806}