{"example_id": 21, "sub_q_idx": 0, "method": "DraftModel", "reprocess_method": "DraftModel", "rate": 0.1, "system_len": 792, "passages_len": [792, 75, 120, 212, 139, 152, 205, 148, 321, 149, 228, 31], "chunk_ids": [0, 1, 2, 3, 4, 5, 6, 7, 8, 9, 10], "selected_abs": [792, 793, 794, 795, 796, 797, 798, 799, 800, 801, 802, 803, 804, 805, 806, 809, 810, 811, 812, 813, 814, 815, 816, 817, 818, 819, 821, 822, 824, 827, 828, 829, 831, 832, 833, 836, 837, 842, 843, 844, 845, 866, 867, 868, 869, 870, 871, 872, 873, 875, 878, 880, 883, 887, 895, 899, 920, 926, 931, 951, 986, 987, 988, 989, 990, 991, 992, 993, 994, 995, 996, 1005, 1027, 1077, 1086, 1098, 1198, 1199, 1200, 1201, 1202, 1203, 1204, 1239, 1243, 1316, 1334, 1335, 1336, 1337, 1338, 1339, 1340, 1341, 1342, 1344, 1345, 1356, 1358, 1394, 1414, 1446, 1452, 1489, 1490, 1491, 1492, 1497, 1501, 1522, 1539, 1613, 1669, 1675, 1694, 1695, 1696, 1697, 1698, 1699, 1701, 1702, 1703, 1704, 1747, 1798, 1842, 1843, 1844, 1845, 1846, 1847, 1849, 1850, 1851, 1852, 1862, 2113, 2114, 2116, 2123, 2163, 2164, 2165, 2166, 2167, 2168, 2169, 2170, 2171, 2172, 2196, 2219, 2228, 2258, 2309, 2310, 2311, 2312, 2313, 2314, 2315, 2316, 2317, 2318, 2319, 2320, 2321, 2322, 2324, 2341, 2343, 2345, 2349, 2370, 2413, 2444, 2477, 2496, 2530, 2540, 2541, 2542, 2543, 2544, 2545, 2546, 2547, 2548, 2549, 2550, 2551, 2552, 2553, 2554, 2555, 2556, 2557, 2558, 2559, 2560, 2561, 2562, 2563, 2564, 2565, 2566, 2567, 2568, 2569, 2570, 2571], "selected_count": 212, "selection_time": 0.15972960999351926, "selection_score_forward_time": 0.15935216197976843}