{"example_id": 19, "sub_q_idx": 1, "method": "DraftModel", "reprocess_method": "DraftModel", "rate": 0.1, "system_len": 792, "passages_len": [792, 131, 37, 46, 137, 340, 82, 49, 125, 124, 341, 37, 131, 31], "chunk_ids": [0, 3, 2, 4, 11, 12, 7, 13, 14, 15, 16, 2, 3], "selected_abs": [792, 793, 794, 795, 796, 797, 801, 806, 808, 809, 812, 817, 837, 885, 890, 891, 896, 919, 920, 921, 922, 923, 924, 925, 926, 927, 928, 935, 951, 955, 956, 957, 958, 959, 960, 961, 962, 963, 964, 1005, 1006, 1007, 1008, 1009, 1010, 1011, 1012, 1142, 1143, 1144, 1145, 1146, 1147, 1148, 1222, 1263, 1264, 1433, 1481, 1482, 1483, 1484, 1485, 1486, 1487, 1488, 1489, 1490, 1564, 1565, 1566, 1567, 1568, 1569, 1570, 1571, 1603, 1613, 1614, 1615, 1616, 1617, 1618, 1619, 1620, 1621, 1622, 1665, 1738, 1739, 1740, 1741, 1742, 1743, 1744, 1745, 1746, 1747, 1748, 1749, 1750, 1828, 1829, 1862, 1863, 1864, 1865, 1866, 1867, 1868, 1869, 1870, 1871, 1880, 1931, 2033, 2098, 2135, 2159, 2165, 2175, 2176, 2177, 2178, 2179, 2180, 2181, 2182, 2183, 2184, 2185, 2186, 2187, 2188, 2189, 2190, 2191, 2192, 2193, 2194, 2195, 2196, 2197, 2198, 2199, 2200, 2201, 2202, 2203, 2204, 2205, 2206, 2207, 2208, 2209, 2216, 2223, 2231, 2232, 2233, 2234, 2235, 2236, 2237, 2238, 2239, 2240, 2241, 2242, 2243, 2244, 2245, 2246, 2247, 2249, 2250, 2251, 2253, 2254, 2257, 2258, 2259, 2261, 2262, 2264, 2267, 2275, 2286, 2307, 2328, 2331, 2333, 2334, 2337, 2338, 2339, 2340, 2342, 2343, 2344, 2345, 2346, 2348, 2349, 2350, 2355, 2367, 2368, 2369, 2370, 2371, 2372, 2373, 2374, 2375, 2376, 2377, 2378, 2379, 2380, 2381, 2382, 2383, 2384, 2385, 2386, 2387, 2388, 2389, 2390, 2391, 2392, 2393, 2394, 2395, 2396, 2397, 2398, 2399, 2400, 2401, 2402], "selected_count": 242, "selection_time": 0.13846531699527986, "selection_score_forward_time": 0.13810689799720421}