{"example_id": 4, "sub_q_idx": 0, "method": "DraftModel", "reprocess_method": "DraftModel", "rate": 0.1, "system_len": 792, "passages_len": [792, 96, 139, 192, 126, 265, 74, 60, 45, 79, 102, 36], "chunk_ids": [0, 1, 2, 3, 4, 5, 6, 7, 8, 9, 10], "selected_abs": [792, 793, 794, 795, 796, 797, 798, 799, 800, 801, 802, 803, 804, 805, 806, 807, 808, 809, 810, 812, 813, 814, 815, 816, 817, 818, 819, 820, 821, 822, 823, 824, 825, 826, 827, 828, 829, 830, 831, 833, 834, 835, 836, 837, 838, 839, 841, 842, 843, 847, 849, 850, 856, 861, 877, 887, 888, 889, 890, 891, 894, 895, 896, 897, 898, 899, 907, 941, 1026, 1027, 1028, 1029, 1030, 1032, 1033, 1045, 1055, 1065, 1069, 1079, 1093, 1095, 1096, 1179, 1203, 1218, 1219, 1220, 1221, 1222, 1223, 1224, 1225, 1236, 1237, 1238, 1239, 1240, 1241, 1249, 1259, 1299, 1344, 1345, 1346, 1347, 1348, 1386, 1461, 1589, 1609, 1610, 1611, 1612, 1613, 1614, 1615, 1616, 1622, 1623, 1624, 1625, 1626, 1680, 1683, 1684, 1685, 1686, 1687, 1688, 1693, 1721, 1743, 1744, 1745, 1746, 1747, 1748, 1749, 1754, 1760, 1770, 1778, 1787, 1788, 1789, 1790, 1791, 1792, 1794, 1801, 1809, 1850, 1867, 1868, 1869, 1870, 1871, 1872, 1873, 1885, 1886, 1887, 1888, 1889, 1891, 1900, 1906, 1907, 1909, 1915, 1924, 1945, 1947, 1969, 1970, 1971, 1972, 1973, 1974, 1975, 1976, 1977, 1978, 1979, 1980, 1981, 1982, 1983, 1984, 1985, 1986, 1987, 1988, 1989, 1990, 1991, 1992, 1993, 1994, 1995, 1996, 1997, 1998, 1999, 2000, 2001, 2002, 2003, 2004, 2005], "selected_count": 211, "selection_time": 0.12465416098712012, "selection_score_forward_time": 0.12428107799496502}