{"example_id": 18, "sub_q_idx": 0, "method": "DraftModel", "reprocess_method": "DraftModel", "rate": 0.1, "system_len": 792, "passages_len": [792, 106, 144, 84, 141, 113, 93, 101, 71, 120, 47, 32], "chunk_ids": [0, 1, 2, 3, 4, 5, 6, 7, 8, 9, 10], "selected_abs": [792, 793, 794, 795, 796, 797, 798, 799, 800, 801, 802, 811, 812, 813, 814, 815, 816, 818, 819, 820, 821, 827, 835, 849, 850, 851, 853, 866, 896, 897, 898, 899, 900, 901, 902, 903, 905, 906, 907, 1028, 1041, 1042, 1043, 1044, 1046, 1050, 1060, 1091, 1125, 1126, 1127, 1130, 1131, 1266, 1271, 1272, 1329, 1379, 1385, 1388, 1411, 1413, 1415, 1416, 1472, 1475, 1477, 1478, 1479, 1576, 1603, 1609, 1612, 1615, 1616, 1644, 1645, 1646, 1647, 1648, 1652, 1653, 1655, 1695, 1724, 1741, 1764, 1765, 1766, 1767, 1768, 1770, 1771, 1774, 1800, 1811, 1812, 1813, 1814, 1815, 1816, 1817, 1818, 1819, 1820, 1821, 1822, 1823, 1824, 1825, 1826, 1827, 1828, 1829, 1830, 1831, 1832, 1833, 1834, 1835, 1836, 1837, 1838, 1839, 1840, 1841, 1842, 1843], "selected_count": 128, "selection_time": 0.1244684050034266, "selection_score_forward_time": 0.12415992000023834}