{"example_id": 6, "sub_q_idx": 0, "method": "DraftModel", "reprocess_method": "DraftModel", "rate": 0.1, "system_len": 792, "passages_len": [792, 183, 84, 154, 244, 86, 49, 203, 140, 113, 148, 86, 25], "chunk_ids": [0, 1, 2, 3, 4, 5, 6, 7, 8, 9, 10, 5], "selected_abs": [792, 793, 794, 795, 796, 797, 798, 799, 800, 801, 802, 803, 804, 805, 806, 807, 822, 827, 838, 877, 974, 975, 976, 977, 978, 979, 980, 981, 985, 1015, 1016, 1017, 1056, 1057, 1058, 1059, 1060, 1061, 1062, 1063, 1064, 1065, 1066, 1067, 1068, 1069, 1070, 1071, 1072, 1073, 1212, 1213, 1214, 1215, 1216, 1218, 1219, 1220, 1414, 1456, 1457, 1458, 1459, 1460, 1461, 1462, 1463, 1464, 1465, 1466, 1467, 1468, 1469, 1470, 1473, 1474, 1475, 1476, 1477, 1478, 1488, 1489, 1490, 1500, 1512, 1521, 1538, 1542, 1543, 1544, 1545, 1546, 1547, 1548, 1552, 1554, 1555, 1556, 1557, 1591, 1592, 1593, 1594, 1595, 1597, 1598, 1599, 1672, 1794, 1795, 1796, 1797, 1798, 1799, 1800, 1801, 1802, 1808, 1810, 1811, 1842, 1887, 1896, 1934, 1935, 1936, 1937, 1938, 1939, 1940, 1941, 1942, 1943, 1944, 1946, 1947, 1948, 1949, 1961, 1965, 1996, 2002, 2047, 2048, 2049, 2050, 2051, 2052, 2053, 2054, 2055, 2056, 2063, 2069, 2134, 2148, 2149, 2150, 2151, 2152, 2153, 2176, 2177, 2178, 2179, 2180, 2181, 2182, 2183, 2184, 2185, 2186, 2187, 2188, 2189, 2190, 2191, 2192, 2193, 2194, 2195, 2196, 2197, 2198, 2199, 2200, 2201, 2202, 2203, 2204, 2205, 2206, 2207, 2208, 2209, 2210, 2211, 2212, 2213, 2214, 2215, 2216, 2217, 2224, 2225, 2226, 2227, 2228, 2229, 2233, 2236, 2238, 2239, 2240, 2241, 2244, 2250, 2251, 2252, 2260, 2261, 2266, 2267, 2268, 2269, 2276, 2277, 2280, 2281, 2282, 2283, 2284, 2285, 2286, 2287, 2288, 2289, 2290, 2291, 2292, 2293, 2294, 2295, 2296, 2297, 2298, 2299, 2300, 2301, 2302, 2303, 2304, 2305, 2306], "selected_count": 254, "selection_time": 0.13829283599625342, "selection_score_forward_time": 0.13792195098358206}