{"example_id": 9, "sub_q_idx": 0, "method": "DraftModel", "reprocess_method": "DraftModel", "rate": 0.1, "system_len": 792, "passages_len": [792, 205, 152, 321, 212, 228, 154, 139, 265, 196, 126, 29], "chunk_ids": [0, 1, 2, 3, 4, 5, 6, 7, 8, 9, 10], "selected_abs": [792, 793, 794, 795, 796, 797, 798, 799, 800, 801, 802, 803, 804, 805, 806, 807, 810, 811, 812, 813, 814, 820, 824, 830, 831, 832, 833, 835, 838, 839, 840, 841, 842, 843, 850, 864, 868, 875, 902, 914, 915, 919, 921, 950, 951, 955, 956, 957, 958, 960, 962, 963, 964, 966, 967, 968, 971, 972, 973, 974, 975, 976, 978, 979, 982, 994, 995, 996, 997, 998, 999, 1000, 1001, 1002, 1003, 1004, 1005, 1006, 1007, 1008, 1009, 1010, 1011, 1012, 1013, 1014, 1015, 1016, 1017, 1018, 1024, 1029, 1030, 1040, 1045, 1047, 1052, 1073, 1077, 1078, 1092, 1093, 1102, 1105, 1111, 1147, 1148, 1149, 1150, 1151, 1152, 1153, 1154, 1155, 1156, 1157, 1158, 1159, 1168, 1400, 1408, 1409, 1410, 1413, 1415, 1420, 1422, 1429, 1469, 1470, 1471, 1472, 1473, 1474, 1475, 1476, 1477, 1478, 1479, 1489, 1491, 1568, 1569, 1581, 1681, 1682, 1683, 1684, 1685, 1686, 1687, 1688, 1689, 1690, 1718, 1865, 1899, 1909, 1910, 1911, 1912, 1913, 1918, 2063, 2064, 2065, 2066, 2067, 2202, 2203, 2204, 2205, 2207, 2208, 2230, 2244, 2319, 2392, 2447, 2467, 2468, 2469, 2470, 2471, 2474, 2475, 2479, 2490, 2508, 2574, 2659, 2663, 2664, 2665, 2666, 2667, 2668, 2669, 2670, 2672, 2673, 2678, 2680, 2681, 2682, 2683, 2684, 2685, 2686, 2687, 2688, 2689, 2690, 2693, 2694, 2695, 2699, 2703, 2704, 2708, 2710, 2720, 2744, 2747, 2748, 2766, 2767, 2784, 2789, 2790, 2791, 2792, 2793, 2794, 2795, 2796, 2797, 2798, 2799, 2800, 2801, 2802, 2803, 2804, 2805, 2806, 2807, 2808, 2809, 2810, 2811, 2812, 2813, 2814, 2815, 2816, 2817, 2818], "selected_count": 258, "selection_time": 0.1729090859880671, "selection_score_forward_time": 0.17248944099992514}