{"example_id": 16, "sub_q_idx": 0, "method": "DraftModel", "reprocess_method": "DraftModel", "rate": 0.1, "system_len": 792, "passages_len": [792, 225, 138, 198, 183, 148, 75, 195, 80, 162, 111, 32], "chunk_ids": [0, 1, 2, 3, 4, 5, 6, 7, 8, 9, 10], "selected_abs": [792, 793, 794, 795, 796, 797, 798, 799, 800, 801, 802, 803, 804, 805, 806, 807, 822, 825, 839, 840, 841, 842, 843, 854, 857, 858, 859, 860, 864, 865, 866, 867, 869, 870, 871, 872, 873, 874, 911, 912, 938, 939, 940, 941, 942, 944, 946, 947, 949, 951, 952, 956, 957, 989, 1015, 1016, 1017, 1018, 1019, 1020, 1021, 1022, 1023, 1024, 1025, 1036, 1040, 1050, 1055, 1064, 1065, 1066, 1073, 1076, 1077, 1078, 1087, 1090, 1091, 1154, 1155, 1156, 1157, 1159, 1161, 1162, 1165, 1167, 1168, 1169, 1170, 1186, 1197, 1198, 1222, 1223, 1225, 1226, 1227, 1231, 1232, 1233, 1235, 1236, 1237, 1238, 1239, 1240, 1297, 1352, 1353, 1354, 1355, 1361, 1372, 1387, 1496, 1520, 1535, 1536, 1537, 1538, 1539, 1540, 1541, 1542, 1683, 1684, 1685, 1686, 1687, 1688, 1689, 1690, 1697, 1758, 1759, 1760, 1761, 1762, 1763, 1764, 1893, 1953, 1954, 1955, 1956, 1957, 1958, 1959, 1961, 2033, 2034, 2035, 2036, 2037, 2038, 2119, 2195, 2196, 2197, 2198, 2199, 2200, 2201, 2204, 2205, 2206, 2207, 2208, 2209, 2210, 2211, 2212, 2213, 2214, 2215, 2227, 2228, 2238, 2279, 2302, 2306, 2307, 2308, 2309, 2310, 2311, 2312, 2313, 2314, 2315, 2316, 2317, 2318, 2319, 2320, 2321, 2322, 2323, 2324, 2325, 2326, 2327, 2328, 2329, 2330, 2331, 2332, 2333, 2334, 2335, 2336, 2337, 2338], "selected_count": 215, "selection_time": 0.1376482979976572, "selection_score_forward_time": 0.13730718899751082}