{"example_id": 19, "sub_q_idx": 0, "method": "DraftModel", "reprocess_method": "DraftModel", "rate": 0.1, "system_len": 792, "passages_len": [792, 67, 37, 131, 46, 188, 190, 82, 135, 38, 120, 26], "chunk_ids": [0, 1, 2, 3, 4, 5, 6, 7, 8, 9, 10], "selected_abs": [792, 793, 794, 795, 796, 797, 798, 799, 800, 801, 802, 803, 804, 805, 806, 807, 808, 809, 817, 818, 820, 821, 822, 823, 824, 825, 826, 827, 831, 832, 838, 839, 840, 841, 842, 843, 844, 846, 847, 848, 849, 850, 851, 855, 856, 857, 858, 859, 860, 861, 862, 863, 864, 865, 869, 870, 871, 874, 875, 876, 877, 878, 879, 880, 881, 882, 883, 885, 886, 887, 888, 892, 893, 894, 895, 896, 897, 898, 899, 900, 901, 930, 941, 989, 1025, 1026, 1027, 1028, 1029, 1030, 1031, 1032, 1038, 1039, 1044, 1048, 1049, 1052, 1053, 1072, 1073, 1074, 1075, 1076, 1077, 1078, 1090, 1101, 1124, 1153, 1218, 1227, 1242, 1260, 1261, 1262, 1263, 1264, 1265, 1266, 1267, 1268, 1269, 1270, 1271, 1272, 1273, 1274, 1279, 1280, 1302, 1450, 1451, 1452, 1453, 1454, 1455, 1456, 1457, 1458, 1532, 1533, 1534, 1535, 1536, 1537, 1538, 1539, 1552, 1573, 1606, 1617, 1642, 1667, 1668, 1669, 1670, 1671, 1672, 1673, 1674, 1675, 1676, 1677, 1678, 1679, 1680, 1681, 1693, 1705, 1706, 1707, 1708, 1709, 1710, 1711, 1712, 1713, 1714, 1715, 1825, 1826, 1827, 1828, 1829, 1830, 1831, 1832, 1833, 1834, 1835, 1836, 1837, 1838, 1839, 1840, 1841, 1842, 1843, 1844, 1845, 1846, 1847, 1848, 1849, 1850, 1851], "selected_count": 207, "selection_time": 0.11781796999275684, "selection_score_forward_time": 0.11750006102374755}