{"example_id": 15, "sub_q_idx": 0, "method": "DraftModel", "reprocess_method": "DraftModel", "rate": 0.1, "system_len": 792, "passages_len": [792, 89, 104, 82, 40, 110, 68, 53, 50, 33, 49, 27], "chunk_ids": [0, 1, 2, 3, 4, 5, 6, 7, 8, 9, 10], "selected_abs": [792, 793, 794, 795, 796, 797, 798, 799, 800, 801, 802, 803, 806, 807, 808, 809, 810, 812, 813, 814, 815, 817, 819, 853, 879, 880, 881, 882, 883, 884, 894, 895, 984, 985, 986, 987, 988, 1041, 1066, 1067, 1068, 1069, 1070, 1072, 1079, 1106, 1107, 1108, 1109, 1110, 1111, 1216, 1217, 1218, 1219, 1220, 1259, 1284, 1286, 1318, 1337, 1339, 1340, 1361, 1373, 1387, 1388, 1389, 1390, 1391, 1392, 1393, 1419, 1420, 1421, 1422, 1423, 1424, 1425, 1426, 1427, 1433, 1439, 1445, 1469, 1470, 1471, 1472, 1473, 1474, 1475, 1476, 1477, 1478, 1479, 1480, 1481, 1482, 1483, 1484, 1485, 1486, 1487, 1488, 1489, 1490, 1491, 1492, 1493, 1494, 1495, 1496], "selected_count": 112, "selection_time": 0.09162478600046597, "selection_score_forward_time": 0.09134578899829648}