{"example_id": 14, "sub_q_idx": 0, "method": "DraftModel", "reprocess_method": "DraftModel", "rate": 0.1, "system_len": 792, "passages_len": [792, 144, 71, 113, 84, 141, 93, 101, 106, 93, 111, 40], "chunk_ids": [0, 1, 2, 3, 4, 5, 6, 7, 8, 9, 10], "selected_abs": [792, 793, 794, 795, 796, 797, 798, 799, 800, 801, 802, 803, 804, 805, 806, 807, 808, 922, 935, 936, 937, 938, 939, 940, 962, 963, 964, 965, 966, 967, 968, 970, 971, 976, 977, 978, 979, 1005, 1006, 1007, 1008, 1009, 1010, 1011, 1012, 1034, 1035, 1037, 1038, 1118, 1119, 1120, 1121, 1122, 1123, 1124, 1125, 1128, 1203, 1204, 1205, 1206, 1208, 1209, 1214, 1215, 1222, 1344, 1345, 1346, 1347, 1349, 1350, 1353, 1437, 1438, 1439, 1440, 1537, 1538, 1542, 1544, 1555, 1574, 1591, 1592, 1594, 1595, 1596, 1598, 1599, 1600, 1601, 1602, 1603, 1604, 1613, 1644, 1645, 1646, 1647, 1648, 1649, 1652, 1653, 1654, 1655, 1656, 1657, 1659, 1666, 1671, 1688, 1718, 1728, 1729, 1737, 1738, 1739, 1740, 1741, 1743, 1744, 1756, 1767, 1776, 1790, 1798, 1800, 1804, 1808, 1810, 1811, 1823, 1848, 1849, 1850, 1851, 1852, 1853, 1854, 1855, 1856, 1857, 1858, 1859, 1860, 1861, 1862, 1863, 1864, 1865, 1866, 1867, 1868, 1869, 1870, 1871, 1872, 1873, 1874, 1875, 1876, 1877, 1878, 1879, 1880, 1881, 1882, 1883, 1884, 1885, 1886, 1887, 1888], "selected_count": 175, "selection_time": 0.1197564379835967, "selection_score_forward_time": 0.11939910799264908}