{"example_id": 20, "sub_q_idx": 0, "method": "DraftModel", "reprocess_method": "DraftModel", "rate": 0.1, "system_len": 792, "passages_len": [792, 256, 242, 123, 92, 89, 180, 165, 136, 138, 98, 30], "chunk_ids": [0, 1, 2, 3, 4, 5, 6, 7, 8, 9, 10], "selected_abs": [792, 793, 794, 795, 796, 797, 798, 799, 800, 801, 802, 803, 804, 805, 806, 807, 812, 813, 815, 816, 817, 818, 819, 820, 821, 822, 823, 825, 831, 835, 837, 840, 844, 849, 868, 891, 892, 910, 911, 913, 932, 947, 948, 962, 1012, 1025, 1047, 1048, 1049, 1050, 1051, 1052, 1053, 1054, 1055, 1056, 1059, 1060, 1061, 1062, 1063, 1065, 1069, 1073, 1074, 1075, 1076, 1077, 1078, 1081, 1096, 1105, 1134, 1136, 1174, 1189, 1267, 1282, 1288, 1289, 1290, 1291, 1292, 1293, 1294, 1295, 1296, 1297, 1298, 1299, 1300, 1301, 1302, 1303, 1304, 1305, 1306, 1307, 1308, 1319, 1343, 1344, 1392, 1412, 1413, 1414, 1415, 1416, 1419, 1420, 1421, 1504, 1505, 1506, 1507, 1512, 1593, 1594, 1595, 1596, 1597, 1599, 1601, 1602, 1626, 1706, 1750, 1773, 1774, 1775, 1776, 1777, 1782, 1783, 1784, 1898, 1938, 1939, 1940, 1941, 1942, 1946, 1947, 1955, 2022, 2074, 2075, 2076, 2077, 2078, 2080, 2081, 2082, 2083, 2086, 2095, 2099, 2115, 2120, 2126, 2201, 2212, 2213, 2214, 2215, 2216, 2219, 2220, 2222, 2223, 2242, 2248, 2264, 2269, 2271, 2287, 2295, 2309, 2310, 2311, 2312, 2313, 2314, 2315, 2316, 2317, 2318, 2319, 2320, 2321, 2322, 2323, 2324, 2325, 2326, 2327, 2328, 2329, 2330, 2331, 2332, 2333, 2334, 2335, 2336, 2337, 2338, 2339, 2340], "selected_count": 209, "selection_time": 0.13778153801104054, "selection_score_forward_time": 0.13742127901059575}