epoch,musique_val_jaccard_r0p05,musique_val_jaccard_r0p1,musique_val_jaccard_r0p15,musique_val_jaccard_r0p3,musique_val_kl,musique_val_recall_r0p05,musique_val_recall_r0p1,musique_val_recall_r0p15,musique_val_recall_r0p3,train_loss,wiki_val_jaccard_r0p05,wiki_val_jaccard_r0p1,wiki_val_jaccard_r0p15,wiki_val_jaccard_r0p3,wiki_val_kl,wiki_val_recall_r0p05,wiki_val_recall_r0p1,wiki_val_recall_r0p15,wiki_val_recall_r0p3
0,0.35130645029233565,0.3179785748912348,0.3280097384818533,0.3885866746330795,0.010117989419585596,0.4990384204129095,0.47244736912798263,0.48708330335664496,0.5543358258674445,0.0,0.41770048159056783,0.40810602748856245,0.43423867439293573,0.4884065903829174,0.007492666598409414,0.5756578947368421,0.5707236842105263,0.6019736842105263,0.6543478260869564
1,0.350570936962894,0.3189167029460128,0.32825868532465624,0.3883955970253812,0.010118198552488411,0.498614061784838,0.47359584657054965,0.4873341966450173,0.5541227058535807,0.007519315462559462,0.42009463481637427,0.40666924587936704,0.434605344850015,0.4886973426426086,0.00749162957072258,0.5789473684210527,0.569078947368421,0.6019736842105262,0.6548913043478259
