source,kind,relative_l2,diff_norm,full_norm,source_norm,cosine_source_full,num_examples,num_chunks,num_tokens
raw,hidden_layer_input,0.7575884314948732,2527251.579253966,3335916.276159595,3673508.7618406205,0.7440522802820401,25,601,414672
preprocess,hidden_layer_input,0.7417300520555045,2474349.3531686612,3335916.276159595,3330801.8345425227,0.7244970589364255,25,601,414672
