{
  "selector": "draft",
  "rate": 0.05,
  "rows": 2,
  "detail_path": "MOTIVATION_EXPERIMENTS/real_pipeline_selector_attention_mass_smoke/detail_draft_rate0p05.csv",
  "summary": {
    "selected_tokens": {
      "mean": 64.5,
      "median": 64.5,
      "p10": 64.0,
      "p90": 65.0
    },
    "actual_rate": {
      "mean": 0.04946289995794946,
      "median": 0.04946289995794946,
      "p10": 0.04942084942084942,
      "p90": 0.04950495049504951
    },
    "selection_time_s": {
      "mean": 0.2756815506145358,
      "median": 0.2756815506145358,
      "p10": 0.12764464784413576,
      "p90": 0.42371845338493586
    },
    "selection_score_time_s": {
      "mean": 0.2746907949913293,
      "median": 0.2746907949913293,
      "p10": 0.1265552886761725,
      "p90": 0.42282630130648613
    },
    "recompute_time_s": {
      "mean": 0.28078675805591047,
      "median": 0.28078675805591047,
      "p10": 0.033480106852948666,
      "p90": 0.5280934092588723
    },
    "query_prefill_time_s": {
      "mean": 0.06971059273928404,
      "median": 0.06971059273928404,
      "p10": 0.05702411523088813,
      "p90": 0.08239707024767995
    },
    "decode_first_token_time_s": {
      "mean": 0.053732285276055336,
      "median": 0.053732285276055336,
      "p10": 0.04642606899142265,
      "p90": 0.06103850156068802
    },
    "query_mass_all_layer_mean": {
      "mean": 0.10269658285744337,
      "median": 0.10269658285744337,
      "p10": 0.0954535151014523,
      "p90": 0.10993965061343447
    },
    "query_mass_last_layer": {
      "mean": 0.1068492251557189,
      "median": 0.1068492251557189,
      "p10": 0.07981478827340262,
      "p90": 0.1338836620380352
    },
    "decode_mass_all_layer_mean": {
      "mean": 0.1059738580061465,
      "median": 0.1059738580061465,
      "p10": 0.10035620021576785,
      "p90": 0.11159151579652515
    },
    "decode_mass_last_layer": {
      "mean": 0.1341798050062997,
      "median": 0.1341798050062997,
      "p10": 0.056966934885297506,
      "p90": 0.2113926751273019
    }
  },
  "config": {
    "selector": "draft",
    "rate": 0.05,
    "model_path": "/mnt/qjhs-sh-lab-01/models/Qwen2.5-7B-Instruct",
    "draft_model_path": "/mnt/qjhs-sh-lab-01/models/Qwen2.5-3B-Instruct",
    "model_name": "Qwen2.5-7B-Instruct",
    "model_type": "qwen2",
    "data_path": "./data/result_reflect.json",
    "dataset_name": "musique",
    "cache_path": "/raid/home/hming/fusionrag-reflect-full-cache",
    "bge_model_path": "/mnt/qjhs-sh-lab-01/models/bge-m3",
    "output_dir": "MOTIVATION_EXPERIMENTS/real_pipeline_selector_attention_mass_smoke",
    "device": "cuda:0",
    "topk": 10,
    "max_main_questions": 3,
    "max_sub_questions": 2,
    "rrf_k": 18,
    "threshold_factor": 0.5,
    "seed": 42,
    "log_every": 10
  },
  "note": "attention mass is computed by full-softmax diagnostic using the current KV after selected-token recomputation"
}