{"example_id": 126, "sub_q_idx": 0, "method": "DraftModel", "reprocess_method": "DraftModel", "rate": 0.1, "system_len": 792, "passages_len": [792, 204, 91, 102, 305, 84, 95, 96, 80, 87, 170, 30], "chunk_ids": [0, 1, 2, 3, 4, 5, 6, 7, 8, 9, 10], "selected_abs": [792, 793, 794, 795, 796, 797, 798, 799, 800, 801, 802, 803, 804, 805, 806, 808, 811, 817, 818, 819, 820, 826, 829, 830, 831, 832, 833, 834, 835, 837, 839, 846, 847, 860, 865, 866, 870, 877, 888, 892, 895, 963, 978, 994, 995, 996, 997, 998, 999, 1004, 1006, 1007, 1022, 1076, 1085, 1086, 1087, 1088, 1089, 1090, 1094, 1116, 1127, 1137, 1148, 1152, 1155, 1173, 1188, 1189, 1190, 1191, 1198, 1208, 1239, 1326, 1427, 1449, 1493, 1494, 1495, 1496, 1497, 1498, 1499, 1500, 1504, 1514, 1517, 1518, 1519, 1520, 1521, 1561, 1564, 1577, 1578, 1579, 1580, 1592, 1601, 1608, 1613, 1672, 1673, 1674, 1675, 1676, 1696, 1768, 1769, 1770, 1771, 1777, 1778, 1779, 1785, 1795, 1848, 1849, 1850, 1851, 1852, 1854, 1855, 1882, 1935, 1936, 1937, 1938, 1941, 1950, 1956, 1958, 1965, 1974, 1975, 2000, 2046, 2091, 2100, 2105, 2106, 2107, 2108, 2109, 2110, 2111, 2112, 2113, 2114, 2115, 2116, 2117, 2118, 2119, 2120, 2121, 2122, 2123, 2124, 2125, 2126, 2127, 2128, 2129, 2130, 2131, 2132, 2133, 2134, 2135], "selected_count": 172, "selection_time": 0.06655815898557194, "selection_score_forward_time": 0.06619535002391785}