{"example_id": 131, "sub_q_idx": 1, "method": "DraftModel", "reprocess_method": "DraftModel", "rate": 0.1, "system_len": 792, "passages_len": [792, 115, 189, 45, 57, 84, 33, 56, 87, 72, 186, 115, 189, 28], "chunk_ids": [0, 1, 11, 12, 13, 14, 15, 16, 17, 18, 19, 1, 11], "selected_abs": [792, 793, 794, 795, 796, 797, 798, 799, 800, 801, 802, 806, 807, 808, 809, 810, 811, 813, 814, 815, 816, 817, 818, 819, 820, 821, 822, 832, 833, 834, 835, 836, 839, 840, 841, 842, 843, 855, 880, 883, 905, 906, 907, 908, 909, 910, 911, 912, 925, 998, 1056, 1095, 1096, 1097, 1098, 1099, 1100, 1101, 1107, 1111, 1119, 1140, 1141, 1142, 1143, 1144, 1145, 1147, 1175, 1179, 1197, 1198, 1199, 1200, 1201, 1202, 1203, 1211, 1215, 1216, 1272, 1281, 1282, 1283, 1284, 1299, 1314, 1315, 1316, 1317, 1318, 1319, 1320, 1321, 1322, 1323, 1324, 1325, 1335, 1347, 1370, 1371, 1372, 1373, 1374, 1375, 1376, 1377, 1378, 1379, 1427, 1443, 1457, 1458, 1459, 1460, 1461, 1462, 1463, 1464, 1465, 1466, 1467, 1468, 1498, 1529, 1530, 1531, 1532, 1533, 1534, 1535, 1536, 1537, 1538, 1553, 1560, 1627, 1666, 1671, 1672, 1673, 1674, 1675, 1676, 1677, 1678, 1679, 1680, 1681, 1682, 1683, 1684, 1701, 1702, 1703, 1704, 1705, 1706, 1707, 1708, 1709, 1710, 1711, 1712, 1713, 1714, 1715, 1716, 1717, 1718, 1719, 1720, 1721, 1722, 1723, 1724, 1725, 1726, 1728, 1730, 1731, 1732, 1733, 1734, 1735, 1737, 1738, 1739, 1740, 1741, 1742, 1743, 1744, 1745, 1746, 1756, 1757, 1758, 1759, 1760, 1763, 1764, 1765, 1766, 1767, 1779, 1781, 1804, 1806, 1807, 1814, 1829, 1830, 1831, 1832, 1833, 1834, 1835, 1836, 1837, 1839, 1840, 1843, 1848, 1849, 1853, 1857, 1866, 1869, 1886, 1890, 1907, 1911, 1918, 1922, 1934, 1935, 1969, 1974, 1975, 1980, 1993, 2001, 2005, 2019, 2020, 2021, 2022, 2023, 2024, 2025, 2026, 2027, 2028, 2029, 2030, 2031, 2032, 2033, 2034, 2035, 2036, 2037, 2038, 2039, 2040, 2041, 2042, 2043, 2044, 2045, 2046, 2047], "selected_count": 274, "selection_time": 0.06413275800878182, "selection_score_forward_time": 0.06377093199989758}