{"example_id": 145, "sub_q_idx": 1, "method": "DraftModel", "reprocess_method": "DraftModel", "rate": 0.1, "system_len": 792, "passages_len": [792, 150, 109, 310, 84, 66, 124, 60, 78, 75, 86, 109, 150, 29], "chunk_ids": [0, 2, 1, 11, 12, 13, 14, 15, 16, 17, 18, 1, 2], "selected_abs": [792, 793, 794, 795, 797, 798, 800, 801, 802, 806, 808, 814, 815, 822, 823, 830, 850, 853, 854, 865, 876, 895, 898, 915, 922, 941, 942, 943, 944, 945, 946, 947, 948, 949, 950, 951, 952, 953, 954, 955, 956, 957, 958, 959, 960, 961, 962, 963, 1030, 1050, 1051, 1052, 1054, 1055, 1061, 1066, 1134, 1138, 1160, 1166, 1173, 1238, 1256, 1280, 1360, 1361, 1362, 1363, 1364, 1365, 1366, 1367, 1368, 1377, 1393, 1441, 1444, 1445, 1446, 1447, 1448, 1449, 1450, 1451, 1452, 1453, 1454, 1462, 1464, 1467, 1468, 1481, 1483, 1509, 1510, 1511, 1512, 1513, 1514, 1516, 1517, 1518, 1538, 1552, 1556, 1569, 1634, 1635, 1636, 1637, 1638, 1639, 1640, 1641, 1642, 1643, 1644, 1654, 1656, 1667, 1694, 1695, 1696, 1697, 1698, 1708, 1711, 1741, 1772, 1773, 1774, 1775, 1776, 1777, 1778, 1779, 1780, 1786, 1795, 1799, 1809, 1812, 1846, 1847, 1848, 1849, 1850, 1851, 1852, 1853, 1854, 1855, 1856, 1857, 1858, 1859, 1860, 1861, 1862, 1863, 1864, 1865, 1866, 1867, 1868, 1869, 1870, 1871, 1894, 1895, 1896, 1897, 1898, 1899, 1900, 1901, 1902, 1903, 1904, 1923, 1924, 1925, 1926, 1927, 1928, 1929, 1930, 1931, 1932, 1933, 1934, 1935, 1936, 1937, 1938, 1939, 1940, 1941, 1942, 1943, 1944, 1945, 1946, 1947, 1948, 1949, 1950, 1951, 1952, 1953, 1954, 1955, 2001, 2042, 2043, 2044, 2045, 2046, 2047, 2048, 2049, 2050, 2052, 2057, 2064, 2065, 2066, 2069, 2074, 2116, 2135, 2166, 2180, 2181, 2192, 2193, 2194, 2195, 2196, 2197, 2198, 2199, 2200, 2201, 2202, 2203, 2204, 2205, 2206, 2207, 2208, 2209, 2210, 2211, 2212, 2213, 2214, 2215, 2216, 2217, 2218, 2219, 2220, 2221], "selected_count": 264, "selection_time": 0.06837270798860118, "selection_score_forward_time": 0.06802244301070459}