{"example_id": 142, "sub_q_idx": 0, "method": "DraftModel", "reprocess_method": "DraftModel", "rate": 0.1, "system_len": 792, "passages_len": [792, 263, 140, 213, 162, 72, 146, 204, 233, 202, 155, 31], "chunk_ids": [0, 1, 2, 3, 4, 5, 6, 7, 8, 9, 10], "selected_abs": [792, 793, 794, 795, 796, 797, 798, 799, 800, 801, 805, 806, 807, 808, 809, 810, 827, 828, 829, 830, 831, 832, 862, 914, 915, 916, 917, 970, 1007, 1053, 1054, 1055, 1056, 1057, 1058, 1059, 1060, 1061, 1062, 1063, 1072, 1079, 1116, 1152, 1177, 1178, 1180, 1194, 1195, 1196, 1197, 1198, 1199, 1200, 1204, 1215, 1216, 1220, 1223, 1226, 1238, 1246, 1248, 1249, 1332, 1356, 1407, 1408, 1409, 1410, 1411, 1412, 1413, 1414, 1415, 1416, 1420, 1447, 1456, 1569, 1570, 1571, 1572, 1573, 1574, 1575, 1576, 1577, 1580, 1629, 1641, 1642, 1643, 1644, 1645, 1646, 1647, 1648, 1650, 1651, 1652, 1653, 1661, 1673, 1691, 1696, 1730, 1755, 1787, 1788, 1789, 1790, 1791, 1792, 1793, 1794, 1795, 1796, 1797, 1814, 1851, 1931, 1932, 1934, 1953, 1958, 1991, 1992, 1993, 1994, 1995, 1996, 1997, 1998, 2022, 2042, 2059, 2066, 2129, 2133, 2224, 2225, 2226, 2227, 2228, 2229, 2230, 2231, 2232, 2233, 2234, 2244, 2245, 2246, 2247, 2248, 2249, 2250, 2252, 2253, 2254, 2259, 2315, 2316, 2348, 2410, 2426, 2427, 2428, 2429, 2430, 2431, 2432, 2433, 2434, 2435, 2437, 2438, 2441, 2444, 2451, 2455, 2458, 2465, 2466, 2472, 2487, 2488, 2489, 2498, 2501, 2505, 2511, 2512, 2514, 2540, 2541, 2542, 2553, 2559, 2560, 2562, 2563, 2564, 2565, 2567, 2569, 2572, 2576, 2577, 2579, 2581, 2582, 2583, 2584, 2585, 2586, 2587, 2588, 2589, 2590, 2591, 2592, 2593, 2594, 2595, 2596, 2597, 2598, 2599, 2600, 2601, 2602, 2603, 2604, 2605, 2606, 2607, 2608, 2609, 2610, 2611, 2612], "selected_count": 243, "selection_time": 0.08340223101549782, "selection_score_forward_time": 0.08305579901207238}