{"example_id": 130, "sub_q_idx": 0, "method": "DraftModel", "reprocess_method": "DraftModel", "rate": 0.1, "system_len": 792, "passages_len": [792, 66, 78, 124, 107, 61, 57, 111, 41, 158, 147, 28], "chunk_ids": [0, 1, 2, 3, 4, 5, 6, 7, 8, 9, 10], "selected_abs": [792, 793, 794, 795, 796, 797, 798, 799, 800, 801, 802, 803, 804, 805, 806, 808, 809, 810, 811, 812, 813, 815, 817, 818, 819, 821, 823, 828, 830, 847, 848, 856, 857, 858, 859, 860, 861, 862, 863, 872, 876, 934, 935, 936, 937, 938, 940, 941, 942, 952, 1031, 1055, 1059, 1060, 1061, 1062, 1162, 1166, 1167, 1168, 1169, 1170, 1171, 1172, 1173, 1174, 1175, 1188, 1192, 1227, 1228, 1229, 1236, 1237, 1283, 1284, 1285, 1286, 1287, 1288, 1291, 1302, 1303, 1304, 1350, 1351, 1391, 1395, 1396, 1397, 1398, 1399, 1400, 1405, 1410, 1423, 1436, 1437, 1438, 1439, 1443, 1463, 1552, 1594, 1595, 1596, 1597, 1600, 1719, 1741, 1742, 1743, 1744, 1745, 1746, 1747, 1748, 1749, 1750, 1751, 1752, 1753, 1754, 1755, 1756, 1757, 1758, 1759, 1760, 1761, 1762, 1763, 1764, 1765, 1766, 1767, 1768, 1769], "selected_count": 138, "selection_time": 0.05439147900324315, "selection_score_forward_time": 0.05408342301961966}