{"example_id": 127, "sub_q_idx": 0, "method": "DraftModel", "reprocess_method": "DraftModel", "rate": 0.1, "system_len": 792, "passages_len": [792, 67, 58, 130, 112, 111, 149, 94, 76, 49, 116, 67, 25], "chunk_ids": [0, 1, 2, 3, 4, 5, 6, 7, 8, 9, 10, 1], "selected_abs": [792, 793, 794, 795, 796, 797, 798, 799, 800, 801, 802, 803, 810, 816, 819, 829, 830, 831, 832, 833, 835, 836, 837, 838, 839, 840, 841, 858, 859, 860, 872, 893, 916, 917, 920, 921, 949, 953, 964, 968, 982, 1001, 1046, 1047, 1048, 1049, 1050, 1051, 1052, 1053, 1054, 1055, 1056, 1158, 1159, 1160, 1168, 1193, 1269, 1270, 1287, 1364, 1389, 1392, 1418, 1419, 1420, 1421, 1422, 1423, 1424, 1425, 1426, 1427, 1455, 1487, 1512, 1513, 1514, 1515, 1516, 1517, 1559, 1588, 1589, 1590, 1591, 1592, 1593, 1594, 1595, 1596, 1623, 1624, 1625, 1637, 1638, 1639, 1640, 1641, 1642, 1643, 1644, 1645, 1646, 1647, 1648, 1649, 1650, 1651, 1652, 1653, 1654, 1679, 1722, 1740, 1741, 1742, 1743, 1744, 1745, 1746, 1747, 1748, 1749, 1750, 1751, 1752, 1753, 1754, 1755, 1756, 1757, 1758, 1759, 1760, 1761, 1762, 1763, 1764, 1765, 1766, 1767, 1768, 1769, 1770, 1771, 1772, 1773, 1777, 1778, 1780, 1781, 1789, 1791, 1792, 1793, 1794, 1795, 1796, 1797, 1798, 1799, 1800, 1801, 1802, 1803, 1804, 1811, 1812, 1820, 1821, 1822, 1823, 1824, 1825, 1826, 1827, 1828, 1829, 1830, 1831, 1832, 1833, 1834, 1835, 1836, 1837, 1838, 1839, 1840, 1841, 1842, 1843, 1844, 1845], "selected_count": 196, "selection_time": 0.06165954199968837, "selection_score_forward_time": 0.06131814600666985}