split,val_jaccard_r0p05,val_jaccard_r0p1,val_jaccard_r0p15,val_jaccard_r0p3,val_kl,val_recall_r0p05,val_recall_r0p1,val_recall_r0p15,val_recall_r0p3
wiki,0.26139040781291856,0.3199667614572352,0.36817194620846105,0.4329470009589657,0.008322550471872091,0.40705263157894755,0.47936842105263255,0.5334035087719295,0.6010521739130499
musique,0.25144502450642586,0.23439779115201867,0.2330325050074799,0.2850816739369414,0.010724160629902443,0.3783626843541317,0.3660773887712977,0.3696463856815819,0.4359997407259258
