online_ref,offline,n,avg_jaccard,avg_online_recall_by_offline,avg_offline_precision_vs_online,avg_offline_size,avg_online_size,avg_inter
online_draft_in_offline10_residual_run,offline20_old_base,250,0.5062616365582252,0.7254755405471612,0.6263224646987158,294.368,249.52,183.112
online_draft_in_offline10_residual_run,offline10_old_base,250,0.5731462055820422,0.5731462055820422,1.0,148.036,249.52,148.036
online_draft_in_offline10_residual_run,offline_hybrid70_rate015,250,0.3686700562446255,0.5012611553001753,0.5901866778078199,208.744,249.52,122.672
online_draft_in_offline10_residual_run,offline15_docgen_mean_score,250,0.2954892773659192,0.4247836484495411,0.5003366866812217,208.744,249.52,104.068
online_draft_in_offline10_residual_run,offline15_docgen_frequency,250,0.293213310814593,0.42082721557465735,0.49852850710718677,208.744,249.52,104.188
online_draft_in_offline10_residual_run,offline10_docgen,250,0.24963032141284747,0.31266799148775043,0.5582668573945494,137.668,249.52,77.708
