method,n_doc_tokens_selected,global_pos_mean,global_pos_p25,global_pos_p50,global_pos_p75,chunk_pos_mean,chunk_pos_p25,chunk_pos_p50,chunk_pos_p75
docgen_offline10,137.668,0.47065698676113726,0.22686020127857764,0.4666472895563588,0.7111720876123155,0.33729734945770096,0.03189459325168673,0.13646411446284895,0.6589593684446111
old_offline10,148.036,0.4666170912100928,0.2104319271696786,0.49993622901460794,0.7017570017511345,0.26711997129762755,0.026557971654096384,0.0968838719949349,0.41980705026287796
online_draft10,142.18,0.4623414458066965,0.11111491587479777,0.48827634576042767,0.7889384529882798,0.2775567336566206,0.045206735757602375,0.17005361379787856,0.42480147744364055
