source,kind,relative_l2,diff_norm,full_norm,source_norm,cosine_source_full,num_examples,num_chunks,num_tokens
raw,hidden_layer_input,0.7203473579148745,2413993.857608727,3351152.5114721055,3633188.1655699345,0.7639569394432687,25,616,416837
preprocess,hidden_layer_input,0.718739895704937,2408607.006586799,3351152.5114721055,3339983.652295,0.7408483290090552,25,616,416837
