{"example_id": 84, "sub_q_idx": 1, "method": "FusionRAG", "reprocess_method": "FusionRAG", "rate": 0.15, "system_len": 792, "passages_len": [792, 64, 87, 103, 152, 52, 192, 84, 132, 112, 141, 50, 87, 27], "chunk_ids": [0, 11, 12, 13, 14, 15, 16, 17, 18, 19, 20, 1, 12], "selected_abs": [792, 793, 794, 795, 796, 797, 798, 799, 800, 803, 829, 837, 855, 856, 857, 858, 859, 860, 861, 862, 863, 864, 865, 866, 879, 880, 901, 942, 943, 944, 945, 947, 950, 951, 952, 953, 954, 956, 967, 971, 1045, 1046, 1047, 1048, 1049, 1050, 1051, 1052, 1056, 1060, 1061, 1089, 1101, 1102, 1119, 1139, 1180, 1197, 1198, 1199, 1200, 1201, 1202, 1203, 1204, 1205, 1210, 1220, 1225, 1248, 1249, 1250, 1251, 1252, 1253, 1254, 1255, 1256, 1263, 1286, 1287, 1330, 1360, 1364, 1411, 1441, 1442, 1443, 1444, 1445, 1446, 1448, 1449, 1450, 1451, 1459, 1466, 1476, 1485, 1486, 1507, 1523, 1524, 1525, 1526, 1527, 1528, 1529, 1530, 1532, 1533, 1534, 1535, 1536, 1537, 1538, 1584, 1597, 1657, 1658, 1659, 1660, 1661, 1662, 1663, 1664, 1665, 1666, 1673, 1675, 1701, 1720, 1757, 1768, 1769, 1770, 1771, 1772, 1773, 1774, 1775, 1776, 1777, 1778, 1779, 1780, 1781, 1782, 1783, 1784, 1785, 1786, 1787, 1788, 1789, 1790, 1791, 1792, 1793, 1823, 1824, 1825, 1874, 1875, 1876, 1877, 1878, 1880, 1881, 1882, 1883, 1884, 1885, 1886, 1887, 1888, 1889, 1890, 1891, 1892, 1893, 1894, 1895, 1896, 1897, 1898, 1899, 1900, 1901, 1902, 1903, 1904, 1905, 1906, 1907, 1908, 1909, 1910, 1911, 1912, 1913, 1914, 1915, 1916, 1917, 1918, 1919, 1920, 1921, 1922, 1923, 1924, 1925, 1926, 1927, 1928, 1929, 1930, 1934, 1937, 1939, 1940, 1941, 1942, 1943, 1959, 1960, 1961, 1962, 1963, 1964, 1965, 1966, 1967, 1968, 1969, 1970, 1971, 1984, 1985, 2006, 2047, 2048, 2049, 2050, 2051, 2052, 2053, 2054, 2055, 2056, 2057, 2058, 2059, 2060, 2061, 2062, 2063, 2064, 2065, 2066, 2067, 2068, 2069, 2070, 2071, 2072, 2073, 2074], "selected_count": 269, "selection_time": 0.00462335700285621, "selection_score_forward_time": 0.0041355210123583674}