{"example_id": 90, "sub_q_idx": 0, "method": "FusionRAG", "reprocess_method": "FusionRAG", "rate": 0.15, "system_len": 792, "passages_len": [792, 101, 206, 103, 188, 136, 129, 202, 138, 188, 229, 27], "chunk_ids": [0, 1, 2, 3, 4, 5, 6, 7, 8, 9, 10], "selected_abs": [792, 793, 794, 795, 796, 797, 798, 799, 800, 801, 802, 803, 804, 835, 850, 891, 892, 893, 894, 895, 896, 897, 898, 899, 900, 901, 904, 914, 915, 926, 958, 991, 1054, 1080, 1098, 1099, 1100, 1101, 1102, 1103, 1104, 1105, 1111, 1112, 1113, 1117, 1118, 1138, 1165, 1197, 1201, 1202, 1203, 1204, 1205, 1206, 1207, 1209, 1210, 1211, 1226, 1230, 1262, 1389, 1390, 1391, 1392, 1393, 1420, 1424, 1460, 1525, 1526, 1527, 1528, 1529, 1530, 1539, 1548, 1554, 1558, 1588, 1631, 1643, 1655, 1657, 1660, 1661, 1697, 1722, 1749, 1794, 1856, 1857, 1858, 1859, 1860, 1861, 1862, 1863, 1866, 1867, 1868, 1869, 1891, 1969, 1995, 1997, 1998, 1999, 2012, 2055, 2088, 2103, 2182, 2183, 2184, 2185, 2186, 2187, 2188, 2189, 2190, 2192, 2193, 2203, 2217, 2218, 2248, 2288, 2385, 2388, 2411, 2412, 2413, 2414, 2415, 2416, 2417, 2418, 2419, 2420, 2421, 2422, 2423, 2424, 2425, 2426, 2427, 2428, 2429, 2430, 2431, 2432, 2433, 2434, 2435, 2436, 2437, 2438], "selected_count": 160, "selection_time": 0.005862841004272923, "selection_score_forward_time": 0.00538764800876379}