{"example_id": 96, "sub_q_idx": 0, "method": "FusionRAG", "reprocess_method": "FusionRAG", "rate": 0.15, "system_len": 792, "passages_len": [792, 30, 91, 56, 126, 71, 203, 146, 119, 127, 116, 28], "chunk_ids": [0, 1, 2, 3, 4, 5, 6, 7, 8, 9, 10], "selected_abs": [792, 793, 794, 795, 796, 797, 798, 799, 800, 801, 802, 803, 804, 805, 806, 807, 808, 809, 810, 811, 812, 813, 814, 815, 816, 818, 819, 820, 821, 822, 823, 824, 825, 826, 827, 828, 829, 831, 833, 837, 846, 879, 882, 912, 913, 914, 915, 916, 917, 919, 920, 921, 922, 923, 933, 964, 967, 968, 969, 970, 971, 972, 973, 974, 975, 976, 977, 978, 979, 980, 985, 1012, 1013, 1019, 1070, 1094, 1095, 1096, 1097, 1098, 1099, 1100, 1105, 1129, 1147, 1166, 1167, 1168, 1172, 1173, 1195, 1196, 1241, 1335, 1340, 1368, 1369, 1370, 1371, 1372, 1373, 1374, 1375, 1376, 1377, 1399, 1461, 1462, 1468, 1479, 1480, 1481, 1514, 1515, 1516, 1517, 1518, 1519, 1520, 1521, 1543, 1563, 1597, 1600, 1633, 1634, 1635, 1636, 1637, 1640, 1641, 1644, 1656, 1685, 1699, 1703, 1721, 1722, 1746, 1760, 1761, 1762, 1763, 1764, 1765, 1766, 1782, 1783, 1784, 1800, 1835, 1839, 1862, 1876, 1877, 1878, 1879, 1880, 1881, 1882, 1883, 1884, 1885, 1886, 1887, 1888, 1889, 1890, 1891, 1892, 1893, 1894, 1895, 1896, 1897, 1898, 1899, 1900, 1901, 1902, 1903, 1904], "selected_count": 182, "selection_time": 0.004338273982284591, "selection_score_forward_time": 0.0038985500286798924}