{"example_id": 89, "sub_q_idx": 1, "method": "FusionRAG", "reprocess_method": "FusionRAG", "rate": 0.15, "system_len": 792, "passages_len": [792, 51, 91, 107, 147, 130, 77, 149, 116, 297, 70, 107, 138, 51, 91, 28], "chunk_ids": [0, 11, 8, 1, 12, 13, 14, 15, 16, 17, 18, 1, 2, 11, 8], "selected_abs": [792, 793, 794, 795, 796, 797, 798, 799, 809, 810, 830, 831, 841, 842, 843, 844, 845, 846, 847, 848, 849, 850, 851, 857, 880, 881, 882, 891, 933, 934, 935, 936, 937, 938, 939, 940, 941, 942, 943, 944, 945, 946, 947, 948, 949, 950, 951, 952, 953, 954, 955, 956, 964, 985, 986, 987, 988, 1011, 1028, 1039, 1040, 1041, 1042, 1043, 1044, 1045, 1046, 1047, 1054, 1061, 1071, 1100, 1119, 1130, 1187, 1188, 1189, 1190, 1191, 1192, 1193, 1194, 1202, 1225, 1226, 1227, 1228, 1229, 1239, 1252, 1282, 1316, 1317, 1318, 1319, 1320, 1321, 1322, 1332, 1333, 1343, 1375, 1376, 1390, 1394, 1395, 1396, 1397, 1398, 1399, 1400, 1401, 1402, 1405, 1406, 1408, 1416, 1429, 1450, 1451, 1496, 1542, 1543, 1544, 1545, 1546, 1547, 1548, 1549, 1550, 1551, 1557, 1568, 1573, 1606, 1632, 1633, 1642, 1648, 1650, 1659, 1660, 1661, 1662, 1663, 1664, 1665, 1666, 1676, 1694, 1695, 1714, 1718, 1724, 1740, 1790, 1867, 1906, 1907, 1908, 1909, 1910, 1914, 1915, 1933, 1934, 1935, 1937, 1942, 1955, 1956, 1957, 1958, 1959, 1960, 1961, 1962, 1963, 1964, 1965, 1966, 1967, 1968, 1969, 1970, 1971, 1972, 1973, 1974, 1975, 1976, 1977, 1981, 1982, 1983, 1984, 1985, 1986, 1987, 1988, 1993, 1994, 1995, 1996, 1997, 1998, 1999, 2000, 2001, 2002, 2003, 2004, 2005, 2006, 2007, 2008, 2009, 2010, 2011, 2012, 2013, 2014, 2015, 2016, 2017, 2018, 2019, 2020, 2021, 2022, 2023, 2024, 2025, 2026, 2027, 2028, 2029, 2030, 2031, 2032, 2033, 2034, 2035, 2036, 2037, 2038, 2039, 2040, 2041, 2042, 2043, 2044, 2045, 2046, 2047, 2048, 2049, 2057, 2078, 2079, 2080, 2081, 2104, 2121, 2132, 2133, 2134, 2135, 2136, 2137, 2138, 2139, 2142, 2143, 2144, 2145, 2146, 2147, 2148, 2149, 2171, 2209, 2239, 2240, 2242, 2271, 2272, 2273, 2274, 2275, 2276, 2277, 2278, 2279, 2289, 2290, 2310, 2311, 2321, 2322, 2323, 2324, 2325, 2326, 2327, 2328, 2329, 2330, 2331, 2337, 2361, 2362, 2371, 2413, 2414, 2415, 2416, 2417, 2418, 2419, 2420, 2421, 2422, 2423, 2424, 2425, 2426, 2427, 2428, 2429, 2430, 2431, 2432, 2433, 2434, 2435, 2436, 2437, 2438, 2439, 2440, 2441], "selected_count": 342, "selection_time": 0.005090513004688546, "selection_score_forward_time": 0.004589338001096621}