{"example_id": 81, "sub_q_idx": 1, "method": "FusionRAG", "reprocess_method": "FusionRAG", "rate": 0.15, "system_len": 792, "passages_len": [792, 126, 147, 111, 41, 177, 173, 101, 70, 171, 89, 41, 126, 147, 111, 31], "chunk_ids": [0, 11, 2, 12, 1, 13, 14, 15, 16, 17, 18, 1, 11, 2, 12], "selected_abs": [792, 793, 794, 795, 803, 804, 806, 807, 808, 811, 812, 852, 882, 894, 898, 899, 917, 918, 919, 920, 921, 922, 930, 937, 992, 1018, 1045, 1061, 1062, 1063, 1064, 1065, 1066, 1067, 1068, 1069, 1070, 1071, 1072, 1073, 1076, 1077, 1083, 1094, 1099, 1144, 1175, 1176, 1177, 1178, 1179, 1180, 1181, 1182, 1183, 1184, 1185, 1186, 1187, 1188, 1189, 1190, 1191, 1192, 1193, 1194, 1195, 1196, 1201, 1204, 1215, 1216, 1217, 1218, 1219, 1220, 1221, 1222, 1223, 1224, 1231, 1242, 1274, 1275, 1292, 1344, 1374, 1393, 1394, 1395, 1396, 1397, 1400, 1401, 1402, 1403, 1404, 1405, 1406, 1417, 1421, 1479, 1480, 1504, 1534, 1566, 1567, 1568, 1569, 1570, 1572, 1573, 1580, 1603, 1604, 1666, 1667, 1668, 1669, 1670, 1671, 1673, 1674, 1681, 1711, 1712, 1736, 1737, 1738, 1739, 1740, 1741, 1742, 1743, 1744, 1745, 1746, 1747, 1748, 1749, 1750, 1751, 1752, 1755, 1783, 1804, 1843, 1864, 1872, 1908, 1909, 1910, 1911, 1912, 1913, 1914, 1915, 1916, 1917, 1918, 1919, 1920, 1921, 1922, 1923, 1924, 1930, 1931, 1932, 1933, 1934, 1935, 1936, 1937, 1938, 1939, 1940, 1941, 1942, 1943, 1944, 1945, 1946, 1947, 1948, 1949, 1950, 1952, 1956, 1957, 1958, 1959, 1960, 1961, 1962, 1963, 1964, 1965, 1966, 1967, 1968, 1969, 1970, 1971, 1972, 1973, 1974, 1976, 1978, 1979, 1980, 1981, 1982, 1983, 1985, 1986, 1987, 1988, 1989, 1990, 1991, 1992, 1993, 1994, 1995, 1996, 1997, 1998, 1999, 2000, 2001, 2002, 2003, 2004, 2005, 2006, 2007, 2008, 2009, 2010, 2011, 2012, 2013, 2014, 2015, 2016, 2017, 2018, 2023, 2026, 2037, 2038, 2039, 2040, 2041, 2042, 2050, 2051, 2053, 2054, 2055, 2058, 2059, 2099, 2129, 2141, 2145, 2146, 2164, 2165, 2166, 2167, 2168, 2169, 2177, 2184, 2239, 2265, 2292, 2308, 2310, 2311, 2312, 2313, 2314, 2315, 2316, 2318, 2319, 2320, 2323, 2324, 2330, 2341, 2346, 2391, 2422, 2423, 2424, 2425, 2426, 2427, 2428, 2429, 2430, 2431, 2432, 2433, 2434, 2435, 2436, 2437, 2438, 2439, 2440, 2441, 2442, 2443, 2444, 2445, 2446, 2447, 2448, 2449, 2450, 2451, 2452, 2453], "selected_count": 328, "selection_time": 0.0047845200169831514, "selection_score_forward_time": 0.004290562006644905}