{"example_id": 84, "sub_q_idx": 0, "method": "FusionRAG", "reprocess_method": "FusionRAG", "rate": 0.15, "system_len": 792, "passages_len": [792, 50, 103, 254, 107, 160, 71, 69, 144, 154, 163, 32], "chunk_ids": [0, 1, 2, 3, 4, 5, 6, 7, 8, 9, 10], "selected_abs": [792, 793, 794, 795, 796, 797, 798, 799, 800, 801, 802, 803, 804, 805, 806, 807, 808, 809, 810, 811, 818, 820, 821, 822, 823, 824, 840, 841, 842, 843, 844, 845, 846, 847, 848, 854, 894, 895, 920, 944, 945, 946, 947, 948, 949, 950, 952, 953, 968, 1049, 1050, 1051, 1068, 1098, 1128, 1129, 1197, 1198, 1199, 1200, 1201, 1202, 1204, 1205, 1210, 1215, 1245, 1259, 1260, 1305, 1306, 1307, 1308, 1309, 1310, 1311, 1312, 1316, 1352, 1356, 1372, 1392, 1431, 1465, 1466, 1467, 1468, 1469, 1470, 1471, 1472, 1473, 1474, 1475, 1476, 1477, 1478, 1482, 1483, 1484, 1485, 1486, 1509, 1522, 1536, 1537, 1538, 1539, 1540, 1541, 1542, 1544, 1554, 1571, 1572, 1605, 1606, 1607, 1608, 1609, 1610, 1612, 1613, 1615, 1617, 1618, 1621, 1643, 1661, 1662, 1721, 1749, 1750, 1751, 1752, 1753, 1754, 1755, 1756, 1758, 1829, 1830, 1875, 1903, 1904, 1905, 1906, 1907, 1911, 1912, 1946, 1952, 1969, 2028, 2032, 2048, 2066, 2067, 2068, 2069, 2070, 2071, 2072, 2073, 2074, 2075, 2076, 2077, 2078, 2079, 2080, 2081, 2082, 2083, 2084, 2085, 2086, 2087, 2088, 2089, 2090, 2091, 2092, 2093, 2094, 2095, 2096, 2097, 2098], "selected_count": 189, "selection_time": 0.004512338986387476, "selection_score_forward_time": 0.004035388992633671}