{"example_id": 93, "sub_q_idx": 0, "method": "FusionRAG", "reprocess_method": "FusionRAG", "rate": 0.15, "system_len": 792, "passages_len": [792, 130, 116, 77, 297, 122, 166, 91, 72, 144, 51, 35], "chunk_ids": [0, 1, 2, 3, 4, 5, 6, 7, 8, 9, 10], "selected_abs": [792, 793, 794, 795, 796, 797, 798, 799, 800, 801, 802, 803, 804, 805, 806, 807, 808, 809, 810, 811, 817, 818, 819, 820, 821, 822, 823, 824, 826, 827, 828, 829, 830, 831, 832, 833, 843, 856, 886, 920, 921, 922, 923, 924, 925, 928, 935, 951, 984, 1008, 1009, 1010, 1011, 1037, 1038, 1039, 1040, 1041, 1042, 1053, 1063, 1095, 1096, 1110, 1114, 1115, 1116, 1117, 1118, 1120, 1149, 1150, 1169, 1173, 1245, 1322, 1361, 1363, 1364, 1389, 1410, 1411, 1412, 1413, 1414, 1415, 1433, 1448, 1451, 1452, 1454, 1456, 1468, 1480, 1487, 1498, 1533, 1534, 1535, 1536, 1537, 1538, 1549, 1591, 1592, 1618, 1631, 1670, 1684, 1699, 1700, 1701, 1702, 1706, 1707, 1714, 1748, 1790, 1791, 1792, 1793, 1794, 1795, 1796, 1797, 1798, 1799, 1800, 1801, 1802, 1818, 1843, 1844, 1847, 1857, 1862, 1863, 1864, 1865, 1866, 1867, 1900, 1932, 1933, 1976, 1977, 1988, 2006, 2007, 2008, 2009, 2010, 2011, 2012, 2013, 2014, 2025, 2045, 2046, 2056, 2057, 2058, 2059, 2060, 2061, 2062, 2063, 2064, 2065, 2066, 2067, 2068, 2069, 2070, 2071, 2072, 2073, 2074, 2075, 2076, 2077, 2078, 2079, 2080, 2081, 2082, 2083, 2084, 2085, 2086, 2087, 2088, 2089, 2090, 2091, 2092], "selected_count": 196, "selection_time": 0.004182378004770726, "selection_score_forward_time": 0.003734961006557569}