{"example_id": 82, "sub_q_idx": 0, "method": "FusionRAG", "reprocess_method": "FusionRAG", "rate": 0.15, "system_len": 792, "passages_len": [792, 206, 103, 63, 68, 101, 229, 136, 129, 202, 79, 32], "chunk_ids": [0, 1, 2, 3, 4, 5, 6, 7, 8, 9, 10], "selected_abs": [792, 793, 794, 795, 796, 797, 798, 799, 800, 801, 802, 803, 804, 805, 806, 807, 813, 814, 825, 857, 871, 890, 894, 953, 979, 997, 998, 999, 1000, 1001, 1002, 1003, 1004, 1010, 1011, 1012, 1013, 1016, 1017, 1037, 1064, 1096, 1100, 1101, 1102, 1103, 1104, 1105, 1106, 1107, 1124, 1148, 1149, 1163, 1164, 1165, 1166, 1167, 1168, 1169, 1174, 1175, 1176, 1189, 1209, 1230, 1231, 1232, 1233, 1234, 1235, 1236, 1237, 1238, 1239, 1240, 1241, 1242, 1275, 1290, 1307, 1332, 1333, 1334, 1335, 1336, 1337, 1338, 1339, 1340, 1342, 1343, 1350, 1353, 1367, 1368, 1398, 1421, 1438, 1513, 1535, 1536, 1538, 1561, 1562, 1563, 1564, 1565, 1566, 1592, 1596, 1632, 1697, 1698, 1699, 1700, 1701, 1702, 1703, 1704, 1705, 1711, 1720, 1726, 1730, 1760, 1803, 1815, 1826, 1827, 1828, 1829, 1830, 1831, 1832, 1833, 1869, 1894, 1921, 1966, 2028, 2029, 2030, 2031, 2032, 2033, 2034, 2035, 2038, 2039, 2044, 2083, 2106, 2107, 2108, 2109, 2110, 2111, 2112, 2113, 2114, 2115, 2116, 2117, 2118, 2119, 2120, 2121, 2122, 2123, 2124, 2125, 2126, 2127, 2128, 2129, 2130, 2131, 2132, 2133, 2134, 2135, 2136, 2137, 2138, 2139], "selected_count": 186, "selection_time": 0.00431537299300544, "selection_score_forward_time": 0.003864060010528192}