{"example_id": 86, "sub_q_idx": 1, "method": "FusionRAG", "reprocess_method": "FusionRAG", "rate": 0.15, "system_len": 792, "passages_len": [792, 65, 110, 95, 124, 243, 238, 56, 102, 49, 67, 67, 65, 110, 34], "chunk_ids": [0, 11, 12, 13, 14, 15, 16, 17, 18, 19, 1, 1, 11, 12], "selected_abs": [792, 798, 799, 800, 801, 824, 825, 835, 856, 857, 858, 859, 860, 861, 862, 871, 878, 892, 896, 937, 966, 967, 968, 969, 970, 971, 972, 974, 984, 1004, 1030, 1045, 1061, 1062, 1063, 1064, 1065, 1066, 1067, 1068, 1076, 1077, 1080, 1100, 1101, 1111, 1185, 1186, 1187, 1188, 1201, 1373, 1376, 1378, 1379, 1383, 1404, 1413, 1428, 1429, 1430, 1431, 1432, 1433, 1434, 1435, 1462, 1480, 1501, 1601, 1613, 1634, 1635, 1666, 1667, 1668, 1669, 1670, 1671, 1672, 1673, 1674, 1675, 1676, 1677, 1680, 1695, 1696, 1702, 1708, 1709, 1722, 1723, 1724, 1725, 1726, 1727, 1728, 1729, 1730, 1731, 1732, 1770, 1771, 1803, 1823, 1824, 1825, 1826, 1827, 1828, 1829, 1830, 1831, 1832, 1833, 1834, 1835, 1836, 1837, 1838, 1839, 1840, 1841, 1842, 1843, 1844, 1851, 1852, 1853, 1854, 1855, 1856, 1857, 1858, 1859, 1860, 1861, 1862, 1863, 1864, 1865, 1866, 1867, 1868, 1869, 1870, 1871, 1872, 1873, 1874, 1875, 1876, 1877, 1878, 1879, 1880, 1881, 1882, 1883, 1884, 1885, 1887, 1888, 1889, 1890, 1891, 1892, 1893, 1894, 1895, 1896, 1897, 1898, 1913, 1914, 1915, 1916, 1917, 1918, 1919, 1920, 1921, 1922, 1923, 1930, 1931, 1932, 1933, 1934, 1935, 1936, 1937, 1938, 1939, 1940, 1941, 1942, 1943, 1944, 1945, 1946, 1947, 1948, 1949, 1950, 1951, 1952, 1954, 1955, 1956, 1957, 1958, 1959, 1960, 1961, 1962, 1963, 1964, 1965, 1980, 1981, 1982, 1983, 1984, 1985, 1986, 1987, 1988, 1989, 1990, 1997, 1998, 1999, 2000, 2001, 2002, 2003, 2004, 2005, 2006, 2007, 2008, 2014, 2015, 2016, 2017, 2040, 2041, 2051, 2072, 2073, 2074, 2075, 2076, 2077, 2078, 2087, 2094, 2108, 2112, 2153, 2182, 2183, 2184, 2185, 2186, 2187, 2188, 2189, 2190, 2191, 2192, 2193, 2194, 2195, 2196, 2197, 2198, 2199, 2200, 2201, 2202, 2203, 2204, 2205, 2206, 2207, 2208, 2209, 2210, 2211, 2212, 2213, 2214, 2215, 2216], "selected_count": 297, "selection_time": 0.004766008001752198, "selection_score_forward_time": 0.004285339993657544}