{"example_id": 82, "sub_q_idx": 1, "method": "FusionRAG", "reprocess_method": "FusionRAG", "rate": 0.15, "system_len": 792, "passages_len": [792, 229, 103, 101, 79, 206, 77, 86, 109, 118, 202, 103, 229, 37], "chunk_ids": [0, 6, 2, 5, 10, 1, 11, 12, 13, 14, 9, 2, 6], "selected_abs": [792, 793, 794, 795, 796, 801, 812, 826, 827, 857, 897, 937, 945, 956, 959, 963, 972, 994, 995, 997, 1020, 1021, 1022, 1023, 1024, 1025, 1026, 1027, 1030, 1033, 1034, 1035, 1040, 1060, 1087, 1090, 1119, 1123, 1124, 1125, 1126, 1127, 1128, 1129, 1130, 1131, 1132, 1133, 1167, 1182, 1199, 1211, 1224, 1225, 1226, 1227, 1228, 1229, 1230, 1231, 1234, 1235, 1240, 1258, 1265, 1279, 1302, 1303, 1304, 1305, 1306, 1307, 1308, 1309, 1310, 1311, 1312, 1313, 1314, 1315, 1316, 1317, 1318, 1319, 1325, 1326, 1337, 1368, 1369, 1383, 1402, 1406, 1465, 1491, 1492, 1509, 1510, 1511, 1512, 1513, 1514, 1515, 1516, 1517, 1518, 1519, 1520, 1522, 1523, 1531, 1532, 1565, 1586, 1587, 1588, 1589, 1590, 1591, 1592, 1593, 1598, 1605, 1636, 1659, 1660, 1672, 1673, 1674, 1675, 1676, 1677, 1678, 1679, 1680, 1689, 1704, 1705, 1706, 1707, 1708, 1709, 1710, 1711, 1712, 1720, 1721, 1759, 1780, 1781, 1782, 1783, 1784, 1785, 1786, 1787, 1788, 1789, 1790, 1791, 1792, 1793, 1794, 1795, 1796, 1797, 1798, 1799, 1800, 1849, 1850, 1851, 1852, 1853, 1854, 1885, 1886, 1887, 1888, 1889, 1890, 1891, 1892, 1893, 1894, 1895, 1896, 1897, 1898, 1899, 1900, 1901, 1902, 1903, 1904, 1905, 1906, 1942, 1967, 1994, 2030, 2039, 2101, 2102, 2103, 2104, 2105, 2106, 2107, 2108, 2111, 2114, 2115, 2116, 2121, 2141, 2168, 2200, 2204, 2205, 2206, 2207, 2208, 2225, 2239, 2270, 2310, 2350, 2358, 2369, 2376, 2385, 2407, 2408, 2410, 2433, 2434, 2435, 2436, 2437, 2438, 2439, 2440, 2441, 2442, 2443, 2444, 2445, 2446, 2447, 2448, 2449, 2450, 2451, 2452, 2453, 2454, 2455, 2456, 2457, 2458, 2459, 2460, 2461, 2462, 2463, 2464, 2465, 2466, 2467, 2468, 2469, 2470], "selected_count": 272, "selection_time": 0.005136777996085584, "selection_score_forward_time": 0.004646676999982446}