{"example_id": 78, "sub_q_idx": 0, "method": "FusionRAG", "reprocess_method": "FusionRAG", "rate": 0.15, "system_len": 792, "passages_len": [792, 106, 65, 93, 94, 69, 68, 113, 117, 127, 33, 27], "chunk_ids": [0, 1, 2, 3, 4, 5, 6, 7, 8, 9, 10], "selected_abs": [792, 793, 794, 795, 796, 797, 798, 799, 800, 801, 802, 808, 813, 814, 815, 816, 818, 819, 820, 821, 885, 887, 889, 890, 891, 896, 897, 898, 899, 900, 901, 902, 904, 905, 906, 907, 908, 909, 910, 911, 912, 920, 924, 925, 950, 962, 963, 964, 965, 966, 968, 972, 979, 995, 1004, 1055, 1056, 1057, 1058, 1060, 1061, 1075, 1080, 1087, 1149, 1150, 1151, 1152, 1153, 1154, 1155, 1156, 1157, 1164, 1173, 1182, 1183, 1218, 1219, 1220, 1221, 1222, 1223, 1224, 1225, 1226, 1239, 1241, 1242, 1243, 1244, 1245, 1246, 1247, 1248, 1249, 1267, 1286, 1287, 1288, 1289, 1290, 1291, 1292, 1293, 1294, 1295, 1315, 1333, 1349, 1356, 1385, 1395, 1399, 1400, 1401, 1402, 1403, 1404, 1409, 1410, 1422, 1423, 1424, 1426, 1440, 1444, 1516, 1517, 1518, 1519, 1520, 1521, 1522, 1523, 1524, 1525, 1526, 1527, 1529, 1530, 1595, 1613, 1643, 1644, 1645, 1646, 1647, 1648, 1649, 1650, 1651, 1652, 1653, 1654, 1655, 1666, 1676, 1677, 1678, 1679, 1680, 1681, 1682, 1683, 1684, 1685, 1686, 1687, 1688, 1689, 1690, 1691, 1692, 1693, 1694, 1695, 1696, 1697, 1698, 1699, 1700, 1701, 1702, 1703], "selected_count": 185, "selection_time": 0.004843253002036363, "selection_score_forward_time": 0.004380965983727947}