{"example_id": 97, "sub_q_idx": 0, "method": "FusionRAG", "reprocess_method": "FusionRAG", "rate": 0.15, "system_len": 792, "passages_len": [792, 80, 91, 148, 137, 147, 114, 102, 112, 109, 115, 32], "chunk_ids": [0, 1, 2, 3, 4, 5, 6, 7, 8, 9, 10], "selected_abs": [792, 793, 794, 795, 796, 797, 798, 799, 800, 801, 810, 818, 829, 830, 831, 832, 833, 834, 835, 836, 837, 838, 842, 870, 871, 872, 873, 874, 875, 876, 877, 878, 879, 883, 896, 929, 932, 962, 963, 964, 965, 966, 970, 977, 978, 994, 995, 1002, 1051, 1074, 1110, 1111, 1112, 1113, 1114, 1119, 1120, 1127, 1134, 1177, 1247, 1248, 1249, 1250, 1251, 1255, 1272, 1284, 1310, 1311, 1333, 1394, 1395, 1396, 1397, 1398, 1400, 1401, 1409, 1449, 1508, 1509, 1510, 1511, 1512, 1517, 1518, 1539, 1544, 1555, 1567, 1579, 1610, 1611, 1612, 1613, 1615, 1618, 1619, 1625, 1636, 1644, 1722, 1723, 1724, 1725, 1726, 1728, 1729, 1730, 1738, 1751, 1758, 1801, 1827, 1831, 1832, 1833, 1834, 1835, 1837, 1838, 1846, 1861, 1872, 1873, 1895, 1946, 1947, 1948, 1949, 1950, 1951, 1952, 1953, 1954, 1955, 1956, 1957, 1958, 1959, 1960, 1961, 1962, 1963, 1964, 1965, 1966, 1967, 1968, 1969, 1970, 1971, 1972, 1973, 1974, 1975, 1976, 1977, 1978], "selected_count": 160, "selection_time": 0.004229097015922889, "selection_score_forward_time": 0.0037889119994360954}