{"example_id": 89, "sub_q_idx": 0, "method": "FusionRAG", "reprocess_method": "FusionRAG", "rate": 0.15, "system_len": 792, "passages_len": [792, 107, 138, 187, 106, 147, 110, 218, 91, 70, 126, 29], "chunk_ids": [0, 1, 2, 3, 4, 5, 6, 7, 8, 9, 10], "selected_abs": [792, 793, 794, 795, 796, 797, 798, 799, 800, 801, 802, 803, 804, 805, 806, 807, 808, 809, 810, 811, 812, 813, 814, 822, 843, 844, 845, 846, 897, 898, 899, 900, 901, 902, 903, 904, 907, 908, 909, 910, 911, 912, 913, 914, 936, 974, 1004, 1007, 1036, 1037, 1038, 1039, 1040, 1041, 1045, 1046, 1047, 1048, 1049, 1052, 1096, 1130, 1158, 1223, 1224, 1225, 1226, 1227, 1228, 1233, 1235, 1236, 1243, 1247, 1259, 1271, 1321, 1322, 1328, 1329, 1330, 1331, 1332, 1333, 1334, 1339, 1340, 1341, 1342, 1349, 1355, 1378, 1404, 1430, 1457, 1477, 1478, 1479, 1486, 1487, 1488, 1489, 1493, 1496, 1500, 1512, 1524, 1568, 1586, 1587, 1588, 1589, 1590, 1591, 1592, 1593, 1598, 1603, 1604, 1647, 1716, 1735, 1736, 1746, 1749, 1804, 1805, 1806, 1807, 1808, 1809, 1810, 1811, 1812, 1813, 1819, 1853, 1895, 1896, 1897, 1898, 1899, 1901, 1902, 1909, 1939, 1940, 1964, 1965, 1966, 1967, 1968, 1969, 1970, 1974, 1975, 1976, 1977, 1978, 1979, 1980, 1985, 2026, 2068, 2072, 2073, 2091, 2092, 2093, 2094, 2095, 2096, 2097, 2098, 2099, 2100, 2101, 2102, 2103, 2104, 2105, 2106, 2107, 2108, 2109, 2110, 2111, 2112, 2113, 2114, 2115, 2116, 2117, 2118, 2119, 2120], "selected_count": 196, "selection_time": 0.004081502003828064, "selection_score_forward_time": 0.003646808007033542}