{"example_id": 86, "sub_q_idx": 0, "method": "FusionRAG", "reprocess_method": "FusionRAG", "rate": 0.15, "system_len": 792, "passages_len": [792, 67, 36, 125, 111, 95, 53, 73, 93, 110, 85, 30], "chunk_ids": [0, 1, 2, 3, 4, 5, 6, 7, 8, 9, 10], "selected_abs": [792, 793, 794, 795, 796, 797, 798, 799, 800, 801, 802, 805, 806, 807, 808, 809, 810, 811, 812, 813, 814, 815, 816, 831, 832, 833, 834, 835, 836, 837, 838, 839, 840, 841, 848, 849, 850, 851, 852, 853, 854, 855, 856, 857, 858, 859, 860, 861, 862, 863, 864, 865, 866, 867, 868, 869, 875, 894, 895, 896, 897, 898, 899, 900, 901, 922, 923, 950, 1005, 1019, 1020, 1021, 1022, 1023, 1025, 1044, 1045, 1046, 1100, 1130, 1131, 1132, 1133, 1134, 1135, 1136, 1137, 1138, 1154, 1190, 1225, 1226, 1227, 1228, 1229, 1230, 1231, 1235, 1236, 1256, 1278, 1279, 1280, 1281, 1282, 1283, 1284, 1285, 1286, 1318, 1319, 1320, 1338, 1352, 1358, 1359, 1364, 1384, 1445, 1446, 1447, 1449, 1450, 1451, 1455, 1476, 1477, 1498, 1554, 1555, 1556, 1557, 1558, 1563, 1564, 1565, 1613, 1621, 1640, 1641, 1642, 1643, 1644, 1645, 1646, 1647, 1648, 1649, 1650, 1651, 1652, 1653, 1654, 1655, 1656, 1657, 1658, 1659, 1660, 1661, 1662, 1663, 1664, 1665, 1666, 1667, 1668, 1669], "selected_count": 168, "selection_time": 0.004019749001599848, "selection_score_forward_time": 0.0036032149801030755}