{"example_id": 81, "sub_q_idx": 0, "method": "FusionRAG", "reprocess_method": "FusionRAG", "rate": 0.15, "system_len": 792, "passages_len": [792, 41, 147, 150, 138, 186, 170, 122, 141, 131, 105, 34], "chunk_ids": [0, 1, 2, 3, 4, 5, 6, 7, 8, 9, 10], "selected_abs": [792, 793, 794, 795, 796, 797, 798, 799, 800, 801, 802, 803, 804, 805, 806, 807, 808, 809, 810, 811, 812, 831, 832, 833, 834, 835, 836, 837, 844, 845, 852, 858, 881, 907, 933, 960, 978, 979, 980, 981, 982, 983, 985, 986, 987, 988, 989, 990, 991, 994, 1007, 1011, 1053, 1086, 1103, 1129, 1130, 1131, 1132, 1133, 1134, 1135, 1136, 1138, 1143, 1147, 1180, 1199, 1267, 1268, 1269, 1270, 1271, 1273, 1274, 1275, 1277, 1281, 1282, 1285, 1299, 1300, 1307, 1320, 1326, 1351, 1352, 1411, 1453, 1454, 1455, 1456, 1457, 1458, 1459, 1461, 1462, 1463, 1466, 1467, 1508, 1623, 1624, 1625, 1626, 1627, 1628, 1629, 1630, 1631, 1637, 1642, 1663, 1667, 1668, 1695, 1731, 1745, 1746, 1747, 1748, 1749, 1750, 1752, 1753, 1756, 1757, 1760, 1800, 1804, 1844, 1848, 1886, 1887, 1888, 1889, 1890, 1891, 1892, 1893, 1900, 1930, 1945, 1989, 2013, 2017, 2018, 2019, 2020, 2021, 2023, 2024, 2025, 2028, 2032, 2033, 2057, 2061, 2122, 2123, 2124, 2125, 2126, 2127, 2128, 2129, 2130, 2131, 2132, 2133, 2134, 2135, 2136, 2137, 2138, 2139, 2140, 2141, 2142, 2143, 2144, 2145, 2146, 2147, 2148, 2149, 2150, 2151, 2152, 2153, 2154, 2155, 2156], "selected_count": 193, "selection_time": 0.004625359986675903, "selection_score_forward_time": 0.004100860009202734}