{"example_id": 98, "sub_q_idx": 0, "method": "FusionRAG", "reprocess_method": "FusionRAG", "rate": 0.15, "system_len": 792, "passages_len": [792, 79, 40, 199, 123, 91, 124, 135, 192, 97, 118, 31], "chunk_ids": [0, 1, 2, 3, 4, 5, 6, 7, 8, 9, 10], "selected_abs": [792, 793, 794, 795, 796, 797, 798, 799, 800, 801, 802, 803, 804, 805, 806, 807, 808, 809, 810, 814, 817, 818, 819, 851, 869, 870, 871, 872, 873, 874, 875, 878, 879, 881, 910, 911, 912, 913, 914, 915, 916, 917, 918, 919, 920, 922, 923, 924, 935, 953, 962, 963, 1093, 1109, 1110, 1111, 1112, 1113, 1114, 1115, 1116, 1117, 1118, 1150, 1154, 1212, 1231, 1232, 1233, 1234, 1235, 1236, 1242, 1244, 1248, 1257, 1290, 1293, 1323, 1324, 1325, 1326, 1327, 1329, 1330, 1358, 1359, 1379, 1443, 1447, 1448, 1449, 1450, 1451, 1452, 1453, 1460, 1481, 1482, 1504, 1553, 1554, 1558, 1582, 1583, 1584, 1585, 1586, 1587, 1589, 1590, 1591, 1614, 1701, 1702, 1708, 1750, 1774, 1775, 1776, 1777, 1778, 1779, 1785, 1786, 1811, 1823, 1824, 1830, 1843, 1866, 1871, 1872, 1873, 1874, 1875, 1876, 1877, 1879, 1899, 1925, 1926, 1931, 1952, 1989, 1990, 1991, 1992, 1993, 1994, 1995, 1996, 1997, 1998, 1999, 2000, 2001, 2002, 2003, 2004, 2005, 2006, 2007, 2008, 2009, 2010, 2011, 2012, 2013, 2014, 2015, 2016, 2017, 2018, 2019, 2020], "selected_count": 176, "selection_time": 0.004275094019249082, "selection_score_forward_time": 0.0038354349962901324}