{"example_id": 88, "sub_q_idx": 1, "method": "FusionRAG", "reprocess_method": "FusionRAG", "rate": 0.15, "system_len": 792, "passages_len": [792, 28, 50, 102, 141, 111, 110, 91, 84, 93, 130, 42], "chunk_ids": [0, 2, 3, 6, 11, 12, 13, 14, 15, 16, 7], "selected_abs": [792, 793, 794, 795, 796, 797, 798, 800, 819, 820, 821, 822, 824, 825, 826, 827, 838, 845, 846, 865, 869, 870, 871, 872, 873, 876, 971, 972, 973, 974, 975, 980, 981, 984, 989, 1112, 1113, 1114, 1115, 1116, 1117, 1118, 1119, 1120, 1121, 1132, 1136, 1137, 1209, 1210, 1222, 1223, 1224, 1225, 1226, 1227, 1228, 1243, 1247, 1248, 1284, 1319, 1333, 1334, 1335, 1336, 1337, 1338, 1343, 1344, 1345, 1348, 1424, 1425, 1426, 1427, 1428, 1429, 1433, 1434, 1439, 1509, 1510, 1513, 1514, 1515, 1524, 1527, 1582, 1601, 1602, 1603, 1604, 1605, 1606, 1607, 1608, 1609, 1610, 1611, 1612, 1613, 1731, 1732, 1733, 1734, 1735, 1736, 1737, 1738, 1739, 1740, 1741, 1742, 1743, 1744, 1745, 1746, 1747, 1748, 1749, 1750, 1751, 1752, 1753, 1754, 1755, 1756, 1757, 1758, 1759, 1760, 1761, 1762, 1763, 1764, 1765, 1766, 1767, 1768, 1769, 1770, 1771, 1772, 1773], "selected_count": 145, "selection_time": 0.005149264994543046, "selection_score_forward_time": 0.00469256000360474}