{"example_id": 96, "sub_q_idx": 1, "method": "FusionRAG", "reprocess_method": "FusionRAG", "rate": 0.15, "system_len": 792, "passages_len": [792, 91, 30, 118, 67, 154, 80, 97, 119, 158, 164, 30, 91, 30], "chunk_ids": [0, 2, 1, 11, 12, 13, 14, 15, 8, 16, 17, 1, 2], "selected_abs": [792, 793, 794, 795, 796, 797, 798, 799, 803, 816, 849, 852, 862, 863, 882, 883, 884, 885, 886, 887, 888, 889, 890, 891, 892, 893, 894, 895, 896, 897, 898, 899, 900, 901, 902, 903, 904, 905, 906, 907, 909, 910, 911, 912, 913, 914, 915, 916, 917, 918, 920, 921, 940, 966, 967, 972, 993, 1030, 1031, 1032, 1033, 1034, 1035, 1036, 1037, 1038, 1039, 1040, 1041, 1042, 1095, 1096, 1097, 1098, 1099, 1100, 1101, 1103, 1104, 1105, 1106, 1107, 1133, 1134, 1199, 1200, 1206, 1231, 1251, 1252, 1253, 1254, 1255, 1256, 1259, 1278, 1289, 1290, 1291, 1292, 1302, 1331, 1332, 1333, 1334, 1335, 1336, 1337, 1342, 1343, 1368, 1380, 1381, 1387, 1400, 1423, 1427, 1428, 1429, 1430, 1431, 1432, 1433, 1434, 1435, 1436, 1457, 1477, 1489, 1511, 1514, 1547, 1548, 1549, 1550, 1551, 1552, 1553, 1554, 1555, 1556, 1578, 1587, 1611, 1653, 1654, 1660, 1682, 1683, 1705, 1706, 1707, 1708, 1709, 1710, 1711, 1712, 1713, 1715, 1716, 1717, 1718, 1719, 1720, 1722, 1723, 1731, 1737, 1778, 1848, 1849, 1850, 1851, 1852, 1853, 1854, 1855, 1856, 1857, 1858, 1859, 1860, 1861, 1862, 1863, 1864, 1865, 1866, 1867, 1868, 1869, 1870, 1871, 1872, 1873, 1874, 1875, 1876, 1877, 1878, 1879, 1880, 1881, 1882, 1883, 1884, 1885, 1886, 1887, 1888, 1889, 1890, 1891, 1892, 1893, 1894, 1896, 1897, 1898, 1899, 1900, 1901, 1902, 1903, 1904, 1905, 1906, 1907, 1911, 1924, 1957, 1960, 1970, 1971, 1990, 1991, 1992, 1993, 1994, 1995, 1996, 1997, 1998, 1999, 2000, 2001, 2002, 2003, 2004, 2005, 2006, 2007, 2008, 2009, 2010, 2011, 2012, 2013, 2014, 2015, 2016, 2017, 2018, 2019, 2020], "selected_count": 265, "selection_time": 0.004651476017897949, "selection_score_forward_time": 0.004162732977420092}