{"example_id": 85, "sub_q_idx": 0, "method": "FusionRAG", "reprocess_method": "FusionRAG", "rate": 0.15, "system_len": 792, "passages_len": [792, 322, 122, 108, 86, 126, 162, 113, 88, 194, 178, 322, 122, 108, 36], "chunk_ids": [0, 1, 2, 3, 4, 5, 6, 7, 8, 9, 10, 1, 2, 3], "selected_abs": [792, 793, 794, 795, 796, 797, 798, 799, 800, 801, 802, 803, 804, 805, 806, 807, 808, 809, 810, 811, 812, 822, 826, 834, 873, 886, 893, 914, 915, 960, 1002, 1023, 1024, 1069, 1076, 1113, 1114, 1115, 1116, 1117, 1118, 1119, 1120, 1121, 1122, 1123, 1124, 1125, 1126, 1127, 1128, 1129, 1130, 1142, 1146, 1147, 1148, 1149, 1150, 1151, 1168, 1212, 1235, 1236, 1237, 1238, 1239, 1240, 1243, 1250, 1251, 1259, 1260, 1274, 1285, 1289, 1343, 1344, 1345, 1346, 1347, 1348, 1350, 1351, 1352, 1354, 1355, 1356, 1372, 1373, 1374, 1382, 1391, 1429, 1430, 1431, 1432, 1437, 1438, 1447, 1454, 1456, 1457, 1458, 1466, 1472, 1495, 1496, 1544, 1555, 1556, 1557, 1558, 1559, 1560, 1561, 1562, 1563, 1564, 1566, 1567, 1570, 1611, 1660, 1661, 1686, 1700, 1717, 1718, 1719, 1720, 1721, 1722, 1723, 1724, 1727, 1729, 1735, 1750, 1763, 1764, 1830, 1831, 1832, 1833, 1834, 1835, 1836, 1837, 1838, 1839, 1840, 1841, 1842, 1914, 1917, 1918, 1919, 1920, 1921, 1922, 1923, 1924, 1925, 1926, 1930, 1938, 1942, 1944, 1986, 2008, 2062, 2083, 2084, 2112, 2113, 2114, 2115, 2116, 2117, 2118, 2119, 2120, 2121, 2122, 2123, 2124, 2125, 2126, 2129, 2179, 2200, 2204, 2225, 2245, 2254, 2256, 2257, 2258, 2259, 2260, 2264, 2265, 2266, 2267, 2268, 2269, 2270, 2271, 2274, 2275, 2276, 2277, 2278, 2279, 2280, 2281, 2282, 2283, 2284, 2285, 2286, 2287, 2288, 2289, 2290, 2291, 2292, 2293, 2294, 2295, 2296, 2297, 2298, 2299, 2300, 2301, 2302, 2303, 2304, 2305, 2306, 2307, 2308, 2309, 2310, 2311, 2321, 2325, 2333, 2372, 2385, 2392, 2413, 2414, 2459, 2501, 2522, 2523, 2568, 2575, 2612, 2613, 2614, 2615, 2616, 2617, 2618, 2619, 2620, 2621, 2622, 2623, 2624, 2625, 2626, 2627, 2628, 2629, 2641, 2645, 2646, 2647, 2648, 2649, 2650, 2667, 2711, 2734, 2735, 2736, 2737, 2738, 2739, 2742, 2749, 2750, 2758, 2759, 2773, 2784, 2788, 2842, 2843, 2844, 2845, 2846, 2847, 2848, 2849, 2850, 2851, 2852, 2853, 2854, 2855, 2856, 2857, 2858, 2859, 2860, 2861, 2862, 2863, 2864, 2865, 2866, 2867, 2868, 2869, 2870, 2871, 2872, 2873, 2874, 2875, 2876, 2877, 2878], "selected_count": 339, "selection_time": 0.004431364999618381, "selection_score_forward_time": 0.003970760008087382}