{"example_id": 90, "sub_q_idx": 1, "method": "FusionRAG", "reprocess_method": "FusionRAG", "rate": 0.15, "system_len": 792, "passages_len": [792, 229, 103, 79, 77, 206, 101, 86, 109, 65, 136, 32], "chunk_ids": [0, 10, 3, 11, 12, 2, 1, 13, 14, 15, 5], "selected_abs": [792, 793, 794, 795, 796, 812, 826, 857, 897, 945, 956, 959, 963, 972, 994, 995, 997, 1020, 1021, 1022, 1023, 1024, 1025, 1026, 1027, 1030, 1033, 1034, 1035, 1040, 1060, 1087, 1119, 1123, 1124, 1125, 1126, 1127, 1128, 1129, 1130, 1131, 1133, 1134, 1139, 1151, 1152, 1153, 1154, 1155, 1156, 1157, 1158, 1178, 1201, 1202, 1203, 1204, 1205, 1206, 1207, 1208, 1209, 1210, 1211, 1212, 1213, 1215, 1216, 1224, 1225, 1241, 1258, 1279, 1280, 1281, 1282, 1283, 1284, 1285, 1286, 1287, 1291, 1301, 1302, 1313, 1344, 1345, 1378, 1382, 1441, 1467, 1485, 1486, 1487, 1488, 1489, 1490, 1491, 1492, 1493, 1494, 1495, 1497, 1498, 1529, 1544, 1561, 1573, 1585, 1586, 1587, 1588, 1589, 1590, 1591, 1592, 1593, 1594, 1598, 1605, 1636, 1659, 1660, 1672, 1673, 1674, 1675, 1676, 1677, 1678, 1679, 1680, 1681, 1682, 1683, 1684, 1685, 1689, 1699, 1700, 1701, 1702, 1703, 1704, 1705, 1706, 1707, 1708, 1709, 1710, 1711, 1712, 1713, 1714, 1715, 1716, 1717, 1718, 1720, 1721, 1722, 1725, 1727, 1728, 1729, 1730, 1731, 1732, 1733, 1759, 1760, 1761, 1762, 1763, 1764, 1765, 1766, 1767, 1768, 1769, 1770, 1771, 1772, 1773, 1774, 1775, 1776, 1777, 1778, 1779, 1780, 1781, 1782, 1783, 1784, 1785, 1786, 1787, 1788, 1789, 1790, 1791, 1792, 1793, 1794, 1795, 1796, 1797, 1798, 1799, 1800, 1801, 1802, 1803, 1814, 1824, 1826, 1827, 1828, 1829, 1830, 1831, 1832, 1833, 1834, 1835, 1836, 1837, 1838, 1839, 1840, 1841, 1842, 1843, 1844, 1845, 1846, 1847, 1848, 1849, 1850, 1877, 1881, 1917, 1982, 1983, 1984, 1985, 1986, 1987, 1988, 1989, 1990, 1991, 1992, 1993, 1994, 1995, 1996, 1997, 1998, 1999, 2000, 2001, 2002, 2003, 2004, 2005, 2006, 2007, 2008, 2009, 2010, 2011, 2012, 2013, 2014], "selected_count": 278, "selection_time": 0.004115101997740567, "selection_score_forward_time": 0.0036718760093208402}