{"example_id": 93, "sub_q_idx": 1, "method": "FusionRAG", "reprocess_method": "FusionRAG", "rate": 0.15, "system_len": 792, "passages_len": [792, 51, 91, 89, 107, 147, 130, 77, 297, 116, 149, 130, 51, 91, 27], "chunk_ids": [0, 10, 7, 11, 12, 13, 1, 3, 4, 2, 14, 1, 10, 7], "selected_abs": [792, 793, 794, 795, 796, 797, 798, 799, 810, 830, 831, 841, 842, 843, 844, 845, 849, 850, 857, 891, 933, 934, 935, 936, 937, 938, 939, 946, 957, 980, 994, 1012, 1021, 1022, 1023, 1024, 1025, 1026, 1027, 1028, 1029, 1034, 1037, 1041, 1042, 1043, 1053, 1076, 1100, 1117, 1129, 1130, 1131, 1132, 1133, 1134, 1135, 1136, 1143, 1150, 1160, 1189, 1208, 1219, 1276, 1277, 1278, 1279, 1280, 1281, 1282, 1283, 1284, 1285, 1286, 1287, 1288, 1289, 1290, 1291, 1292, 1293, 1294, 1295, 1296, 1302, 1303, 1304, 1305, 1306, 1307, 1308, 1309, 1311, 1312, 1313, 1314, 1315, 1316, 1317, 1318, 1328, 1341, 1371, 1405, 1406, 1407, 1408, 1409, 1410, 1411, 1421, 1422, 1432, 1464, 1465, 1479, 1483, 1484, 1485, 1486, 1487, 1489, 1518, 1519, 1538, 1542, 1548, 1614, 1651, 1652, 1691, 1730, 1731, 1732, 1733, 1738, 1739, 1758, 1766, 1779, 1780, 1781, 1782, 1783, 1784, 1786, 1787, 1794, 1810, 1843, 1869, 1870, 1879, 1896, 1897, 1898, 1899, 1900, 1901, 1902, 1903, 1904, 1905, 1906, 1907, 1908, 1909, 1910, 1911, 1931, 1952, 1997, 1998, 1999, 2000, 2001, 2002, 2003, 2004, 2005, 2006, 2007, 2008, 2009, 2021, 2022, 2023, 2024, 2025, 2026, 2027, 2028, 2029, 2030, 2031, 2032, 2033, 2034, 2035, 2036, 2037, 2038, 2039, 2040, 2041, 2042, 2043, 2044, 2045, 2046, 2047, 2048, 2049, 2050, 2051, 2052, 2053, 2054, 2055, 2056, 2057, 2058, 2059, 2060, 2061, 2062, 2063, 2064, 2065, 2071, 2072, 2073, 2074, 2075, 2076, 2077, 2078, 2080, 2081, 2082, 2083, 2084, 2085, 2086, 2087, 2097, 2110, 2140, 2174, 2175, 2176, 2177, 2178, 2179, 2180, 2181, 2182, 2183, 2194, 2214, 2215, 2225, 2226, 2227, 2228, 2229, 2233, 2234, 2241, 2275, 2317, 2318, 2319, 2320, 2321, 2322, 2323, 2324, 2325, 2326, 2327, 2328, 2329, 2330, 2331, 2332, 2333, 2334, 2335, 2336, 2337, 2338, 2339, 2340, 2341, 2342, 2343, 2344], "selected_count": 299, "selection_time": 0.004768926999531686, "selection_score_forward_time": 0.004283470014343038}