{"example_id": 2, "sub_q_idx": 0, "method": "DraftModel", "reprocess_method": "DraftModel", "rate": 0.1, "system_len": 792, "passages_len": [792, 64, 122, 88, 48, 185, 63, 99, 106, 234, 368, 64, 25], "chunk_ids": [0, 1, 2, 3, 4, 5, 6, 7, 8, 9, 10, 1], "selected_abs": [792, 793, 794, 795, 796, 797, 798, 799, 800, 801, 802, 805, 806, 808, 809, 810, 812, 813, 814, 815, 816, 817, 818, 819, 821, 824, 827, 828, 829, 830, 831, 834, 835, 855, 856, 857, 858, 859, 860, 861, 862, 883, 885, 891, 892, 894, 898, 899, 902, 913, 977, 978, 979, 980, 981, 982, 983, 984, 1016, 1065, 1066, 1067, 1068, 1069, 1070, 1071, 1072, 1073, 1088, 1093, 1113, 1114, 1115, 1116, 1117, 1118, 1119, 1138, 1298, 1299, 1300, 1301, 1302, 1303, 1304, 1310, 1316, 1319, 1328, 1341, 1361, 1362, 1363, 1364, 1365, 1366, 1372, 1393, 1396, 1453, 1460, 1461, 1462, 1463, 1464, 1465, 1466, 1467, 1468, 1503, 1566, 1567, 1568, 1569, 1570, 1571, 1572, 1573, 1574, 1575, 1576, 1577, 1578, 1579, 1580, 1592, 1615, 1629, 1634, 1643, 1682, 1799, 1800, 1801, 1802, 1803, 1804, 1805, 1806, 1807, 1808, 1809, 1810, 1811, 1819, 1820, 1845, 1847, 1875, 1923, 1954, 1955, 2017, 2025, 2026, 2027, 2028, 2029, 2030, 2040, 2049, 2101, 2102, 2103, 2104, 2105, 2106, 2107, 2108, 2134, 2144, 2145, 2146, 2147, 2148, 2149, 2150, 2151, 2152, 2153, 2154, 2155, 2156, 2157, 2158, 2165, 2166, 2167, 2168, 2169, 2170, 2171, 2172, 2173, 2174, 2175, 2176, 2177, 2178, 2179, 2180, 2182, 2183, 2185, 2186, 2187, 2189, 2190, 2191, 2192, 2193, 2194, 2195, 2196, 2197, 2198, 2200, 2201, 2204, 2205, 2206, 2207, 2208, 2210, 2211, 2212, 2213, 2215, 2219, 2220, 2231, 2232, 2233, 2234, 2235, 2236, 2237, 2238, 2239, 2240, 2241, 2242, 2243, 2244, 2245, 2246, 2247, 2248, 2249, 2250, 2251, 2252, 2253, 2254, 2255, 2256, 2257], "selected_count": 257, "selection_time": 0.0687047690153122, "selection_score_forward_time": 0.06825199699960649}