{"example_id": 18, "sub_q_idx": 1, "method": "DraftModel", "reprocess_method": "DraftModel", "rate": 0.1, "system_len": 792, "passages_len": [792, 86, 144, 106, 95, 51, 118, 47, 49, 80, 93, 84, 113, 93, 47, 26], "chunk_ids": [0, 11, 2, 1, 12, 13, 14, 15, 16, 17, 6, 3, 5, 6, 15], "selected_abs": [792, 793, 794, 795, 796, 797, 798, 799, 802, 809, 810, 812, 821, 825, 848, 858, 859, 876, 877, 878, 879, 880, 881, 887, 972, 1008, 1021, 1022, 1023, 1024, 1025, 1026, 1027, 1028, 1029, 1030, 1031, 1032, 1037, 1041, 1042, 1043, 1044, 1045, 1046, 1048, 1049, 1050, 1051, 1057, 1077, 1083, 1096, 1111, 1126, 1127, 1128, 1129, 1130, 1131, 1132, 1147, 1174, 1178, 1179, 1200, 1222, 1223, 1224, 1225, 1226, 1245, 1273, 1274, 1275, 1276, 1277, 1278, 1279, 1343, 1369, 1391, 1392, 1393, 1394, 1395, 1396, 1397, 1398, 1399, 1400, 1401, 1434, 1435, 1436, 1437, 1438, 1439, 1440, 1441, 1442, 1443, 1444, 1445, 1451, 1455, 1461, 1463, 1464, 1465, 1466, 1467, 1468, 1469, 1470, 1471, 1472, 1473, 1487, 1488, 1489, 1490, 1491, 1492, 1493, 1494, 1495, 1496, 1497, 1498, 1499, 1500, 1501, 1502, 1503, 1504, 1505, 1506, 1507, 1524, 1525, 1526, 1527, 1528, 1529, 1530, 1531, 1532, 1533, 1534, 1535, 1536, 1537, 1555, 1556, 1557, 1558, 1559, 1560, 1561, 1562, 1563, 1564, 1565, 1566, 1567, 1568, 1569, 1572, 1577, 1602, 1603, 1604, 1660, 1661, 1662, 1663, 1665, 1710, 1744, 1745, 1746, 1749, 1750, 1770, 1785, 1795, 1857, 1858, 1859, 1862, 1885, 1891, 1892, 1899, 1930, 1950, 1951, 1952, 1953, 1954, 1955, 1956, 1957, 1958, 1959, 1960, 1961, 1963, 1982, 1990, 1993, 1994, 1995, 1996, 1997, 1998, 1999, 2000, 2001, 2002, 2003, 2004, 2005, 2006, 2007, 2008, 2009, 2010, 2011, 2012, 2013, 2014, 2015, 2016, 2017, 2018, 2019, 2020, 2021, 2022, 2023], "selected_count": 242, "selection_time": 0.06400477298302576, "selection_score_forward_time": 0.06361327698687091}