{"example_id": 7, "sub_q_idx": 0, "method": "DraftModel", "reprocess_method": "DraftModel", "rate": 0.1, "system_len": 792, "passages_len": [792, 154, 84, 152, 254, 49, 203, 37, 183, 244, 227, 31], "chunk_ids": [0, 1, 2, 3, 4, 5, 6, 7, 8, 9, 10], "selected_abs": [792, 793, 794, 795, 796, 797, 798, 799, 800, 801, 802, 803, 804, 805, 806, 807, 808, 822, 826, 860, 872, 876, 910, 918, 920, 921, 931, 938, 945, 946, 947, 948, 949, 950, 951, 956, 957, 958, 959, 962, 972, 985, 986, 987, 988, 992, 1027, 1028, 1029, 1030, 1031, 1032, 1033, 1034, 1035, 1036, 1038, 1039, 1042, 1043, 1047, 1082, 1086, 1181, 1182, 1183, 1184, 1185, 1186, 1187, 1193, 1261, 1402, 1435, 1436, 1437, 1438, 1439, 1440, 1441, 1442, 1443, 1444, 1445, 1446, 1447, 1448, 1449, 1450, 1451, 1484, 1485, 1486, 1487, 1488, 1489, 1490, 1491, 1492, 1493, 1494, 1495, 1496, 1535, 1559, 1565, 1569, 1605, 1687, 1688, 1689, 1690, 1691, 1692, 1693, 1694, 1696, 1697, 1707, 1708, 1724, 1725, 1726, 1727, 1728, 1729, 1730, 1731, 1749, 1755, 1771, 1831, 1832, 1853, 1884, 1907, 1908, 1909, 1910, 1911, 1913, 1914, 1915, 2108, 2109, 2151, 2152, 2153, 2154, 2155, 2157, 2158, 2159, 2160, 2161, 2163, 2164, 2178, 2179, 2181, 2190, 2192, 2193, 2194, 2195, 2196, 2197, 2198, 2199, 2200, 2212, 2250, 2289, 2293, 2314, 2320, 2321, 2323, 2324, 2327, 2329, 2331, 2341, 2342, 2346, 2349, 2357, 2365, 2367, 2369, 2373, 2374, 2377, 2378, 2379, 2380, 2381, 2382, 2383, 2384, 2385, 2386, 2387, 2388, 2389, 2390, 2391, 2392, 2393, 2394, 2395, 2396, 2397, 2398, 2399, 2400, 2401, 2402, 2403, 2404, 2405, 2406, 2407, 2408, 2409], "selected_count": 225, "selection_time": 0.07150042199646123, "selection_score_forward_time": 0.07115342700853944}