{"example_id": 17, "sub_q_idx": 0, "method": "DraftModel", "reprocess_method": "DraftModel", "rate": 0.1, "system_len": 792, "passages_len": [792, 114, 285, 78, 90, 72, 232, 221, 65, 170, 88, 32], "chunk_ids": [0, 1, 2, 3, 4, 5, 6, 7, 8, 9, 10], "selected_abs": [792, 793, 794, 795, 796, 797, 798, 799, 800, 801, 802, 803, 804, 805, 806, 807, 808, 809, 810, 811, 812, 813, 814, 815, 820, 821, 822, 823, 824, 825, 826, 827, 828, 830, 831, 855, 857, 880, 904, 905, 906, 907, 908, 909, 910, 911, 912, 916, 953, 999, 1002, 1003, 1070, 1082, 1103, 1107, 1190, 1191, 1192, 1193, 1194, 1195, 1196, 1206, 1215, 1219, 1240, 1267, 1268, 1269, 1270, 1271, 1272, 1276, 1357, 1358, 1359, 1360, 1361, 1362, 1363, 1374, 1383, 1430, 1431, 1432, 1433, 1434, 1438, 1441, 1661, 1662, 1663, 1664, 1665, 1666, 1672, 1673, 1674, 1676, 1688, 1693, 1695, 1776, 1795, 1856, 1873, 1882, 1883, 1884, 1885, 1886, 1887, 1888, 1898, 1901, 1908, 1912, 1935, 1944, 1948, 1949, 1950, 1951, 1952, 1953, 1954, 1955, 1956, 1957, 1958, 1959, 1974, 1991, 2047, 2064, 2118, 2119, 2120, 2121, 2122, 2123, 2124, 2125, 2126, 2127, 2129, 2130, 2131, 2132, 2133, 2134, 2140, 2141, 2143, 2144, 2145, 2148, 2151, 2157, 2158, 2162, 2168, 2190, 2193, 2194, 2195, 2196, 2197, 2199, 2202, 2204, 2205, 2206, 2207, 2208, 2209, 2210, 2211, 2212, 2213, 2214, 2215, 2216, 2217, 2218, 2219, 2220, 2221, 2222, 2223, 2224, 2225, 2226, 2227, 2228, 2229, 2230, 2231, 2232, 2233, 2234, 2235, 2236, 2237, 2238], "selected_count": 206, "selection_time": 0.06824024199158885, "selection_score_forward_time": 0.06786653201561421}