{"example_id": 13, "sub_q_idx": 0, "method": "DraftModel", "reprocess_method": "DraftModel", "rate": 0.1, "system_len": 792, "passages_len": [792, 86, 265, 45, 79, 60, 126, 96, 45, 148, 192, 25], "chunk_ids": [0, 1, 2, 3, 4, 5, 6, 7, 8, 9, 10], "selected_abs": [792, 793, 794, 795, 796, 797, 798, 799, 800, 801, 802, 803, 804, 805, 809, 810, 811, 812, 813, 814, 815, 816, 818, 820, 821, 822, 823, 824, 825, 826, 827, 828, 829, 830, 838, 839, 847, 852, 853, 858, 873, 874, 876, 877, 878, 879, 880, 881, 882, 883, 884, 885, 886, 887, 905, 919, 994, 1122, 1142, 1143, 1144, 1145, 1146, 1147, 1148, 1159, 1169, 1173, 1179, 1182, 1186, 1187, 1188, 1189, 1190, 1208, 1249, 1266, 1267, 1269, 1300, 1304, 1326, 1327, 1328, 1329, 1330, 1331, 1332, 1407, 1428, 1429, 1452, 1453, 1454, 1455, 1456, 1476, 1522, 1548, 1549, 1550, 1551, 1552, 1553, 1557, 1582, 1593, 1594, 1595, 1596, 1600, 1601, 1602, 1603, 1604, 1628, 1646, 1671, 1679, 1697, 1737, 1741, 1742, 1743, 1744, 1748, 1770, 1771, 1772, 1780, 1794, 1811, 1843, 1863, 1871, 1885, 1894, 1898, 1899, 1900, 1904, 1918, 1933, 1934, 1935, 1936, 1937, 1938, 1939, 1940, 1941, 1942, 1943, 1944, 1945, 1946, 1947, 1948, 1949, 1950, 1951, 1952, 1953, 1954, 1955, 1956, 1957, 1958], "selected_count": 169, "selection_time": 0.06388427299680188, "selection_score_forward_time": 0.06354111098335125}