{"example_id": 21, "sub_q_idx": 0, "method": "DraftModel", "reprocess_method": "DraftModel", "rate": 0.1, "system_len": 792, "passages_len": [792, 75, 120, 212, 139, 152, 205, 148, 321, 149, 228, 31], "chunk_ids": [0, 1, 2, 3, 4, 5, 6, 7, 8, 9, 10], "selected_abs": [792, 793, 794, 795, 796, 797, 798, 799, 800, 801, 802, 806, 814, 824, 828, 829, 843, 866, 867, 868, 869, 870, 871, 872, 873, 878, 880, 895, 926, 931, 986, 987, 988, 989, 990, 991, 992, 993, 994, 995, 996, 1005, 1077, 1079, 1086, 1093, 1095, 1098, 1104, 1133, 1136, 1198, 1199, 1200, 1201, 1202, 1203, 1204, 1206, 1207, 1210, 1211, 1239, 1243, 1286, 1316, 1334, 1335, 1336, 1337, 1338, 1339, 1340, 1341, 1342, 1344, 1345, 1354, 1358, 1414, 1446, 1452, 1489, 1490, 1491, 1492, 1497, 1539, 1669, 1694, 1695, 1696, 1697, 1698, 1699, 1701, 1702, 1703, 1704, 1729, 1743, 1744, 1747, 1780, 1798, 1838, 1842, 1843, 1844, 1845, 1846, 1847, 1849, 1850, 1851, 1852, 1862, 1919, 1979, 2018, 2027, 2068, 2091, 2103, 2114, 2116, 2123, 2146, 2163, 2164, 2165, 2166, 2167, 2168, 2169, 2170, 2171, 2172, 2186, 2198, 2219, 2228, 2240, 2309, 2310, 2311, 2312, 2313, 2314, 2315, 2316, 2317, 2318, 2319, 2320, 2321, 2322, 2324, 2325, 2339, 2349, 2370, 2413, 2444, 2445, 2446, 2477, 2478, 2481, 2496, 2498, 2510, 2511, 2512, 2513, 2516, 2524, 2526, 2530, 2537, 2540, 2541, 2542, 2543, 2544, 2545, 2546, 2547, 2548, 2549, 2550, 2551, 2552, 2553, 2554, 2555, 2556, 2557, 2558, 2559, 2560, 2561, 2562, 2563, 2564, 2565, 2566, 2567, 2568, 2569, 2570, 2571], "selected_count": 212, "selection_time": 0.08314407998113893, "selection_score_forward_time": 0.08279889798723161}