{"example_id": 0, "sub_q_idx": 0, "method": "DraftModel", "reprocess_method": "DraftModel", "rate": 0.1, "system_len": 792, "passages_len": [792, 50, 92, 76, 98, 52, 214, 121, 301, 84, 83, 50, 92, 31], "chunk_ids": [0, 1, 2, 3, 4, 5, 6, 7, 8, 9, 10, 1, 2], "selected_abs": [792, 793, 794, 795, 796, 797, 798, 799, 800, 801, 802, 803, 804, 805, 806, 807, 808, 809, 810, 811, 812, 813, 814, 815, 841, 842, 843, 844, 845, 846, 847, 851, 852, 855, 856, 860, 873, 881, 905, 908, 933, 934, 935, 936, 937, 939, 940, 1009, 1010, 1017, 1107, 1108, 1109, 1110, 1111, 1112, 1159, 1160, 1181, 1280, 1305, 1314, 1373, 1374, 1375, 1376, 1377, 1378, 1379, 1494, 1495, 1496, 1652, 1725, 1794, 1795, 1796, 1797, 1798, 1799, 1800, 1801, 1802, 1803, 1804, 1805, 1806, 1808, 1809, 1810, 1811, 1879, 1880, 1881, 1882, 1883, 1884, 1885, 1886, 1887, 1888, 1889, 1890, 1891, 1892, 1893, 1894, 1895, 1896, 1897, 1898, 1899, 1925, 1926, 1927, 1928, 1929, 1930, 1931, 1932, 1933, 1942, 1943, 1944, 1945, 1946, 1947, 1948, 1949, 1950, 1951, 1952, 1954, 1955, 1956, 1957, 1958, 1959, 1960, 1961, 1962, 1963, 1964, 1965, 1966, 1967, 1968, 1969, 1970, 1971, 1972, 1973, 1974, 1975, 1976, 1977, 1978, 1979, 1980, 1981, 1982, 1983, 1984, 1985, 1986, 1987, 1990, 1992, 1997, 2009, 2012, 2013, 2014, 2015, 2016, 2017, 2018, 2019, 2020, 2021, 2022, 2023, 2026, 2027, 2028, 2031, 2032, 2033, 2034, 2035, 2036, 2051, 2052, 2060, 2061, 2068, 2069, 2070, 2071, 2075, 2076, 2078, 2079, 2082, 2086, 2087, 2089, 2090, 2091, 2092, 2093, 2103, 2104, 2105, 2106, 2107, 2108, 2109, 2110, 2111, 2112, 2113, 2114, 2115, 2116, 2117, 2118, 2119, 2120, 2121, 2122, 2123, 2124, 2125, 2126, 2127, 2128, 2129, 2130, 2131, 2132, 2133, 2134, 2135], "selected_count": 244, "selection_time": 0.1932804340030998, "selection_score_forward_time": 0.1928514369938057}