{"example_id": 9, "sub_q_idx": 0, "method": "DraftModel", "reprocess_method": "DraftModel", "rate": 0.1, "system_len": 792, "passages_len": [792, 205, 152, 321, 212, 228, 154, 139, 265, 196, 126, 29], "chunk_ids": [0, 1, 2, 3, 4, 5, 6, 7, 8, 9, 10], "selected_abs": [792, 793, 794, 795, 796, 797, 798, 799, 800, 802, 803, 804, 805, 806, 807, 810, 811, 812, 813, 814, 830, 832, 833, 838, 839, 840, 841, 868, 899, 912, 919, 921, 971, 972, 973, 974, 975, 976, 979, 982, 994, 995, 996, 997, 998, 999, 1000, 1001, 1003, 1004, 1005, 1006, 1007, 1008, 1009, 1010, 1011, 1012, 1013, 1014, 1015, 1016, 1017, 1018, 1030, 1073, 1105, 1111, 1147, 1148, 1149, 1150, 1151, 1152, 1153, 1154, 1155, 1156, 1157, 1158, 1159, 1168, 1285, 1374, 1409, 1420, 1422, 1429, 1453, 1460, 1469, 1470, 1471, 1472, 1473, 1474, 1475, 1476, 1477, 1478, 1479, 1489, 1491, 1560, 1566, 1568, 1569, 1581, 1681, 1682, 1683, 1684, 1685, 1686, 1687, 1688, 1689, 1690, 1693, 1718, 1782, 1865, 1899, 1909, 1910, 1911, 1912, 1913, 1917, 1918, 1944, 1973, 2063, 2064, 2065, 2066, 2067, 2117, 2160, 2202, 2203, 2204, 2205, 2207, 2208, 2214, 2230, 2244, 2248, 2302, 2319, 2321, 2392, 2447, 2467, 2468, 2469, 2470, 2471, 2475, 2476, 2479, 2480, 2490, 2491, 2492, 2506, 2531, 2535, 2560, 2574, 2588, 2604, 2623, 2642, 2651, 2659, 2662, 2663, 2664, 2665, 2666, 2667, 2668, 2669, 2670, 2672, 2673, 2676, 2678, 2679, 2680, 2681, 2682, 2683, 2684, 2685, 2686, 2688, 2689, 2690, 2694, 2695, 2704, 2705, 2708, 2710, 2711, 2715, 2717, 2720, 2734, 2740, 2744, 2746, 2747, 2748, 2753, 2765, 2766, 2767, 2774, 2777, 2778, 2784, 2786, 2787, 2788, 2789, 2790, 2791, 2792, 2793, 2794, 2795, 2796, 2797, 2798, 2799, 2800, 2801, 2802, 2803, 2804, 2805, 2806, 2807, 2808, 2809, 2810, 2811, 2812, 2813, 2814, 2815, 2816, 2817, 2818], "selected_count": 258, "selection_time": 0.08857835800154135, "selection_score_forward_time": 0.08812415300053544}