{"example_id": 19, "sub_q_idx": 1, "method": "DraftModel", "reprocess_method": "DraftModel", "rate": 0.1, "system_len": 792, "passages_len": [792, 131, 37, 46, 137, 340, 82, 49, 125, 124, 341, 37, 131, 31], "chunk_ids": [0, 3, 2, 4, 11, 12, 7, 13, 14, 15, 16, 2, 3], "selected_abs": [792, 793, 794, 795, 796, 797, 799, 812, 817, 837, 870, 885, 891, 920, 921, 922, 923, 924, 925, 926, 927, 928, 934, 935, 937, 938, 939, 942, 943, 946, 950, 958, 959, 960, 961, 962, 963, 964, 972, 975, 981, 1005, 1006, 1007, 1008, 1009, 1010, 1011, 1012, 1142, 1143, 1144, 1145, 1146, 1147, 1148, 1164, 1167, 1211, 1273, 1415, 1481, 1482, 1483, 1484, 1485, 1486, 1487, 1488, 1489, 1490, 1564, 1565, 1566, 1567, 1568, 1569, 1570, 1571, 1582, 1613, 1614, 1615, 1616, 1617, 1618, 1619, 1620, 1621, 1622, 1687, 1738, 1739, 1740, 1741, 1742, 1743, 1744, 1745, 1746, 1747, 1748, 1749, 1750, 1848, 1862, 1863, 1864, 1865, 1866, 1867, 1868, 1869, 1870, 1871, 1880, 1909, 1931, 1993, 2115, 2159, 2175, 2176, 2177, 2178, 2179, 2180, 2181, 2182, 2183, 2184, 2185, 2186, 2187, 2188, 2189, 2190, 2191, 2192, 2193, 2194, 2195, 2196, 2197, 2198, 2199, 2200, 2201, 2202, 2203, 2204, 2205, 2206, 2207, 2208, 2209, 2215, 2216, 2218, 2219, 2220, 2223, 2224, 2227, 2234, 2236, 2237, 2238, 2239, 2240, 2241, 2242, 2243, 2244, 2245, 2246, 2247, 2248, 2249, 2250, 2251, 2252, 2253, 2258, 2259, 2261, 2262, 2264, 2265, 2266, 2267, 2274, 2275, 2286, 2308, 2309, 2310, 2314, 2319, 2328, 2333, 2334, 2340, 2345, 2350, 2355, 2358, 2368, 2369, 2370, 2371, 2372, 2373, 2374, 2375, 2376, 2377, 2378, 2379, 2380, 2381, 2382, 2383, 2384, 2385, 2386, 2387, 2388, 2389, 2390, 2391, 2392, 2393, 2394, 2395, 2396, 2397, 2398, 2399, 2400, 2401, 2402], "selected_count": 242, "selection_time": 0.07071196401375346, "selection_score_forward_time": 0.07037150399992242}