{"example_id": 24, "sub_q_idx": 0, "method": "DraftModel", "reprocess_method": "DraftModel", "rate": 0.1, "system_len": 792, "passages_len": [792, 256, 242, 222, 47, 180, 123, 95, 92, 89, 210, 30], "chunk_ids": [0, 1, 2, 3, 4, 5, 6, 7, 8, 9, 10], "selected_abs": [792, 793, 794, 795, 796, 797, 798, 799, 800, 801, 802, 803, 804, 805, 806, 807, 816, 817, 818, 819, 820, 821, 822, 849, 868, 891, 892, 910, 932, 939, 1012, 1025, 1047, 1048, 1049, 1050, 1051, 1054, 1056, 1065, 1105, 1134, 1136, 1289, 1290, 1291, 1292, 1293, 1298, 1299, 1300, 1301, 1302, 1303, 1304, 1305, 1306, 1307, 1308, 1332, 1357, 1358, 1379, 1405, 1503, 1511, 1512, 1513, 1514, 1515, 1516, 1517, 1518, 1519, 1547, 1558, 1559, 1560, 1561, 1562, 1564, 1567, 1671, 1715, 1738, 1739, 1740, 1741, 1743, 1744, 1745, 1746, 1747, 1792, 1793, 1841, 1861, 1862, 1863, 1864, 1865, 1941, 1956, 1957, 1958, 1959, 1960, 1963, 1964, 1965, 2010, 2048, 2049, 2050, 2056, 2086, 2137, 2138, 2139, 2141, 2143, 2148, 2150, 2166, 2207, 2223, 2243, 2250, 2270, 2275, 2280, 2286, 2287, 2288, 2291, 2308, 2315, 2322, 2327, 2328, 2329, 2330, 2331, 2332, 2333, 2334, 2335, 2336, 2337, 2338, 2340, 2343, 2345, 2346, 2347, 2348, 2349, 2350, 2351, 2352, 2353, 2354, 2355, 2356, 2357, 2358, 2359, 2360, 2361, 2362, 2363, 2364, 2365, 2366, 2367, 2368, 2369, 2370, 2371, 2372, 2373, 2374, 2375, 2376, 2377], "selected_count": 185, "selection_time": 0.07098933900124393, "selection_score_forward_time": 0.07061635199352168}