source,kind,relative_l2,diff_norm,full_norm,source_norm,cosine_source_full,num_examples,num_chunks,num_tokens
raw,hidden_layer_input,0.7308601469391246,1511988.2902726124,2068779.2276058393,2242692.744427959,0.7568922914779178,10,235,154634
preprocess,hidden_layer_input,0.7444693695653111,1540142.7673455304,2068779.2276058393,2009832.9049552563,0.715172960664245,10,235,154634
