{"example_id": 188, "sub_q_idx": 1, "method": "DraftModel", "reprocess_method": "DraftModel", "rate": 0.1, "system_len": 792, "passages_len": [792, 96, 219, 69, 96, 76, 80, 90, 100, 93, 102, 69, 96, 33], "chunk_ids": [0, 11, 2, 1, 12, 13, 14, 15, 16, 17, 18, 1, 11], "selected_abs": [793, 796, 798, 804, 805, 816, 887, 888, 889, 890, 891, 892, 893, 894, 895, 896, 1106, 1107, 1108, 1109, 1110, 1111, 1112, 1113, 1114, 1115, 1116, 1117, 1118, 1119, 1120, 1121, 1122, 1123, 1124, 1125, 1126, 1127, 1174, 1175, 1177, 1273, 1349, 1352, 1427, 1428, 1429, 1430, 1431, 1434, 1517, 1518, 1519, 1520, 1521, 1522, 1523, 1524, 1526, 1527, 1528, 1530, 1531, 1533, 1534, 1617, 1618, 1619, 1620, 1621, 1622, 1623, 1624, 1625, 1626, 1627, 1629, 1630, 1631, 1632, 1678, 1710, 1711, 1712, 1713, 1714, 1715, 1716, 1717, 1718, 1719, 1720, 1721, 1722, 1723, 1724, 1725, 1726, 1730, 1731, 1732, 1734, 1735, 1736, 1737, 1738, 1739, 1740, 1741, 1742, 1743, 1744, 1745, 1746, 1747, 1748, 1749, 1784, 1785, 1786, 1787, 1788, 1789, 1790, 1791, 1792, 1793, 1794, 1795, 1796, 1797, 1798, 1799, 1800, 1801, 1802, 1803, 1804, 1805, 1806, 1807, 1808, 1809, 1810, 1811, 1812, 1813, 1814, 1815, 1816, 1817, 1818, 1819, 1820, 1821, 1822, 1823, 1824, 1825, 1826, 1827, 1828, 1829, 1830, 1831, 1832, 1833, 1835, 1837, 1847, 1858, 1880, 1881, 1882, 1883, 1884, 1885, 1886, 1888, 1890, 1892, 1893, 1897, 1906, 1912, 1913, 1915, 1916, 1919, 1921, 1924, 1925, 1928, 1932, 1934, 1935, 1937, 1942, 1948, 1950, 1952, 1955, 1958, 1959, 1961, 1962, 1969, 1970, 1971, 1972, 1973, 1974, 1975, 1976, 1977, 1978, 1979, 1980, 1981, 1982, 1983, 1984, 1985, 1986, 1987, 1988, 1989, 1990, 1991, 1992, 1993, 1994, 1995, 1996, 1997, 1998, 1999, 2000, 2001, 2002, 2003, 2004, 2005, 2006, 2007, 2008, 2009, 2010], "selected_count": 248, "selection_time": 0.01817879601730965, "selection_score_forward_time": 0.017863266984932125}