{"example_id": 188, "sub_q_idx": 0, "method": "DraftModel", "reprocess_method": "DraftModel", "rate": 0.1, "system_len": 792, "passages_len": [792, 69, 219, 69, 47, 67, 130, 70, 79, 56, 57, 28], "chunk_ids": [0, 1, 2, 3, 4, 5, 6, 7, 8, 9, 10], "selected_abs": [792, 793, 794, 795, 796, 797, 798, 799, 800, 801, 802, 803, 804, 805, 806, 807, 808, 809, 810, 811, 812, 859, 860, 861, 862, 863, 864, 865, 866, 867, 868, 869, 1079, 1080, 1081, 1082, 1083, 1101, 1138, 1148, 1149, 1150, 1151, 1152, 1153, 1154, 1155, 1197, 1215, 1392, 1393, 1394, 1395, 1413, 1462, 1463, 1464, 1465, 1466, 1467, 1468, 1469, 1470, 1471, 1485, 1488, 1498, 1541, 1543, 1546, 1549, 1554, 1593, 1595, 1596, 1597, 1598, 1599, 1601, 1603, 1604, 1605, 1607, 1611, 1614, 1620, 1622, 1635, 1636, 1637, 1640, 1641, 1642, 1643, 1645, 1648, 1649, 1650, 1651, 1652, 1653, 1654, 1655, 1656, 1657, 1658, 1659, 1660, 1661, 1662, 1663, 1664, 1665, 1666, 1667, 1668, 1669, 1670, 1671, 1672, 1673, 1674, 1675, 1676, 1677, 1678, 1679, 1680, 1681, 1682], "selected_count": 130, "selection_time": 0.015612396993674338, "selection_score_forward_time": 0.015314770018449053}