{"example_id": 15, "sub_q_idx": 1, "method": "DraftModel", "reprocess_method": "DraftModel", "rate": 0.15, "system_len": 792, "passages_len": [792, 70, 89, 89, 127, 47, 112, 70, 153, 90, 115, 89, 70, 32], "chunk_ids": [0, 11, 1, 12, 13, 14, 15, 16, 17, 18, 19, 1, 11], "selected_abs": [1395, 1479, 1480, 1484, 1485, 1486, 1487, 1488, 1489, 1490, 1492, 1493, 1494, 1495, 1496, 1497, 1498, 1499, 1500, 1501, 1505, 1506, 1507, 1508, 1509, 1510, 1511, 1513, 1514, 1515, 1516, 1517, 1518, 1524, 1525, 1527, 1528, 1529, 1533, 1534, 1535, 1548, 1600, 1601, 1602, 1604, 1605, 1638, 1732, 1733, 1734, 1740, 1741, 1743, 1744, 1752, 1753, 1754, 1797, 1798, 1799, 1800, 1801, 1805, 1806, 1807, 1808, 1809, 1810, 1811, 1812, 1813, 1814, 1815, 1816, 1817, 1818, 1819, 1820, 1821, 1822, 1823, 1824, 1825, 1827, 1828, 1829, 1830, 1832, 1833, 1834, 1835, 1836, 1837, 1838, 1840, 1841, 1842, 1843, 1844, 1845, 1846, 1847, 1848, 1849, 1850, 1851, 1852, 1853, 1854, 1855, 1856, 1857, 1858, 1859, 1860, 1861, 1862, 1863, 1864, 1865, 1866, 1867, 1868, 1869, 1870, 1871, 1872, 1873, 1874, 1875, 1876, 1877, 1878, 1879, 1880, 1881, 1882, 1883, 1884, 1885, 1886, 1887, 1888, 1889, 1890, 1891, 1892, 1893, 1894, 1895, 1896, 1897, 1898, 1899, 1900, 1901, 1902, 1903, 1904, 1905, 1906, 1907, 1908, 1909, 1910, 1911, 1912, 1913, 1914, 1915, 1916, 1917, 1918, 1919, 1920, 1921, 1922, 1923, 1924, 1925, 1926, 1927, 1928, 1929, 1930, 1931, 1932, 1933, 1934, 1935, 1936, 1937, 1938, 1939, 1940, 1941, 1942, 1943, 1944], "selected_count": 200, "selection_time": 0.005915369023568928, "selection_score_forward_time": 0.005022375000407919}