{"example_id": 14, "sub_q_idx": 0, "method": "DraftModel", "reprocess_method": "DraftModel", "rate": 0.15, "system_len": 792, "passages_len": [792, 144, 71, 113, 84, 141, 93, 101, 106, 93, 111, 40], "chunk_ids": [0, 1, 2, 3, 4, 5, 6, 7, 8, 9, 10], "selected_abs": [1415, 1416, 1429, 1430, 1431, 1432, 1433, 1434, 1435, 1436, 1437, 1438, 1439, 1440, 1441, 1442, 1446, 1447, 1448, 1449, 1450, 1451, 1456, 1457, 1458, 1463, 1464, 1465, 1470, 1471, 1486, 1487, 1488, 1538, 1540, 1541, 1632, 1633, 1634, 1644, 1688, 1689, 1709, 1710, 1711, 1712, 1713, 1714, 1715, 1716, 1717, 1722, 1723, 1724, 1725, 1726, 1727, 1728, 1737, 1738, 1739, 1740, 1741, 1743, 1744, 1745, 1746, 1749, 1750, 1751, 1752, 1754, 1755, 1756, 1760, 1761, 1762, 1763, 1765, 1766, 1767, 1770, 1771, 1772, 1773, 1774, 1775, 1776, 1777, 1778, 1779, 1780, 1781, 1782, 1783, 1784, 1785, 1786, 1787, 1788, 1789, 1790, 1791, 1792, 1793, 1794, 1795, 1796, 1797, 1798, 1799, 1800, 1801, 1802, 1803, 1804, 1805, 1806, 1807, 1808, 1811, 1812, 1813, 1814, 1815, 1816, 1817, 1818, 1819, 1820, 1821, 1822, 1823, 1824, 1825, 1826, 1827, 1828, 1829, 1830, 1831, 1832, 1833, 1834, 1835, 1836, 1837, 1838, 1839, 1840, 1841, 1842, 1843, 1844, 1845, 1846, 1847, 1848, 1849, 1850, 1851, 1852, 1853, 1854, 1855, 1856, 1857, 1858, 1859, 1860, 1861, 1862, 1863, 1864, 1865, 1866, 1867, 1868, 1869, 1870, 1871, 1872, 1873, 1874, 1875, 1876, 1877, 1878, 1879, 1880, 1881, 1882, 1883, 1884, 1885, 1886, 1887, 1888], "selected_count": 198, "selection_time": 0.0056550989975221455, "selection_score_forward_time": 0.004888998984824866}