{"example_id": 14, "sub_q_idx": 1, "method": "DraftModel", "reprocess_method": "DraftModel", "rate": 0.15, "system_len": 792, "passages_len": [792, 47, 106, 144, 95, 210, 394, 168, 93, 51, 98, 144, 84, 47, 28], "chunk_ids": [0, 11, 8, 1, 12, 13, 14, 15, 6, 16, 17, 1, 4, 11], "selected_abs": [1468, 1946, 1947, 1948, 1955, 1956, 1975, 1976, 1977, 1978, 1979, 1980, 1981, 1983, 1984, 1985, 1986, 1992, 1993, 1994, 1996, 1997, 1998, 2026, 2027, 2028, 2040, 2041, 2042, 2043, 2044, 2045, 2046, 2047, 2048, 2049, 2050, 2051, 2052, 2053, 2054, 2055, 2056, 2057, 2058, 2059, 2060, 2061, 2062, 2063, 2064, 2065, 2066, 2068, 2069, 2070, 2071, 2075, 2076, 2077, 2082, 2083, 2084, 2086, 2087, 2088, 2089, 2090, 2092, 2093, 2094, 2095, 2098, 2099, 2100, 2101, 2102, 2103, 2104, 2106, 2107, 2108, 2109, 2138, 2139, 2140, 2149, 2150, 2151, 2153, 2154, 2155, 2157, 2158, 2159, 2160, 2162, 2163, 2164, 2165, 2166, 2167, 2173, 2174, 2177, 2178, 2179, 2197, 2219, 2220, 2221, 2261, 2262, 2263, 2264, 2265, 2267, 2268, 2269, 2291, 2292, 2302, 2303, 2306, 2307, 2310, 2311, 2312, 2322, 2323, 2327, 2332, 2333, 2335, 2340, 2341, 2342, 2343, 2344, 2350, 2351, 2352, 2353, 2354, 2365, 2366, 2367, 2368, 2369, 2370, 2371, 2372, 2373, 2374, 2375, 2376, 2377, 2378, 2379, 2380, 2381, 2382, 2383, 2384, 2385, 2386, 2387, 2388, 2389, 2390, 2391, 2392, 2393, 2394, 2395, 2396, 2397, 2398, 2399, 2400, 2401, 2402, 2403, 2404, 2405, 2406, 2407, 2408, 2409, 2410, 2411, 2412, 2413, 2414, 2415, 2416, 2417, 2418, 2419, 2420, 2421, 2422, 2423, 2424, 2425, 2426, 2427, 2428, 2429, 2430, 2431, 2432, 2433, 2434, 2435, 2436, 2437, 2438, 2439, 2440, 2441, 2442, 2443, 2444, 2445, 2446, 2447, 2448, 2449, 2450, 2451, 2452, 2453, 2454, 2455, 2456, 2457, 2458, 2459, 2460, 2461, 2462, 2463, 2464, 2465, 2466, 2467, 2468, 2469, 2470, 2471, 2472, 2473, 2474, 2475, 2476, 2477, 2478, 2479, 2480, 2481, 2482, 2483, 2484, 2485, 2486, 2487, 2488, 2489, 2490, 2491, 2492, 2493, 2494, 2495, 2496, 2497, 2498, 2499, 2500], "selected_count": 280, "selection_time": 0.0059912050201091915, "selection_score_forward_time": 0.005032831017160788}