{"example_id": 17, "sub_q_idx": 1, "method": "DraftModel", "reprocess_method": "DraftModel", "rate": 0.15, "system_len": 792, "passages_len": [792, 114, 90, 116, 285, 72, 127, 78, 65, 214, 226, 285, 78, 72, 114, 34], "chunk_ids": [0, 1, 4, 11, 2, 5, 12, 3, 8, 13, 14, 2, 3, 5, 1], "selected_abs": [831, 832, 833, 838, 839, 840, 843, 844, 845, 854, 855, 856, 863, 864, 865, 871, 872, 873, 874, 875, 876, 885, 886, 887, 892, 893, 894, 895, 896, 897, 904, 905, 906, 907, 908, 910, 911, 912, 995, 996, 1395, 1396, 1397, 1781, 1806, 1807, 2178, 2225, 2226, 2234, 2235, 2236, 2248, 2249, 2250, 2253, 2254, 2255, 2256, 2294, 2295, 2296, 2298, 2299, 2300, 2301, 2302, 2303, 2304, 2305, 2306, 2307, 2308, 2309, 2310, 2311, 2312, 2313, 2314, 2315, 2316, 2317, 2318, 2319, 2320, 2321, 2322, 2323, 2324, 2325, 2326, 2327, 2328, 2329, 2330, 2331, 2332, 2335, 2336, 2337, 2338, 2339, 2346, 2347, 2348, 2358, 2359, 2360, 2410, 2411, 2412, 2413, 2414, 2415, 2416, 2417, 2418, 2419, 2420, 2421, 2422, 2423, 2424, 2425, 2426, 2427, 2428, 2429, 2430, 2431, 2462, 2463, 2464, 2505, 2506, 2507, 2527, 2528, 2529, 2539, 2540, 2541, 2542, 2550, 2551, 2552, 2561, 2562, 2570, 2571, 2572, 2575, 2576, 2577, 2578, 2579, 2583, 2584, 2585, 2586, 2595, 2596, 2597, 2598, 2599, 2600, 2601, 2602, 2603, 2604, 2605, 2606, 2607, 2608, 2609, 2610, 2611, 2612, 2613, 2614, 2615, 2616, 2617, 2618, 2619, 2620, 2621, 2622, 2623, 2626, 2627, 2628, 2629, 2630, 2631, 2632, 2633, 2635, 2636, 2637, 2638, 2639, 2640, 2641, 2642, 2643, 2644, 2645, 2646, 2647, 2648, 2649, 2650, 2651, 2652, 2653, 2654, 2655, 2656, 2657, 2658, 2659, 2660, 2661, 2662, 2663, 2664, 2665, 2666, 2667, 2668, 2669, 2670, 2671, 2672, 2673, 2674, 2675, 2676, 2677, 2678, 2679, 2680, 2681, 2682, 2683, 2684, 2685, 2686, 2687, 2688, 2689, 2690, 2691, 2692, 2693, 2694, 2695, 2696, 2697, 2698, 2699, 2700, 2701, 2702, 2703, 2704, 2705, 2706, 2707, 2708, 2709, 2710, 2711, 2712, 2713, 2714, 2715, 2716, 2717, 2718, 2719, 2720, 2721, 2722, 2723, 2724, 2725, 2726, 2727, 2728, 2729, 2730, 2731, 2732, 2733, 2734, 2735, 2736, 2737, 2738, 2739, 2740, 2741, 2742, 2743, 2744, 2745, 2746, 2747, 2748, 2749, 2750, 2751, 2752, 2753, 2754, 2755, 2756, 2757, 2758, 2759, 2760, 2761], "selected_count": 324, "selection_time": 0.006518456997582689, "selection_score_forward_time": 0.005633141990983859}