{"example_id": 3, "sub_q_idx": 0, "method": "DraftModel", "reprocess_method": "DraftModel", "rate": 0.15, "system_len": 792, "passages_len": [792, 108, 92, 90, 170, 141, 200, 52, 143, 68, 90, 30], "chunk_ids": [0, 1, 2, 3, 4, 5, 6, 7, 8, 9, 10], "selected_abs": [1392, 1451, 1452, 1457, 1458, 1460, 1465, 1466, 1467, 1468, 1469, 1513, 1514, 1515, 1516, 1517, 1519, 1520, 1521, 1526, 1527, 1529, 1530, 1531, 1532, 1535, 1536, 1537, 1542, 1543, 1544, 1545, 1554, 1555, 1556, 1562, 1563, 1564, 1565, 1566, 1591, 1592, 1643, 1644, 1645, 1712, 1713, 1751, 1752, 1787, 1788, 1789, 1790, 1819, 1820, 1823, 1824, 1825, 1826, 1827, 1829, 1830, 1831, 1832, 1833, 1834, 1835, 1836, 1837, 1838, 1839, 1840, 1841, 1842, 1843, 1844, 1845, 1846, 1847, 1848, 1849, 1850, 1851, 1852, 1853, 1854, 1855, 1856, 1857, 1858, 1859, 1860, 1861, 1862, 1863, 1864, 1865, 1866, 1867, 1868, 1869, 1870, 1871, 1872, 1873, 1874, 1875, 1876, 1877, 1878, 1879, 1880, 1883, 1884, 1885, 1886, 1887, 1888, 1889, 1892, 1893, 1894, 1895, 1896, 1897, 1898, 1899, 1900, 1901, 1902, 1903, 1904, 1905, 1906, 1907, 1908, 1909, 1910, 1911, 1912, 1913, 1914, 1915, 1916, 1917, 1918, 1919, 1920, 1921, 1922, 1923, 1924, 1925, 1926, 1927, 1928, 1929, 1930, 1931, 1932, 1933, 1934, 1935, 1936, 1937, 1938, 1939, 1940, 1941, 1942, 1943, 1944, 1945, 1946, 1947, 1948, 1949, 1950, 1951, 1952, 1953, 1954, 1955, 1956, 1957, 1958, 1959, 1960, 1961, 1962, 1963, 1964, 1965, 1966, 1967, 1968, 1969, 1970, 1971, 1972, 1973, 1974, 1975], "selected_count": 203, "selection_time": 0.008298879984067753, "selection_score_forward_time": 0.007431064994307235}