{"example_id": 9, "sub_q_idx": 0, "method": "DraftModel", "reprocess_method": "DraftModel", "rate": 0.15, "system_len": 792, "passages_len": [792, 205, 152, 321, 212, 228, 154, 139, 265, 196, 126, 29], "chunk_ids": [0, 1, 2, 3, 4, 5, 6, 7, 8, 9, 10], "selected_abs": [838, 839, 840, 845, 846, 847, 854, 855, 856, 894, 895, 896, 897, 898, 899, 900, 911, 912, 913, 919, 920, 921, 923, 924, 925, 927, 928, 929, 931, 932, 933, 935, 936, 937, 938, 939, 940, 941, 942, 943, 946, 948, 949, 950, 951, 952, 954, 955, 956, 957, 961, 962, 963, 966, 967, 968, 995, 996, 997, 1017, 1018, 1019, 1020, 1021, 1029, 1030, 1031, 1468, 1469, 1470, 2296, 2297, 2298, 2301, 2302, 2303, 2304, 2305, 2306, 2307, 2308, 2309, 2310, 2315, 2316, 2317, 2353, 2354, 2355, 2357, 2358, 2359, 2360, 2361, 2362, 2363, 2364, 2365, 2366, 2367, 2368, 2369, 2370, 2371, 2372, 2373, 2374, 2375, 2376, 2377, 2378, 2379, 2380, 2381, 2382, 2383, 2384, 2385, 2386, 2387, 2388, 2389, 2390, 2391, 2392, 2393, 2394, 2395, 2396, 2397, 2403, 2404, 2405, 2406, 2407, 2408, 2409, 2410, 2411, 2412, 2413, 2414, 2415, 2416, 2417, 2418, 2419, 2420, 2434, 2435, 2436, 2438, 2439, 2440, 2441, 2450, 2451, 2452, 2466, 2467, 2468, 2477, 2555, 2556, 2557, 2620, 2621, 2622, 2623, 2624, 2632, 2633, 2634, 2636, 2637, 2638, 2639, 2640, 2641, 2654, 2655, 2656, 2662, 2663, 2664, 2665, 2666, 2676, 2677, 2678, 2681, 2682, 2683, 2684, 2685, 2686, 2687, 2688, 2689, 2690, 2691, 2692, 2693, 2694, 2695, 2696, 2697, 2698, 2699, 2700, 2701, 2702, 2703, 2704, 2705, 2706, 2707, 2708, 2709, 2710, 2711, 2712, 2713, 2714, 2715, 2716, 2717, 2718, 2719, 2720, 2721, 2722, 2723, 2724, 2725, 2726, 2727, 2728, 2729, 2730, 2731, 2732, 2733, 2734, 2735, 2736, 2737, 2738, 2739, 2740, 2741, 2742, 2743, 2744, 2745, 2746, 2747, 2748, 2749, 2750, 2751, 2752, 2753, 2754, 2755, 2756, 2757, 2758, 2759, 2760, 2761, 2762, 2763, 2764, 2765, 2766, 2767, 2768, 2769, 2770, 2771, 2772, 2773, 2774, 2775, 2776, 2777, 2778, 2779, 2780, 2781, 2782, 2783, 2784, 2785, 2786, 2787, 2788, 2789, 2790, 2791, 2792, 2793, 2794, 2795, 2796, 2797, 2798, 2799, 2800, 2801, 2802, 2803, 2804, 2805, 2806, 2807, 2808, 2809, 2810, 2811, 2812, 2813, 2814, 2815, 2816, 2817, 2818], "selected_count": 328, "selection_time": 0.010403594991657883, "selection_score_forward_time": 0.009476879000430927}