{"example_id": 13, "sub_q_idx": 1, "method": "DraftModel", "reprocess_method": "DraftModel", "rate": 0.15, "system_len": 792, "passages_len": [792, 148, 139, 149, 265, 228, 196, 321, 72, 88, 104, 86, 148, 139, 29], "chunk_ids": [0, 9, 11, 12, 2, 13, 14, 15, 16, 17, 18, 1, 9, 11], "selected_abs": [925, 926, 928, 929, 930, 939, 940, 979, 980, 981, 987, 988, 989, 990, 991, 992, 993, 994, 1002, 1003, 1004, 1005, 1006, 1007, 1013, 1014, 1015, 1016, 1017, 1018, 1019, 1020, 1026, 1027, 1028, 1030, 1031, 1032, 1033, 1034, 1035, 1036, 1037, 1038, 1039, 1040, 1041, 1042, 1044, 1045, 1046, 1047, 1048, 1049, 1050, 1074, 1075, 1076, 1077, 1078, 1079, 1112, 1113, 1114, 1491, 1492, 1493, 1916, 2358, 2359, 2360, 2378, 2379, 2380, 2385, 2386, 2387, 2397, 2398, 2400, 2401, 2402, 2411, 2412, 2413, 2423, 2424, 2439, 2440, 2441, 2445, 2446, 2447, 2448, 2449, 2450, 2451, 2452, 2453, 2454, 2455, 2456, 2457, 2458, 2459, 2460, 2461, 2462, 2463, 2464, 2465, 2466, 2467, 2468, 2469, 2470, 2471, 2472, 2473, 2474, 2478, 2479, 2480, 2481, 2486, 2487, 2488, 2489, 2490, 2491, 2493, 2494, 2495, 2500, 2501, 2502, 2503, 2504, 2505, 2506, 2509, 2510, 2511, 2548, 2549, 2550, 2563, 2564, 2565, 2567, 2568, 2569, 2570, 2573, 2574, 2575, 2586, 2587, 2588, 2633, 2634, 2635, 2665, 2666, 2667, 2668, 2677, 2678, 2695, 2696, 2697, 2699, 2700, 2701, 2707, 2708, 2709, 2710, 2711, 2721, 2722, 2723, 2724, 2725, 2726, 2735, 2736, 2737, 2738, 2739, 2740, 2741, 2742, 2751, 2752, 2755, 2756, 2757, 2758, 2760, 2761, 2762, 2763, 2764, 2765, 2766, 2767, 2768, 2769, 2770, 2771, 2772, 2773, 2774, 2775, 2776, 2777, 2778, 2779, 2782, 2783, 2784, 2785, 2786, 2787, 2788, 2789, 2790, 2791, 2792, 2793, 2794, 2795, 2796, 2797, 2798, 2799, 2800, 2801, 2802, 2803, 2804, 2805, 2806, 2807, 2808, 2809, 2810, 2811, 2812, 2813, 2814, 2815, 2816, 2817, 2818, 2819, 2820, 2821, 2822, 2823, 2824, 2825, 2826, 2827, 2828, 2829, 2830, 2831, 2832, 2833, 2834, 2835, 2836, 2837, 2838, 2839, 2840, 2841, 2842, 2843, 2844, 2845, 2846, 2847, 2848, 2849, 2850, 2851, 2852, 2853, 2854, 2855, 2856, 2857, 2858, 2859, 2860, 2861, 2862, 2863, 2864, 2865, 2866, 2867, 2868, 2869, 2870, 2871, 2872, 2873, 2874, 2875, 2876, 2877, 2878, 2879, 2880, 2881, 2882, 2883, 2884, 2885, 2886, 2887, 2888, 2889, 2890, 2891, 2892, 2893, 2894, 2895, 2896, 2897, 2898, 2899, 2900, 2901, 2902, 2903], "selected_count": 341, "selection_time": 0.007428885990520939, "selection_score_forward_time": 0.006264685012865812}