{"example_id": 12, "sub_q_idx": 1, "method": "DraftModel", "reprocess_method": "DraftModel", "rate": 0.15, "system_len": 792, "passages_len": [792, 198, 183, 75, 138, 225, 270, 161, 50, 78, 162, 138, 225, 198, 34], "chunk_ids": [0, 3, 4, 6, 1, 2, 10, 11, 12, 13, 14, 1, 2, 3], "selected_abs": [931, 932, 938, 939, 955, 956, 957, 963, 964, 975, 976, 988, 989, 990, 991, 992, 993, 994, 996, 997, 998, 1004, 1022, 1024, 1025, 1041, 1042, 1043, 1044, 1045, 1046, 1047, 1048, 1049, 1050, 1051, 1052, 1053, 1058, 1059, 1060, 1061, 1062, 1063, 1064, 1065, 1066, 1067, 1068, 1069, 1077, 1078, 1081, 1082, 1083, 1104, 1105, 1106, 1114, 1121, 1122, 1137, 1172, 2041, 2091, 2399, 2400, 2401, 2406, 2407, 2408, 2409, 2415, 2416, 2417, 2418, 2419, 2457, 2458, 2459, 2460, 2461, 2464, 2465, 2466, 2467, 2468, 2469, 2470, 2471, 2472, 2473, 2474, 2475, 2476, 2477, 2478, 2479, 2480, 2481, 2482, 2483, 2484, 2485, 2486, 2487, 2488, 2489, 2490, 2491, 2492, 2493, 2494, 2495, 2496, 2497, 2502, 2503, 2504, 2506, 2507, 2508, 2509, 2510, 2511, 2517, 2518, 2519, 2520, 2560, 2561, 2562, 2563, 2564, 2565, 2577, 2578, 2582, 2583, 2585, 2586, 2587, 2588, 2589, 2590, 2650, 2651, 2652, 2682, 2683, 2684, 2694, 2695, 2696, 2697, 2698, 2709, 2710, 2711, 2712, 2718, 2719, 2720, 2725, 2726, 2727, 2728, 2729, 2730, 2731, 2732, 2733, 2734, 2735, 2736, 2739, 2740, 2741, 2742, 2743, 2744, 2745, 2747, 2748, 2749, 2750, 2751, 2752, 2753, 2756, 2757, 2758, 2759, 2760, 2761, 2762, 2763, 2764, 2765, 2767, 2768, 2769, 2770, 2771, 2772, 2773, 2774, 2779, 2780, 2781, 2782, 2785, 2786, 2787, 2788, 2789, 2790, 2791, 2792, 2793, 2794, 2795, 2796, 2797, 2798, 2799, 2800, 2801, 2804, 2805, 2806, 2807, 2808, 2809, 2810, 2811, 2812, 2813, 2814, 2815, 2816, 2817, 2818, 2819, 2820, 2821, 2822, 2823, 2824, 2825, 2826, 2827, 2828, 2829, 2830, 2831, 2832, 2833, 2834, 2835, 2836, 2837, 2840, 2841, 2842, 2843, 2844, 2845, 2846, 2847, 2848, 2849, 2850, 2851, 2852, 2853, 2854, 2855, 2856, 2857, 2858, 2859, 2860, 2861, 2862, 2863, 2864, 2865, 2866, 2867, 2868, 2869, 2870, 2871, 2872, 2873, 2874, 2875, 2876, 2877, 2878, 2879, 2880, 2881, 2882, 2883, 2884, 2885, 2886, 2887, 2888, 2889, 2890, 2891, 2892, 2893, 2894, 2895, 2896, 2897, 2898, 2899, 2900, 2901, 2902, 2903, 2904, 2905, 2906, 2907, 2908, 2909, 2910, 2911, 2912, 2913, 2914, 2915, 2916, 2917, 2918, 2919, 2920, 2921, 2922, 2923, 2924, 2925, 2926], "selected_count": 349, "selection_time": 0.010321302019292489, "selection_score_forward_time": 0.008815098990453407}