{"example_id": 19, "sub_q_idx": 0, "method": "DraftModel", "reprocess_method": "DraftModel", "rate": 0.15, "system_len": 792, "passages_len": [792, 67, 37, 131, 46, 188, 190, 82, 135, 38, 120, 26], "chunk_ids": [0, 1, 2, 3, 4, 5, 6, 7, 8, 9, 10], "selected_abs": [895, 1339, 1340, 1398, 1399, 1400, 1401, 1402, 1403, 1405, 1406, 1411, 1412, 1413, 1414, 1416, 1417, 1418, 1421, 1422, 1442, 1443, 1444, 1450, 1510, 1511, 1513, 1514, 1532, 1666, 1667, 1668, 1669, 1670, 1682, 1683, 1684, 1686, 1687, 1705, 1706, 1707, 1708, 1710, 1711, 1712, 1713, 1714, 1716, 1717, 1718, 1719, 1723, 1724, 1725, 1726, 1727, 1728, 1729, 1730, 1731, 1732, 1733, 1734, 1735, 1736, 1737, 1738, 1739, 1740, 1741, 1742, 1743, 1744, 1745, 1746, 1747, 1748, 1749, 1750, 1751, 1752, 1753, 1754, 1755, 1756, 1757, 1758, 1759, 1760, 1761, 1762, 1763, 1764, 1765, 1766, 1767, 1768, 1769, 1770, 1771, 1772, 1773, 1774, 1775, 1776, 1777, 1778, 1779, 1780, 1781, 1782, 1783, 1784, 1785, 1786, 1787, 1788, 1789, 1790, 1791, 1792, 1793, 1794, 1795, 1796, 1797, 1798, 1799, 1800, 1801, 1802, 1803, 1804, 1805, 1806, 1807, 1808, 1809, 1810, 1811, 1812, 1813, 1814, 1815, 1816, 1817, 1818, 1819, 1820, 1821, 1822, 1823, 1824, 1825, 1826, 1827, 1828, 1829, 1830, 1831, 1832, 1833, 1834, 1835, 1836, 1837, 1838, 1839, 1840, 1841, 1842, 1843, 1844, 1845, 1846, 1847, 1848, 1849, 1850, 1851], "selected_count": 181, "selection_time": 0.005527770990738645, "selection_score_forward_time": 0.004782461997820064}