{"example_id": 7, "sub_q_idx": 1, "method": "DraftModel", "reprocess_method": "DraftModel", "rate": 0.15, "system_len": 792, "passages_len": [792, 86, 84, 183, 154, 49, 140, 42, 203, 148, 137, 154, 86, 32], "chunk_ids": [0, 11, 2, 8, 1, 5, 12, 13, 6, 14, 15, 1, 11], "selected_abs": [1298, 1732, 1771, 1772, 1773, 1774, 1775, 1781, 1782, 1784, 1821, 1822, 1825, 1826, 1827, 1830, 1831, 1832, 1833, 1834, 1835, 1836, 1837, 1838, 1839, 1842, 1843, 1844, 1845, 1846, 1847, 1850, 1851, 1852, 1853, 1854, 1855, 1861, 1862, 1863, 1864, 1865, 1866, 1867, 1868, 1871, 1872, 1873, 1874, 1875, 1879, 1880, 1882, 1883, 1884, 1886, 1887, 1888, 1909, 1910, 1911, 1942, 1943, 1944, 1946, 1947, 1948, 1950, 1951, 2017, 2067, 2068, 2076, 2077, 2097, 2098, 2099, 2100, 2101, 2102, 2103, 2104, 2105, 2114, 2115, 2116, 2117, 2118, 2119, 2120, 2121, 2122, 2124, 2125, 2126, 2128, 2129, 2130, 2131, 2132, 2133, 2134, 2135, 2136, 2137, 2138, 2139, 2140, 2142, 2146, 2147, 2148, 2149, 2150, 2151, 2152, 2153, 2154, 2155, 2156, 2157, 2158, 2159, 2160, 2161, 2162, 2163, 2164, 2165, 2166, 2167, 2168, 2169, 2170, 2171, 2172, 2173, 2174, 2175, 2176, 2177, 2178, 2179, 2180, 2181, 2182, 2183, 2184, 2185, 2186, 2187, 2188, 2189, 2190, 2191, 2192, 2193, 2194, 2195, 2196, 2197, 2198, 2199, 2200, 2201, 2202, 2203, 2204, 2205, 2206, 2207, 2208, 2209, 2210, 2211, 2212, 2213, 2214, 2215, 2216, 2218, 2219, 2220, 2221, 2223, 2224, 2225, 2226, 2227, 2228, 2229, 2230, 2231, 2232, 2233, 2234, 2235, 2236, 2237, 2238, 2239, 2240, 2241, 2242, 2243, 2244, 2245, 2246, 2247, 2248, 2249, 2250, 2251, 2252, 2253, 2254, 2255, 2256, 2257, 2258, 2259, 2260, 2261, 2262, 2263, 2264, 2265, 2266, 2267, 2268, 2269, 2270, 2271, 2272, 2273, 2274, 2275, 2276, 2277, 2278, 2279, 2280, 2281, 2282, 2283, 2284, 2285, 2286, 2287, 2288, 2289], "selected_count": 251, "selection_time": 0.005692850012565032, "selection_score_forward_time": 0.004640589002519846}