{"example_id": 12, "sub_q_idx": 0, "method": "DraftModel", "reprocess_method": "DraftModel", "rate": 0.15, "system_len": 792, "passages_len": [792, 138, 225, 198, 183, 148, 75, 195, 243, 336, 270, 36], "chunk_ids": [0, 1, 2, 3, 4, 5, 6, 7, 8, 9, 10], "selected_abs": [853, 854, 859, 860, 865, 866, 867, 877, 878, 898, 899, 910, 911, 914, 915, 916, 917, 918, 920, 921, 925, 926, 928, 929, 930, 931, 932, 934, 935, 936, 937, 938, 939, 940, 941, 947, 948, 954, 955, 956, 957, 961, 962, 963, 964, 966, 967, 968, 969, 974, 975, 976, 977, 978, 979, 987, 988, 989, 1019, 1020, 1021, 1024, 1025, 1026, 1029, 1031, 1032, 1037, 1038, 1049, 1050, 1352, 1403, 1404, 1405, 1406, 1407, 1445, 1446, 1953, 2303, 2304, 2305, 2306, 2309, 2310, 2314, 2315, 2316, 2323, 2324, 2325, 2331, 2332, 2333, 2369, 2370, 2372, 2373, 2374, 2375, 2376, 2377, 2380, 2381, 2382, 2383, 2384, 2385, 2386, 2387, 2388, 2389, 2390, 2391, 2392, 2393, 2394, 2395, 2396, 2397, 2398, 2399, 2400, 2401, 2402, 2403, 2404, 2406, 2407, 2408, 2410, 2411, 2412, 2413, 2415, 2416, 2417, 2422, 2423, 2424, 2425, 2431, 2432, 2433, 2438, 2439, 2440, 2445, 2446, 2447, 2465, 2466, 2491, 2492, 2493, 2494, 2531, 2532, 2617, 2618, 2619, 2621, 2622, 2623, 2629, 2630, 2632, 2633, 2634, 2639, 2640, 2641, 2642, 2643, 2644, 2645, 2646, 2647, 2648, 2649, 2654, 2655, 2656, 2657, 2658, 2673, 2674, 2675, 2676, 2681, 2682, 2684, 2685, 2691, 2692, 2693, 2694, 2695, 2696, 2697, 2698, 2699, 2700, 2701, 2702, 2703, 2704, 2705, 2706, 2707, 2708, 2709, 2710, 2711, 2712, 2713, 2714, 2715, 2718, 2719, 2720, 2721, 2722, 2723, 2724, 2725, 2727, 2728, 2729, 2730, 2731, 2732, 2733, 2734, 2735, 2738, 2739, 2740, 2741, 2742, 2743, 2744, 2745, 2746, 2747, 2748, 2749, 2750, 2751, 2752, 2753, 2754, 2755, 2756, 2757, 2758, 2759, 2760, 2761, 2762, 2763, 2764, 2765, 2766, 2767, 2768, 2769, 2770, 2771, 2772, 2773, 2774, 2775, 2776, 2777, 2778, 2779, 2780, 2781, 2782, 2783, 2784, 2785, 2786, 2787, 2788, 2789, 2790, 2791, 2792, 2793, 2794, 2795, 2796, 2797, 2798, 2799, 2800, 2801, 2802, 2803, 2804, 2805, 2806, 2807, 2808, 2809, 2810, 2811, 2812, 2813, 2814, 2815, 2816, 2817, 2818, 2819, 2820, 2821, 2822, 2823, 2824, 2825, 2826, 2827, 2828, 2829, 2830, 2831, 2832, 2833, 2834, 2835, 2836, 2837, 2838], "selected_count": 337, "selection_time": 0.007242032996146008, "selection_score_forward_time": 0.005731499986723065}