{"example_id": 17, "sub_q_idx": 0, "method": "DraftModel", "reprocess_method": "DraftModel", "rate": 0.15, "system_len": 792, "passages_len": [792, 114, 285, 78, 90, 72, 232, 221, 65, 170, 88, 32], "chunk_ids": [0, 1, 2, 3, 4, 5, 6, 7, 8, 9, 10], "selected_abs": [1267, 1268, 1661, 1662, 1713, 1714, 1715, 1716, 1730, 1731, 1734, 1735, 1736, 1765, 1766, 1776, 1777, 1778, 1779, 1780, 1781, 1782, 1783, 1784, 1787, 1788, 1789, 1790, 1791, 1792, 1793, 1794, 1795, 1796, 1797, 1798, 1799, 1800, 1801, 1802, 1803, 1804, 1805, 1806, 1811, 1812, 1813, 1814, 1815, 1816, 1817, 1818, 1822, 1823, 1824, 1825, 1826, 1827, 1836, 1837, 1838, 1850, 1851, 1852, 1883, 1884, 1915, 1916, 1948, 1955, 1956, 2003, 2004, 2006, 2007, 2008, 2020, 2021, 2035, 2038, 2039, 2040, 2041, 2042, 2043, 2044, 2051, 2052, 2053, 2056, 2057, 2058, 2068, 2069, 2071, 2072, 2073, 2074, 2077, 2078, 2079, 2080, 2081, 2087, 2088, 2089, 2095, 2096, 2097, 2098, 2099, 2100, 2101, 2102, 2103, 2104, 2105, 2106, 2107, 2108, 2109, 2110, 2111, 2112, 2113, 2114, 2117, 2118, 2119, 2120, 2121, 2122, 2123, 2124, 2125, 2126, 2127, 2128, 2129, 2130, 2131, 2132, 2133, 2134, 2135, 2136, 2137, 2139, 2140, 2141, 2145, 2146, 2147, 2148, 2149, 2150, 2151, 2152, 2153, 2154, 2155, 2156, 2157, 2158, 2159, 2160, 2161, 2162, 2163, 2164, 2165, 2166, 2167, 2168, 2169, 2170, 2171, 2172, 2173, 2174, 2175, 2176, 2177, 2178, 2179, 2180, 2181, 2182, 2183, 2184, 2185, 2186, 2187, 2188, 2189, 2190, 2191, 2192, 2193, 2194, 2195, 2196, 2197, 2198, 2199, 2200, 2201, 2202, 2203, 2204, 2205, 2206, 2207, 2208, 2209, 2210, 2211, 2212, 2213, 2214, 2215, 2216, 2217, 2218, 2219, 2220, 2221, 2222, 2223, 2224, 2225, 2226, 2227, 2228, 2229, 2230, 2231, 2232, 2233, 2234, 2235, 2236, 2237, 2238], "selected_count": 244, "selection_time": 0.005532392009627074, "selection_score_forward_time": 0.004531401995336637}