{"example_id": 4, "sub_q_idx": 1, "method": "DraftModel", "reprocess_method": "DraftModel", "rate": 0.15, "system_len": 792, "passages_len": [792, 148, 139, 149, 265, 228, 196, 72, 88, 86, 321, 96, 148, 139, 28], "chunk_ids": [0, 11, 12, 13, 5, 14, 15, 16, 17, 18, 19, 1, 11, 12], "selected_abs": [911, 912, 913, 914, 915, 916, 925, 926, 928, 929, 930, 939, 940, 964, 965, 966, 967, 968, 969, 979, 980, 981, 987, 988, 993, 994, 1002, 1003, 1004, 1005, 1006, 1007, 1012, 1013, 1014, 1015, 1016, 1017, 1018, 1019, 1020, 1021, 1022, 1023, 1024, 1025, 1026, 1027, 1028, 1029, 1033, 1034, 1035, 1036, 1037, 1038, 1039, 1040, 1074, 1075, 1076, 1077, 1078, 1079, 1080, 1081, 1082, 1083, 1084, 1134, 1135, 1491, 1492, 1493, 1916, 2362, 2363, 2364, 2383, 2384, 2385, 2387, 2388, 2389, 2427, 2428, 2430, 2431, 2432, 2433, 2434, 2435, 2438, 2439, 2440, 2441, 2442, 2443, 2449, 2450, 2451, 2452, 2453, 2454, 2455, 2456, 2457, 2458, 2459, 2460, 2461, 2462, 2465, 2466, 2467, 2468, 2469, 2470, 2471, 2472, 2473, 2474, 2475, 2476, 2477, 2478, 2480, 2481, 2482, 2483, 2484, 2485, 2486, 2487, 2488, 2491, 2492, 2493, 2494, 2495, 2496, 2497, 2502, 2503, 2538, 2539, 2540, 2541, 2542, 2543, 2544, 2557, 2558, 2566, 2567, 2568, 2579, 2625, 2626, 2627, 2648, 2649, 2650, 2657, 2658, 2659, 2660, 2669, 2670, 2687, 2688, 2691, 2692, 2693, 2699, 2700, 2701, 2702, 2703, 2713, 2714, 2715, 2716, 2717, 2727, 2728, 2729, 2730, 2731, 2732, 2733, 2734, 2743, 2744, 2747, 2748, 2749, 2750, 2752, 2753, 2754, 2755, 2756, 2757, 2758, 2759, 2760, 2761, 2762, 2763, 2764, 2765, 2766, 2767, 2768, 2769, 2770, 2771, 2774, 2775, 2776, 2777, 2778, 2779, 2780, 2781, 2782, 2783, 2784, 2785, 2786, 2787, 2788, 2789, 2790, 2791, 2792, 2793, 2794, 2795, 2796, 2797, 2798, 2799, 2800, 2801, 2802, 2803, 2804, 2805, 2806, 2807, 2808, 2809, 2810, 2811, 2812, 2813, 2814, 2815, 2816, 2817, 2818, 2819, 2820, 2821, 2822, 2823, 2824, 2825, 2826, 2827, 2828, 2829, 2830, 2831, 2832, 2833, 2834, 2835, 2836, 2837, 2838, 2839, 2840, 2841, 2842, 2843, 2844, 2845, 2846, 2847, 2848, 2849, 2850, 2851, 2852, 2853, 2854, 2855, 2856, 2857, 2858, 2859, 2860, 2861, 2862, 2863, 2864, 2865, 2866, 2867, 2868, 2869, 2870, 2871, 2872, 2873, 2874, 2875, 2876, 2877, 2878, 2879, 2880, 2881, 2882, 2883, 2884, 2885, 2886, 2887, 2888, 2889, 2890, 2891, 2892, 2893, 2894], "selected_count": 339, "selection_time": 0.007814326003426686, "selection_score_forward_time": 0.006463855010224506}