method,main_correct,main_total,main_acc,sub_correct,sub_total,sub_acc,avg_f1,avg_em,missing_csv,log_files,finished_segments,traceback,killed,prompt_eval_mean_s,selection_time_mean_s
draft32b_smart_freq_boundary0p02_global,93,135,0.6888888888888889,198,248,0.7983870967741935,0.20080298342084876,0.012096774193548387,0,8,8,0,0,0.8935566527388291,0.0
draft32b_smart_mean_boundary0p02_global,97,135,0.7185185185185186,201,248,0.8104838709677419,0.18691327468961164,0.008064516129032258,0,8,8,0,0,0.890209554367233,0.0
draft32b_smart_top2_boundary0p02_global,94,135,0.6962962962962963,199,248,0.8024193548387096,0.2098502448953545,0.024193548387096774,0,8,8,0,0,0.8931419792714296,0.0
draft32b_smart_freq_boundary0p03_global,94,135,0.6962962962962963,199,248,0.8024193548387096,0.20877487007189774,0.012096774193548387,0,8,8,0,0,0.8936088606115663,0.0
draft32b_smart_mean_boundary0p03_global,96,135,0.7111111111111111,202,248,0.8145161290322581,0.18369638006568967,0.012096774193548387,0,8,8,0,0,0.8930067566151265,0.0
draft32b_smart_top2_boundary0p03_global,89,135,0.6592592592592592,194,248,0.782258064516129,0.20138353194251216,0.016129032258064516,0,8,8,0,0,0.8879527077079984,0.0
draft32b_smart_freq_boundary0p05_global,93,135,0.6888888888888889,199,248,0.8024193548387096,0.17978217918464043,0.020161290322580645,0,8,8,0,0,0.8931527284129989,0.0
draft32b_smart_mean_boundary0p05_global,97,135,0.7185185185185186,202,248,0.8145161290322581,0.19968968993104516,0.008064516129032258,0,8,8,0,0,0.8862940762368963,0.0
draft32b_smart_top2_boundary0p05_global,98,135,0.725925925925926,202,248,0.8145161290322581,0.18751271604757458,0.012096774193548387,0,8,8,0,0,0.8853228622005553,0.0
