method,main_correct,main_total,main_acc,sub_correct,sub_total,sub_acc,avg_f1,avg_em,missing_csv,log_files,finished_segments,traceback,killed,prompt_eval_mean_s,storage_time_mean_s,selection_time_mean_s
draft32b_smart_frequency_global,95,135,0.7037037037037037,201,248,0.8104838709677419,0.185835266395504,0.004032258064516129,0,8,8,0,0,0.9035182493154426,0.09112869550369214,0.0
draft32b_smart_mean_score_global,97,135,0.7185185185185186,202,248,0.8145161290322581,0.19907992918622858,0.012096774193548387,0,8,8,0,0,0.9003212037599878,0.08987697521212977,0.0
draft32b_smart_max_score_global,95,135,0.7037037037037037,199,248,0.8024193548387096,0.19259928124367579,0.024193548387096774,0,8,8,0,0,0.8960806669062004,0.09027868702751585,0.0
draft32b_smart_top2_mean_global,98,135,0.725925925925926,202,248,0.8145161290322581,0.1941926384822987,0.016129032258064516,0,8,8,0,0,0.8948876238559605,0.08915238987968768,0.0
