{
  "config": {
    "model": "/mnt/qjhs-sh-lab-01/models/Qwen2.5-7B-Instruct",
    "dataset": "musique",
    "topk": 10,
    "rate": 0.5,
    "max_main_questions": 120,
    "max_sub_questions": 120,
    "warmup_sub_questions": 8,
    "raw_kv_cache": "/raid/home/hming/fusionrag-reflect-full-cache/Qwen2.5-7B-Instruct/musique/kv_cache",
    "preprocess_kv_cache": "/raid/home/hming/fusionrag-reflect-full-cache/Qwen2.5-7B-Instruct/musique/preprocess_kv_cache_global_topk10_bge"
  },
  "num_measured": 112,
  "full_ttft_compute_s_mean": 0.11158471660954612,
  "full_ttft_compute_s_p50": 0.11370837688446045,
  "full_ttft_compute_s_p95": 0.15183043479919434,
  "full_ttft_wall_s_mean": 0.29967525106621906,
  "full_ttft_wall_s_p50": 0.29173045279458165,
  "full_ttft_wall_s_p95": 0.38790662214159966,
  "full_exact_cache_ttft_s_mean": 0.2983125389894537,
  "full_exact_cache_ttft_s_p50": 0.29056632006540895,
  "full_exact_cache_ttft_s_p95": 0.38658977998420596,
  "fusion_ttft_compute_s_mean": 0.2962927344820595,
  "fusion_ttft_compute_s_p50": 0.2793093260843307,
  "fusion_ttft_compute_s_p95": 0.33538830978795886,
  "fusion_ttft_wall_s_mean": 0.35228957522693755,
  "fusion_ttft_wall_s_p50": 0.3345547777134925,
  "fusion_ttft_wall_s_p95": 0.4077901658602059,
  "speedup_compute_mean": 0.3824459848355902,
  "ttft_reduction_pct_compute_mean": -169.90468856254603,
  "speedup_full_exact_over_fusion_compute_mean": 1.0229939776073644,
  "ttft_reduction_pct_full_exact_vs_fusion_compute_mean": -0.5000698115309344,
  "speedup_wall_mean": 0.8602352099105094,
  "ttft_reduction_pct_wall_mean": -18.79054028681202,
  "fusion_storage_time_s_mean": 0.025374746569598625,
  "fusion_selection_time_s_mean": 0.10311712450597302,
  "fusion_selection_score_forward_time_s_mean": 0.10224735879455693,
  "fusion_reprocess_prefill_time_s_mean": 0.16780086340648787,
  "fusion_selected_doc_tokens_mean": 723.6964285714286,
  "fusion_reprocess_prefill_tokens_mean": 750.8928571428571,
  "full_tokens_mean": 2267.1160714285716
}