run,best_epoch,best_val_recall,best_val_jaccard,best_val_kl,best_val_bce,last_val_recall,checkpoint
kl_bce0p25,7,0.5171929824561403,0.35809869681259093,0.006749097357193629,0.3960773511727651,0.5101754385964913,MOTIVATION_EXPERIMENTS/predictor_distill_wikitext/checkpoints/small2k_h512_l4
bce2,7,0.5142690058479531,0.35641893045554174,0.04179268702864647,0.3686613162358602,0.504502923976608,MOTIVATION_EXPERIMENTS/predictor_distill_wikitext/checkpoints/small2k_h512_l4_bce2
posw5p67,5,0.512748538011696,0.35502232002512607,0.07247453739245732,0.9856344381968181,0.49520467836257304,MOTIVATION_EXPERIMENTS/predictor_distill_wikitext/checkpoints/small2k_h512_l4_posw5p67
