{"example_id": 10, "sub_q_idx": 0, "method": "DraftModel", "reprocess_method": "DraftModel", "rate": 0.15, "system_len": 792, "passages_len": [792, 186, 203, 90, 310, 88, 123, 89, 117, 68, 231, 29], "chunk_ids": [0, 1, 2, 3, 4, 5, 6, 7, 8, 9, 10], "selected_abs": [792, 793, 794, 995, 1057, 1143, 1153, 1154, 1155, 1169, 1170, 1171, 1179, 1180, 1181, 1333, 1334, 1580, 1668, 1669, 1709, 1710, 1711, 1791, 1792, 1793, 1794, 1795, 1796, 1797, 1798, 1815, 1816, 1817, 1880, 1881, 1910, 1984, 1985, 1986, 1990, 1991, 1992, 1996, 1997, 1998, 1999, 2000, 2002, 2003, 2004, 2016, 2017, 2018, 2019, 2021, 2022, 2023, 2024, 2025, 2026, 2027, 2028, 2029, 2034, 2035, 2036, 2042, 2043, 2049, 2050, 2051, 2052, 2053, 2054, 2055, 2065, 2066, 2067, 2068, 2069, 2070, 2071, 2073, 2074, 2075, 2076, 2077, 2078, 2080, 2081, 2082, 2083, 2084, 2085, 2086, 2087, 2088, 2089, 2094, 2095, 2096, 2125, 2126, 2127, 2128, 2137, 2138, 2139, 2149, 2150, 2151, 2152, 2153, 2160, 2161, 2162, 2163, 2167, 2168, 2169, 2170, 2174, 2175, 2176, 2177, 2178, 2179, 2180, 2181, 2182, 2183, 2184, 2185, 2186, 2193, 2194, 2195, 2196, 2200, 2201, 2202, 2205, 2206, 2207, 2208, 2209, 2210, 2211, 2212, 2213, 2214, 2215, 2224, 2225, 2226, 2227, 2228, 2229, 2230, 2232, 2233, 2234, 2235, 2236, 2237, 2238, 2239, 2240, 2241, 2242, 2243, 2244, 2245, 2246, 2247, 2248, 2249, 2250, 2251, 2252, 2253, 2254, 2255, 2256, 2257, 2258, 2259, 2260, 2261, 2262, 2263, 2264, 2265, 2266, 2267, 2268, 2269, 2270, 2271, 2272, 2273, 2274, 2275, 2276, 2277, 2278, 2279, 2280, 2281, 2282, 2283, 2284, 2285, 2286, 2287, 2288, 2289, 2290, 2291, 2292, 2293, 2294, 2295, 2296, 2297, 2298, 2299, 2300, 2301, 2302, 2303, 2304, 2305, 2306, 2307, 2308, 2309, 2310, 2311, 2312, 2313, 2314, 2315, 2316, 2317, 2318, 2319, 2320, 2321, 2322, 2323, 2324, 2325], "selected_count": 254, "selection_time": 0.013878204015782103, "selection_score_forward_time": 0.012673266988713294}