{"example_id": 15, "sub_q_idx": 1, "method": "DraftModel", "reprocess_method": "DraftModel", "rate": 0.15, "system_len": 792, "passages_len": [792, 70, 89, 89, 127, 47, 112, 70, 153, 90, 115, 89, 70, 32], "chunk_ids": [0, 11, 1, 12, 13, 14, 15, 16, 17, 18, 19, 1, 11], "selected_abs": [792, 793, 794, 795, 796, 797, 798, 994, 995, 996, 1002, 1003, 1004, 1005, 1006, 1009, 1010, 1023, 1166, 1167, 1325, 1326, 1394, 1395, 1396, 1425, 1426, 1548, 1549, 1601, 1602, 1637, 1638, 1639, 1640, 1641, 1642, 1643, 1654, 1655, 1656, 1657, 1658, 1664, 1665, 1666, 1667, 1679, 1683, 1684, 1685, 1686, 1752, 1753, 1754, 1755, 1756, 1757, 1758, 1759, 1760, 1761, 1762, 1763, 1764, 1775, 1776, 1781, 1782, 1783, 1784, 1785, 1786, 1797, 1798, 1799, 1800, 1801, 1814, 1815, 1816, 1817, 1818, 1819, 1820, 1823, 1824, 1825, 1826, 1832, 1833, 1834, 1835, 1836, 1837, 1838, 1841, 1842, 1843, 1844, 1845, 1846, 1847, 1848, 1849, 1850, 1851, 1852, 1853, 1854, 1855, 1856, 1857, 1858, 1859, 1860, 1861, 1862, 1863, 1864, 1865, 1866, 1867, 1868, 1869, 1870, 1871, 1872, 1873, 1874, 1875, 1876, 1877, 1878, 1879, 1880, 1881, 1882, 1883, 1884, 1885, 1886, 1887, 1888, 1889, 1890, 1891, 1892, 1893, 1894, 1895, 1896, 1897, 1898, 1899, 1900, 1901, 1902, 1903, 1904, 1905, 1906, 1907, 1908, 1909, 1910, 1911, 1912, 1913, 1914, 1915, 1916, 1917, 1918, 1919, 1920, 1921, 1922, 1923, 1924, 1925, 1926, 1927, 1928, 1929, 1930, 1931, 1932, 1933, 1934, 1935, 1936, 1937, 1938, 1939, 1940, 1941, 1942, 1943, 1944], "selected_count": 200, "selection_time": 0.012149471993325278, "selection_score_forward_time": 0.011320915975375101}