{"example_id": 12, "sub_q_idx": 0, "method": "DraftModel", "reprocess_method": "DraftModel", "rate": 0.15, "system_len": 792, "passages_len": [792, 138, 225, 198, 183, 148, 75, 195, 243, 336, 270, 36], "chunk_ids": [0, 1, 2, 3, 4, 5, 6, 7, 8, 9, 10], "selected_abs": [792, 793, 897, 898, 929, 1154, 1535, 1536, 1559, 1561, 1562, 1593, 1609, 1610, 1621, 1622, 1623, 1632, 1633, 1634, 1642, 1643, 1644, 1645, 1652, 1653, 1654, 1660, 1661, 1665, 1666, 1667, 1668, 1669, 1682, 1683, 1684, 1685, 1686, 1687, 1688, 1758, 1807, 1808, 1826, 1827, 1891, 1892, 1893, 1894, 1895, 1896, 1897, 1898, 1899, 1900, 1901, 1902, 1903, 1904, 1905, 1915, 1916, 1917, 1953, 1954, 2037, 2038, 2163, 2164, 2175, 2176, 2196, 2197, 2201, 2202, 2203, 2206, 2207, 2208, 2284, 2285, 2286, 2308, 2309, 2310, 2319, 2320, 2321, 2322, 2323, 2330, 2331, 2332, 2346, 2380, 2381, 2382, 2410, 2411, 2412, 2451, 2452, 2468, 2469, 2487, 2488, 2489, 2531, 2532, 2533, 2534, 2535, 2536, 2537, 2538, 2539, 2540, 2541, 2542, 2543, 2544, 2548, 2549, 2550, 2551, 2552, 2553, 2555, 2556, 2557, 2558, 2559, 2560, 2568, 2569, 2570, 2571, 2573, 2574, 2575, 2577, 2578, 2579, 2580, 2581, 2582, 2583, 2584, 2585, 2586, 2602, 2603, 2604, 2618, 2619, 2622, 2623, 2638, 2639, 2640, 2641, 2642, 2643, 2644, 2645, 2646, 2647, 2648, 2649, 2651, 2652, 2653, 2656, 2657, 2658, 2659, 2660, 2663, 2664, 2665, 2667, 2668, 2669, 2670, 2671, 2673, 2674, 2675, 2676, 2679, 2680, 2681, 2682, 2683, 2684, 2685, 2686, 2689, 2690, 2698, 2699, 2700, 2701, 2702, 2703, 2704, 2705, 2706, 2707, 2708, 2709, 2710, 2711, 2712, 2713, 2714, 2715, 2717, 2718, 2719, 2720, 2721, 2722, 2723, 2724, 2725, 2727, 2728, 2729, 2730, 2731, 2732, 2733, 2734, 2737, 2738, 2739, 2740, 2741, 2742, 2743, 2744, 2745, 2746, 2747, 2748, 2749, 2750, 2751, 2752, 2753, 2754, 2755, 2756, 2757, 2758, 2759, 2760, 2761, 2762, 2763, 2764, 2765, 2766, 2767, 2768, 2769, 2770, 2771, 2772, 2773, 2774, 2775, 2776, 2777, 2778, 2779, 2780, 2781, 2782, 2783, 2784, 2785, 2786, 2787, 2788, 2789, 2790, 2791, 2792, 2793, 2794, 2795, 2796, 2797, 2798, 2799, 2800, 2801, 2802, 2803, 2804, 2805, 2806, 2807, 2808, 2809, 2810, 2811, 2812, 2813, 2814, 2815, 2816, 2817, 2818, 2819, 2820, 2821, 2822, 2823, 2824, 2825, 2826, 2827, 2828, 2829, 2830, 2831, 2832, 2833, 2834, 2835, 2836, 2837, 2838], "selected_count": 337, "selection_time": 0.016423069988377392, "selection_score_forward_time": 0.014859120012260973}