{"example_id": 19, "sub_q_idx": 1, "method": "DraftModel", "reprocess_method": "DraftModel", "rate": 0.15, "system_len": 792, "passages_len": [792, 131, 37, 46, 137, 340, 82, 49, 125, 124, 341, 37, 131, 31], "chunk_ids": [0, 3, 2, 4, 11, 12, 7, 13, 14, 15, 16, 2, 3], "selected_abs": [792, 793, 794, 958, 959, 960, 988, 989, 1111, 1112, 1142, 1143, 1236, 1237, 1238, 1247, 1248, 1249, 1287, 1337, 1472, 1473, 1476, 1481, 1482, 1483, 1484, 1485, 1486, 1487, 1488, 1517, 1518, 1530, 1531, 1564, 1565, 1613, 1614, 1737, 1738, 1739, 1740, 1741, 1742, 1743, 1775, 1776, 1777, 1782, 1783, 1784, 1801, 1802, 1803, 1806, 1807, 1847, 1848, 1849, 1861, 1862, 1863, 1864, 1865, 1866, 1877, 1878, 1879, 1917, 1918, 2002, 2003, 2004, 2006, 2007, 2008, 2050, 2051, 2052, 2057, 2058, 2087, 2088, 2123, 2124, 2193, 2194, 2197, 2202, 2203, 2204, 2205, 2206, 2207, 2208, 2209, 2210, 2214, 2215, 2219, 2220, 2221, 2222, 2223, 2224, 2225, 2226, 2227, 2228, 2229, 2230, 2231, 2232, 2235, 2236, 2237, 2238, 2239, 2240, 2241, 2242, 2243, 2244, 2245, 2246, 2247, 2248, 2249, 2250, 2251, 2252, 2253, 2254, 2255, 2256, 2257, 2258, 2259, 2260, 2261, 2265, 2266, 2267, 2268, 2269, 2270, 2271, 2272, 2273, 2278, 2279, 2280, 2281, 2282, 2283, 2284, 2289, 2290, 2291, 2292, 2293, 2294, 2295, 2296, 2298, 2299, 2300, 2301, 2302, 2303, 2304, 2305, 2306, 2307, 2308, 2309, 2310, 2311, 2312, 2313, 2314, 2317, 2318, 2319, 2320, 2321, 2322, 2323, 2324, 2325, 2326, 2327, 2328, 2329, 2330, 2331, 2332, 2333, 2334, 2335, 2336, 2337, 2338, 2339, 2340, 2341, 2342, 2343, 2344, 2345, 2346, 2347, 2348, 2349, 2350, 2351, 2352, 2353, 2354, 2355, 2356, 2357, 2358, 2359, 2360, 2361, 2362, 2363, 2364, 2365, 2366, 2367, 2368, 2369, 2370, 2371, 2372, 2373, 2374, 2375, 2376, 2377, 2378, 2379, 2380, 2381, 2382, 2383, 2384, 2385, 2386, 2387, 2388, 2389, 2390, 2391, 2392, 2393, 2394, 2395, 2396, 2397, 2398, 2399, 2400, 2401, 2402], "selected_count": 268, "selection_time": 0.013014376017963514, "selection_score_forward_time": 0.011922420002520084}