{"example_id": 18, "sub_q_idx": 0, "method": "DraftModel", "reprocess_method": "DraftModel", "rate": 0.15, "system_len": 792, "passages_len": [792, 106, 144, 84, 141, 113, 93, 101, 71, 120, 47, 32], "chunk_ids": [0, 1, 2, 3, 4, 5, 6, 7, 8, 9, 10], "selected_abs": [792, 793, 794, 896, 897, 898, 899, 900, 901, 902, 903, 1067, 1200, 1235, 1266, 1267, 1297, 1298, 1299, 1300, 1317, 1318, 1472, 1473, 1547, 1548, 1573, 1574, 1575, 1577, 1578, 1579, 1580, 1581, 1616, 1617, 1630, 1631, 1632, 1633, 1643, 1644, 1645, 1646, 1647, 1648, 1649, 1650, 1651, 1652, 1653, 1654, 1655, 1656, 1657, 1661, 1662, 1663, 1664, 1665, 1666, 1667, 1694, 1695, 1696, 1697, 1716, 1717, 1718, 1720, 1721, 1722, 1723, 1724, 1726, 1727, 1728, 1729, 1730, 1732, 1733, 1734, 1735, 1738, 1739, 1740, 1741, 1742, 1743, 1744, 1749, 1750, 1751, 1752, 1753, 1754, 1755, 1756, 1757, 1758, 1759, 1760, 1761, 1762, 1763, 1764, 1765, 1766, 1767, 1768, 1769, 1770, 1771, 1772, 1773, 1774, 1775, 1776, 1777, 1778, 1779, 1780, 1781, 1782, 1783, 1784, 1785, 1786, 1787, 1788, 1789, 1790, 1791, 1792, 1793, 1794, 1795, 1796, 1797, 1798, 1799, 1800, 1801, 1802, 1803, 1804, 1805, 1806, 1807, 1808, 1809, 1810, 1811, 1812, 1813, 1814, 1815, 1816, 1817, 1818, 1819, 1820, 1821, 1822, 1823, 1824, 1825, 1826, 1827, 1828, 1829, 1830, 1831, 1832, 1833, 1834, 1835, 1836, 1837, 1838, 1839, 1840, 1841, 1842, 1843], "selected_count": 185, "selection_time": 0.012069833988789469, "selection_score_forward_time": 0.011182850983459502}