{"example_id": 3, "sub_q_idx": 0, "method": "DraftModel", "reprocess_method": "DraftModel", "rate": 0.15, "system_len": 792, "passages_len": [792, 108, 92, 90, 170, 141, 200, 52, 143, 68, 90, 30], "chunk_ids": [0, 1, 2, 3, 4, 5, 6, 7, 8, 9, 10], "selected_abs": [792, 793, 794, 795, 802, 803, 804, 805, 819, 829, 830, 831, 832, 1045, 1046, 1047, 1284, 1308, 1309, 1310, 1352, 1353, 1392, 1393, 1432, 1592, 1593, 1643, 1644, 1645, 1646, 1676, 1677, 1678, 1688, 1689, 1690, 1691, 1692, 1712, 1713, 1714, 1736, 1751, 1752, 1787, 1788, 1789, 1790, 1791, 1794, 1795, 1796, 1797, 1807, 1808, 1809, 1810, 1812, 1813, 1814, 1818, 1819, 1820, 1822, 1823, 1824, 1832, 1833, 1834, 1835, 1839, 1840, 1841, 1842, 1843, 1844, 1845, 1846, 1849, 1850, 1851, 1852, 1853, 1854, 1855, 1856, 1857, 1858, 1859, 1860, 1861, 1862, 1863, 1864, 1865, 1866, 1867, 1868, 1869, 1870, 1871, 1872, 1873, 1874, 1875, 1876, 1877, 1878, 1879, 1880, 1881, 1882, 1883, 1884, 1885, 1886, 1890, 1891, 1892, 1893, 1894, 1895, 1896, 1897, 1898, 1899, 1900, 1901, 1902, 1903, 1904, 1905, 1906, 1907, 1908, 1909, 1910, 1911, 1912, 1913, 1914, 1915, 1916, 1917, 1918, 1919, 1920, 1921, 1922, 1923, 1924, 1925, 1926, 1927, 1928, 1929, 1930, 1931, 1932, 1933, 1934, 1935, 1936, 1937, 1938, 1939, 1940, 1941, 1942, 1943, 1944, 1945, 1946, 1947, 1948, 1949, 1950, 1951, 1952, 1953, 1954, 1955, 1956, 1957, 1958, 1959, 1960, 1961, 1962, 1963, 1964, 1965, 1966, 1967, 1968, 1969, 1970, 1971, 1972, 1973, 1974, 1975], "selected_count": 203, "selection_time": 0.012530988024082035, "selection_score_forward_time": 0.01148561597801745}