{"example_id": 7, "sub_q_idx": 0, "method": "DraftModel", "reprocess_method": "DraftModel", "rate": 0.15, "system_len": 792, "passages_len": [792, 154, 84, 152, 254, 49, 203, 37, 183, 244, 227, 31], "chunk_ids": [0, 1, 2, 3, 4, 5, 6, 7, 8, 9, 10], "selected_abs": [792, 793, 794, 1029, 1145, 1146, 1181, 1182, 1214, 1215, 1216, 1227, 1228, 1234, 1235, 1236, 1237, 1260, 1261, 1262, 1435, 1436, 1449, 1450, 1451, 1464, 1465, 1466, 1467, 1468, 1469, 1471, 1472, 1473, 1474, 1475, 1483, 1484, 1485, 1652, 1687, 1688, 1693, 1694, 1724, 1725, 1759, 1760, 1761, 1762, 1771, 1772, 1810, 1853, 1854, 1883, 1884, 1885, 1906, 1907, 1908, 2002, 2003, 2011, 2021, 2022, 2023, 2026, 2035, 2036, 2037, 2059, 2060, 2061, 2102, 2103, 2104, 2127, 2128, 2129, 2140, 2141, 2142, 2151, 2152, 2153, 2154, 2155, 2156, 2163, 2164, 2165, 2166, 2167, 2168, 2169, 2170, 2182, 2183, 2184, 2193, 2194, 2195, 2196, 2200, 2201, 2202, 2206, 2207, 2208, 2211, 2212, 2213, 2219, 2220, 2221, 2222, 2234, 2235, 2236, 2249, 2250, 2251, 2260, 2261, 2262, 2263, 2264, 2265, 2266, 2267, 2268, 2269, 2270, 2271, 2272, 2273, 2274, 2275, 2276, 2277, 2278, 2279, 2280, 2281, 2282, 2283, 2284, 2285, 2286, 2287, 2292, 2293, 2294, 2295, 2296, 2297, 2298, 2299, 2300, 2301, 2302, 2303, 2304, 2305, 2306, 2307, 2308, 2309, 2310, 2311, 2312, 2313, 2314, 2315, 2316, 2317, 2318, 2319, 2320, 2321, 2322, 2323, 2324, 2325, 2326, 2327, 2328, 2329, 2330, 2331, 2332, 2333, 2334, 2335, 2336, 2337, 2338, 2339, 2340, 2341, 2342, 2343, 2344, 2345, 2346, 2347, 2348, 2349, 2350, 2351, 2352, 2353, 2354, 2355, 2356, 2357, 2358, 2359, 2360, 2361, 2362, 2363, 2364, 2365, 2366, 2367, 2368, 2369, 2370, 2371, 2372, 2373, 2374, 2375, 2376, 2377, 2378, 2379, 2380, 2381, 2382, 2383, 2384, 2385, 2386, 2387, 2388, 2389, 2390, 2391, 2392, 2393, 2394, 2395, 2396, 2397, 2398, 2399, 2400, 2401, 2402, 2403, 2404, 2405, 2406, 2407, 2408, 2409], "selected_count": 269, "selection_time": 0.013467798999045044, "selection_score_forward_time": 0.012330966972513124}