{"example_id": 0, "sub_q_idx": 0, "method": "DraftModel", "reprocess_method": "DraftModel", "rate": 0.15, "system_len": 792, "passages_len": [792, 50, 92, 76, 98, 52, 214, 121, 301, 84, 83, 50, 92, 31], "chunk_ids": [0, 1, 2, 3, 4, 5, 6, 7, 8, 9, 10, 1, 2], "selected_abs": [792, 793, 841, 842, 881, 933, 934, 971, 972, 973, 1189, 1190, 1191, 1200, 1201, 1202, 1225, 1373, 1388, 1494, 1495, 1509, 1510, 1511, 1522, 1523, 1524, 1571, 1572, 1573, 1794, 1795, 1796, 1797, 1798, 1799, 1803, 1804, 1808, 1809, 1811, 1812, 1838, 1839, 1840, 1848, 1849, 1850, 1851, 1863, 1864, 1865, 1878, 1879, 1880, 1881, 1882, 1883, 1884, 1885, 1886, 1889, 1890, 1895, 1896, 1897, 1926, 1927, 1945, 1946, 1947, 1948, 1949, 1950, 1961, 1962, 1963, 1964, 1965, 1966, 1967, 1968, 1971, 1972, 1973, 1974, 1976, 1977, 1978, 1979, 1980, 1981, 1982, 1983, 1984, 1985, 1986, 1987, 1988, 1993, 1994, 1995, 2011, 2012, 2013, 2014, 2015, 2016, 2017, 2018, 2019, 2020, 2021, 2022, 2023, 2024, 2025, 2026, 2027, 2028, 2029, 2030, 2031, 2032, 2033, 2034, 2035, 2036, 2037, 2038, 2039, 2040, 2041, 2042, 2043, 2044, 2045, 2046, 2047, 2048, 2049, 2050, 2051, 2052, 2053, 2054, 2055, 2056, 2057, 2058, 2059, 2060, 2061, 2062, 2063, 2064, 2065, 2066, 2067, 2068, 2069, 2070, 2071, 2072, 2073, 2074, 2075, 2076, 2077, 2078, 2079, 2080, 2081, 2082, 2083, 2084, 2085, 2086, 2087, 2088, 2089, 2090, 2091, 2092, 2093, 2094, 2095, 2096, 2097, 2098, 2099, 2100, 2101, 2102, 2103, 2104, 2105, 2106, 2107, 2108, 2109, 2110, 2111, 2112, 2113, 2114, 2115, 2116, 2117, 2118, 2119, 2120, 2121, 2122, 2123, 2124, 2125, 2126, 2127, 2128, 2129, 2130, 2131, 2132, 2133, 2134, 2135], "selected_count": 227, "selection_time": 0.1273291289980989, "selection_score_forward_time": 0.12614114000461996}