{"example_id": 11, "sub_q_idx": 0, "method": "DraftModel", "reprocess_method": "DraftModel", "rate": 0.15, "system_len": 792, "passages_len": [792, 34, 96, 149, 295, 140, 127, 153, 73, 90, 73, 31], "chunk_ids": [0, 1, 2, 3, 4, 5, 6, 7, 8, 9, 10], "selected_abs": [792, 793, 794, 825, 874, 875, 876, 891, 892, 893, 924, 1099, 1100, 1104, 1105, 1106, 1112, 1113, 1114, 1115, 1116, 1117, 1118, 1119, 1120, 1148, 1365, 1366, 1428, 1429, 1505, 1506, 1549, 1550, 1632, 1633, 1772, 1773, 1774, 1777, 1778, 1779, 1780, 1781, 1784, 1785, 1786, 1787, 1788, 1789, 1790, 1804, 1805, 1810, 1811, 1812, 1815, 1816, 1835, 1836, 1857, 1858, 1859, 1860, 1861, 1865, 1866, 1867, 1868, 1869, 1870, 1889, 1890, 1891, 1892, 1893, 1894, 1900, 1901, 1902, 1903, 1907, 1908, 1909, 1910, 1913, 1914, 1915, 1920, 1921, 1922, 1925, 1926, 1927, 1928, 1929, 1930, 1931, 1932, 1933, 1934, 1935, 1936, 1937, 1938, 1939, 1940, 1945, 1946, 1947, 1948, 1949, 1950, 1951, 1952, 1953, 1954, 1955, 1956, 1957, 1958, 1959, 1960, 1961, 1962, 1963, 1964, 1965, 1966, 1967, 1968, 1969, 1970, 1971, 1972, 1973, 1974, 1975, 1976, 1977, 1978, 1979, 1980, 1981, 1982, 1983, 1984, 1985, 1986, 1987, 1988, 1989, 1990, 1991, 1992, 1993, 1994, 1995, 1996, 1997, 1998, 1999, 2000, 2001, 2002, 2003, 2004, 2005, 2006, 2007, 2008, 2009, 2010, 2011, 2012, 2013, 2014, 2015, 2016, 2017, 2018, 2019, 2020, 2021, 2022, 2023, 2024, 2025, 2026, 2027, 2028, 2029, 2030, 2031, 2032, 2033, 2034, 2035, 2036, 2037, 2038, 2039, 2040, 2041, 2042, 2043, 2044, 2045, 2046, 2047, 2048, 2049, 2050, 2051, 2052], "selected_count": 215, "selection_time": 0.011854330979986116, "selection_score_forward_time": 0.011006390006514266}