{"example_id": 14, "sub_q_idx": 1, "method": "DraftModel", "reprocess_method": "DraftModel", "rate": 0.15, "system_len": 792, "passages_len": [792, 47, 106, 144, 95, 210, 394, 168, 93, 51, 98, 144, 84, 47, 28], "chunk_ids": [0, 11, 8, 1, 12, 13, 14, 15, 6, 16, 17, 1, 4, 11], "selected_abs": [792, 793, 794, 1161, 1217, 1238, 1239, 1330, 1331, 1332, 1334, 1335, 1336, 1337, 1338, 1339, 1346, 1347, 1348, 1408, 1461, 1462, 1468, 1510, 1511, 1536, 1537, 1538, 1562, 1563, 1564, 1565, 1566, 1567, 1570, 1571, 1572, 1573, 1578, 1579, 1580, 1787, 1788, 1839, 1865, 1866, 1875, 1876, 1877, 1878, 1879, 1884, 1885, 1886, 1955, 1956, 1957, 1958, 1959, 1996, 1997, 1998, 2048, 2049, 2098, 2099, 2100, 2101, 2102, 2103, 2104, 2107, 2108, 2109, 2110, 2116, 2117, 2138, 2139, 2140, 2143, 2144, 2197, 2198, 2199, 2200, 2201, 2202, 2203, 2206, 2207, 2208, 2209, 2210, 2211, 2212, 2213, 2216, 2217, 2218, 2263, 2264, 2265, 2285, 2286, 2287, 2301, 2302, 2303, 2309, 2310, 2311, 2312, 2313, 2319, 2320, 2321, 2322, 2323, 2324, 2327, 2334, 2335, 2336, 2337, 2338, 2339, 2340, 2341, 2342, 2343, 2344, 2345, 2346, 2347, 2349, 2350, 2351, 2352, 2354, 2355, 2356, 2357, 2358, 2359, 2360, 2361, 2362, 2363, 2364, 2365, 2366, 2367, 2368, 2369, 2370, 2371, 2372, 2373, 2375, 2376, 2377, 2378, 2379, 2380, 2381, 2382, 2383, 2384, 2385, 2386, 2387, 2388, 2389, 2390, 2391, 2392, 2393, 2394, 2395, 2396, 2397, 2398, 2399, 2405, 2406, 2407, 2408, 2409, 2410, 2411, 2412, 2413, 2414, 2415, 2416, 2417, 2418, 2419, 2420, 2421, 2422, 2423, 2424, 2425, 2426, 2427, 2428, 2429, 2430, 2431, 2432, 2433, 2434, 2435, 2436, 2437, 2438, 2439, 2440, 2441, 2442, 2443, 2444, 2445, 2446, 2447, 2448, 2449, 2450, 2451, 2452, 2453, 2454, 2455, 2456, 2457, 2458, 2459, 2460, 2461, 2462, 2463, 2464, 2465, 2466, 2467, 2468, 2469, 2470, 2471, 2472, 2473, 2474, 2475, 2476, 2477, 2478, 2479, 2480, 2481, 2482, 2483, 2484, 2485, 2486, 2487, 2488, 2489, 2490, 2491, 2492, 2493, 2494, 2495, 2496, 2497, 2498, 2499, 2500], "selected_count": 280, "selection_time": 0.014159103011479601, "selection_score_forward_time": 0.01297337602591142}