{"example_id": 3, "sub_q_idx": 1, "method": "DraftModel", "reprocess_method": "DraftModel", "rate": 0.15, "system_len": 792, "passages_len": [792, 92, 108, 170, 143, 200, 89, 52, 141, 68, 90, 108, 92, 31], "chunk_ids": [0, 2, 1, 4, 8, 6, 11, 7, 5, 9, 10, 1, 2], "selected_abs": [883, 884, 911, 977, 978, 979, 990, 991, 992, 1013, 1014, 1015, 1161, 1162, 1228, 1229, 1230, 1231, 1232, 1233, 1242, 1243, 1244, 1252, 1253, 1344, 1504, 1505, 1522, 1564, 1565, 1566, 1592, 1593, 1594, 1644, 1645, 1646, 1659, 1660, 1661, 1665, 1666, 1667, 1673, 1674, 1675, 1678, 1679, 1681, 1786, 1787, 1831, 1832, 1833, 1854, 1855, 1883, 1892, 1893, 1894, 1895, 1896, 1905, 1906, 1907, 1908, 1943, 1944, 1945, 1946, 1947, 1948, 1981, 1982, 1983, 1984, 1985, 1986, 1987, 1993, 1994, 1995, 2007, 2008, 2013, 2014, 2015, 2018, 2019, 2020, 2031, 2032, 2033, 2034, 2035, 2036, 2037, 2038, 2039, 2040, 2041, 2042, 2043, 2044, 2045, 2046, 2047, 2048, 2049, 2050, 2051, 2052, 2053, 2054, 2055, 2056, 2057, 2058, 2059, 2060, 2061, 2062, 2063, 2064, 2065, 2066, 2067, 2068, 2069, 2070, 2071, 2072, 2073, 2074, 2075, 2078, 2079, 2080, 2081, 2082, 2083, 2084, 2085, 2086, 2088, 2089, 2090, 2091, 2092, 2093, 2094, 2095, 2096, 2097, 2098, 2099, 2100, 2101, 2102, 2103, 2104, 2105, 2106, 2107, 2108, 2109, 2110, 2111, 2112, 2113, 2114, 2115, 2116, 2117, 2118, 2119, 2120, 2121, 2122, 2123, 2124, 2125, 2126, 2127, 2128, 2129, 2130, 2131, 2132, 2133, 2134, 2135, 2136, 2137, 2138, 2139, 2140, 2141, 2142, 2143, 2144, 2145, 2146, 2147, 2148, 2149, 2150, 2151, 2152, 2153, 2154, 2155, 2156, 2157, 2158, 2159, 2160, 2161, 2162, 2163, 2164, 2165, 2166, 2167, 2168, 2169, 2170, 2171, 2172, 2173, 2174, 2175], "selected_count": 233, "selection_time": 0.012570524006150663, "selection_score_forward_time": 0.011401155992643908}