{"example_id": 13, "sub_q_idx": 1, "method": "DraftModel", "reprocess_method": "DraftModel", "rate": 0.15, "system_len": 792, "passages_len": [792, 148, 139, 149, 265, 228, 196, 321, 72, 88, 104, 86, 148, 139, 29], "chunk_ids": [0, 9, 11, 12, 2, 13, 14, 15, 16, 17, 18, 1, 9, 11], "selected_abs": [792, 793, 794, 980, 1075, 1076, 1077, 1078, 1079, 1224, 1225, 1227, 1228, 1433, 1624, 1690, 1691, 1692, 1720, 1721, 1722, 1723, 1724, 1725, 1727, 1728, 1729, 1730, 1731, 1751, 1752, 1753, 1758, 1759, 1760, 1784, 1785, 1799, 1876, 1877, 1916, 1917, 1952, 1953, 1954, 1965, 1966, 1967, 1968, 1969, 1971, 1972, 1973, 1974, 1975, 1976, 1977, 1978, 1993, 2142, 2149, 2219, 2220, 2221, 2237, 2238, 2239, 2240, 2242, 2243, 2244, 2286, 2287, 2288, 2294, 2295, 2296, 2309, 2310, 2321, 2322, 2323, 2337, 2338, 2348, 2349, 2350, 2362, 2363, 2365, 2366, 2367, 2370, 2371, 2372, 2378, 2379, 2380, 2385, 2386, 2387, 2396, 2397, 2398, 2399, 2400, 2401, 2402, 2403, 2404, 2445, 2446, 2468, 2469, 2470, 2478, 2479, 2480, 2500, 2501, 2502, 2503, 2510, 2511, 2512, 2547, 2548, 2549, 2567, 2568, 2569, 2570, 2571, 2586, 2587, 2588, 2595, 2596, 2597, 2602, 2603, 2604, 2609, 2610, 2611, 2612, 2614, 2615, 2616, 2617, 2618, 2621, 2622, 2623, 2624, 2628, 2629, 2630, 2632, 2633, 2634, 2644, 2645, 2653, 2654, 2655, 2661, 2662, 2663, 2664, 2695, 2696, 2699, 2700, 2701, 2702, 2703, 2707, 2708, 2709, 2710, 2720, 2721, 2722, 2723, 2735, 2736, 2737, 2738, 2739, 2740, 2741, 2742, 2743, 2744, 2750, 2751, 2752, 2753, 2760, 2761, 2762, 2763, 2764, 2765, 2766, 2767, 2768, 2769, 2770, 2771, 2773, 2774, 2775, 2776, 2777, 2778, 2779, 2780, 2782, 2783, 2784, 2785, 2786, 2787, 2788, 2789, 2790, 2791, 2792, 2793, 2794, 2795, 2796, 2797, 2798, 2799, 2800, 2801, 2802, 2803, 2804, 2805, 2806, 2807, 2808, 2809, 2810, 2811, 2812, 2813, 2814, 2815, 2816, 2817, 2818, 2819, 2820, 2821, 2822, 2823, 2824, 2825, 2826, 2827, 2828, 2829, 2830, 2831, 2832, 2833, 2834, 2835, 2836, 2837, 2838, 2839, 2840, 2841, 2842, 2843, 2844, 2845, 2846, 2847, 2848, 2849, 2850, 2851, 2852, 2853, 2854, 2855, 2856, 2857, 2858, 2859, 2860, 2861, 2862, 2863, 2864, 2865, 2866, 2867, 2868, 2869, 2870, 2871, 2872, 2873, 2874, 2875, 2876, 2877, 2878, 2879, 2880, 2881, 2882, 2883, 2884, 2885, 2886, 2887, 2888, 2889, 2890, 2891, 2892, 2893, 2894, 2895, 2896, 2897, 2898, 2899, 2900, 2901, 2902, 2903], "selected_count": 341, "selection_time": 0.0166070910054259, "selection_score_forward_time": 0.014912156999344006}