{"example_id": 6, "sub_q_idx": 0, "method": "DraftModel", "reprocess_method": "DraftModel", "rate": 0.15, "system_len": 792, "passages_len": [792, 183, 84, 154, 244, 86, 49, 203, 140, 113, 148, 86, 25], "chunk_ids": [0, 1, 2, 3, 4, 5, 6, 7, 8, 9, 10, 5], "selected_abs": [792, 793, 794, 1058, 1059, 1089, 1090, 1138, 1139, 1140, 1316, 1340, 1341, 1364, 1365, 1366, 1377, 1378, 1379, 1408, 1456, 1457, 1464, 1465, 1542, 1543, 1591, 1642, 1643, 1694, 1695, 1696, 1712, 1759, 1793, 1794, 1795, 1796, 1797, 1798, 1799, 1800, 1801, 1886, 1887, 1888, 1934, 1935, 1936, 1937, 1938, 1939, 1965, 1966, 1982, 1983, 1984, 1993, 1994, 2015, 2016, 2017, 2022, 2023, 2024, 2025, 2029, 2030, 2031, 2032, 2046, 2047, 2048, 2049, 2050, 2051, 2052, 2053, 2054, 2055, 2056, 2068, 2069, 2070, 2088, 2089, 2090, 2118, 2119, 2120, 2128, 2129, 2130, 2131, 2135, 2136, 2137, 2138, 2139, 2140, 2141, 2142, 2143, 2147, 2148, 2149, 2150, 2151, 2152, 2153, 2154, 2160, 2161, 2162, 2173, 2174, 2175, 2176, 2177, 2178, 2179, 2180, 2181, 2182, 2183, 2184, 2185, 2186, 2187, 2188, 2189, 2190, 2191, 2192, 2193, 2194, 2195, 2196, 2197, 2198, 2199, 2200, 2201, 2202, 2203, 2204, 2205, 2206, 2207, 2208, 2209, 2210, 2211, 2212, 2213, 2214, 2215, 2216, 2217, 2218, 2219, 2220, 2221, 2222, 2223, 2224, 2225, 2226, 2227, 2228, 2229, 2230, 2231, 2232, 2233, 2234, 2235, 2236, 2237, 2238, 2239, 2240, 2241, 2242, 2243, 2244, 2245, 2246, 2247, 2248, 2249, 2250, 2251, 2252, 2253, 2254, 2255, 2256, 2257, 2258, 2259, 2260, 2261, 2262, 2263, 2264, 2265, 2266, 2267, 2268, 2269, 2270, 2271, 2272, 2273, 2274, 2275, 2276, 2277, 2278, 2279, 2280, 2281, 2282, 2283, 2284, 2285, 2286, 2287, 2288, 2289, 2290, 2291, 2292, 2293, 2294, 2295, 2296, 2297, 2298, 2299, 2300, 2301, 2302, 2303, 2304, 2305, 2306], "selected_count": 248, "selection_time": 0.013211978017352521, "selection_score_forward_time": 0.011991329985903576}