{"example_id": 10, "sub_q_idx": 1, "method": "DraftModel", "reprocess_method": "DraftModel", "rate": 0.15, "system_len": 792, "passages_len": [792, 203, 186, 138, 99, 122, 190, 124, 117, 57, 113, 186, 203, 28], "chunk_ids": [0, 2, 1, 11, 12, 13, 14, 15, 8, 16, 17, 1, 2], "selected_abs": [792, 793, 794, 809, 1318, 1319, 1363, 1364, 1365, 1388, 1389, 1390, 1391, 1405, 1406, 1407, 1416, 1417, 1418, 1515, 1516, 1539, 1540, 1585, 1586, 1606, 1607, 1608, 1621, 1622, 1623, 1624, 1625, 1626, 1642, 1729, 1730, 1746, 1853, 1883, 1933, 1934, 1935, 1943, 1944, 1945, 1970, 1971, 1972, 1973, 1977, 1978, 1979, 1984, 1985, 1986, 2008, 2009, 2026, 2027, 2028, 2029, 2030, 2031, 2032, 2033, 2034, 2035, 2036, 2037, 2038, 2039, 2040, 2041, 2042, 2065, 2140, 2141, 2142, 2143, 2171, 2172, 2173, 2207, 2208, 2209, 2223, 2224, 2225, 2230, 2231, 2232, 2233, 2234, 2236, 2237, 2238, 2250, 2251, 2270, 2271, 2272, 2281, 2282, 2283, 2284, 2285, 2292, 2293, 2294, 2325, 2326, 2327, 2328, 2329, 2330, 2343, 2344, 2349, 2350, 2352, 2353, 2354, 2361, 2362, 2363, 2368, 2369, 2370, 2371, 2372, 2373, 2374, 2375, 2377, 2378, 2379, 2380, 2381, 2382, 2383, 2384, 2385, 2388, 2389, 2390, 2391, 2392, 2393, 2405, 2406, 2407, 2408, 2409, 2410, 2411, 2420, 2421, 2422, 2423, 2424, 2425, 2426, 2427, 2432, 2433, 2434, 2435, 2436, 2437, 2438, 2439, 2440, 2441, 2442, 2443, 2444, 2445, 2446, 2448, 2449, 2450, 2451, 2452, 2453, 2454, 2455, 2456, 2457, 2458, 2459, 2461, 2462, 2463, 2464, 2465, 2466, 2467, 2468, 2469, 2470, 2471, 2472, 2473, 2474, 2475, 2476, 2477, 2478, 2479, 2480, 2481, 2482, 2483, 2484, 2485, 2486, 2487, 2488, 2489, 2490, 2491, 2492, 2493, 2494, 2495, 2496, 2497, 2498, 2499, 2500, 2501, 2502, 2503, 2504, 2505, 2506, 2507, 2508, 2509, 2510, 2511, 2512, 2513, 2514, 2515, 2516, 2517, 2518, 2519, 2520, 2521, 2522, 2523, 2524, 2525, 2526, 2527, 2528, 2529, 2530, 2531, 2532, 2533, 2534, 2535, 2536, 2537, 2538, 2539, 2540, 2541, 2542, 2543, 2544, 2545, 2546, 2547, 2548, 2549, 2550, 2551, 2552, 2553, 2554, 2555, 2556, 2557], "selected_count": 288, "selection_time": 0.017221540008904412, "selection_score_forward_time": 0.01591267899493687}