epoch,musique_val_jaccard_r0p05,musique_val_jaccard_r0p1,musique_val_jaccard_r0p15,musique_val_jaccard_r0p3,musique_val_kl,musique_val_recall_r0p05,musique_val_recall_r0p1,musique_val_recall_r0p15,musique_val_recall_r0p3,train_loss,wiki_val_jaccard_r0p05,wiki_val_jaccard_r0p1,wiki_val_jaccard_r0p15,wiki_val_jaccard_r0p3,wiki_val_kl,wiki_val_recall_r0p05,wiki_val_recall_r0p1,wiki_val_recall_r0p15,wiki_val_recall_r0p3
0,0.008995108221104095,0.03825169639307214,0.07071532591352868,0.16994286589005966,0.018359488813033283,0.016858944349224428,0.07146708992463634,0.12984989626065183,0.2880889835177645,0.0,0.016412829177535077,0.043058721694305795,0.07208422995810587,0.15555528851581943,0.014402845220640302,0.03136842105263148,0.08126315789473713,0.13312280701754411,0.2677217391304346
1,0.3312274213483837,0.3482969330167836,0.3671102510100047,0.42532863126740195,0.006736021196512982,0.48321233437625005,0.507866456925992,0.531515290374629,0.5929094410746039,0.004214443699270487,0.3344138946553838,0.3914918608441386,0.4375322386315771,0.5243561133407196,0.003738920617848635,0.4934736842105268,0.5571052631578942,0.6046315789473659,0.6846956521739151
2,0.2895632438135504,0.30081652804658493,0.3201339583690084,0.38576769182181575,0.00761119986689368,0.4332730650842106,0.45186813696060046,0.4787235850598756,0.5522869027456884,0.003431281927973032,0.3672194647929005,0.416069755003519,0.4589466263102966,0.5380328590506129,0.003487569818273187,0.5285263157894736,0.5823684210526309,0.6245614035087697,0.6961739130434813
3,0.27407824166623274,0.2855328424383538,0.30611537731398225,0.367991504543148,0.008259448710135942,0.4152871750302722,0.43360106061008874,0.46194149907391663,0.5330577952615905,0.0031874615997076034,0.3778540553937366,0.4274525557518573,0.4708921161626956,0.5486772236662495,0.0033449213709682226,0.540210526315789,0.5931578947368416,0.6354736842105234,0.7052869565217424
