{"example_id": 36, "sub_q_idx": 0, "method": "DraftModel", "reprocess_method": "DraftModel", "rate": 0.1, "system_len": 792, "passages_len": [792, 382, 115, 109, 94, 108, 73, 196, 174, 101, 111, 27], "chunk_ids": [0, 1, 2, 3, 4, 5, 6, 7, 8, 9, 10], "selected_abs": [792, 793, 794, 795, 796, 797, 798, 799, 800, 803, 804, 805, 806, 807, 808, 809, 810, 811, 812, 813, 814, 815, 816, 817, 818, 819, 820, 821, 822, 823, 850, 852, 881, 970, 1049, 1173, 1174, 1175, 1176, 1177, 1178, 1179, 1180, 1181, 1224, 1288, 1289, 1290, 1291, 1292, 1293, 1294, 1295, 1296, 1297, 1397, 1398, 1399, 1400, 1401, 1402, 1403, 1405, 1406, 1407, 1491, 1492, 1493, 1494, 1495, 1496, 1497, 1525, 1528, 1599, 1600, 1601, 1602, 1603, 1607, 1668, 1672, 1673, 1674, 1675, 1676, 1677, 1678, 1691, 1868, 1869, 1870, 1871, 1872, 1873, 1874, 1875, 1876, 1877, 1919, 1951, 2042, 2043, 2044, 2045, 2046, 2048, 2049, 2059, 2060, 2061, 2062, 2065, 2073, 2085, 2143, 2144, 2145, 2146, 2147, 2148, 2150, 2151, 2152, 2153, 2154, 2155, 2156, 2157, 2158, 2159, 2171, 2173, 2174, 2175, 2176, 2180, 2186, 2191, 2196, 2204, 2207, 2209, 2223, 2224, 2225, 2226, 2227, 2228, 2229, 2230, 2231, 2232, 2233, 2234, 2235, 2236, 2237, 2238, 2239, 2240, 2241, 2242, 2243, 2244, 2245, 2246, 2247, 2248, 2249, 2250, 2251, 2252, 2253, 2254, 2255, 2256, 2257, 2258, 2259, 2260, 2261, 2262, 2263, 2264, 2265, 2266, 2267, 2268, 2269, 2270, 2271, 2272, 2273, 2274, 2275, 2276, 2277, 2278, 2279, 2280, 2281], "selected_count": 202, "selection_time": 0.01892729301471263, "selection_score_forward_time": 0.018567060003988445}