{"example_id": 36, "sub_q_idx": 1, "method": "DraftModel", "reprocess_method": "DraftModel", "rate": 0.1, "system_len": 792, "passages_len": [792, 77, 382, 99, 297, 69, 70, 65, 180, 54, 68, 382, 77, 29], "chunk_ids": [0, 11, 1, 12, 13, 14, 15, 16, 17, 18, 19, 1, 11], "selected_abs": [792, 793, 794, 795, 796, 797, 798, 799, 807, 811, 813, 864, 867, 868, 869, 870, 871, 872, 873, 874, 875, 876, 877, 880, 881, 882, 883, 884, 885, 886, 887, 888, 889, 890, 891, 892, 893, 894, 895, 896, 897, 898, 899, 900, 1126, 1151, 1198, 1201, 1250, 1251, 1252, 1253, 1254, 1255, 1256, 1261, 1264, 1270, 1273, 1274, 1276, 1289, 1290, 1309, 1341, 1349, 1350, 1351, 1352, 1353, 1354, 1355, 1356, 1359, 1378, 1394, 1646, 1647, 1648, 1649, 1650, 1651, 1652, 1653, 1654, 1655, 1656, 1657, 1658, 1659, 1668, 1673, 1705, 1715, 1716, 1717, 1718, 1719, 1720, 1727, 1754, 1785, 1786, 1787, 1788, 1789, 1790, 1796, 1799, 1800, 1801, 1802, 1803, 1808, 1850, 1851, 1852, 1853, 1854, 1855, 1856, 1857, 1858, 1859, 1860, 1878, 1886, 1965, 2005, 2030, 2031, 2032, 2033, 2034, 2035, 2036, 2037, 2038, 2039, 2040, 2041, 2042, 2043, 2044, 2045, 2046, 2050, 2059, 2069, 2080, 2081, 2083, 2084, 2085, 2086, 2087, 2088, 2089, 2090, 2091, 2092, 2093, 2094, 2095, 2096, 2097, 2098, 2099, 2100, 2101, 2102, 2103, 2104, 2105, 2106, 2107, 2108, 2109, 2110, 2111, 2113, 2114, 2115, 2116, 2117, 2118, 2119, 2120, 2121, 2130, 2131, 2132, 2133, 2134, 2135, 2136, 2137, 2138, 2139, 2140, 2141, 2142, 2143, 2144, 2145, 2146, 2147, 2148, 2149, 2150, 2151, 2152, 2153, 2154, 2155, 2156, 2157, 2158, 2159, 2160, 2161, 2164, 2165, 2166, 2167, 2168, 2169, 2170, 2171, 2172, 2173, 2174, 2175, 2176, 2177, 2178, 2179, 2180, 2181, 2182, 2183, 2184, 2211, 2335, 2402, 2407, 2410, 2480, 2482, 2485, 2495, 2497, 2504, 2505, 2508, 2509, 2521, 2534, 2535, 2536, 2537, 2538, 2539, 2540, 2541, 2542, 2543, 2544, 2545, 2546, 2547, 2548, 2549, 2550, 2551, 2553, 2554, 2555, 2556, 2559, 2563, 2566, 2567, 2568, 2569, 2570, 2571, 2572, 2573, 2576, 2580, 2586, 2587, 2588, 2589, 2591, 2592, 2595, 2599, 2604, 2605, 2606, 2607, 2608, 2609, 2610, 2611, 2612, 2613, 2614, 2615, 2616, 2617, 2618, 2619, 2620, 2621, 2622, 2623, 2624, 2625, 2626, 2627, 2628, 2629, 2630, 2631, 2632, 2633, 2634, 2635, 2636, 2637, 2638, 2639, 2640], "selected_count": 336, "selection_time": 0.023078876023646444, "selection_score_forward_time": 0.022700005996739492}