{"example_id": 38, "sub_q_idx": 0, "method": "DraftModel", "reprocess_method": "DraftModel", "rate": 0.1, "system_len": 792, "passages_len": [792, 43, 96, 77, 83, 136, 80, 80, 53, 80, 81, 28], "chunk_ids": [0, 1, 2, 3, 4, 5, 6, 7, 8, 9, 10], "selected_abs": [792, 793, 794, 795, 796, 797, 798, 799, 800, 801, 802, 803, 804, 805, 806, 807, 808, 809, 830, 831, 832, 833, 834, 835, 836, 837, 917, 918, 919, 930, 931, 932, 933, 934, 935, 936, 937, 1007, 1008, 1009, 1010, 1011, 1090, 1091, 1092, 1093, 1094, 1095, 1096, 1097, 1226, 1227, 1228, 1229, 1230, 1233, 1287, 1306, 1307, 1308, 1309, 1310, 1386, 1388, 1439, 1441, 1460, 1484, 1507, 1514, 1519, 1521, 1522, 1525, 1526, 1527, 1529, 1530, 1533, 1537, 1545, 1547, 1549, 1556, 1574, 1575, 1576, 1577, 1581, 1582, 1583, 1585, 1586, 1598, 1599, 1600, 1601, 1602, 1603, 1604, 1605, 1606, 1607, 1608, 1609, 1610, 1611, 1612, 1613, 1614, 1615, 1616, 1617, 1618, 1619, 1620, 1621, 1622, 1623, 1624, 1625, 1626, 1627, 1628], "selected_count": 124, "selection_time": 0.014997153979493305, "selection_score_forward_time": 0.014695360005134717}