{"example_id": 26, "sub_q_idx": 0, "method": "DraftModel", "reprocess_method": "DraftModel", "rate": 0.1, "system_len": 792, "passages_len": [792, 114, 116, 285, 127, 65, 72, 78, 123, 214, 226, 114, 30], "chunk_ids": [0, 1, 2, 3, 4, 5, 6, 7, 8, 9, 10, 1], "selected_abs": [792, 793, 794, 795, 796, 797, 798, 799, 800, 801, 802, 803, 804, 805, 806, 807, 808, 809, 810, 811, 812, 813, 814, 815, 820, 821, 822, 823, 824, 825, 826, 828, 829, 830, 855, 905, 906, 907, 908, 909, 914, 915, 916, 917, 918, 919, 921, 922, 923, 1021, 1022, 1023, 1024, 1025, 1026, 1027, 1038, 1062, 1069, 1306, 1307, 1308, 1309, 1310, 1311, 1312, 1313, 1315, 1391, 1397, 1400, 1416, 1417, 1433, 1434, 1435, 1436, 1437, 1438, 1439, 1462, 1463, 1464, 1498, 1499, 1500, 1501, 1502, 1503, 1529, 1569, 1570, 1571, 1572, 1573, 1574, 1575, 1601, 1648, 1649, 1650, 1651, 1652, 1653, 1654, 1655, 1656, 1657, 1671, 1672, 1693, 1771, 1772, 1773, 1774, 1775, 1776, 1777, 1778, 1779, 1800, 1804, 1834, 1854, 1867, 1959, 1969, 1984, 1985, 1986, 1987, 1988, 1989, 1990, 1991, 1992, 1993, 1998, 2000, 2001, 2002, 2003, 2004, 2005, 2006, 2007, 2008, 2025, 2095, 2114, 2182, 2195, 2196, 2197, 2198, 2199, 2200, 2201, 2202, 2203, 2204, 2205, 2206, 2207, 2208, 2209, 2210, 2211, 2212, 2213, 2214, 2215, 2216, 2217, 2218, 2219, 2220, 2221, 2222, 2223, 2224, 2225, 2226, 2227, 2228, 2229, 2230, 2231, 2232, 2233, 2234, 2235, 2237, 2240, 2241, 2242, 2243, 2244, 2245, 2246, 2248, 2249, 2250, 2251, 2252, 2254, 2258, 2259, 2261, 2262, 2263, 2264, 2266, 2267, 2269, 2270, 2271, 2273, 2274, 2275, 2276, 2277, 2278, 2279, 2286, 2290, 2291, 2292, 2293, 2294, 2297, 2298, 2299, 2300, 2301, 2302, 2303, 2307, 2308, 2309, 2310, 2311, 2312, 2313, 2314, 2315, 2316, 2318, 2319, 2321, 2323, 2324, 2325, 2326, 2327, 2328, 2329, 2330, 2331, 2332, 2333, 2334, 2335, 2336, 2337, 2338, 2339, 2340, 2341, 2342, 2343, 2344, 2345, 2346, 2347, 2348, 2349, 2350, 2351, 2352, 2353, 2354, 2355], "selected_count": 283, "selection_time": 0.020579710020683706, "selection_score_forward_time": 0.020215247001033276}