{"example_id": 39, "sub_q_idx": 0, "method": "DraftModel", "reprocess_method": "DraftModel", "rate": 0.1, "system_len": 792, "passages_len": [792, 84, 107, 72, 103, 115, 70, 66, 106, 151, 91, 38], "chunk_ids": [0, 1, 2, 3, 4, 5, 6, 7, 8, 9, 10], "selected_abs": [792, 793, 794, 795, 796, 797, 798, 799, 800, 801, 802, 803, 804, 805, 807, 808, 809, 810, 811, 812, 813, 814, 815, 816, 817, 818, 819, 820, 821, 822, 823, 824, 825, 826, 834, 874, 875, 876, 877, 878, 879, 892, 982, 983, 984, 985, 986, 992, 1054, 1055, 1056, 1057, 1058, 1059, 1060, 1061, 1062, 1157, 1158, 1159, 1160, 1165, 1265, 1272, 1273, 1274, 1275, 1278, 1342, 1343, 1344, 1345, 1346, 1347, 1366, 1410, 1412, 1429, 1449, 1450, 1514, 1516, 1522, 1544, 1545, 1624, 1665, 1666, 1667, 1668, 1669, 1670, 1672, 1673, 1681, 1682, 1683, 1684, 1686, 1687, 1694, 1695, 1699, 1700, 1701, 1716, 1717, 1727, 1728, 1729, 1730, 1731, 1732, 1733, 1735, 1736, 1737, 1748, 1754, 1755, 1756, 1757, 1758, 1759, 1760, 1761, 1762, 1763, 1764, 1765, 1766, 1767, 1768, 1769, 1770, 1771, 1772, 1773, 1774, 1775, 1776, 1777, 1778, 1779, 1780, 1781, 1782, 1783, 1784, 1785, 1786, 1787, 1788, 1789, 1790, 1791, 1792, 1793, 1794], "selected_count": 159, "selection_time": 0.01759897801093757, "selection_score_forward_time": 0.017263300978811458}