source,kind,relative_l2,diff_norm,full_norm,source_norm,cosine_source_full,num_examples,num_chunks,num_tokens
raw,hidden_layer_input,0.7216409007482689,2408778.963020166,3337919.1236562463,3612406.3288743123,0.7625265090938956,25,566,406578
preprocess,hidden_layer_input,0.7591286687324136,2533910.100677631,3337919.1236562463,3321544.464643974,0.7104534547011725,25,566,406578
