{"example_id": 86, "sub_q_idx": 0, "method": "DraftModel", "reprocess_method": "DraftModel", "rate": 0.1, "system_len": 792, "passages_len": [792, 67, 36, 125, 111, 95, 53, 73, 93, 110, 85, 30], "chunk_ids": [0, 1, 2, 3, 4, 5, 6, 7, 8, 9, 10], "selected_abs": [792, 793, 794, 795, 796, 797, 798, 799, 800, 801, 802, 803, 804, 805, 806, 807, 808, 809, 810, 811, 812, 813, 814, 815, 816, 831, 832, 833, 834, 835, 836, 837, 838, 839, 840, 841, 848, 849, 850, 851, 852, 853, 854, 855, 856, 857, 858, 859, 860, 861, 862, 863, 864, 865, 866, 867, 868, 869, 870, 875, 894, 895, 896, 897, 898, 899, 900, 901, 1005, 1019, 1020, 1021, 1022, 1023, 1025, 1026, 1027, 1130, 1131, 1132, 1133, 1134, 1135, 1137, 1139, 1225, 1226, 1227, 1228, 1229, 1230, 1231, 1235, 1278, 1279, 1280, 1281, 1282, 1283, 1284, 1285, 1286, 1351, 1352, 1354, 1355, 1359, 1429, 1444, 1445, 1446, 1447, 1448, 1449, 1450, 1535, 1554, 1555, 1556, 1557, 1558, 1559, 1560, 1562, 1563, 1564, 1565, 1567, 1568, 1570, 1571, 1572, 1573, 1578, 1586, 1587, 1621, 1639, 1640, 1641, 1642, 1643, 1644, 1645, 1646, 1647, 1648, 1649, 1650, 1651, 1652, 1653, 1654, 1655, 1656, 1657, 1658, 1659, 1660, 1661, 1662, 1663, 1664, 1665, 1666, 1667, 1668, 1669], "selected_count": 168, "selection_time": 0.1040895969781559, "selection_score_forward_time": 0.10373615799471736}