{"example_id": 95, "sub_q_idx": 0, "method": "DraftModel", "reprocess_method": "DraftModel", "rate": 0.1, "system_len": 792, "passages_len": [792, 91, 147, 58, 54, 69, 61, 106, 103, 133, 53, 91, 91, 27], "chunk_ids": [0, 1, 2, 3, 4, 5, 6, 7, 8, 9, 10, 1, 1], "selected_abs": [792, 793, 794, 795, 796, 797, 798, 799, 809, 824, 829, 836, 837, 839, 848, 882, 883, 884, 885, 886, 887, 888, 910, 1029, 1030, 1032, 1039, 1057, 1065, 1087, 1088, 1090, 1094, 1107, 1117, 1124, 1125, 1141, 1142, 1144, 1210, 1211, 1212, 1213, 1214, 1215, 1216, 1217, 1251, 1267, 1271, 1272, 1273, 1274, 1275, 1276, 1277, 1278, 1279, 1280, 1281, 1313, 1377, 1378, 1379, 1380, 1381, 1384, 1480, 1481, 1482, 1483, 1484, 1485, 1486, 1487, 1507, 1514, 1612, 1613, 1614, 1615, 1616, 1617, 1618, 1619, 1620, 1621, 1635, 1636, 1637, 1638, 1639, 1640, 1641, 1642, 1643, 1644, 1645, 1646, 1647, 1653, 1654, 1655, 1656, 1657, 1658, 1659, 1660, 1661, 1662, 1663, 1664, 1665, 1666, 1667, 1668, 1669, 1670, 1671, 1672, 1673, 1674, 1680, 1681, 1683, 1699, 1704, 1709, 1711, 1712, 1713, 1714, 1717, 1723, 1734, 1735, 1754, 1757, 1758, 1759, 1760, 1761, 1762, 1763, 1764, 1765, 1771, 1781, 1785, 1795, 1802, 1803, 1805, 1808, 1814, 1844, 1847, 1848, 1849, 1850, 1851, 1852, 1853, 1854, 1855, 1856, 1857, 1858, 1859, 1860, 1861, 1862, 1863, 1864, 1865, 1866, 1867, 1868, 1869, 1870, 1871, 1872, 1873, 1874, 1875], "selected_count": 186, "selection_time": 0.12037128600059077, "selection_score_forward_time": 0.1199887210095767}