{"example_id": 86, "sub_q_idx": 1, "method": "DraftModel", "reprocess_method": "DraftModel", "rate": 0.1, "system_len": 792, "passages_len": [792, 65, 110, 95, 124, 243, 238, 56, 102, 49, 67, 67, 65, 110, 34], "chunk_ids": [0, 11, 12, 13, 14, 15, 16, 17, 18, 19, 1, 1, 11, 12], "selected_abs": [792, 793, 794, 796, 798, 799, 800, 802, 812, 813, 814, 815, 817, 818, 819, 822, 823, 824, 856, 857, 858, 859, 860, 861, 877, 878, 892, 966, 967, 968, 969, 970, 971, 998, 1041, 1061, 1062, 1063, 1064, 1065, 1066, 1067, 1097, 1098, 1099, 1100, 1143, 1185, 1186, 1187, 1188, 1198, 1203, 1356, 1362, 1363, 1426, 1428, 1429, 1430, 1431, 1432, 1433, 1434, 1666, 1667, 1668, 1669, 1670, 1671, 1672, 1673, 1674, 1675, 1676, 1677, 1722, 1723, 1724, 1725, 1726, 1727, 1728, 1729, 1730, 1731, 1741, 1742, 1745, 1747, 1749, 1750, 1761, 1763, 1821, 1822, 1823, 1824, 1825, 1826, 1827, 1828, 1829, 1830, 1831, 1832, 1833, 1834, 1835, 1836, 1837, 1838, 1839, 1840, 1841, 1842, 1843, 1844, 1851, 1852, 1853, 1854, 1855, 1856, 1857, 1858, 1859, 1860, 1861, 1862, 1863, 1864, 1865, 1866, 1867, 1868, 1869, 1870, 1871, 1872, 1873, 1874, 1875, 1876, 1877, 1878, 1879, 1880, 1881, 1882, 1883, 1884, 1887, 1888, 1889, 1890, 1891, 1892, 1893, 1894, 1895, 1896, 1897, 1898, 1913, 1914, 1915, 1916, 1917, 1918, 1919, 1920, 1921, 1922, 1923, 1930, 1931, 1932, 1933, 1934, 1935, 1936, 1937, 1938, 1939, 1940, 1941, 1942, 1943, 1944, 1945, 1946, 1947, 1948, 1949, 1950, 1951, 1954, 1955, 1956, 1957, 1958, 1959, 1960, 1961, 1962, 1963, 1964, 1965, 1966, 1979, 1980, 1981, 1982, 1983, 1984, 1985, 1986, 1987, 1988, 1989, 1990, 1997, 1998, 1999, 2000, 2001, 2002, 2003, 2004, 2005, 2006, 2007, 2008, 2009, 2010, 2011, 2013, 2014, 2018, 2029, 2030, 2031, 2033, 2034, 2035, 2036, 2037, 2038, 2039, 2047, 2071, 2072, 2073, 2074, 2075, 2076, 2077, 2093, 2108, 2172, 2181, 2182, 2183, 2184, 2185, 2186, 2187, 2188, 2189, 2190, 2191, 2192, 2193, 2194, 2195, 2196, 2197, 2198, 2199, 2200, 2201, 2202, 2203, 2204, 2205, 2206, 2207, 2208, 2209, 2210, 2211, 2212, 2213, 2214, 2215, 2216], "selected_count": 297, "selection_time": 0.1359908610174898, "selection_score_forward_time": 0.1356462260009721}