{"example_id": 82, "sub_q_idx": 1, "method": "DraftModel", "reprocess_method": "DraftModel", "rate": 0.1, "system_len": 792, "passages_len": [792, 229, 103, 101, 79, 206, 77, 86, 109, 118, 202, 103, 229, 37], "chunk_ids": [0, 6, 2, 5, 10, 1, 11, 12, 13, 14, 9, 2, 6], "selected_abs": [792, 793, 794, 795, 797, 798, 799, 801, 880, 897, 934, 937, 942, 945, 946, 948, 950, 953, 956, 972, 1001, 1020, 1021, 1022, 1023, 1024, 1025, 1026, 1027, 1030, 1031, 1032, 1033, 1034, 1035, 1036, 1040, 1060, 1119, 1123, 1124, 1125, 1126, 1127, 1128, 1129, 1130, 1131, 1132, 1133, 1209, 1210, 1224, 1225, 1226, 1227, 1228, 1229, 1230, 1231, 1240, 1250, 1265, 1302, 1303, 1304, 1305, 1306, 1307, 1308, 1309, 1310, 1311, 1312, 1313, 1314, 1315, 1316, 1317, 1318, 1319, 1337, 1368, 1402, 1509, 1510, 1511, 1512, 1513, 1514, 1515, 1516, 1517, 1518, 1519, 1520, 1522, 1523, 1528, 1529, 1531, 1565, 1586, 1587, 1588, 1589, 1590, 1591, 1592, 1593, 1624, 1672, 1673, 1674, 1675, 1676, 1677, 1678, 1679, 1680, 1704, 1705, 1706, 1707, 1708, 1709, 1710, 1711, 1712, 1780, 1781, 1782, 1783, 1784, 1785, 1786, 1787, 1788, 1789, 1790, 1791, 1792, 1793, 1794, 1795, 1796, 1797, 1798, 1799, 1800, 1849, 1850, 1851, 1852, 1853, 1854, 1885, 1886, 1887, 1888, 1889, 1890, 1891, 1892, 1893, 1894, 1895, 1896, 1897, 1898, 1899, 1900, 1901, 1902, 1903, 1904, 1905, 1906, 1935, 2078, 2101, 2102, 2103, 2104, 2105, 2106, 2107, 2108, 2111, 2112, 2114, 2117, 2121, 2137, 2204, 2205, 2206, 2207, 2208, 2210, 2214, 2293, 2317, 2347, 2350, 2354, 2355, 2356, 2357, 2358, 2359, 2363, 2364, 2366, 2367, 2368, 2369, 2384, 2385, 2388, 2390, 2395, 2400, 2406, 2407, 2408, 2409, 2414, 2417, 2419, 2428, 2429, 2431, 2432, 2433, 2434, 2435, 2436, 2437, 2438, 2439, 2440, 2441, 2442, 2443, 2444, 2445, 2446, 2447, 2448, 2449, 2450, 2451, 2452, 2453, 2454, 2455, 2456, 2457, 2458, 2459, 2460, 2461, 2462, 2463, 2464, 2465, 2466, 2467, 2468, 2469, 2470], "selected_count": 272, "selection_time": 0.15352674599853344, "selection_score_forward_time": 0.15319126899703406}