{"example_id": 90, "sub_q_idx": 0, "method": "DraftModel", "reprocess_method": "DraftModel", "rate": 0.1, "system_len": 792, "passages_len": [792, 101, 206, 103, 188, 136, 129, 202, 138, 188, 229, 27], "chunk_ids": [0, 1, 2, 3, 4, 5, 6, 7, 8, 9, 10], "selected_abs": [792, 793, 794, 795, 796, 797, 798, 799, 800, 801, 802, 803, 804, 811, 812, 815, 835, 840, 868, 871, 876, 877, 878, 879, 891, 892, 893, 894, 895, 896, 897, 898, 899, 900, 904, 905, 906, 907, 914, 926, 972, 991, 1098, 1099, 1100, 1101, 1102, 1103, 1104, 1105, 1108, 1109, 1114, 1115, 1116, 1117, 1197, 1201, 1202, 1203, 1204, 1205, 1206, 1207, 1209, 1210, 1212, 1226, 1230, 1235, 1362, 1389, 1390, 1391, 1392, 1472, 1501, 1525, 1526, 1527, 1528, 1529, 1531, 1554, 1711, 1833, 1856, 1857, 1858, 1859, 1862, 1863, 1864, 1865, 1866, 1870, 1990, 1994, 1997, 2000, 2088, 2182, 2183, 2184, 2185, 2186, 2187, 2188, 2189, 2190, 2191, 2192, 2193, 2195, 2199, 2207, 2211, 2212, 2213, 2216, 2217, 2271, 2328, 2333, 2334, 2335, 2349, 2363, 2387, 2388, 2392, 2406, 2411, 2412, 2413, 2414, 2415, 2416, 2417, 2418, 2419, 2420, 2421, 2422, 2423, 2424, 2425, 2426, 2427, 2428, 2429, 2430, 2431, 2432, 2433, 2434, 2435, 2436, 2437, 2438], "selected_count": 160, "selection_time": 0.15182421798817813, "selection_score_forward_time": 0.1514139399805572}