{"example_id": 80, "sub_q_idx": 0, "method": "DraftModel", "reprocess_method": "DraftModel", "rate": 0.1, "system_len": 792, "passages_len": [792, 51, 91, 107, 147, 130, 77, 297, 78, 95, 115, 51, 91, 27], "chunk_ids": [0, 1, 2, 3, 4, 5, 6, 7, 8, 9, 10, 1, 2], "selected_abs": [792, 793, 794, 795, 796, 797, 798, 799, 800, 805, 808, 809, 810, 811, 812, 813, 814, 815, 816, 824, 825, 826, 827, 828, 829, 830, 840, 841, 842, 843, 844, 845, 846, 847, 848, 849, 850, 857, 868, 875, 880, 882, 883, 887, 891, 933, 934, 935, 936, 937, 938, 940, 945, 952, 953, 955, 1040, 1041, 1043, 1071, 1079, 1119, 1187, 1188, 1189, 1190, 1191, 1192, 1193, 1194, 1225, 1226, 1227, 1252, 1317, 1318, 1319, 1320, 1321, 1394, 1397, 1417, 1521, 1691, 1692, 1693, 1694, 1695, 1696, 1697, 1698, 1721, 1727, 1769, 1770, 1771, 1772, 1773, 1774, 1775, 1776, 1777, 1778, 1779, 1780, 1781, 1782, 1783, 1784, 1785, 1786, 1787, 1788, 1789, 1790, 1791, 1792, 1793, 1794, 1864, 1865, 1866, 1867, 1868, 1869, 1870, 1871, 1872, 1917, 1924, 1948, 1949, 1950, 1951, 1952, 1953, 1954, 1955, 1956, 1957, 1958, 1959, 1960, 1961, 1969, 1970, 1971, 1972, 1973, 1974, 1975, 1976, 1977, 1978, 1979, 1980, 1981, 1982, 1983, 1984, 1985, 1986, 1987, 1988, 1993, 1996, 1997, 1998, 1999, 2000, 2001, 2002, 2003, 2004, 2007, 2008, 2009, 2010, 2011, 2012, 2013, 2014, 2015, 2016, 2017, 2018, 2019, 2020, 2021, 2028, 2029, 2030, 2031, 2032, 2033, 2034, 2035, 2036, 2037, 2038, 2045, 2056, 2063, 2066, 2067, 2068, 2069, 2070, 2071, 2074, 2075, 2079, 2120, 2121, 2122, 2123, 2124, 2125, 2126, 2127, 2128, 2129, 2130, 2131, 2132, 2133, 2134, 2135, 2136, 2137, 2138, 2139, 2140, 2141, 2142, 2143, 2144, 2145, 2146, 2147, 2148], "selected_count": 241, "selection_time": 0.12982978799846023, "selection_score_forward_time": 0.12945553101599216}