{"example_id": 78, "sub_q_idx": 1, "method": "DraftModel", "reprocess_method": "DraftModel", "rate": 0.1, "system_len": 792, "passages_len": [792, 171, 117, 119, 232, 154, 200, 104, 205, 132, 68, 117, 171, 27], "chunk_ids": [0, 11, 8, 12, 13, 14, 15, 16, 17, 18, 19, 8, 11], "selected_abs": [792, 793, 794, 795, 796, 797, 798, 799, 804, 805, 809, 810, 812, 813, 814, 815, 816, 817, 818, 819, 820, 822, 824, 825, 827, 829, 830, 831, 833, 834, 843, 853, 922, 962, 963, 964, 965, 966, 967, 993, 994, 1032, 1079, 1080, 1081, 1082, 1098, 1159, 1198, 1199, 1200, 1201, 1202, 1203, 1204, 1256, 1361, 1430, 1431, 1432, 1433, 1434, 1451, 1584, 1585, 1586, 1587, 1588, 1589, 1610, 1754, 1784, 1785, 1786, 1787, 1788, 1791, 1884, 1888, 1889, 1890, 1891, 1892, 1893, 1895, 1896, 2053, 2089, 2093, 2094, 2095, 2096, 2097, 2127, 2128, 2129, 2130, 2131, 2132, 2133, 2224, 2225, 2226, 2227, 2228, 2229, 2230, 2231, 2232, 2233, 2234, 2235, 2236, 2239, 2240, 2242, 2243, 2244, 2249, 2250, 2252, 2253, 2254, 2255, 2256, 2257, 2258, 2259, 2260, 2261, 2262, 2263, 2264, 2265, 2266, 2267, 2268, 2269, 2270, 2271, 2272, 2273, 2274, 2275, 2276, 2277, 2278, 2279, 2280, 2281, 2282, 2283, 2284, 2285, 2286, 2287, 2288, 2289, 2290, 2291, 2292, 2293, 2294, 2295, 2296, 2297, 2298, 2301, 2322, 2323, 2324, 2325, 2326, 2349, 2357, 2363, 2410, 2411, 2412, 2413, 2414, 2415, 2416, 2424, 2432, 2433, 2434, 2437, 2438, 2441, 2442, 2443, 2444, 2445, 2446, 2447, 2448, 2449, 2450, 2451, 2452, 2453, 2454, 2455, 2456, 2459, 2462, 2463, 2472, 2495, 2501, 2512, 2515, 2541, 2574, 2577, 2579, 2580, 2581, 2582, 2583, 2584, 2585, 2586, 2587, 2588, 2589, 2590, 2591, 2592, 2593, 2594, 2595, 2596, 2597, 2598, 2599, 2600, 2601, 2602, 2603, 2604, 2605, 2606, 2607, 2608], "selected_count": 246, "selection_time": 0.16389840698684566, "selection_score_forward_time": 0.1634630790213123}