{"example_id": 75, "sub_q_idx": 0, "method": "DraftModel", "reprocess_method": "DraftModel", "rate": 0.1, "system_len": 792, "passages_len": [792, 126, 147, 129, 177, 111, 70, 107, 199, 259, 127, 126, 40], "chunk_ids": [0, 1, 2, 3, 4, 5, 6, 7, 8, 9, 10, 1], "selected_abs": [792, 793, 794, 795, 796, 797, 798, 799, 800, 801, 802, 803, 804, 805, 806, 807, 808, 809, 810, 811, 812, 813, 814, 820, 821, 822, 823, 827, 828, 829, 834, 836, 839, 851, 852, 856, 894, 904, 916, 917, 918, 919, 920, 921, 922, 929, 943, 1059, 1064, 1065, 1066, 1067, 1068, 1069, 1070, 1071, 1072, 1073, 1093, 1193, 1194, 1195, 1196, 1197, 1198, 1200, 1201, 1202, 1370, 1371, 1372, 1373, 1374, 1376, 1377, 1378, 1379, 1400, 1481, 1482, 1483, 1484, 1550, 1551, 1552, 1553, 1554, 1555, 1556, 1557, 1558, 1658, 1659, 1660, 1661, 1662, 1663, 1664, 1856, 1857, 1858, 1859, 1860, 1861, 1862, 1863, 1864, 1865, 1868, 2116, 2117, 2118, 2119, 2120, 2121, 2122, 2123, 2124, 2125, 2126, 2127, 2128, 2129, 2130, 2131, 2132, 2133, 2134, 2135, 2136, 2137, 2138, 2139, 2140, 2141, 2142, 2143, 2174, 2207, 2208, 2209, 2210, 2211, 2212, 2213, 2214, 2215, 2216, 2217, 2218, 2219, 2220, 2221, 2222, 2223, 2224, 2233, 2234, 2235, 2236, 2237, 2238, 2239, 2240, 2241, 2242, 2243, 2244, 2245, 2246, 2247, 2248, 2249, 2250, 2251, 2252, 2253, 2254, 2255, 2256, 2257, 2258, 2259, 2260, 2261, 2262, 2263, 2264, 2265, 2266, 2267, 2272, 2273, 2274, 2275, 2276, 2277, 2279, 2280, 2281, 2285, 2286, 2287, 2288, 2290, 2291, 2292, 2293, 2299, 2303, 2304, 2308, 2309, 2313, 2314, 2316, 2317, 2322, 2329, 2334, 2335, 2336, 2338, 2340, 2343, 2345, 2346, 2347, 2348, 2349, 2350, 2351, 2353, 2355, 2356, 2357, 2358, 2359, 2360, 2361, 2362, 2364, 2365, 2366, 2367, 2368, 2369, 2370, 2371, 2372, 2373, 2374, 2375, 2376, 2377, 2378, 2379, 2380, 2381, 2382, 2383, 2384, 2385, 2386, 2387, 2388, 2389, 2390, 2391, 2392, 2393, 2394, 2395, 2396, 2397, 2398, 2399, 2400, 2401, 2402, 2403, 2404, 2405, 2406, 2407, 2408, 2409], "selected_count": 287, "selection_time": 0.24681100199813955, "selection_score_forward_time": 0.24643163400469348}