{"example_id": 90, "sub_q_idx": 1, "method": "DraftModel", "reprocess_method": "DraftModel", "rate": 0.1, "system_len": 792, "passages_len": [792, 229, 103, 79, 77, 206, 101, 86, 109, 65, 136, 32], "chunk_ids": [0, 10, 3, 11, 12, 2, 1, 13, 14, 15, 5], "selected_abs": [792, 793, 794, 795, 797, 798, 799, 880, 942, 945, 946, 948, 950, 953, 956, 960, 962, 963, 964, 965, 967, 969, 970, 972, 975, 1020, 1021, 1022, 1023, 1024, 1025, 1026, 1027, 1030, 1031, 1032, 1033, 1035, 1060, 1097, 1098, 1123, 1124, 1125, 1126, 1127, 1128, 1129, 1130, 1131, 1139, 1149, 1151, 1152, 1153, 1154, 1155, 1156, 1157, 1158, 1161, 1162, 1163, 1164, 1165, 1167, 1172, 1174, 1177, 1201, 1202, 1203, 1204, 1205, 1206, 1207, 1208, 1209, 1210, 1211, 1212, 1213, 1215, 1216, 1219, 1221, 1222, 1223, 1224, 1279, 1280, 1281, 1282, 1283, 1292, 1313, 1341, 1342, 1344, 1378, 1485, 1486, 1487, 1488, 1489, 1490, 1491, 1492, 1493, 1494, 1495, 1497, 1498, 1571, 1585, 1586, 1587, 1588, 1589, 1590, 1591, 1592, 1593, 1594, 1603, 1605, 1624, 1672, 1673, 1674, 1675, 1676, 1677, 1678, 1679, 1680, 1681, 1682, 1683, 1684, 1685, 1699, 1700, 1701, 1702, 1703, 1704, 1705, 1706, 1707, 1708, 1709, 1710, 1711, 1712, 1713, 1714, 1715, 1716, 1717, 1718, 1720, 1721, 1722, 1725, 1727, 1728, 1729, 1730, 1731, 1732, 1733, 1759, 1760, 1761, 1762, 1763, 1764, 1765, 1766, 1767, 1768, 1769, 1770, 1771, 1772, 1773, 1774, 1775, 1776, 1777, 1778, 1779, 1780, 1781, 1782, 1783, 1784, 1785, 1786, 1787, 1788, 1789, 1790, 1791, 1792, 1793, 1794, 1795, 1796, 1797, 1798, 1799, 1800, 1801, 1802, 1803, 1824, 1826, 1827, 1828, 1829, 1830, 1831, 1832, 1833, 1834, 1835, 1836, 1837, 1838, 1839, 1840, 1841, 1842, 1843, 1844, 1845, 1846, 1847, 1848, 1849, 1856, 1877, 1958, 1982, 1983, 1984, 1985, 1986, 1987, 1988, 1989, 1990, 1991, 1992, 1993, 1994, 1995, 1996, 1997, 1998, 1999, 2000, 2001, 2002, 2003, 2004, 2005, 2006, 2007, 2008, 2009, 2010, 2011, 2012, 2013, 2014], "selected_count": 278, "selection_time": 0.1255227770016063, "selection_score_forward_time": 0.12517956699593924}