{"example_id": 79, "sub_q_idx": 1, "method": "DraftModel", "reprocess_method": "DraftModel", "rate": 0.1, "system_len": 792, "passages_len": [792, 128, 147, 51, 121, 95, 76, 328, 92, 396, 135, 38], "chunk_ids": [0, 6, 11, 12, 13, 14, 5, 15, 16, 17, 4], "selected_abs": [792, 793, 794, 795, 796, 797, 799, 800, 802, 803, 804, 805, 810, 817, 867, 868, 869, 870, 871, 872, 873, 874, 877, 878, 879, 880, 881, 909, 912, 913, 917, 918, 919, 920, 921, 922, 923, 928, 958, 967, 968, 969, 970, 1066, 1067, 1068, 1069, 1070, 1078, 1109, 1110, 1111, 1117, 1118, 1119, 1120, 1121, 1228, 1232, 1233, 1234, 1237, 1238, 1239, 1240, 1241, 1242, 1243, 1244, 1245, 1256, 1275, 1276, 1277, 1332, 1333, 1334, 1335, 1336, 1354, 1385, 1387, 1409, 1410, 1411, 1412, 1413, 1414, 1415, 1416, 1417, 1418, 1419, 1420, 1421, 1460, 1508, 1657, 1737, 1738, 1739, 1740, 1741, 1742, 1743, 1789, 1829, 1830, 1831, 1832, 1833, 1834, 1835, 1911, 2001, 2037, 2224, 2225, 2226, 2227, 2228, 2229, 2235, 2236, 2237, 2238, 2239, 2240, 2241, 2242, 2249, 2250, 2252, 2253, 2256, 2257, 2286, 2294, 2295, 2299, 2307, 2320, 2332, 2333, 2340, 2360, 2361, 2362, 2363, 2364, 2365, 2366, 2367, 2368, 2369, 2370, 2371, 2372, 2373, 2374, 2375, 2376, 2377, 2378, 2379, 2380, 2381, 2382, 2383, 2384, 2385, 2386, 2387, 2388, 2389, 2390, 2391, 2392, 2393, 2394, 2395, 2396, 2397, 2398], "selected_count": 184, "selection_time": 0.1398190800100565, "selection_score_forward_time": 0.13947464799275622}