label,n,clusters,threshold,em_delta,em_cluster_boot_ci_low,em_cluster_boot_ci_high,f1_delta,f1_cluster_boot_ci_low,f1_cluster_boot_ci_high,glm_delta,glm_cluster_boot_ci_low,glm_cluster_boot_ci_high
sparse_raw075_vs_raw0,150,134,0.5,-0.006666666666666667,-0.053691275167785234,0.04,-0.00717458573427579,-0.05476480273159075,0.03726546652950339,-0.03333333333333333,-0.08783783783783784,0.019867549668874173
