label,n,clusters,threshold,em_delta,em_cluster_boot_ci_low,em_cluster_boot_ci_high,f1_delta,f1_cluster_boot_ci_low,f1_cluster_boot_ci_high,glm_delta,glm_cluster_boot_ci_low,glm_cluster_boot_ci_high
dense_pp_alpha1_vs_alpha0,150,134,0.5,0.013333333333333334,-0.02564102564102564,0.05228758169934641,0.013303611247251742,-0.019813401069112082,0.0485144018782069,0.02666666666666667,-0.025974025974025976,0.08275862068965517
