label,n,clusters,threshold,em_delta,em_cluster_boot_ci_low,em_cluster_boot_ci_high,f1_delta,f1_cluster_boot_ci_low,f1_cluster_boot_ci_high,glm_delta,glm_cluster_boot_ci_low,glm_cluster_boot_ci_high
dense_raw075_vs_raw0,150,134,0.5,0.04666666666666667,-0.006756756756756757,0.1032258064516129,0.052267255181821425,-6.800497124832907e-05,0.10674959859954015,0.02666666666666667,-0.03355704697986577,0.08843537414965986
