method,n,em,em_ci_low,em_ci_high,f1,f1_ci_low,f1_ci_high,glm,glm_ci_low,glm_ci_high
dense_working_kv_preprocess/alpha_0p0,150,0.2,0.14,0.26666666666666666,0.343776666016054,0.2797485159979439,0.4066219364931728,0.3333333333333333,0.26,0.4066666666666667
dense_working_kv_raw/alpha_0p0,150,0.15333333333333332,0.1,0.21333333333333335,0.2921677954381621,0.23277189389862718,0.351419004052755,0.30666666666666664,0.23333333333333334,0.38
dense_working_kv_raw/alpha_0p75,150,0.2,0.14,0.26666666666666666,0.3444350506199836,0.2827649552488561,0.4085002588666159,0.3333333333333333,0.26,0.41333333333333333
full_rate1/alpha_none,150,0.24666666666666667,0.18,0.32,0.40286608709861876,0.33748748088732705,0.47136904352384223,0.41333333333333333,0.34,0.49333333333333335
sparse_working_kv_raw/alpha_0p75,150,0.14666666666666667,0.09333333333333334,0.20666666666666667,0.2849932097038863,0.2265491537579211,0.34664098369918345,0.2733333333333333,0.20666666666666667,0.3466666666666667
