method,n,em,em_ci_low,em_ci_high,f1,f1_ci_low,f1_ci_high,glm,glm_ci_low,glm_ci_high
dense_working_kv_preprocess/alpha_k_1p0__alpha_v_1p0,200,0.21,0.155,0.27,0.353640262271726,0.2973916837548416,0.4083543661611816,0.36,0.295,0.43
dense_working_kv_raw/alpha_k_0p0__alpha_v_0p75,200,0.17,0.12,0.225,0.30588268195764046,0.2534558660218237,0.3597338659398987,0.305,0.245,0.37
dense_working_kv_raw/alpha_k_0p75__alpha_v_0p0,200,0.195,0.14,0.255,0.31111978357078085,0.25712658244933784,0.3666919097134614,0.315,0.25,0.38
dense_working_kv_raw/alpha_k_0p75__alpha_v_0p75,200,0.22,0.165,0.28,0.3542104296200595,0.2973874797201422,0.410339983090525,0.35,0.285,0.415
sparse_working_kv_preprocess/alpha_k_0p0__alpha_v_0p5,200,0.195,0.145,0.25,0.3439534774592801,0.28969767456258977,0.3979060498680064,0.33,0.265,0.395
sparse_working_kv_preprocess/alpha_k_0p5__alpha_v_0p0,200,0.175,0.125,0.23,0.3037582886384003,0.251417643260427,0.3559026203213766,0.3,0.24,0.365
sparse_working_kv_preprocess/alpha_k_0p5__alpha_v_0p5,200,0.195,0.14,0.25,0.32721989847878163,0.27094670547640787,0.3840531943580269,0.325,0.26,0.39
sparse_working_kv_raw/alpha_k_0p75__alpha_v_0p75,200,0.19,0.14,0.245,0.31004669365578796,0.25648952224389526,0.3640000787210154,0.305,0.24,0.37
