method,n,em,em_ci_low,em_ci_high,f1,f1_ci_low,f1_ci_high,glm,glm_ci_low,glm_ci_high
dense_working_kv_preprocess/alpha_k_1p0__alpha_v_1p0,150,0.21333333333333335,0.15333333333333332,0.28,0.3570802772633058,0.29199714422933326,0.42209681724479575,0.36,0.2866666666666667,0.44
sparse_working_kv_preprocess/alpha_k_0p5__alpha_v_0p5,150,0.18666666666666668,0.12666666666666668,0.25333333333333335,0.33368428866776173,0.2711612197968666,0.3993495048572744,0.32666666666666666,0.25333333333333335,0.4066666666666667
