method,n,em,em_ci_low,em_ci_high,f1,f1_ci_low,f1_ci_high,glm,glm_ci_low,glm_ci_high
dense_working_kv_preprocess/alpha_k_0p0__alpha_v_1p0,50,0.22,0.12,0.34,0.3185467815894007,0.20706766917293234,0.43159632764895917,0.32,0.2,0.46
dense_working_kv_preprocess/alpha_k_1p0__alpha_v_0p0,50,0.18,0.08,0.28,0.26177954988481306,0.16571220981747298,0.3662055644160907,0.3,0.18,0.44
dense_working_kv_raw/alpha_k_0p0__alpha_v_0p75,50,0.2,0.1,0.32,0.3031334813240184,0.19911955691367453,0.4169895889844739,0.34,0.22,0.48
dense_working_kv_raw/alpha_k_0p75__alpha_v_0p0,50,0.2,0.1,0.32,0.29350543279645447,0.18772011354054696,0.4049263195083628,0.28,0.16,0.4
sparse_working_kv_preprocess/alpha_k_0p0__alpha_v_0p5,50,0.22,0.12,0.34,0.36657388894735,0.25333631484794283,0.4792787657698739,0.4,0.26,0.54
sparse_working_kv_preprocess/alpha_k_0p5__alpha_v_0p0,50,0.18,0.08,0.3,0.27102712102712095,0.16900932400932397,0.3812387612387612,0.24,0.12,0.36
sparse_working_kv_raw/alpha_k_0p0__alpha_v_0p75,50,0.12,0.04,0.22,0.25703311399571405,0.16704571042184432,0.3525616366009284,0.3,0.18,0.44
sparse_working_kv_raw/alpha_k_0p75__alpha_v_0p0,50,0.16,0.06,0.26,0.2500900284900285,0.15248888888888887,0.35600000000000004,0.22,0.12,0.34
