example_id,sub_idx,doc_len,query_len,selected_count,key_relative_l2,value_relative_l2,value_over_key_relative_l2,key_cosine,value_cosine,key_token_rel_mean,value_token_rel_mean,key_token_rel_p90,value_token_rel_p90,key_diff_norm,value_diff_norm
1,0,2105,27,196,0.1657075434923172,0.8483671545982361,5.119665265163078,0.9868083596229553,0.6749467253684998,0.16514262557029724,0.8717794418334961,0.1835297793149948,1.4749276638031006,2639.034423828125,1701.367431640625
2,0,2087,25,194,0.16654276847839355,0.7818945050239563,4.694857135875585,0.9866594672203064,0.7180324792861938,0.16601115465164185,0.8290923833847046,0.18223129212856293,1.5225543975830078,2639.00390625,1684.1544189453125
