{
  "config": {
    "model_type": "qwen",
    "model_path": "/mnt/qjhs-sh-lab-01/models/Qwen2.5-7B-Instruct",
    "model_name": "Qwen2.5-7B-Instruct",
    "data_path": "./data/result_reflect.json",
    "cache_path": "/raid/home/hming/fusionrag-reflect-full-cache",
    "dataset_name": "musique",
    "bge_model_path": "/mnt/qjhs-sh-lab-01/models/bge-m3",
    "topk": 10,
    "rate": 0.15,
    "max_main_questions": null,
    "max_sub_questions": 2,
    "revert_rope": true,
    "device": "cuda:0",
    "cache_mode": "fresh_raw",
    "out_dir": "MOTIVATION_EXPERIMENTS/reflect_online_kv_delta_200_fresh_raw_smoke"
  },
  "summary": {
    "num_cases": 2,
    "doc_len": {
      "mean": 2096.0,
      "std": 9.0,
      "p50": 2096.0,
      "p90": 2103.2,
      "p95": 2104.1
    },
    "query_len": {
      "mean": 26.0,
      "std": 1.0,
      "p50": 26.0,
      "p90": 26.8,
      "p95": 26.9
    },
    "selected_count": {
      "mean": 195.0,
      "std": 1.0,
      "p50": 195.0,
      "p90": 195.8,
      "p95": 195.9
    },
    "value_over_key_relative_l2": {
      "mean": 4.907261200519331,
      "std": 0.21240406464374617,
      "p50": 4.907261200519331,
      "p90": 5.077184452234328,
      "p95": 5.098424858698703
    },
    "value_over_key_diff_norm": {
      "mean": 0.6414356129019427,
      "std": 0.0032575431549829448,
      "p50": 0.6414356129019427,
      "p90": 0.6440416474259291,
      "p95": 0.6443674017414274
    },
    "key": {
      "relative_l2": {
        "mean": 0.16612515598535538,
        "std": 0.0004176124930381775,
        "p50": 0.16612515598535538,
        "p90": 0.16645924597978592,
        "p95": 0.16650100722908973
      },
      "cosine": {
        "mean": 0.9867339134216309,
        "std": 7.444620132446289e-05,
        "p50": 0.9867339134216309,
        "p90": 0.9867934703826904,
        "p95": 0.9868009150028229
      },
      "diff_norm": {
        "mean": 2639.0191650390625,
        "std": 0.0152587890625,
        "p50": 2639.0191650390625,
        "p90": 2639.0313720703125,
        "p95": 2639.0328979492188
      },
      "before_norm": {
        "mean": 15885.82958984375,
        "std": 40.02587890625,
        "p50": 15885.82958984375,
        "p90": 15917.85029296875,
        "p95": 15921.852880859375
      },
      "after_norm": {
        "mean": 15941.1181640625,
        "std": 42.6298828125,
        "p50": 15941.1181640625,
        "p90": 15975.2220703125,
        "p95": 15979.48505859375
      },
      "token_rel_mean": {
        "mean": 0.16557689011096954,
        "std": 0.00043426454067230225,
        "p50": 0.16557689011096954,
        "p90": 0.1659243017435074,
        "p95": 0.1659677281975746
      },
      "token_rel_p50": {
        "mean": 0.16399884968996048,
        "std": 0.0011479929089546204,
        "p50": 0.16399884968996048,
        "p90": 0.16491724401712418,
        "p95": 0.16503204330801963
      },
      "token_rel_p90": {
        "mean": 0.18288053572177887,
        "std": 0.0006492435932159424,
        "p50": 0.18288053572177887,
        "p90": 0.18339993059635162,
        "p95": 0.18346485495567322
      },
      "token_rel_p99": {
        "mean": 0.20352496951818466,
        "std": 0.0012191161513328552,
        "p50": 0.20352496951818466,
        "p90": 0.20450026243925096,
        "p95": 0.20462217405438424
      },
      "layer_relative_l2_mean": [
        0.055356478318572044,
        0.3525266647338867,
        0.508341372013092,
        0.3157234191894531,
        1.0061076283454895,
        0.8855289816856384,
        0.933443695306778,
        0.9921579360961914,
        1.0106768608093262,
        1.0586383938789368,
        1.0034812986850739,
        1.0825268626213074,
        0.9269966185092926,
        0.5390309989452362,
        0.9589860737323761,
        0.8367538452148438,
        0.9812811315059662,
        1.071895718574524,
        1.0976004004478455,
        0.6082498729228973,
        1.1879414916038513,
        1.0544018745422363,
        1.0804380774497986,
        1.0242773294448853,
        0.9944131672382355,
        0.9742178618907928,
        1.0471477508544922,
        0.03382316045463085
      ],
      "layer_relative_l2_p90": [
        0.05540367774665356,
        0.3531109094619751,
        0.5087701916694641,
        0.317181921005249,
        1.007818377017975,
        0.8868545889854431,
        0.9365558445453643,
        0.9935298442840577,
        1.0108395576477052,
        1.0653571724891662,
        1.0078637897968292,
        1.0842509627342225,
        0.9292512714862824,
        0.5412872731685638,
        0.9602413713932038,
        0.8367989540100098,
        0.9871163547039032,
        1.0728592157363892,
        1.1042293429374694,
        0.6087853372097015,
        1.1903097987174989,
        1.0567163467407226,
        1.0858928561210632,
        1.0245929956436157,
        0.9954510748386383,
        0.9747248589992523,
        1.051468276977539,
        0.033869197592139244
      ]
    },
    "value": {
      "relative_l2": {
        "mean": 0.8151308298110962,
        "std": 0.03323632478713989,
        "p50": 0.8151308298110962,
        "p90": 0.8417198896408081,
        "p95": 0.845043522119522
      },
      "cosine": {
        "mean": 0.6964896023273468,
        "std": 0.021542876958847046,
        "p50": 0.6964896023273468,
        "p90": 0.7137239038944244,
        "p95": 0.7158781915903092
      },
      "diff_norm": {
        "mean": 1692.7609252929688,
        "std": 8.60650634765625,
        "p50": 1692.7609252929688,
        "p90": 1699.6461303710937,
        "p95": 1700.5067810058595
      },
      "before_norm": {
        "mean": 2079.700927734375,
        "std": 74.23974609375,
        "p50": 2079.700927734375,
        "p90": 2139.092724609375,
        "p95": 2146.51669921875
      },
      "after_norm": {
        "mean": 2253.75341796875,
        "std": 60.417236328125,
        "p50": 2253.75341796875,
        "p90": 2302.08720703125,
        "p95": 2308.1289306640624
      },
      "token_rel_mean": {
        "mean": 0.8504359126091003,
        "std": 0.021343529224395752,
        "p50": 0.8504359126091003,
        "p90": 0.8675107359886169,
        "p95": 0.8696450889110565
      },
      "token_rel_p50": {
        "mean": 0.7012882232666016,
        "std": 0.07344949245452881,
        "p50": 0.7012882232666016,
        "p90": 0.7600478172302246,
        "p95": 0.7673927664756774
      },
      "token_rel_p90": {
        "mean": 1.4987410306930542,
        "std": 0.023813366889953613,
        "p50": 1.4987410306930542,
        "p90": 1.5177917242050172,
        "p95": 1.5201730608940125
      },
      "token_rel_p99": {
        "mean": 2.171809196472168,
        "std": 0.13066482543945312,
        "p50": 2.171809196472168,
        "p90": 2.2763410568237306,
        "p95": 2.2894075393676756
      },
      "layer_relative_l2_mean": [
        0.0013551879674196243,
        0.554469645023346,
        0.7485311031341553,
        0.5764447450637817,
        0.7937943637371063,
        0.8713697195053101,
        0.8267141580581665,
        0.853998064994812,
        0.8682916164398193,
        1.0244116187095642,
        0.9194057881832123,
        0.942068874835968,
        1.095133364200592,
        0.981630951166153,
        1.1318755745887756,
        1.1224418878555298,
        1.1877605319023132,
        1.216194748878479,
        1.3341529369354248,
        1.0936505794525146,
        1.032043218612671,
        0.9577602744102478,
        0.7720966339111328,
        0.671421080827713,
        0.7730763256549835,
        0.7496092915534973,
        0.7271549999713898,
        0.7930914759635925
      ],