rate,method,n_examples,jaccard_all_mean,jaccard_related_unrelated_mean,all_query_intersection_over_topk,stable_over_doc,never_selected_ratio,always_selected_ratio,mean_stable_relative_position
0.15,global_top,20,0.7451980410338609,0.7343447659200505,0.7223393258204338,0.10814774390317201,0.6493742125154826,0.10814774390317201,0.8839708380762727
0.15,per_doc_top,20,0.6291025549933377,0.6090449586848483,0.5027674153494363,0.07354877445451324,0.5730828698595887,0.07354877445451324,0.5331968044011084
0.3,global_top,20,0.8110905217384905,0.803171306374675,0.7729378690713219,0.23172077929765425,0.44338323264294255,0.23172077929765425,0.7903186592545388
0.3,per_doc_top,20,0.7546510612230243,0.743151151849496,0.6645670607914529,0.1970885024736363,0.4013593113750889,0.1970885024736363,0.5088574657961613
